sample_id,legacy_test_sample_id,orig_index,tissue_name,gt_instance_count,gt_empty,density_bin,prediction_status,included_E1,included_E2,included_E3,pred_instance_count,bpq,dq,sq,aji_kumar,aji_plus,dice,tp,fp,fn,matched_iou_sum,fn_merged,fn_complex,fn_true_miss,fn_low_iou,fp_split,fp_complex,fp_spurious,fp_low_iou
fold3_0000000,sa_0004946,0,Breast,13,0,"[10,25)",AVAILABLE,1,1,1,13,0.5842623110013508,0.7692307692307693,0.7595410043017561,0.6908705940964005,0.7036809815950921,0.8613097381552549,10,3,3,7.595410802558565,2,0,0,1,1,0,0,2
fold3_0000001,sa_0004947,1,Breast,8,0,"[1,10)",AVAILABLE,1,1,1,9,0.7319254461950766,0.9411764705882353,0.7776707865822688,0.7905138339920948,0.7905138339920948,0.8830022075055187,8,1,0,6.221367070328937,0,0,0,0,0,0,1,0
fold3_0000002,sa_0004948,2,Breast,11,0,"[10,25)",AVAILABLE,1,1,1,12,0.5025260191844012,0.6956521739130435,0.7223811525775767,0.44864817415730335,0.44864817415730335,0.6734533115191177,8,4,3,5.779049943001766,0,0,1,2,2,0,1,1
fold3_0000003,sa_0004949,3,Breast,11,0,"[10,25)",AVAILABLE,1,1,1,9,0.5178474297252751,0.6,0.8630790495421251,0.6351928747668051,0.6351928747668051,0.776902693949654,6,3,5,5.1784751603318,0,0,4,1,0,0,2,1
fold3_0000004,sa_0004950,4,Breast,11,0,"[10,25)",AVAILABLE,1,1,1,8,0.6158862656860542,0.7368421052631579,0.8358456462882164,0.7307254537830228,0.7307254537830228,0.8444152158111523,7,1,4,5.850920359863162,0,0,3,1,0,0,0,1
fold3_0000005,sa_0004951,5,Breast,14,0,"[10,25)",AVAILABLE,1,1,1,11,0.6328208102274995,0.72,0.8789177919826382,0.7163221292935669,0.7163221292935669,0.8347175825186184,9,2,5,7.910261006761535,0,0,5,0,0,0,2,0
fold3_0000006,sa_0004952,6,Breast,8,0,"[1,10)",AVAILABLE,1,1,1,7,0.6504699221782374,0.8,0.8130874027227967,0.7482808131187183,0.7482808131187183,0.894315971471796,6,1,2,4.8785252294241825,0,0,2,0,1,0,0,0
fold3_0000007,sa_0004953,7,Breast,10,0,"[10,25)",AVAILABLE,1,1,1,5,0.562999644154621,0.6666666666666666,0.8444994662319316,0.5192355218716533,0.5192355218716533,0.6835484220800347,5,0,5,4.222498175659124,0,0,5,0,0,0,0,0
fold3_0000008,sa_0004954,8,Breast,13,0,"[10,25)",AVAILABLE,1,1,1,13,0.6362075195161424,0.7692307692307693,0.8270697753709851,0.6714136125654451,0.6714136125654451,0.8034080942237815,10,3,3,8.270698580779626,0,0,2,1,0,0,2,1
fold3_0000009,sa_0004955,9,Breast,11,0,"[10,25)",AVAILABLE,1,1,1,11,0.6830416914338532,0.8181818181818182,0.8348287339747094,0.7062925312946317,0.7062925312946317,0.8278680452978828,9,2,2,7.5134594406011175,0,0,2,0,0,0,2,0
fold3_0000010,sa_0004956,10,Breast,11,0,"[10,25)",AVAILABLE,1,1,1,7,0.5432739196022034,0.6666666666666666,0.8149108794033052,0.5548536805466031,0.5048421675168182,0.8457457260758499,6,1,5,4.889466091330711,2,0,3,0,0,0,0,1
fold3_0000011,sa_0004957,11,Breast,14,0,"[10,25)",AVAILABLE,1,1,1,14,0.6245924895432698,0.7857142857142857,0.7949358957823435,0.7037544890630101,0.7037544890630101,0.8261219484152837,11,3,3,8.744295648541673,0,0,3,0,0,0,3,0
fold3_0000012,sa_0004958,12,Breast,23,0,"[10,25)",AVAILABLE,1,1,1,16,0.7121323702606991,0.8205128205128205,0.867911326255227,0.8161864025213867,0.8161864025213867,0.8987914471645491,16,0,7,13.88658208799496,0,0,7,0,0,0,0,0
fold3_0000013,sa_0004959,13,Breast,11,0,"[10,25)",AVAILABLE,1,1,1,10,0.5741886023813796,0.7619047619047619,0.7536225406255608,0.534627959972258,0.549303683737646,0.7823124320405944,8,2,3,6.028981078627027,2,0,1,0,0,0,1,1
fold3_0000014,sa_0004960,14,Breast,10,0,"[10,25)",AVAILABLE,1,1,1,13,0.6076810528557139,0.782608695652174,0.7764813453156345,0.6628413138108429,0.6628413138108429,0.8244883388862446,9,4,1,6.988332884322055,0,0,1,0,1,0,3,0
fold3_0000015,sa_0004961,15,Breast,17,0,"[10,25)",AVAILABLE,1,1,1,11,0.5411992344731538,0.6428571428571429,0.841865475847128,0.6015927794000531,0.6336805555555556,0.8919589089620971,9,2,8,7.576790124489627,5,0,3,0,0,0,0,2
fold3_0000016,sa_0004962,16,Breast,15,0,"[10,25)",AVAILABLE,1,1,1,9,0.4068479489608722,0.5,0.8136958979217443,0.47861279743214014,0.48051330798479086,0.7706795077581594,6,3,9,4.882176201226364,0,3,6,0,0,2,1,0
fold3_0000017,sa_0004963,17,Breast,17,0,"[10,25)",AVAILABLE,1,1,1,14,0.7759132428351735,0.9032258064516129,0.8590468045675135,0.8403256969362407,0.8403256969362407,0.9132358455193101,14,0,3,12.026656122991993,0,0,3,0,0,0,0,0
fold3_0000018,sa_0004964,18,Breast,10,0,"[10,25)",AVAILABLE,1,1,1,8,0.7543311421827178,0.8888888888888888,0.8486225349555575,0.6749749319581722,0.6749749319581722,0.8059522791413666,8,0,2,6.788981128266994,0,0,2,0,0,0,0,0
fold3_0000019,sa_0004965,19,Breast,9,0,"[1,10)",AVAILABLE,1,1,1,9,0.6475661189350874,0.7777777777777778,0.8325850100593981,0.6714298393538652,0.6714298393538652,0.8034197111299916,7,2,2,5.828095903000797,0,0,2,0,0,0,2,0
fold3_0000020,sa_0004966,20,Breast,10,0,"[10,25)",AVAILABLE,1,1,1,10,0.5221540544857699,0.6,0.8702567574762832,0.5385697904722193,0.5142764262881292,0.7394182260545995,6,4,4,5.221541415114457,2,0,2,0,0,0,3,1
fold3_0000021,sa_0004967,21,Breast,17,0,"[10,25)",AVAILABLE,1,1,1,11,0.6354538531354454,0.7857142857142857,0.8087594494451125,0.5778657329882783,0.5778657329882783,0.7324650265315967,11,0,6,8.896354752655686,0,0,6,0,0,0,0,0
fold3_0000022,sa_0004968,22,Breast,18,0,"[10,25)",AVAILABLE,1,1,1,15,0.5669994137224155,0.6666666666666666,0.8504991205836233,0.613776455881719,0.6452164009111617,0.8584285219799238,11,4,7,9.355491176918976,2,0,4,1,2,0,1,1
fold3_0000023,sa_0004969,23,Breast,10,0,"[10,25)",AVAILABLE,1,1,1,8,0.33138727635422505,0.4444444444444444,0.7456213717970064,0.341419439436158,0.341419439436158,0.5685483870967742,4,4,6,2.9824862328093973,0,1,4,1,2,1,1,0
fold3_0000024,sa_0004970,24,Breast,10,0,"[10,25)",AVAILABLE,1,1,1,9,0.45717176988844405,0.5263157894736842,0.8686263627880437,0.6229161662262791,0.6063687724704674,0.8589333674382913,5,4,5,4.343132682566582,2,0,1,2,2,0,0,2
fold3_0000025,sa_0004971,25,Breast,7,0,"[1,10)",AVAILABLE,1,1,1,6,0.7843182023620793,0.9230769230769231,0.8496780525589192,0.8331568918060555,0.8331568918060555,0.908985908985909,6,0,1,5.098069165031568,0,0,1,0,0,0,0,0
fold3_0000026,sa_0004972,26,Breast,8,0,"[1,10)",AVAILABLE,1,1,1,6,0.6870112437005786,0.8571428571428571,0.8015131176506751,0.6949329983249581,0.6949329983249581,0.820012353304509,6,0,2,4.809079507417168,0,0,2,0,0,0,0,0
fold3_0000027,sa_0004973,27,Breast,11,0,"[10,25)",AVAILABLE,1,1,1,10,0.7895955262573423,0.9523809523809523,0.8290753025702094,0.7518669860504439,0.7518669860504439,0.8583608139628408,10,0,1,8.290753854777396,0,0,1,0,0,0,0,0
fold3_0000028,sa_0004974,28,Breast,13,0,"[10,25)",AVAILABLE,1,1,1,7,0.34328721758269154,0.4,0.8582180439567288,0.429904715367701,0.41818181818181815,0.8846656611362493,4,3,9,3.4328730340449596,7,0,2,0,0,0,0,3
fold3_0000029,sa_0004975,29,Breast,10,0,"[10,25)",AVAILABLE,1,1,1,6,0.5920843155878721,0.75,0.7894457541171628,0.6458963031853058,0.6458963031853058,0.7848566181664077,6,0,4,4.736675314148731,0,0,4,0,0,0,0,0
fold3_0000030,sa_0004976,30,Breast,8,0,"[1,10)",AVAILABLE,1,1,1,4,0.5283699958347485,0.6666666666666666,0.7925549937521228,0.5529368440434542,0.5963948120466036,0.8270448912145415,4,0,4,3.1702207675634853,1,0,3,0,0,0,0,0
fold3_0000031,sa_0004977,31,Breast,13,0,"[10,25)",AVAILABLE,1,1,1,9,0.6549754972536732,0.8181818181818182,0.8005256077544894,0.6072702943800179,0.6289789988112535,0.8831590042974135,9,0,4,7.204731270316012,1,0,3,0,0,0,0,0
fold3_0000032,sa_0004978,32,Breast,12,0,"[10,25)",AVAILABLE,1,1,1,9,0.5955360139191662,0.7619047619047619,0.7816410182689056,0.4608970976253298,0.5178598116873412,0.8599842457660496,8,1,4,6.253128927792263,3,0,1,0,0,0,0,1
fold3_0000033,sa_0004979,33,Breast,7,0,"[1,10)",AVAILABLE,1,1,1,6,0.621353961132926,0.7692307692307693,0.8077601494728037,0.5248376003056936,0.5493429209025539,0.8792510202448588,5,1,2,4.038801555124168,1,0,1,0,0,0,1,0
fold3_0000034,sa_0004980,34,Breast,13,0,"[10,25)",AVAILABLE,1,1,1,7,0.4295220151638026,0.6,0.7158700252730044,0.45689655172413796,0.47819452252831096,0.8120619396903015,6,1,7,4.295220867508052,2,0,4,1,0,0,0,1
fold3_0000035,sa_0004981,35,Breast,6,0,"[1,10)",AVAILABLE,1,1,1,8,0.45928614898200254,0.5714285714285714,0.8037507607185045,0.5566271700192891,0.5566271700192891,0.7576562223402372,4,4,2,3.2150038466247786,0,0,1,1,2,0,2,0
fold3_0000036,sa_0004982,36,Breast,27,0,"[25,50)",AVAILABLE,1,1,1,18,0.5005398311231114,0.6222222222222222,0.8044390143050004,0.5382660687593424,0.5612841703750795,0.8831792825440775,14,4,13,11.26214700470902,7,3,3,0,0,1,0,3
fold3_0000037,sa_0004983,37,Breast,24,0,"[10,25)",AVAILABLE,1,1,1,19,0.6469813398691445,0.8372093023255814,0.7727832670659226,0.6616236162361624,0.6678410647876297,0.841685248210304,18,1,6,13.910099579969875,1,0,5,0,0,0,1,0
fold3_0000038,sa_0004984,38,Breast,22,0,"[10,25)",AVAILABLE,1,1,1,19,0.6402334357451825,0.8292682926829268,0.7720462019280143,0.631955162050199,0.6486109901593661,0.828165442924304,17,2,5,13.124786204822446,1,0,4,0,1,0,1,0
fold3_0000039,sa_0004985,39,Breast,24,0,"[10,25)",AVAILABLE,1,1,1,16,0.4716387633466649,0.65,0.7255980974564075,0.5334715885524679,0.5254727704867211,0.8712911529603035,13,3,11,9.432775992531393,8,0,3,0,0,0,0,3
fold3_0000040,sa_0004986,40,Breast,6,0,"[1,10)",AVAILABLE,1,1,1,4,0.6952170387514675,0.8,0.8690212984393343,0.8094013955196474,0.8094013955196474,0.894662066166024,4,0,2,3.4760860627786356,0,0,2,0,0,0,0,0
fold3_0000041,sa_0004987,41,Breast,2,0,"[1,10)",AVAILABLE,1,1,1,1,0.5293527044781413,0.6666666666666666,0.794029056717212,0.7687861271676301,0.7687861271676301,0.869281045751634,1,0,1,0.7940298507462686,0,0,1,0,0,0,0,0
fold3_0000042,sa_0004988,42,Breast,17,0,"[10,25)",AVAILABLE,1,1,1,13,0.512419260050196,0.6666666666666666,0.768628890075294,0.4763139288239453,0.5420597484276729,0.8326535814427733,10,3,7,7.6862896693818294,4,0,2,1,2,0,0,1
fold3_0000043,sa_0004989,43,Breast,18,0,"[10,25)",AVAILABLE,1,1,1,16,0.5515756262907575,0.6470588235294118,0.8524350588129889,0.5748420221169036,0.5727775459098498,0.8009420506186353,11,5,7,9.376786499377936,2,2,3,0,1,2,1,1
fold3_0000044,sa_0004990,44,Breast,18,0,"[10,25)",AVAILABLE,1,1,1,10,0.46272627561280105,0.5714285714285714,0.8097709823224019,0.4008571788730619,0.4142073648472186,0.6151431209602954,8,2,10,6.478168668350197,1,0,8,1,2,0,0,0
fold3_0000045,sa_0004991,45,Breast,13,0,"[10,25)",AVAILABLE,1,1,1,9,0.6150864974306676,0.8181818181818182,0.7517723857485936,0.6141818181818182,0.653819588340931,0.8464751085867023,9,0,4,6.765952223509728,1,0,3,0,0,0,0,0
fold3_0000046,sa_0004992,46,Breast,26,0,"[25,50)",AVAILABLE,1,1,1,27,0.7315300726244099,0.9056603773584906,0.8077311218561193,0.7143058690744921,0.7143058690744921,0.8375716676268071,24,3,2,19.385547732277985,0,0,2,0,1,0,2,0
fold3_0000047,sa_0004993,47,Breast,21,0,"[10,25)",AVAILABLE,1,1,1,14,0.6129840795231017,0.8,0.7662300994038771,0.7009158307893589,0.7009158307893589,0.8591354289523614,14,0,7,10.727222157884379,0,0,7,0,0,0,0,0
fold3_0000048,sa_0004994,48,Breast,6,0,"[1,10)",AVAILABLE,1,1,1,3,0.37104358552197825,0.4444444444444444,0.8348480674244511,0.4191536748329621,0.4191536748329621,0.5907093534212178,2,1,4,1.6696969696969697,0,0,4,0,0,0,1,0
fold3_0000049,sa_0004995,49,Breast,9,0,"[1,10)",AVAILABLE,1,1,1,5,0.6424137434432267,0.7142857142857143,0.8993792408205172,0.6119209588597344,0.6119209588597344,0.7592443729903537,5,0,4,4.496897103481827,0,0,4,0,0,0,0,0
fold3_0000050,sa_0004996,50,Breast,20,0,"[10,25)",AVAILABLE,1,1,1,14,0.5309235762693221,0.7058823529411765,0.7521417330482062,0.557793136320305,0.5432449903038138,0.7842841584987853,12,2,8,9.025701548720207,4,0,4,0,0,0,0,2
fold3_0000051,sa_0004997,51,Breast,45,0,"[25,50)",AVAILABLE,1,1,1,25,0.35578246403006886,0.45714285714285713,0.7782741400657757,0.33344959888385073,0.41573484207243727,0.8430095345983196,16,9,29,12.452387019326551,20,7,2,0,0,3,1,5
fold3_0000052,sa_0004998,52,Breast,31,0,"[25,50)",AVAILABLE,1,1,1,21,0.4304521979702612,0.5769230769230769,0.7461171431484528,0.4527942209290659,0.4986076207294709,0.8234227701232777,15,6,16,11.191757893343935,10,3,3,0,0,1,1,4
fold3_0000053,sa_0004999,53,Breast,14,0,"[10,25)",AVAILABLE,1,1,1,7,0.37192523724897597,0.47619047619047616,0.7810429982228496,0.41779859484777515,0.4533240272203804,0.856765518069396,5,2,9,3.9052157721572462,5,0,4,0,0,0,0,2
fold3_0000054,sa_0005000,54,Breast,19,0,"[10,25)",AVAILABLE,1,1,1,14,0.48940155381310746,0.6060606060606061,0.8075125637916273,0.5697317388493859,0.554393119957443,0.8096052931781884,10,4,9,8.075126445428836,4,1,3,1,0,1,0,3
fold3_0000055,sa_0005001,55,Breast,40,0,"[25,50)",AVAILABLE,1,1,1,20,0.28316703146084476,0.36666666666666664,0.7722737221659403,0.28368241013022866,0.3404288377874456,0.831111626289556,11,9,29,8.495011716099064,16,6,6,1,0,3,0,6
fold3_0000056,sa_0005002,56,Breast,21,0,"[10,25)",AVAILABLE,1,1,1,12,0.40044640038272683,0.5454545454545454,0.7341517340349992,0.43841214244016347,0.46661251015434607,0.8397031128835715,9,3,12,6.607366340466727,9,0,3,0,0,0,0,3
fold3_0000057,sa_0005003,57,Breast,22,0,"[10,25)",AVAILABLE,1,1,1,12,0.4079789083224392,0.5294117647058824,0.770626826831274,0.38939603503918857,0.4405532666274279,0.8664964249233912,9,3,13,6.935642212108292,0,10,3,0,0,3,0,0
fold3_0000058,sa_0005004,58,Breast,13,0,"[10,25)",AVAILABLE,1,1,1,9,0.5999219747407102,0.7272727272727273,0.8248927152684765,0.5930036999663639,0.6681852695520122,0.8024578971324533,8,1,5,6.599142547040527,1,0,4,0,0,0,1,0
fold3_0000059,sa_0005005,59,Breast,17,0,"[10,25)",AVAILABLE,1,1,1,14,0.6400466048932215,0.8387096774193549,0.7631324904496103,0.6222460220318238,0.6139137510170871,0.824502142677086,13,1,4,9.920723138977424,1,0,3,0,0,0,1,0
fold3_0000060,sa_0005006,60,Breast,27,0,"[25,50)",AVAILABLE,1,1,1,17,0.49772123142713853,0.6818181818181818,0.7299911394264699,0.4625774107932763,0.5403277123767102,0.8178672863413374,15,2,12,10.949867821388187,7,0,5,0,0,0,0,2
fold3_0000061,sa_0005007,61,Breast,38,0,"[25,50)",AVAILABLE,1,1,1,25,0.44186728347086096,0.5714285714285714,0.7732677460740067,0.4023757796622048,0.5014135595028538,0.8307812555512133,18,7,20,13.918820202599868,11,1,6,2,1,0,0,6
fold3_0000062,sa_0005008,62,Breast,40,0,"[25,50)",AVAILABLE,1,1,1,26,0.5209125628205161,0.6666666666666666,0.7813688442307742,0.498015873015873,0.5562386980108499,0.8530261279505993,22,4,18,17.19011535444588,8,5,5,0,0,2,0,2
fold3_0000063,sa_0005009,63,Breast,29,0,"[25,50)",AVAILABLE,1,1,1,13,0.33049259925115054,0.42857142857142855,0.7711493982526847,0.26330018022828916,0.34928060103480046,0.8315385827598887,9,4,20,6.94034535542356,3,12,5,0,0,3,0,1
fold3_0000064,sa_0005010,64,Breast,40,0,"[25,50)",AVAILABLE,1,1,1,24,0.439716974767662,0.5625,0.7817190662536214,0.45886432958676304,0.4980201198630137,0.7894981246651188,18,6,22,14.070943974284253,8,3,10,1,2,1,0,3
fold3_0000065,sa_0005011,65,Breast,7,0,"[1,10)",AVAILABLE,1,1,1,4,0.5734426668702153,0.7272727272727273,0.7884836669465459,0.6394993894993894,0.6394993894993894,0.7801154347421336,4,0,3,3.153935456269851,0,0,3,0,0,0,0,0
fold3_0000066,sa_0005012,66,Breast,8,0,"[1,10)",AVAILABLE,1,1,1,9,0.6937551936414481,0.8235294117647058,0.8424170208503299,0.7081868407835259,0.7081868407835259,0.8291678917965304,7,2,1,5.89691998836933,0,0,1,0,0,0,2,0
fold3_0000067,sa_0005013,67,Breast,25,0,"[25,50)",AVAILABLE,1,1,1,18,0.5745810713308792,0.6976744186046512,0.8235662022409269,0.581569322841627,0.6069348127600555,0.9061798722596237,15,3,10,12.353493857180105,7,0,3,0,0,0,1,2
fold3_0000068,sa_0005014,68,Breast,42,0,"[25,50)",AVAILABLE,1,1,1,29,0.5421387438779784,0.704225352112676,0.7698370163067295,0.5358499917396332,0.563592556518173,0.8513819219041998,25,4,17,19.245926177505254,13,0,4,0,0,0,0,4
fold3_0000069,sa_0005015,69,Breast,9,0,"[1,10)",AVAILABLE,1,1,1,7,0.7630204518675995,0.875,0.8720233735629709,0.808175260486241,0.808175260486241,0.8939125295508275,7,0,2,6.10416448696417,0,0,2,0,0,0,0,0
fold3_0000070,sa_0005016,70,Breast,3,0,"[1,10)",AVAILABLE,1,1,1,4,0.2154880000002155,0.2857142857142857,0.7542080000007543,0.08767511411931371,0.08767511411931371,0.16121562952243126,1,3,2,0.7542087542087542,0,0,1,1,0,0,2,1
fold3_0000071,sa_0005017,71,Breast,9,0,"[1,10)",AVAILABLE,1,1,1,8,0.7708655527151085,0.9411764705882353,0.8190446497598027,0.7548076923076923,0.7548076923076923,0.8602739726027397,8,0,1,6.552358017123071,0,0,1,0,0,0,0,0
fold3_0000072,sa_0005018,72,Breast,22,0,"[10,25)",AVAILABLE,1,1,1,14,0.523340165640556,0.6666666666666666,0.785010248460834,0.5165267107378954,0.5618562174790273,0.7884144683165624,12,2,10,9.420123766540256,0,3,7,0,0,1,1,0
fold3_0000073,sa_0005019,73,Breast,19,0,"[10,25)",AVAILABLE,1,1,1,17,0.319621727381591,0.4444444444444444,0.7191488866085798,0.37259368111682584,0.36033353186420486,0.6343507630723042,8,9,11,5.7531918120175245,5,0,3,3,0,0,4,5
fold3_0000074,sa_0005020,74,Breast,13,0,"[10,25)",AVAILABLE,1,1,1,10,0.5953687371061995,0.782608695652174,0.7607489418579216,0.6976714100905562,0.6976714100905562,0.8219157204907415,9,1,4,6.846741237470236,0,0,3,1,0,0,0,1
fold3_0000075,sa_0005021,75,Breast,31,0,"[25,50)",AVAILABLE,1,1,1,22,0.48372556416319107,0.6415094339622641,0.7540427911955626,0.47230614300100704,0.5012288866809601,0.8191444893409503,17,5,14,12.818728204367357,11,0,3,0,1,0,1,3
fold3_0000076,sa_0005022,76,Breast,41,0,"[25,50)",AVAILABLE,1,1,1,22,0.4259852345620382,0.5396825396825397,0.7893255816884825,0.46695611825533606,0.5086514693765449,0.8587899751198496,17,5,24,13.418535678029786,13,2,9,0,0,1,0,4
fold3_0000077,sa_0005023,77,Breast,28,0,"[25,50)",AVAILABLE,1,1,1,14,0.30857634257030714,0.42857142857142855,0.7200114659973834,0.2013057941512338,0.2922890103217972,0.7725991355008457,9,5,19,6.480103913987916,6,8,5,0,0,3,1,1
fold3_0000078,sa_0005024,78,Breast,50,0,"[50,+inf)",AVAILABLE,1,1,1,34,0.5589821817680182,0.7142857142857143,0.7825750544752255,0.610597232337946,0.619001996007984,0.829470361968636,30,4,20,23.47725241683182,6,3,11,0,0,2,0,2
fold3_0000079,sa_0005025,79,Breast,45,0,"[25,50)",AVAILABLE,1,1,1,30,0.5184050238932936,0.6933333333333334,0.7476995536922504,0.45236885199616017,0.5274096023705602,0.8656145134228188,26,4,19,19.440189143698063,9,6,4,0,1,2,0,1
fold3_0000080,sa_0005026,80,Breast,14,0,"[10,25)",AVAILABLE,1,1,1,11,0.7415061347301259,0.88,0.8426206076478704,0.8097029702970298,0.8097029702970298,0.8948462632673159,11,0,3,9.268827526747181,0,0,3,0,0,0,0,0
fold3_0000081,sa_0005027,81,Breast,17,0,"[10,25)",AVAILABLE,1,1,1,12,0.6085825551331504,0.7586206896551724,0.8022224590391529,0.5936224130649022,0.6079628913799768,0.8109043704024232,11,1,6,8.82444785165314,2,0,4,0,0,0,0,1
fold3_0000082,sa_0005028,82,Breast,4,0,"[1,10)",AVAILABLE,1,1,1,4,0.629132713511072,0.75,0.8388436180147627,0.667871340802313,0.667871340802313,0.8008667388949079,3,1,1,2.5165316928879062,0,0,0,1,0,0,0,1
fold3_0000083,sa_0005029,83,Breast,15,0,"[10,25)",AVAILABLE,1,1,1,9,0.5682836118092702,0.6666666666666666,0.8524254177139055,0.646462556888705,0.6385789114097017,0.8686587908269632,8,1,7,6.819404194136661,2,0,5,0,0,0,0,1
fold3_0000084,sa_0005030,84,Breast,17,0,"[10,25)",AVAILABLE,1,1,1,14,0.687133823521876,0.8387096774193549,0.819274943429929,0.6996805111821086,0.7319873696297005,0.8469145351085575,13,1,4,10.65057508386402,1,0,3,0,0,0,1,0
fold3_0000085,sa_0005031,85,Breast,18,0,"[10,25)",AVAILABLE,1,1,1,11,0.5991631478402893,0.6896551724137931,0.8687865643684195,0.7494426159889584,0.7607655502392344,0.8921890798786654,10,1,8,8.687866512470759,2,0,6,0,0,0,0,1
fold3_0000086,sa_0005032,86,Breast,8,0,"[1,10)",AVAILABLE,1,1,1,5,0.6602168114409653,0.7692307692307693,0.8582818548732549,0.819672131147541,0.819672131147541,0.9009009009009009,5,0,3,4.29141013264813,0,0,3,0,0,0,0,0
fold3_0000087,sa_0005033,87,Breast,14,0,"[10,25)",AVAILABLE,1,1,1,13,0.6764224863880789,0.8148148148148148,0.8301548696580968,0.7193971592757238,0.7193971592757238,0.8368016143271535,11,2,3,9.131704396393934,0,0,2,1,0,0,1,1
fold3_0000088,sa_0005034,88,Breast,14,0,"[10,25)",AVAILABLE,1,1,1,11,0.697487264366074,0.88,0.7925991640523568,0.6884920634920635,0.6884920634920635,0.8155111633372503,11,0,3,8.718591597175088,0,0,3,0,0,0,0,0
fold3_0000089,sa_0005035,89,Breast,19,0,"[10,25)",AVAILABLE,1,1,1,16,0.7287306477811775,0.8571428571428571,0.8501857557447071,0.8066313893267282,0.8066313893267282,0.8947745614308417,15,1,4,12.752787186356361,0,0,3,1,0,0,0,1
fold3_0000090,sa_0005036,90,Breast,24,0,"[10,25)",AVAILABLE,1,1,1,18,0.6190270251447869,0.8095238095238095,0.7646804428259133,0.703276384882775,0.703276384882775,0.8285714285714286,17,1,7,12.99956829272097,0,0,6,1,0,0,0,1
fold3_0000091,sa_0005037,91,Breast,17,0,"[10,25)",AVAILABLE,1,1,1,15,0.6680735644246345,0.8125,0.8222443869841656,0.7462210796915167,0.7462210796915167,0.858085031209516,13,2,4,10.689177853038538,0,0,3,1,0,0,1,1
fold3_0000092,sa_0005038,92,Breast,32,0,"[25,50)",AVAILABLE,1,1,1,27,0.5951279506267859,0.7457627118644068,0.7980124792495539,0.5984931391531274,0.6159660336863715,0.8270246860112603,22,5,10,17.556275341502666,4,0,5,1,2,0,2,1
fold3_0000093,sa_0005039,93,Breast,24,0,"[10,25)",AVAILABLE,1,1,1,20,0.6862715145685734,0.8636363636363636,0.7946301747636113,0.6602223296278396,0.6880027383193565,0.8309844874784549,19,1,5,15.09797411513879,1,0,4,0,0,0,1,0
fold3_0000094,sa_0005040,94,Breast,21,0,"[10,25)",AVAILABLE,1,1,1,18,0.6625565636039635,0.8205128205128205,0.8074908118923305,0.68032278088144,0.6981007975006166,0.8490365062457635,16,2,5,12.9198537977681,1,0,4,0,0,0,2,0
fold3_0000095,sa_0005041,95,Breast,30,0,"[25,50)",AVAILABLE,1,1,1,19,0.4110081545497371,0.5306122448979592,0.7745922912668122,0.4668982321530406,0.5207332747074342,0.8187358213602598,13,6,17,10.069700561060849,9,0,8,0,2,0,1,3
fold3_0000096,sa_0005042,96,Breast,34,0,"[25,50)",AVAILABLE,1,1,1,28,0.574271216294001,0.7419354838709677,0.7740177263093057,0.5879325448970653,0.5995162190659307,0.8392725580673931,23,5,11,17.802408479131756,4,4,3,0,0,2,1,2
fold3_0000097,sa_0005043,97,Breast,38,0,"[25,50)",AVAILABLE,1,1,1,30,0.5889093855636682,0.7352941176470589,0.8009167643665888,0.5669612234192793,0.6403882697344769,0.8879774577332499,25,5,13,20.022919910081484,6,4,2,1,0,2,0,3
fold3_0000098,sa_0005044,98,Breast,33,0,"[25,50)",AVAILABLE,1,1,1,21,0.511085279224501,0.6296296296296297,0.8117236787683251,0.5237675085474799,0.5748855914574955,0.8627658169330339,17,4,16,13.799303350785205,3,6,7,0,0,3,0,1
fold3_0000099,sa_0005045,99,Breast,54,0,"[50,+inf)",AVAILABLE,1,1,1,33,0.5152293861766238,0.6436781609195402,0.8004456535243978,0.5242826978015154,0.5691006917755572,0.8294307827961203,28,5,26,22.41247909912879,13,2,11,0,0,1,0,4
fold3_0000100,sa_0005046,100,Breast,20,0,"[10,25)",AVAILABLE,1,1,1,17,0.609369563290085,0.7567567567567568,0.8052383514904693,0.5935715234426883,0.6293218787409337,0.7831273230184113,14,3,6,11.273337726104922,1,0,5,0,1,0,2,0
fold3_0000101,sa_0005047,101,Breast,49,0,"[25,50)",AVAILABLE,1,1,1,30,0.4914974180763699,0.6075949367088608,0.8089228339173588,0.5359900143312838,0.5624702955072829,0.8317706842255941,24,6,25,19.414148822939445,4,6,15,0,0,3,2,1
fold3_0000102,sa_0005048,102,Breast,14,0,"[10,25)",AVAILABLE,1,1,1,14,0.5384215991889472,0.6428571428571429,0.8375447098494733,0.6180908643595211,0.6121830924980531,0.8297552597681408,9,5,5,7.537903226189969,2,0,1,2,2,0,1,2
fold3_0000103,sa_0005049,103,Breast,72,0,"[50,+inf)",AVAILABLE,1,1,1,66,0.649609191205654,0.782608695652174,0.8300561887627801,0.6383165628493851,0.6480068353908253,0.8596048985429516,54,12,18,44.82303502324631,14,0,4,0,0,0,6,6
fold3_0000104,sa_0005050,104,Breast,29,0,"[25,50)",AVAILABLE,1,1,1,29,0.6100000857883865,0.7586206896551724,0.8040910221756004,0.6255119664446089,0.6467505779604418,0.802271167405004,22,7,7,17.69000329195423,1,0,5,1,1,0,5,1
fold3_0000105,sa_0005051,105,Breast,18,0,"[10,25)",AVAILABLE,1,1,1,14,0.7308063148023131,0.875,0.8352072169169292,0.7663074962345036,0.7663074962345036,0.8676943260085274,14,0,4,11.692901872044226,0,0,4,0,0,0,0,0
fold3_0000106,sa_0005052,106,Breast,35,0,"[25,50)",AVAILABLE,1,1,1,23,0.5536048803009439,0.6896551724137931,0.8027270764363686,0.6129652280272584,0.6152790770190208,0.812632716883518,20,3,15,16.05454233145445,3,0,11,1,0,0,1,2
fold3_0000107,sa_0005053,107,Breast,32,0,"[25,50)",AVAILABLE,1,1,1,20,0.49837938583267855,0.6153846153846154,0.8098665019781026,0.555325460345889,0.5748148148148148,0.8155752791525216,16,4,16,12.957864841516145,3,4,8,1,0,2,0,2
fold3_0000108,sa_0005054,108,Breast,39,0,"[25,50)",AVAILABLE,1,1,1,28,0.5574636445429703,0.6865671641791045,0.8119579170517176,0.5716472749540723,0.5839838419127682,0.7826446565806251,23,5,16,18.67503290414742,3,2,11,0,2,1,1,1
fold3_0000109,sa_0005055,109,Breast,46,0,"[25,50)",AVAILABLE,1,1,1,31,0.535822392033627,0.7012987012987013,0.764043040492394,0.5238221281101112,0.5560542182329208,0.8115950473415877,27,4,19,20.62916285733768,9,0,9,1,1,0,0,3
fold3_0000110,sa_0005056,110,Breast,46,0,"[25,50)",AVAILABLE,1,1,1,33,0.5153560140425699,0.6835443037974683,0.7539467612845004,0.5089860969820278,0.5652293451862713,0.805375021956789,27,6,19,20.356563308628274,6,3,10,0,0,4,1,1
fold3_0000111,sa_0005057,111,Breast,21,0,"[10,25)",AVAILABLE,1,1,1,18,0.6533889202810947,0.7692307692307693,0.8494055963654231,0.69576597382602,0.6937170652614512,0.8652115642351139,15,3,6,12.741084794886943,2,0,3,1,0,0,1,2
fold3_0000112,sa_0005058,112,Breast,18,0,"[10,25)",AVAILABLE,1,1,1,16,0.6786154305232535,0.8235294117647058,0.8240330227782364,0.6586558044806518,0.6654111063280241,0.8359289176090469,14,2,4,11.536463142928332,2,0,2,0,0,0,1,1
fold3_0000113,sa_0005059,113,Breast,23,0,"[10,25)",AVAILABLE,1,1,1,17,0.6970958441555237,0.85,0.8201127578300279,0.7108272380756155,0.7108272380756155,0.8318179081110375,17,0,6,13.941917703223233,0,0,6,0,0,0,0,0
fold3_0000114,sa_0005060,114,Breast,30,0,"[25,50)",AVAILABLE,1,1,1,22,0.6830904269004723,0.8076923076923077,0.845731004733918,0.6202491011813046,0.682112150954881,0.8750678487425366,21,1,9,17.760351945143285,4,0,5,0,0,0,0,1
fold3_0000115,sa_0005061,115,Breast,23,0,"[10,25)",AVAILABLE,1,1,1,14,0.5111011802855245,0.5945945945945946,0.8595792577529277,0.5687916441563119,0.5881740578804914,0.8306240167802832,11,3,12,9.455372694861461,2,3,6,1,0,1,0,2
fold3_0000116,sa_0005062,116,Breast,32,0,"[25,50)",AVAILABLE,1,1,1,24,0.6592586549121214,0.7857142857142857,0.8390564698881546,0.6087198309420532,0.6505922713444235,0.8585098039215686,22,2,10,18.459243176595873,5,0,4,1,0,0,0,2
fold3_0000117,sa_0005063,117,Breast,28,0,"[25,50)",AVAILABLE,1,1,1,18,0.5683156132023718,0.7391304347826086,0.7688975943326207,0.44757002633468995,0.5339984247834078,0.856409378743796,17,1,11,13.071259872552147,2,4,5,0,0,1,0,0
fold3_0000118,sa_0005064,118,Breast,46,0,"[25,50)",AVAILABLE,1,1,1,32,0.4612449077437566,0.6153846153846154,0.7495229750836044,0.4112679011698054,0.48623341435231304,0.8510455764075067,24,8,22,17.988552151529483,15,3,4,0,1,2,1,4
fold3_0000119,sa_0005065,119,Breast,45,0,"[25,50)",AVAILABLE,1,1,1,29,0.5466194447651049,0.7027027027027027,0.7778815175503416,0.5518574020033126,0.5738602723505033,0.8779585566945672,26,3,19,20.2249202341904,9,2,8,0,0,0,0,3
fold3_0000120,sa_0005066,120,Breast,54,0,"[50,+inf)",AVAILABLE,1,1,1,43,0.525535255794134,0.6804123711340206,0.7723775729095604,0.565271360595821,0.5867800995805074,0.818550180362702,33,10,21,25.488460678393064,5,9,7,0,0,6,2,2
fold3_0000121,sa_0005067,121,Breast,36,0,"[25,50)",AVAILABLE,1,1,1,29,0.6306271811145737,0.7384615384615385,0.8539743077593185,0.6301599189391603,0.6682547642928787,0.876536900646325,24,5,12,20.495384240197954,3,3,5,1,2,2,0,1
fold3_0000122,sa_0005068,122,Breast,15,0,"[10,25)",AVAILABLE,1,1,1,12,0.6399025331184628,0.8148148148148148,0.7853349270090225,0.6441363373772386,0.649867786592005,0.8409540869237296,11,1,4,8.638684982434174,1,0,3,0,0,0,1,0
fold3_0000123,sa_0005069,123,Breast,59,0,"[50,+inf)",AVAILABLE,1,1,1,35,0.44390865643554256,0.574468085106383,0.7727298834248333,0.47068723702664794,0.4939949848224891,0.8022379269729093,27,8,32,20.863707625200384,14,5,13,0,0,2,0,6
fold3_0000124,sa_0005070,124,Breast,36,0,"[25,50)",AVAILABLE,1,1,1,28,0.5496353370408276,0.71875,0.7647100341437602,0.5233493118911396,0.5834101829830607,0.840572602151856,23,5,13,17.58833155001652,8,0,4,1,1,0,1,3
fold3_0000125,sa_0005071,125,Breast,42,0,"[25,50)",AVAILABLE,1,1,1,27,0.5054887023157112,0.6086956521739131,0.8304457252329541,0.4294214073219598,0.5355141045667555,0.8526120519418348,21,6,21,17.439361060337763,8,4,8,1,0,2,1,3
fold3_0000126,sa_0005072,126,Breast,31,0,"[25,50)",AVAILABLE,1,1,1,18,0.4878889598883695,0.6530612244897959,0.7470799698290659,0.44523579591179785,0.4759209942299157,0.8337718968498609,16,2,15,11.953280264345025,3,7,5,0,0,2,0,0
fold3_0000127,sa_0005073,127,Breast,37,0,"[25,50)",AVAILABLE,1,1,1,21,0.40016879534885796,0.5517241379310345,0.7253059415698051,0.3966495013362884,0.4403411941796287,0.8488817668780047,16,5,21,11.604895790422823,12,5,4,0,0,1,0,4
fold3_0000128,sa_0005074,128,Breast,16,0,"[10,25)",AVAILABLE,1,1,1,11,0.3792267385299971,0.5185185185185185,0.7313658528792801,0.4029543994861914,0.4251946213729653,0.6231006058198431,7,4,9,5.119561701520814,2,0,7,0,0,0,3,1
fold3_0000129,sa_0005075,129,Breast,50,0,"[50,+inf)",AVAILABLE,1,1,1,26,0.3415723606264569,0.4473684210526316,0.763514688459139,0.3608748724311128,0.41767981285624856,0.8463326206191317,17,9,33,12.979750467320052,9,17,7,0,0,6,0,3
fold3_0000130,sa_0005076,130,Breast,12,0,"[10,25)",AVAILABLE,1,1,1,7,0.532266854759361,0.7368421052631579,0.7223621600305614,0.4947342336761244,0.577547142230668,0.744069681245367,7,0,5,5.05653584257609,0,1,4,0,0,0,0,0
fold3_0000131,sa_0005077,131,Breast,14,0,"[10,25)",AVAILABLE,1,1,1,10,0.6372241513231033,0.8333333333333334,0.7646689815877239,0.6165782280109342,0.6274341351660939,0.8996422077541205,10,0,4,7.64669058054622,2,0,2,0,0,0,0,0
fold3_0000132,sa_0005078,132,Breast,29,0,"[25,50)",AVAILABLE,1,1,1,21,0.5948042965833236,0.72,0.8261170785879494,0.5323512531088579,0.5788429247443139,0.8979341905958942,18,3,11,14.870108240700167,7,0,4,0,0,0,1,2
fold3_0000133,sa_0005079,133,Breast,47,0,"[25,50)",AVAILABLE,1,1,1,28,0.44704731788137203,0.56,0.7982987819310214,0.48675325950843423,0.510580992689496,0.8482339955849889,21,7,26,16.764275218850234,14,2,10,0,0,2,0,5
fold3_0000134,sa_0005080,134,Breast,27,0,"[25,50)",AVAILABLE,1,1,1,16,0.49573192139240707,0.6046511627906976,0.8198643315335964,0.44704923045561107,0.48959568023179245,0.7758277706555855,13,3,14,10.658237129801083,1,5,8,0,0,2,1,0
fold3_0000135,sa_0005081,135,Breast,24,0,"[10,25)",AVAILABLE,1,1,1,18,0.6362967716105085,0.8095238095238095,0.7860136590482751,0.610715544589355,0.6427364185110664,0.852383518690902,17,1,7,13.362232989834338,3,1,3,0,0,0,0,1
fold3_0000136,sa_0005082,136,Breast,25,0,"[25,50)",AVAILABLE,1,1,1,18,0.5729043373355915,0.6976744186046512,0.8211628835143479,0.6135734072022161,0.640678984527565,0.9000183116645303,15,3,10,12.3174440738781,6,1,3,0,0,1,0,2
fold3_0000137,sa_0005083,137,Breast,36,0,"[25,50)",AVAILABLE,1,1,1,24,0.5700754151664741,0.7,0.8143934502378202,0.5928354530651763,0.6043587174348697,0.8421447084907723,21,3,15,17.102263269387674,3,3,8,1,0,1,0,2
fold3_0000138,sa_0005084,138,Breast,18,0,"[10,25)",AVAILABLE,1,1,1,18,0.5558098448247218,0.6666666666666666,0.8337147672370828,0.6127696115573067,0.6465627254064251,0.8175630138832727,12,6,6,10.00457804055976,1,0,3,2,0,0,4,2
fold3_0000139,sa_0005085,139,Breast,14,0,"[10,25)",AVAILABLE,1,1,1,17,0.5365499887103831,0.6451612903225806,0.8316524825010937,0.48133306618580113,0.4967682363804247,0.7410034957844952,10,7,4,8.31652565666342,1,0,3,0,0,0,7,0
fold3_0000140,sa_0005086,140,Breast,18,0,"[10,25)",AVAILABLE,1,1,1,26,0.654374380816363,0.8181818181818182,0.7997909098866659,0.589138856793312,0.589138856793312,0.741456738377315,18,8,0,14.396237177750898,0,0,0,0,0,0,8,0
fold3_0000141,sa_0005087,141,Breast,24,0,"[10,25)",AVAILABLE,1,1,1,25,0.6098436013533503,0.8163265306122449,0.747058411657854,0.59651863423343,0.6171920101604895,0.782779423838932,20,5,4,14.941168980215494,1,0,3,0,1,0,4,0
fold3_0000142,sa_0005088,142,Breast,31,0,"[25,50)",AVAILABLE,1,1,1,28,0.5669462594094505,0.7457627118644068,0.7602233932990359,0.6096384032086232,0.6149280691568286,0.7799304917508888,22,6,9,16.724915412802183,2,0,6,1,2,0,2,2
fold3_0000143,sa_0005089,143,Breast,6,0,"[1,10)",AVAILABLE,1,1,1,6,0.6697842116467035,0.8333333333333334,0.8037410539760442,0.7767993874425727,0.7767993874425727,0.874380521439345,5,1,1,4.018706073621275,0,0,0,1,0,0,0,1
fold3_0000144,sa_0005090,144,Breast,17,0,"[10,25)",AVAILABLE,1,1,1,14,0.7038988065972673,0.8387096774193549,0.8392639617121264,0.7655824616707264,0.7655824616707264,0.8672293458854082,13,1,4,10.910432341521604,0,0,4,0,0,0,1,0
fold3_0000145,sa_0005091,145,Breast,20,0,"[10,25)",AVAILABLE,1,1,1,17,0.7454263261716243,0.918918918918919,0.8111992373044147,0.733517114633586,0.781350086228135,0.883203097987691,17,0,3,13.790387845374287,1,0,2,0,0,0,0,0
fold3_0000146,sa_0005092,146,Breast,50,0,"[50,+inf)",AVAILABLE,1,1,1,35,0.6278678374800291,0.7764705882352941,0.8086176694818556,0.662263283307554,0.6550325725872557,0.8266513737552786,33,2,17,26.684383901518903,2,1,14,0,0,1,0,1
fold3_0000147,sa_0005093,147,Breast,46,0,"[25,50)",AVAILABLE,1,1,1,38,0.7063112067225819,0.8571428571428571,0.8240297411763455,0.6550129234117807,0.70856870077174,0.89965075669383,36,2,10,29.66507150637818,5,1,4,0,0,0,1,1
fold3_0000148,sa_0005094,148,Breast,34,0,"[25,50)",AVAILABLE,1,1,1,27,0.6346423322985516,0.7540983606557377,0.8415909189176446,0.6473790548883152,0.6705272960074496,0.8201930111835,23,4,11,19.356591976696745,1,1,7,2,0,1,1,2
fold3_0000149,sa_0005095,149,Breast,25,0,"[25,50)",AVAILABLE,1,1,1,22,0.7165176869322859,0.851063829787234,0.8419082821454359,0.8082978168217796,0.8091029606716748,0.9080605764533464,20,2,5,16.838166484817002,1,0,4,0,0,0,2,0
fold3_0000150,sa_0005096,150,Breast,45,0,"[25,50)",AVAILABLE,1,1,1,25,0.47772483362204154,0.5714285714285714,0.8360184588385727,0.5009207349510988,0.5361757781846718,0.8370794169731645,20,5,25,16.720370012789914,10,4,11,0,0,2,0,3
fold3_0000151,sa_0005097,151,Breast,3,0,"[1,10)",AVAILABLE,1,1,1,5,0.5666136512977585,0.75,0.7554848683970113,0.638095238095238,0.638095238095238,0.7790697674418605,3,2,0,2.2664553606759026,0,0,0,0,0,0,2,0
fold3_0000152,sa_0005098,152,Breast,7,0,"[1,10)",AVAILABLE,1,1,1,8,0.5055089230697292,0.6666666666666666,0.7582633846045939,0.561689669594312,0.561689669594312,0.7193358328869844,5,3,2,3.791317681286354,0,0,1,1,0,0,2,1
fold3_0000153,sa_0005099,153,Breast,6,0,"[1,10)",AVAILABLE,1,1,1,6,0.6024226785774093,0.8333333333333334,0.7229072142928911,0.589938167509837,0.589938167509837,0.7420894467031995,5,1,1,3.61453679437167,0,0,1,0,0,0,1,0
fold3_0000154,sa_0005100,154,Breast,4,0,"[1,10)",AVAILABLE,1,1,1,5,0.7360355148629708,0.8888888888888888,0.8280399542208422,0.7395638629283489,0.7395638629283489,0.8502865329512894,4,1,0,3.312160644923323,0,0,0,0,0,0,1,0
fold3_0000155,sa_0005101,155,Breast,3,0,"[1,10)",AVAILABLE,1,1,1,3,0.6204086602759837,0.6666666666666666,0.9306129904139757,0.8986486486486487,0.8986486486486487,0.9466192170818505,2,1,1,1.8612269114409419,0,0,1,0,0,0,1,0
fold3_0000156,sa_0005102,156,Breast,1,0,"[1,10)",AVAILABLE,1,1,1,3,0.4185601875004186,0.5,0.8371203750008372,0.18776550552251486,0.18776550552251486,0.31616595135908443,1,2,0,0.8371212121212122,0,0,0,0,0,0,2,0
fold3_0000157,sa_0005103,157,Breast,30,0,"[25,50)",AVAILABLE,1,1,1,23,0.5499474467488455,0.6792452830188679,0.8096448521580227,0.6290746326749052,0.6290746326749052,0.7885557281089476,18,5,12,14.573608148489262,0,0,9,3,2,0,1,2
fold3_0000158,sa_0005104,158,Breast,4,0,"[1,10)",AVAILABLE,1,1,1,4,0.4162578325755021,0.5,0.8325156651510042,0.5720164609053497,0.5720164609053497,0.7277486910994765,2,2,2,1.6650321628176736,0,0,1,1,0,0,1,1
fold3_0000159,sa_0005105,159,Breast,5,0,"[1,10)",AVAILABLE,1,1,1,4,0.7261185473011037,0.8888888888888888,0.8168833657137416,0.7783797094311746,0.7783797094311746,0.875380780947106,4,0,1,3.2675342797383324,0,0,1,0,0,0,0,0
fold3_0000160,sa_0005106,160,Breast,6,0,"[1,10)",AVAILABLE,1,1,1,6,0.7767634089568932,1.0,0.7767634089568932,0.7844600526777875,0.7844600526777875,0.8792127921279212,6,0,0,4.660581230504769,0,0,0,0,0,0,0,0
fold3_0000161,sa_0005107,161,Breast,4,0,"[1,10)",AVAILABLE,1,1,1,4,0.8115139709937594,1.0,0.8115139709937594,0.7994239329667452,0.7994239329667452,0.8885331781140862,4,0,0,3.246056695489009,0,0,0,0,0,0,0,0
fold3_0000162,sa_0005108,162,Breast,5,0,"[1,10)",AVAILABLE,1,1,1,3,0.428941647843551,0.5,0.857883295687102,0.4103222793087342,0.55441400304414,0.8602203182374542,2,1,3,1.7157674492574997,3,0,0,0,0,0,0,1
fold3_0000163,sa_0005109,163,Breast,39,0,"[25,50)",AVAILABLE,1,1,1,32,0.6124287773015181,0.7887323943661971,0.7764721997929963,0.5770114942528736,0.625559730300067,0.8327264667700979,28,4,11,21.7412223706761,6,2,3,0,0,0,2,2
fold3_0000164,sa_0005110,164,Breast,26,0,"[25,50)",AVAILABLE,1,1,1,22,0.5038232027639267,0.6666666666666666,0.7557348041458901,0.46380044615696614,0.515997366688611,0.79833246482543,16,6,10,12.091757622069046,1,7,2,0,0,3,3,0
fold3_0000165,sa_0005111,165,Breast,18,0,"[10,25)",AVAILABLE,1,1,1,17,0.6326364086651843,0.8,0.7907955108314804,0.6177598951997755,0.6485775032904728,0.8298225142786956,14,3,4,11.071137942436236,1,0,2,1,1,0,1,1
fold3_0000166,sa_0005112,166,Breast,60,0,"[50,+inf)",AVAILABLE,1,1,1,43,0.47491386778071243,0.6213592233009708,0.7643145059595842,0.4313960721585355,0.4877404388310726,0.8430969139144558,32,11,28,24.458064955021197,20,4,4,0,1,1,2,7
fold3_0000167,sa_0005113,167,Breast,49,0,"[25,50)",AVAILABLE,1,1,1,37,0.5575505199404487,0.6976744186046512,0.7991557452479765,0.572181055262923,0.6016717325227964,0.8127905873422526,30,7,19,23.974673156595042,3,3,12,1,0,1,4,2
fold3_0000168,sa_0005114,168,Breast,55,0,"[50,+inf)",AVAILABLE,1,1,1,36,0.5204774772568979,0.6813186813186813,0.7639266198448016,0.5449225848658864,0.5740740740740741,0.845654920679489,31,5,24,23.68172597911547,9,3,11,1,0,1,0,4
fold3_0000169,sa_0005115,169,Breast,56,0,"[50,+inf)",AVAILABLE,1,1,1,40,0.5766013535707433,0.6875,0.838692877921081,0.5205557277140791,0.5729761946499317,0.89872063477912,33,7,23,27.67686581008855,20,0,3,0,0,0,0,7
fold3_0000170,sa_0005116,170,Breast,40,0,"[25,50)",AVAILABLE,1,1,1,28,0.45088586090987925,0.5882352941176471,0.7665059635467947,0.5002947418061778,0.541862117981521,0.7928459481884392,20,8,20,15.330120037441858,8,0,10,2,2,0,3,3
fold3_0000171,sa_0005117,171,Breast,68,0,"[50,+inf)",AVAILABLE,1,1,1,46,0.5934070908353872,0.7192982456140351,0.8249805896979774,0.5949943868454071,0.629109454688113,0.8686124355825267,41,5,27,33.82420500259766,9,5,13,0,0,2,0,3
fold3_0000172,sa_0005118,172,Breast,41,0,"[25,50)",AVAILABLE,1,1,1,30,0.6042248216556997,0.7605633802816901,0.7944437469917532,0.5912068586502528,0.6547281766183781,0.8739137457599742,27,3,14,21.449981963221084,7,3,4,0,0,0,1,2
fold3_0000173,sa_0005119,173,Breast,50,0,"[50,+inf)",AVAILABLE,1,1,1,35,0.5794492715572575,0.7294117647058823,0.7944062593930143,0.5160784928126592,0.5929436003090394,0.8541403951240016,31,4,19,24.626594835589707,5,7,7,0,0,2,1,1
fold3_0000174,sa_0005120,174,Breast,34,0,"[25,50)",AVAILABLE,1,1,1,26,0.5588607868088903,0.7333333333333333,0.7620828911030323,0.5560146194184014,0.5920836346899861,0.8718096968695795,22,4,12,16.7658243663496,8,1,3,0,0,1,0,3
fold3_0000175,sa_0005121,175,Breast,65,0,"[50,+inf)",AVAILABLE,1,1,1,42,0.518077090013242,0.6542056074766355,0.7919178375916699,0.541947191247633,0.565817306127762,0.8575525812619503,35,7,30,27.71712510762628,16,2,12,0,0,1,1,5
fold3_0000176,sa_0005122,176,Breast,44,0,"[25,50)",AVAILABLE,1,1,1,32,0.5394251005389291,0.6842105263157895,0.7883905315568963,0.5005878203620974,0.5253211532971739,0.7972001796676149,26,6,18,20.498154608869836,8,0,9,1,0,0,2,4
fold3_0000177,sa_0005123,177,Breast,35,0,"[25,50)",AVAILABLE,1,1,1,24,0.5061334790745711,0.6101694915254238,0.8294965351499913,0.3955540535466186,0.4885755955274672,0.8607119529719138,18,6,17,14.93093846219638,6,6,4,1,0,2,2,2
fold3_0000178,sa_0005124,178,Breast,11,0,"[10,25)",AVAILABLE,1,1,1,9,0.7096823088968353,0.9,0.7885358987742613,0.7151972157772621,0.7151972157772621,0.8339533310787961,9,0,2,7.09682387750425,0,0,2,0,0,0,0,0
fold3_0000179,sa_0005125,179,Breast,22,0,"[10,25)",AVAILABLE,1,1,1,19,0.7185152193617819,0.8780487804878049,0.818308999828696,0.8059020383328263,0.8059020383328263,0.901392632524708,18,1,4,14.729562815225528,0,0,4,0,1,0,0,0
fold3_0000180,sa_0005126,180,Breast,22,0,"[10,25)",AVAILABLE,1,1,1,17,0.6107105204671907,0.8205128205128205,0.7443034468193886,0.6479677060133631,0.6479677060133631,0.7863839851338795,16,1,6,11.908855893413666,0,0,5,1,0,0,0,1
fold3_0000181,sa_0005127,181,Breast,16,0,"[10,25)",AVAILABLE,1,1,1,7,0.35447798617433796,0.43478260869565216,0.8152993682009774,0.4090252127830416,0.3951502732240437,0.6235006119951041,5,2,11,4.076497656304255,2,0,9,0,0,0,1,1
fold3_0000182,sa_0005128,182,Breast,42,0,"[25,50)",AVAILABLE,1,1,1,26,0.5947761910828349,0.7352941176470589,0.8088956198726553,0.6021102318478412,0.6338375879819309,0.8372930397042276,25,1,17,20.222391305712005,6,0,11,0,0,0,0,1
fold3_0000183,sa_0005129,183,Breast,34,0,"[25,50)",AVAILABLE,1,1,1,23,0.5946449531346988,0.7719298245614035,0.7703355074699507,0.6378539493293591,0.6484945846504638,0.8505862751878281,22,1,12,16.947381934674425,1,2,9,0,0,1,0,0
fold3_0000184,sa_0005130,184,Breast,24,0,"[10,25)",AVAILABLE,1,1,1,16,0.5146299104532437,0.65,0.791738323774221,0.4370330050967391,0.4762791390481865,0.8911310664917769,13,3,11,10.292599000803197,7,0,3,1,0,0,0,3
fold3_0000185,sa_0005131,185,Breast,7,0,"[1,10)",AVAILABLE,1,1,1,5,0.6009147126532282,0.6666666666666666,0.9013720689798422,0.7545948744499094,0.7545948744499094,0.8601357332546474,4,1,3,3.605489177291438,0,0,3,0,0,0,1,0
fold3_0000186,sa_0005132,186,Breast,22,0,"[10,25)",AVAILABLE,1,1,1,23,0.7208721974225866,0.8888888888888888,0.8109812221004099,0.7184108994453822,0.7246143361625674,0.8579947551819521,20,3,2,16.21962525298942,1,0,1,0,0,0,3,0
fold3_0000187,sa_0005133,187,Breast,8,0,"[1,10)",AVAILABLE,1,1,1,8,0.6297962376509675,0.875,0.7197671287439629,0.588960493135332,0.6612031091584994,0.8556606652426,7,1,1,5.038370620974869,0,1,0,0,0,0,1,0
fold3_0000188,sa_0005134,188,Breast,8,0,"[1,10)",AVAILABLE,1,1,1,8,0.5692341956074396,0.75,0.7589789274765861,0.6713382797471833,0.6713382797471833,0.80335415981585,6,2,2,4.5538743238384445,0,0,1,1,0,0,1,1
fold3_0000189,sa_0005135,189,Breast,15,0,"[10,25)",AVAILABLE,1,1,1,12,0.6990984861097602,0.8888888888888888,0.7864857968734803,0.6637566623782393,0.7018229166666666,0.8530398446236243,12,0,3,9.43783034896756,0,1,2,0,0,0,0,0
fold3_0000190,sa_0005136,190,Breast,10,0,"[10,25)",AVAILABLE,1,1,1,10,0.48002240727776263,0.7,0.6857462961110895,0.4697523345513601,0.4836843323304791,0.7218842614256746,7,3,3,4.800224758523923,1,0,2,0,0,0,3,0
fold3_0000191,sa_0005137,191,Breast,27,0,"[25,50)",AVAILABLE,1,1,1,23,0.7297010604810164,0.88,0.8292057505466095,0.7605182407091715,0.7687504385041746,0.8848076160253867,22,1,5,18.24252734123116,2,0,3,0,0,0,0,1
fold3_0000192,sa_0005138,192,Breast,30,0,"[25,50)",AVAILABLE,1,1,1,24,0.5905560979968054,0.7407407407407407,0.7972507322956873,0.5820800470288542,0.6111795413220716,0.8653391095416652,20,4,10,15.945015443164479,6,0,3,1,0,0,1,3
fold3_0000193,sa_0005139,193,Breast,42,0,"[25,50)",AVAILABLE,1,1,1,29,0.5628472295531491,0.7323943661971831,0.7685029480437229,0.597500792321275,0.6063545961678389,0.7970406160350294,26,3,16,19.981077417639742,4,0,10,2,0,0,0,3
fold3_0000194,sa_0005140,194,Breast,57,0,"[50,+inf)",AVAILABLE,1,1,1,42,0.5786503652839886,0.7474747474747475,0.7741403535556064,0.593353956690949,0.6201963968143509,0.8560656676529541,37,5,20,28.64319385569779,9,2,9,0,1,1,0,3
fold3_0000195,sa_0005141,195,Breast,7,0,"[1,10)",AVAILABLE,1,1,1,7,0.7031526962699409,0.8571428571428571,0.8203448123149312,0.6196026490066225,0.6196026490066225,0.765129211645404,6,1,1,4.922069694234399,0,0,1,0,0,0,1,0
fold3_0000196,sa_0005142,196,Breast,33,0,"[25,50)",AVAILABLE,1,1,1,25,0.5943672437462009,0.7241379310344828,0.8207928604114202,0.6168993450534298,0.6473657241347184,0.8204954190702409,21,4,12,17.236650889432685,2,1,8,1,3,0,0,1
fold3_0000197,sa_0005143,197,Breast,13,0,"[10,25)",AVAILABLE,1,1,1,11,0.7051428599142333,0.8333333333333334,0.8461714318970799,0.782396449704142,0.782396449704142,0.880239023985393,10,1,3,8.46171516514223,0,0,2,1,0,0,0,1
fold3_0000198,sa_0005144,198,Breast,38,0,"[25,50)",AVAILABLE,1,1,1,20,0.46450836172523824,0.6206896551724138,0.7483745827795505,0.41521536587113883,0.47861818529313394,0.7499515284689459,18,2,20,13.470743238406492,5,1,13,1,0,0,0,2
fold3_0000199,sa_0005145,199,Breast,14,0,"[10,25)",AVAILABLE,1,1,1,11,0.7179580808807443,0.88,0.8158614555463003,0.720998017954996,0.7588897416218982,0.8994254963275398,11,0,3,8.974476826870758,1,0,2,0,0,0,0,0
fold3_0000200,sa_0005146,200,Breast,23,0,"[10,25)",AVAILABLE,1,1,1,14,0.5721732246491544,0.7027027027027027,0.8142465120007197,0.6137634757234336,0.6246648793565683,0.833003300330033,13,1,10,10.585205470255868,2,0,8,0,0,0,0,1
fold3_0000201,sa_0005147,201,Breast,8,0,"[1,10)",AVAILABLE,1,1,1,7,0.6512918410802695,0.8,0.8141148013503369,0.696215655780197,0.696215655780197,0.8209046454767727,6,1,2,4.884689622216823,0,0,2,0,0,0,1,0
fold3_0000202,sa_0005148,202,Breast,29,0,"[25,50)",AVAILABLE,1,1,1,22,0.42630223591844846,0.5490196078431373,0.7764790725657453,0.4842623738587218,0.49331235247836347,0.8037168311140914,14,8,15,10.870707792399507,8,0,6,1,2,0,3,3
fold3_0000203,sa_0005149,203,Breast,19,0,"[10,25)",AVAILABLE,1,1,1,14,0.6430356886835162,0.7878787878787878,0.8161606817906167,0.7302994011976048,0.7302994011976048,0.8636489479512736,13,1,6,10.6100896794387,0,1,5,0,0,1,0,0
fold3_0000204,sa_0005150,204,Breast,25,0,"[25,50)",AVAILABLE,1,1,1,19,0.6006131350116367,0.7272727272727273,0.8258430606410004,0.6448100092678406,0.6614401858304297,0.8450591701203376,16,3,9,13.213489796099068,2,1,6,0,1,0,1,1
fold3_0000205,sa_0005151,205,Breast,26,0,"[25,50)",AVAILABLE,1,1,1,20,0.6778004836478251,0.8260869565217391,0.8204953223105251,0.743517558156764,0.7451221385773544,0.8835284796196848,19,1,7,15.5894119443953,2,0,5,0,0,0,0,1
fold3_0000206,sa_0005152,206,Breast,21,0,"[10,25)",AVAILABLE,1,1,1,15,0.6475504077750073,0.8333333333333334,0.7770604893300087,0.6482242990654206,0.6707491856677524,0.8113545972081416,15,0,6,11.65590811701062,1,0,5,0,0,0,0,0
fold3_0000207,sa_0005153,207,Breast,33,0,"[25,50)",AVAILABLE,1,1,1,24,0.5335828932642771,0.6666666666666666,0.8003743398964157,0.5264510601841936,0.5998535968589872,0.8255064265213593,19,5,14,15.207113258406238,8,0,5,1,2,0,1,2
fold3_0000208,sa_0005154,208,Breast,12,0,"[10,25)",AVAILABLE,1,1,1,6,0.5799887221415794,0.6666666666666666,0.8699830832123691,0.5918635170603674,0.6601712429878949,0.8020629557175885,6,0,6,5.2198993692572975,1,0,5,0,0,0,0,0
fold3_0000209,sa_0005155,209,Breast,46,0,"[25,50)",AVAILABLE,1,1,1,40,0.7125148317771891,0.8604651162790697,0.8280577774707873,0.7085227779263618,0.7342065443540761,0.8742740286298568,37,3,9,30.638138594476906,1,1,6,1,2,0,1,0
fold3_0000210,sa_0005156,210,Breast,22,0,"[10,25)",AVAILABLE,1,1,1,17,0.6704663046299005,0.8205128205128205,0.8171308087676913,0.6372386325921009,0.692844455721898,0.8633740538109871,16,1,6,13.07409375741387,3,0,3,0,0,0,0,1
fold3_0000211,sa_0005157,211,Breast,38,0,"[25,50)",AVAILABLE,1,1,1,28,0.6474036952583392,0.7878787878787878,0.8217046901355844,0.6257247026477796,0.6446857518920698,0.8387019326957704,26,2,12,21.364322765229886,4,1,7,0,0,0,0,2
fold3_0000212,sa_0005158,212,Breast,28,0,"[25,50)",AVAILABLE,1,1,1,18,0.5703625371455897,0.6956521739130435,0.8198961471467852,0.6042140811981499,0.633375052148519,0.8408255006129955,16,2,12,13.11833917424471,4,0,8,0,0,0,1,1
fold3_0000213,sa_0005159,213,Breast,17,0,"[10,25)",AVAILABLE,1,1,1,11,0.5542039593837922,0.7142857142857143,0.7758855431373091,0.5436332113272972,0.5301861098502043,0.8371403144467517,10,1,7,7.758856207258633,2,0,5,0,0,0,1,0
fold3_0000214,sa_0005160,214,Breast,38,0,"[25,50)",AVAILABLE,1,1,1,30,0.6562406073591716,0.8235294117647058,0.7968635946504227,0.6431846377906036,0.647774235446924,0.8557506270154067,28,2,10,22.31218144707543,2,3,5,0,0,1,0,1
fold3_0000215,sa_0005161,215,Breast,6,0,"[1,10)",AVAILABLE,1,1,1,6,0.8476398941037019,1.0,0.8476398941037019,0.8412305516265912,0.8412305516265912,0.9137699251008258,6,0,0,5.085840212262106,0,0,0,0,0,0,0,0
fold3_0000216,sa_0005162,216,Breast,49,0,"[25,50)",AVAILABLE,1,1,1,36,0.6382874774065368,0.7764705882352941,0.8220369027205399,0.6433675338951997,0.6605842911877394,0.8125054076659072,33,3,16,27.127218611814715,1,1,14,0,0,0,3,0
fold3_0000217,sa_0005163,217,Breast,20,0,"[10,25)",AVAILABLE,1,1,1,14,0.6495942406826616,0.8235294117647058,0.7887930065432319,0.5698839662447257,0.6214570648750787,0.8425482325521171,14,0,6,11.043102880398253,1,2,3,0,0,0,0,0
fold3_0000218,sa_0005164,218,Breast,45,0,"[25,50)",AVAILABLE,1,1,1,31,0.591976588714794,0.7368421052631579,0.8033967989700775,0.5698920810850227,0.597953216374269,0.8667276608722171,28,3,17,22.49511117455897,10,0,7,0,0,0,0,3
fold3_0000219,sa_0005165,219,Breast,56,0,"[50,+inf)",AVAILABLE,1,1,1,42,0.7055067628930215,0.8367346938775511,0.8431666190672695,0.691547886971743,0.7133868808567604,0.8651717582102768,41,1,15,34.56983222492467,4,0,11,0,0,0,0,1
fold3_0000220,sa_0005166,220,Breast,32,0,"[25,50)",AVAILABLE,1,1,1,24,0.6694561784680506,0.8571428571428571,0.7810322082127258,0.6619274175702589,0.6891087868729254,0.8872821653689285,24,0,8,18.744773778137628,4,0,4,0,0,0,0,0
fold3_0000221,sa_0005167,221,Breast,38,0,"[25,50)",AVAILABLE,1,1,1,29,0.6581223962837882,0.8059701492537313,0.8165592694632187,0.6262598746935439,0.6799742847958856,0.8891780192866983,27,2,11,22.047101092066175,5,2,4,0,0,0,0,2
fold3_0000222,sa_0005168,222,Breast,49,0,"[25,50)",AVAILABLE,1,1,1,32,0.5857955359572705,0.7160493827160493,0.8180937657334295,0.5677896466721446,0.5957077716098335,0.8159652119894394,29,3,20,23.724720024363222,6,1,12,1,0,0,0,3
fold3_0000223,sa_0005169,223,Breast,44,0,"[25,50)",AVAILABLE,1,1,1,31,0.648379424241543,0.8,0.8104742803019288,0.6332559611732433,0.6552220108569573,0.8412613875262789,30,1,14,24.314229219532145,4,0,9,1,0,0,0,1
fold3_0000224,sa_0005170,224,Breast,17,0,"[10,25)",AVAILABLE,1,1,1,13,0.7012646098513414,0.8666666666666667,0.8091514729053939,0.7362157873859579,0.7362157873859579,0.8480694539639022,13,0,4,10.518969956921593,0,0,4,0,0,0,0,0
fold3_0000225,sa_0005171,225,Breast,6,0,"[1,10)",AVAILABLE,1,1,1,4,0.5294474935022334,0.8,0.6618093668777918,0.4620915032679739,0.4322293348177011,0.8243295763699962,4,0,2,2.647238129320534,1,0,1,0,0,0,0,0
fold3_0000226,sa_0005172,226,Breast,46,0,"[25,50)",AVAILABLE,1,1,1,31,0.6282945762676703,0.7792207792207793,0.8063113728768434,0.6642548925598222,0.7094267702682892,0.8738136077758719,30,1,16,24.189341992616676,7,0,9,0,0,0,0,1
fold3_0000227,sa_0005173,227,Breast,39,0,"[25,50)",AVAILABLE,1,1,1,31,0.6241873850412414,0.8,0.7802342313015517,0.5807431642907221,0.6342394967423051,0.8612867748144075,28,3,11,21.84655925667768,3,4,4,0,0,2,0,1
fold3_0000228,sa_0005174,228,Breast,46,0,"[25,50)",AVAILABLE,1,1,1,33,0.5790731905993639,0.7341772151898734,0.788737621678444,0.5945113859546685,0.6103633527814685,0.8105606772608244,29,4,17,22.873391817412497,3,3,10,1,0,1,1,2
fold3_0000229,sa_0005175,229,Breast,9,0,"[1,10)",AVAILABLE,1,1,1,9,0.811381560880175,1.0,0.811381560880175,0.832416208104052,0.832416208104052,0.9085449085449085,9,0,0,7.302434859303135,0,0,0,0,0,0,0,0
fold3_0000230,sa_0005176,230,Breast,8,0,"[1,10)",AVAILABLE,1,1,1,7,0.6563412816674736,0.8,0.8204266020843419,0.7355021216407355,0.7355021216407355,0.8475957620211899,6,1,2,4.922560432932654,0,0,2,0,0,0,1,0
fold3_0000231,sa_0005177,231,Breast,35,0,"[25,50)",AVAILABLE,1,1,1,23,0.6010389402834622,0.7931034482758621,0.7578317073139305,0.5732751568039269,0.6178119702699179,0.8471830418312243,23,0,12,17.430130026052108,5,0,7,0,0,0,0,0
fold3_0000232,sa_0005178,232,Breast,47,0,"[25,50)",AVAILABLE,1,1,1,34,0.596190354177036,0.7160493827160493,0.8326106670403435,0.6739472855192692,0.7015397842738784,0.8975860722570569,29,5,18,24.14571017678063,3,5,10,0,1,3,0,1
fold3_0000233,sa_0005179,233,Breast,2,0,"[1,10)",AVAILABLE,1,1,1,1,0.5761899000005762,0.6666666666666666,0.8642848500008644,0.607168458781362,0.607168458781362,0.7555753791257805,1,0,1,0.8642857142857143,0,0,1,0,0,0,0,0
fold3_0000234,sa_0005180,234,Breast,17,0,"[10,25)",AVAILABLE,1,1,1,10,0.5411153491472308,0.6666666666666666,0.8116730237208463,0.5955232672295308,0.605032736451842,0.8943824642453433,9,1,8,7.30505802516064,3,0,5,0,0,0,0,1
fold3_0000235,sa_0005181,235,Breast,10,0,"[10,25)",AVAILABLE,1,1,1,7,0.5551241294731958,0.7058823529411765,0.7864258500870273,0.5803074910042525,0.6659869494290375,0.8685434516523868,6,1,4,4.718555886948014,3,0,1,0,0,0,0,1
fold3_0000236,NOT_FOUND,236,Breast,0,1,"[0,1)",NOT_EVALUATED,0,0,0,NOT_EVALUATED,NOT_EVALUATED,NOT_EVALUATED,NOT_EVALUATED,NOT_EVALUATED,NOT_EVALUATED,NOT_EVALUATED,NOT_EVALUATED,NOT_EVALUATED,NOT_EVALUATED,NOT_EVALUATED,NOT_EVALUATED,NOT_EVALUATED,NOT_EVALUATED,NOT_EVALUATED,NOT_EVALUATED,NOT_EVALUATED,NOT_EVALUATED,NOT_EVALUATED
fold3_0000237,sa_0005182,237,Breast,9,0,"[1,10)",AVAILABLE,1,1,1,8,0.7947576369777014,0.9411764705882353,0.8444299892888077,0.8270623977564852,0.8270623977564852,0.9053466359682784,8,0,1,6.755440758740451,0,0,1,0,0,0,0,0
fold3_0000238,sa_0005183,238,Breast,14,0,"[10,25)",AVAILABLE,1,1,1,12,0.7277390139745754,0.9230769230769231,0.78838393180579,0.7453219713608012,0.7915419161676647,0.8867766868602465,12,0,2,9.460607970053411,1,0,1,0,0,0,0,0
fold3_0000239,sa_0005184,239,Breast,36,0,"[25,50)",AVAILABLE,1,1,1,27,0.6118230899675087,0.7619047619047619,0.8030178055823551,0.6069558907375732,0.6200629150646627,0.8427184466019417,24,3,12,19.27242813699433,4,1,7,0,0,0,2,1
fold3_0000240,sa_0005185,240,Breast,43,0,"[25,50)",AVAILABLE,1,1,1,34,0.6375199973150871,0.8311688311688312,0.7670162467697141,0.5911726649734029,0.6265762483887238,0.8500844158081522,32,2,11,24.5445206636471,6,0,5,0,0,0,1,1
fold3_0000241,sa_0005186,241,Breast,29,0,"[25,50)",AVAILABLE,1,1,1,29,0.6351713272812022,0.8275862068965517,0.7674986871314526,0.6075843125286129,0.6201063315611407,0.8026054097056484,24,5,5,18.419969258653552,3,0,2,0,1,0,3,1
fold3_0000242,sa_0005187,242,Breast,37,0,"[25,50)",AVAILABLE,1,1,1,27,0.6499934026704246,0.8125,0.7999918802097533,0.7006592380841258,0.7049990954592052,0.850817005022282,26,1,11,20.799789685445468,2,0,9,0,0,0,0,1
fold3_0000243,sa_0005188,243,Breast,33,0,"[25,50)",AVAILABLE,1,1,1,22,0.638414833083087,0.8,0.7980185413538586,0.6194436869375511,0.6563194547340346,0.817014805206423,22,0,11,17.55640870780343,2,0,9,0,0,0,0,0
fold3_0000244,sa_0005189,244,Breast,5,0,"[1,10)",AVAILABLE,1,1,1,5,0.8890981899095857,1.0,0.8890981899095857,0.9014877362283876,0.9014877362283876,0.9481920067667583,5,0,0,4.445491838646118,0,0,0,0,0,0,0,0
fold3_0000245,sa_0005190,245,Breast,37,0,"[25,50)",AVAILABLE,1,1,1,29,0.5964845556803108,0.7272727272727273,0.8201662640604273,0.5433857683750342,0.6049600969794928,0.8778599527930763,24,5,13,19.683991157616518,8,5,0,0,0,2,1,2
fold3_0000246,sa_0005191,246,Breast,11,0,"[10,25)",AVAILABLE,1,1,1,13,0.53184927388171,0.6666666666666666,0.7977739108225651,0.5670450514366797,0.5819089686959862,0.7762534903484278,8,5,3,6.382192084354431,1,0,1,1,0,0,4,1
fold3_0000247,sa_0005192,247,Breast,11,0,"[10,25)",AVAILABLE,1,1,1,8,0.4090703835631146,0.5263157894736842,0.7772337287699178,0.4403740036787247,0.4697240420885448,0.7761718222342293,5,3,6,3.886169421083318,4,0,2,0,0,0,1,2
fold3_0000248,sa_0005193,248,Breast,53,0,"[50,+inf)",AVAILABLE,1,1,1,37,0.5757815686591893,0.7111111111111111,0.809692830926985,0.5794230976988728,0.6194941125163541,0.8673219334859297,32,5,21,25.910171399356347,10,3,7,1,0,1,0,4
fold3_0000249,sa_0005194,249,Breast,51,0,"[50,+inf)",AVAILABLE,1,1,1,36,0.48669008114128426,0.6206896551724138,0.7841117973942913,0.41516596244661863,0.5161531406053605,0.8430911250028007,27,9,24,21.17101931375766,11,5,6,2,4,1,1,3
fold3_0000250,sa_0005195,250,Breast,38,0,"[25,50)",AVAILABLE,1,1,1,30,0.5825844790426985,0.7352941176470589,0.7923148914980699,0.5873028391167192,0.6396691923858806,0.8440925357152921,25,5,13,19.80787307976664,6,2,4,1,0,2,1,2
fold3_0000251,sa_0005196,251,Breast,36,0,"[25,50)",AVAILABLE,1,1,1,24,0.5760071269438217,0.7333333333333333,0.7854642640143025,0.5456239250907701,0.6028072185620166,0.8169567859313007,22,2,14,17.28021459377892,5,0,9,0,0,0,0,2
fold3_0000252,sa_0005197,252,Breast,52,0,"[50,+inf)",AVAILABLE,1,1,1,36,0.5627683531017774,0.7272727272727273,0.7738064855149439,0.5630515121804057,0.5794171923951762,0.8140318460953209,32,4,20,24.76180831028469,7,2,11,0,0,2,0,2
fold3_0000253,sa_0005198,253,Breast,44,0,"[25,50)",AVAILABLE,1,1,1,30,0.5286325092709536,0.7297297297297297,0.724422327519455,0.5706245215903463,0.5707701171499904,0.7769287198924074,27,3,17,19.559403567447614,3,0,14,0,1,0,1,1
fold3_0000254,sa_0005199,254,Breast,43,0,"[25,50)",AVAILABLE,1,1,1,31,0.5700239033729227,0.7297297297297297,0.7811438675851164,0.6140009722897424,0.6223339284036455,0.8157414646859525,27,4,16,21.090885205942012,4,0,12,0,0,0,2,2
fold3_0000255,sa_0005200,255,Breast,20,0,"[10,25)",AVAILABLE,1,1,1,18,0.7213845909469903,0.8947368421052632,0.8062533663525185,0.7849941383352872,0.7849941383352872,0.8795481413371864,17,1,3,13.706308034246183,0,0,3,0,0,0,1,0
fold3_0000256,sa_0005201,256,Breast,25,0,"[25,50)",AVAILABLE,1,1,1,26,0.5790369862162238,0.7843137254901961,0.7382721574256854,0.579557157569516,0.6005739455419113,0.7745486386190218,20,6,5,14.765443886785866,1,1,3,0,0,2,4,0
fold3_0000257,sa_0005202,257,Breast,13,0,"[10,25)",AVAILABLE,1,1,1,10,0.6417359040492391,0.8695652173913043,0.737996289656625,0.6260071201049279,0.6580762987012987,0.8177701627707747,10,0,3,7.3799636345625395,1,0,2,0,0,0,0,0
fold3_0000258,sa_0005203,258,Breast,27,0,"[25,50)",AVAILABLE,1,1,1,22,0.5116109363757666,0.6938775510204082,0.7373216436003694,0.5367781155015198,0.5392010392984735,0.7475523295070898,17,5,10,12.534468678527926,2,2,4,2,0,1,1,3
fold3_0000259,sa_0005204,259,Breast,30,0,"[25,50)",AVAILABLE,1,1,1,25,0.5009124090832991,0.6909090909090909,0.7250048026205645,0.5770534020059637,0.5847269073422809,0.7755434782608696,19,6,11,13.77509197479553,2,1,8,0,0,1,4,1
fold3_0000260,sa_0005205,260,Breast,29,0,"[25,50)",AVAILABLE,1,1,1,28,0.5130969199002022,0.631578947368421,0.8124034565086535,0.5431750339213026,0.5746832431146274,0.7561196736174071,18,10,11,14.62326302955922,5,0,5,1,0,0,7,3
fold3_0000261,sa_0005206,261,Breast,25,0,"[25,50)",AVAILABLE,1,1,1,16,0.4873011052142788,0.6341463414634146,0.7684363582225165,0.5504972685250035,0.5676715843489416,0.8062602291325696,13,3,12,9.989673425329073,5,1,6,0,0,1,0,2
fold3_0000262,sa_0005207,262,Breast,23,0,"[10,25)",AVAILABLE,1,1,1,20,0.6194058211550478,0.7441860465116279,0.8323265721770956,0.5921698503755397,0.6023967144783622,0.8028613507258574,16,4,7,13.317225987160104,1,0,5,1,2,0,2,0
fold3_0000263,sa_0005208,263,Breast,29,0,"[25,50)",AVAILABLE,1,1,1,21,0.4663718222025373,0.6,0.7772863703375622,0.476550781640612,0.47622237106496984,0.7648660190028824,15,6,14,11.659296332349802,9,0,4,1,0,0,1,5
fold3_0000264,sa_0005209,264,Breast,26,0,"[25,50)",AVAILABLE,1,1,1,24,0.41894791017895283,0.56,0.7481212681767014,0.38352515140793775,0.4503383669730193,0.7755409755898773,14,10,12,10.473698502595088,7,3,0,2,1,1,3,5
fold3_0000265,sa_0005210,265,Breast,18,0,"[10,25)",AVAILABLE,1,1,1,20,0.4778660806509205,0.631578947368421,0.7566212943639575,0.5575537781310547,0.5789864291772688,0.7695561673269321,12,8,6,9.079456288988784,0,1,3,2,2,0,4,2
fold3_0000266,sa_0005211,266,Breast,33,0,"[25,50)",AVAILABLE,1,1,1,30,0.6453525958894718,0.7936507936507936,0.8131442708207345,0.702957600827301,0.7052549764670323,0.8668084675377291,25,5,8,20.328607583662635,3,1,4,0,0,1,3,1
fold3_0000267,sa_0005212,267,Breast,38,0,"[25,50)",AVAILABLE,1,1,1,25,0.6032947811697603,0.7301587301587301,0.8262515481238022,0.6383118303083315,0.6451612903225806,0.7977044476327116,23,2,15,19.003786433099,2,0,12,1,0,0,0,2
fold3_0000268,sa_0005213,268,Breast,32,0,"[25,50)",AVAILABLE,1,1,1,22,0.582847035103509,0.7407407407407407,0.7868434973897371,0.6712181485861736,0.6993042592906838,0.8366287197922908,20,2,12,15.736870734638241,1,0,9,2,0,0,0,2
fold3_0000269,sa_0005214,269,Breast,25,0,"[25,50)",AVAILABLE,1,1,1,19,0.5067352668046943,0.6363636363636364,0.7962982764073767,0.5776105682475912,0.5956298688960668,0.8232632356093262,14,5,11,11.14817666600155,2,3,5,1,0,3,0,2
fold3_0000270,sa_0005215,270,Breast,34,0,"[25,50)",AVAILABLE,1,1,1,21,0.4951667140974324,0.6181818181818182,0.801004978687023,0.4948753202924817,0.5427610246433203,0.8331975934634684,17,4,17,13.617085438684372,6,0,11,0,0,0,2,2
fold3_0000271,sa_0005216,271,Breast,19,0,"[10,25)",AVAILABLE,1,1,1,21,0.4283457197964853,0.6,0.7139095329941422,0.44848693429042014,0.45170654468684024,0.7721020420529601,12,9,7,8.566915109839238,3,1,3,0,0,2,6,1
fold3_0000272,sa_0005217,272,Breast,11,0,"[10,25)",AVAILABLE,1,1,1,8,0.44943341154295674,0.5263157894736842,0.8539234819316178,0.5279164775306401,0.5279164775306401,0.691027926322044,5,3,6,4.269618263581571,0,0,4,2,0,0,1,2
fold3_0000273,sa_0005218,273,Breast,22,0,"[10,25)",AVAILABLE,1,1,1,27,0.5856873680812541,0.6938775510204082,0.8440788539994545,0.6405848440647357,0.6776241215143959,0.8337837837837838,17,10,5,14.34934136206958,2,0,1,2,4,0,5,1
fold3_0000274,sa_0005219,274,Breast,37,0,"[25,50)",AVAILABLE,1,1,1,28,0.6164487758552758,0.8,0.7705609698190947,0.6086498507637386,0.6180103837202363,0.7870763102570723,26,2,11,20.034585985857433,1,0,10,0,2,0,0,0
fold3_0000275,sa_0005220,275,Breast,30,0,"[25,50)",AVAILABLE,1,1,1,20,0.5816941965599688,0.68,0.8554326419999541,0.6191690236226746,0.7126791306823574,0.8714709223395118,17,3,13,14.542355769431861,4,0,8,1,2,0,0,1
fold3_0000276,sa_0005221,276,Breast,25,0,"[25,50)",AVAILABLE,1,1,1,16,0.606149808763338,0.7317073170731707,0.8284047386432286,0.6555800440793428,0.6731576116191501,0.8415637860082305,15,1,10,12.426071908053167,2,0,8,0,0,0,0,1
fold3_0000277,sa_0005222,277,Breast,33,0,"[25,50)",AVAILABLE,1,1,1,24,0.6642885560299001,0.8070175438596491,0.8231401672544415,0.645181448913092,0.7013392407612526,0.85546875,23,1,10,18.932224669992323,4,0,6,0,0,0,0,1
fold3_0000278,sa_0005223,278,Breast,24,0,"[10,25)",AVAILABLE,1,1,1,19,0.5938517391909055,0.7441860465116279,0.7979882745377793,0.5470741011281551,0.6088535754824064,0.7608861295329477,16,3,8,12.767813190592744,2,0,5,1,0,0,2,1
fold3_0000279,sa_0005224,279,Breast,44,0,"[25,50)",AVAILABLE,1,1,1,36,0.6186102138020899,0.75,0.8248136184027866,0.6520705280631701,0.6585898805477324,0.856925374008256,30,6,14,24.744409376897217,5,0,9,0,1,1,2,2
fold3_0000280,sa_0005225,280,Breast,22,0,"[10,25)",AVAILABLE,1,1,1,22,0.5815053560557054,0.7272727272727273,0.7995698645765948,0.6117256637168141,0.6120764552562988,0.7748854756130423,16,6,6,12.793118632795382,1,0,5,0,0,0,6,0
fold3_0000281,sa_0005226,281,Breast,35,0,"[25,50)",AVAILABLE,1,1,1,27,0.621984800941212,0.7741935483870968,0.8033970345490655,0.6040879017013232,0.6342252913249892,0.8141027333949558,24,3,11,19.281529632574607,1,1,6,3,0,0,0,3
fold3_0000282,sa_0005227,282,Breast,31,0,"[25,50)",AVAILABLE,1,1,1,24,0.6313021506207291,0.8,0.7891276882759114,0.6815121086828115,0.6815121086828115,0.8105943515526205,22,2,9,17.36080993119774,0,0,8,1,0,0,1,1
fold3_0000283,sa_0005228,283,Breast,14,0,"[10,25)",AVAILABLE,1,1,1,11,0.7308801650167314,0.88,0.8305456420644675,0.7666570936243539,0.7666570936243539,0.8679183938876697,11,0,3,9.136002893254783,0,0,3,0,0,0,0,0
fold3_0000284,sa_0005229,284,Breast,27,0,"[25,50)",AVAILABLE,1,1,1,18,0.5443567684218059,0.6666666666666666,0.8165351526327089,0.5174600560039532,0.581958195819582,0.7947907447212037,15,3,12,12.248028106025785,5,0,7,0,0,0,1,2
fold3_0000285,sa_0005230,285,Breast,36,0,"[25,50)",AVAILABLE,1,1,1,37,0.771503294874183,0.9041095890410958,0.8533294019062934,0.7669607843137255,0.7669607843137255,0.8873846381475522,33,4,3,28.15987111623708,0,0,3,0,2,0,2,0
fold3_0000286,sa_0005231,286,Breast,35,0,"[25,50)",AVAILABLE,1,1,1,24,0.6217478915959523,0.7796610169491526,0.7974592522643736,0.6185276949565364,0.6890667472062821,0.8787364029205782,23,1,12,18.341563599539846,6,0,6,0,0,0,1,0
fold3_0000287,sa_0005232,287,Breast,24,0,"[10,25)",AVAILABLE,1,1,1,20,0.74665662622906,0.9090909090909091,0.8213222888519661,0.752030482302216,0.752030482302216,0.8584673496251359,20,0,4,16.42644659836161,0,0,4,0,0,0,0,0
fold3_0000288,sa_0005233,288,Breast,7,0,"[1,10)",AVAILABLE,1,1,1,6,0.613756506616504,0.7692307692307693,0.7978834586014553,0.767921146953405,0.767921146953405,0.8859604662949823,5,1,2,3.989418090890735,0,0,2,0,1,0,0,0
fold3_0000289,sa_0005234,289,Breast,37,0,"[25,50)",AVAILABLE,1,1,1,24,0.6037075058302205,0.7213114754098361,0.8369581330828056,0.6174085064292779,0.6425788015240734,0.8226797058280834,22,2,15,18.41307976477986,3,0,11,1,0,0,0,2
fold3_0000290,sa_0005235,290,Breast,11,0,"[10,25)",AVAILABLE,1,1,1,9,0.6320802406533609,0.8,0.790100300816701,0.5612815884476534,0.588042049934297,0.8576748034753827,8,1,3,6.320803196633908,1,0,2,0,0,0,1,0
fold3_0000291,sa_0005236,291,Breast,7,0,"[1,10)",AVAILABLE,1,1,1,7,0.697073142948314,0.8571428571428571,0.8132520001063664,0.6742142615748564,0.6742142615748564,0.8054097698829229,6,1,1,4.879512813890199,0,0,1,0,0,0,1,0
fold3_0000292,sa_0005237,292,Breast,16,0,"[10,25)",AVAILABLE,1,1,1,13,0.7119200081290126,0.896551724137931,0.794064624451591,0.7488010961406714,0.7488010961406714,0.8563593627579003,13,0,3,10.322840911935307,0,0,3,0,0,0,0,0
fold3_0000293,sa_0005238,293,Breast,12,0,"[10,25)",AVAILABLE,1,1,1,11,0.7456228111444998,0.9565217391304348,0.7795147571056134,0.7752833012614924,0.7752833012614924,0.8734192460556426,11,0,1,8.574663107676503,0,0,1,0,0,0,0,0
fold3_0000294,sa_0005239,294,Breast,12,0,"[10,25)",AVAILABLE,1,1,1,7,0.5182948655112066,0.631578947368421,0.8206335370594106,0.3687339013275213,0.4517543859649123,0.8031937850668969,6,1,6,4.92380204299,3,0,3,0,0,0,0,1
fold3_0000295,sa_0005240,295,Breast,5,0,"[1,10)",AVAILABLE,1,1,1,6,0.5673865594920924,0.7272727272727273,0.780156519301627,0.6599272139102305,0.6599272139102305,0.8501827040194885,4,2,1,3.1206268573630274,0,0,1,0,1,0,1,0
fold3_0000296,sa_0005241,296,Breast,9,0,"[1,10)",AVAILABLE,1,1,1,6,0.5701924158512486,0.6666666666666666,0.855288623776873,0.25369761709120786,0.3103180005834873,0.7332640641234971,5,1,4,4.276443974172989,3,0,1,0,0,0,0,1
fold3_0000297,sa_0005242,297,Breast,15,0,"[10,25)",AVAILABLE,1,1,1,11,0.6120924109977974,0.7692307692307693,0.7957201342971366,0.6263379540270223,0.6366005211465223,0.8743417023882425,10,1,5,7.9572021386915,2,0,3,0,0,0,0,1
fold3_0000298,sa_0005243,298,Breast,17,0,"[10,25)",AVAILABLE,1,1,1,12,0.6000090105409708,0.7586206896551724,0.7909209684403706,0.5752586594691858,0.6032384592175399,0.802208142525563,11,1,6,8.700131443765045,2,0,4,0,0,0,0,1
fold3_0000299,sa_0005244,299,Breast,9,0,"[1,10)",AVAILABLE,1,1,1,5,0.5836694687165577,0.7142857142857143,0.8171372562031807,0.41301977885064634,0.41301977885064634,0.5845916455417172,5,0,4,4.0856870981531594,0,0,4,0,0,0,0,0
fold3_0000300,sa_0005245,300,Breast,9,0,"[1,10)",AVAILABLE,1,1,1,6,0.6966756025149038,0.8,0.8708445031436297,0.6840258541089566,0.6840258541089566,0.8123697773878715,6,0,3,5.225067889706281,0,0,3,0,0,0,0,0
fold3_0000301,sa_0005246,301,Breast,12,0,"[10,25)",AVAILABLE,1,1,1,9,0.587073291203525,0.7619047619047619,0.7705336947046266,0.463768115942029,0.5741159539473685,0.8567883497681709,8,1,4,6.164270328170707,3,0,1,0,0,0,0,1
fold3_0000302,sa_0005247,302,Breast,16,0,"[10,25)",AVAILABLE,1,1,1,11,0.4391122638716453,0.5185185185185185,0.8468593660381731,0.35756341418255877,0.40553849412263054,0.8323224712751931,7,4,9,5.928016409126578,2,4,3,0,0,3,0,1
fold3_0000303,sa_0005248,303,Breast,10,0,"[10,25)",AVAILABLE,1,1,1,8,0.6494588738577239,0.7777777777777778,0.835018552102788,0.6404395604395604,0.7125,0.839608144448713,7,1,3,5.845130699738068,1,0,1,1,0,0,0,1
fold3_0000304,sa_0005249,304,Breast,6,0,"[1,10)",AVAILABLE,1,1,1,3,0.362970695374418,0.4444444444444444,0.8166840645924406,0.3310162197947699,0.37519904458598724,0.8684324793747286,2,1,4,1.6333689458689458,3,0,1,0,0,0,0,1
fold3_0000305,sa_0005250,305,Breast,3,0,"[1,10)",AVAILABLE,1,1,1,5,0.5677131464464369,0.75,0.7569508619285825,0.5801435406698564,0.5801435406698564,0.7342922028766087,3,2,0,2.2708533427366095,0,0,0,0,0,0,2,0
fold3_0000306,sa_0005251,306,Breast,39,0,"[25,50)",AVAILABLE,1,1,1,26,0.5053531216615782,0.676923076923077,0.7465443842727859,0.5438392276353179,0.5264422114576244,0.8354271027302054,22,4,17,16.423977200545675,6,2,7,2,0,1,0,3
fold3_0000307,sa_0005252,307,Breast,41,0,"[25,50)",AVAILABLE,1,1,1,31,0.5805557646535101,0.7222222222222222,0.8038464433663987,0.6134071340713407,0.6434020909861543,0.8610155891792756,26,5,15,20.90000833137281,5,3,7,0,0,2,2,1
fold3_0000308,sa_0005253,308,Breast,18,0,"[10,25)",AVAILABLE,1,1,1,13,0.5681700414649117,0.7096774193548387,0.8006032402460119,0.5300334549878345,0.5154358884406245,0.8069911453209098,11,2,7,8.80663644330937,4,0,3,0,0,0,0,2
fold3_0000309,sa_0005254,309,Breast,21,0,"[10,25)",AVAILABLE,1,1,1,15,0.6472885862682424,0.7777777777777778,0.832228182344883,0.7183098591549296,0.7183098591549296,0.8360655737704918,14,1,7,11.651195385056544,0,0,6,1,0,0,0,1
fold3_0000310,sa_0005255,310,Breast,8,0,"[1,10)",AVAILABLE,1,1,1,7,0.7748968016174068,0.9333333333333333,0.8302465731615073,0.7995552731893265,0.7995552731893265,0.8886142983230362,7,0,1,5.811726842377125,0,0,1,0,0,0,0,0
fold3_0000311,sa_0005256,311,Breast,24,0,"[10,25)",AVAILABLE,1,1,1,16,0.5835737209934837,0.75,0.7780982946579782,0.5403012184969348,0.5605218855218855,0.7701602028156859,15,1,9,11.671475197967967,2,0,6,1,0,0,0,1
fold3_0000312,sa_0005257,312,Breast,11,0,"[10,25)",AVAILABLE,1,1,1,9,0.5358467522779773,0.7,0.7654953603971104,0.5793622985283812,0.5793622985283812,0.8082085413200222,7,2,4,5.358468288275134,0,0,3,1,2,0,0,0
fold3_0000313,sa_0005258,313,Breast,14,0,"[10,25)",AVAILABLE,1,1,1,14,0.4837842705487761,0.5714285714285714,0.8466224734603582,0.5128943579002487,0.5128943579002487,0.7135069654754694,8,6,6,6.7729806343053385,0,0,4,2,2,0,3,1
fold3_0000314,sa_0005259,314,Breast,16,0,"[10,25)",AVAILABLE,1,1,1,13,0.5302851928980298,0.6896551724137931,0.7689135297021431,0.5437568157033806,0.5577348473676449,0.7850042601533656,10,3,6,7.68913606593496,1,0,4,1,2,0,1,0
fold3_0000315,sa_0005260,315,Breast,30,0,"[25,50)",AVAILABLE,1,1,1,27,0.4695955777792667,0.631578947368421,0.743526331483839,0.44378586631462674,0.49275454835620813,0.7240848443380089,18,9,12,13.383474710235433,3,3,4,2,2,1,5,1
fold3_0000316,sa_0005261,316,Breast,27,0,"[25,50)",AVAILABLE,1,1,1,21,0.41908157735797874,0.5416666666666666,0.7736890658916531,0.48926697408173,0.49478158563892366,0.7974407149748641,13,8,14,10.057958630280556,5,3,4,2,2,2,1,3
fold3_0000317,sa_0005262,317,Breast,23,0,"[10,25)",AVAILABLE,1,1,1,20,0.4254297523001823,0.5581395348837209,0.7622283062044933,0.4695338601050008,0.5152490886998785,0.7557034601659918,12,8,11,9.146740436682226,0,7,4,0,0,6,2,0
fold3_0000318,sa_0005263,318,Breast,18,0,"[10,25)",AVAILABLE,1,1,1,15,0.4486163146031532,0.6060606060606061,0.7402169190952028,0.4805148878987199,0.4715943799633476,0.7850767953507679,10,5,8,7.402169931168947,1,0,5,2,3,0,1,1
fold3_0000319,sa_0005264,319,Breast,25,0,"[25,50)",AVAILABLE,1,1,1,23,0.5790180711782896,0.75,0.7720240949043862,0.6322327382232739,0.6322327382232739,0.7955721016044542,18,5,7,13.896434480303046,0,0,6,1,2,1,2,0
fold3_0000320,sa_0005265,320,Breast,20,0,"[10,25)",AVAILABLE,1,1,1,15,0.5456618093379391,0.7428571428571429,0.7345447433395333,0.5272539189941912,0.5579615618749456,0.760703321239185,13,2,7,9.549082397958676,1,1,4,1,2,0,0,0
fold3_0000321,sa_0005266,321,Breast,21,0,"[10,25)",AVAILABLE,1,1,1,17,0.5799743275459394,0.7368421052631579,0.7871080159552035,0.6364828440300139,0.6530596315953794,0.8411162000094433,14,3,7,11.019513010480864,1,0,6,0,1,0,2,0
fold3_0000322,sa_0005267,322,Breast,19,0,"[10,25)",AVAILABLE,1,1,1,15,0.5349947963201178,0.6470588235294118,0.8268101397674548,0.5747698169118425,0.6140224934194783,0.8057820607857672,11,4,8,9.094912364252142,3,0,3,2,0,0,1,3
fold3_0000323,sa_0005268,323,Breast,31,0,"[25,50)",AVAILABLE,1,1,1,24,0.5973851590546455,0.7636363636363637,0.7822900892382262,0.6342554172429691,0.6461021033080668,0.842461575994145,21,3,10,16.42809265629284,3,0,6,1,1,0,0,2
fold3_0000324,sa_0005269,324,Breast,30,0,"[25,50)",AVAILABLE,1,1,1,26,0.6004390320505294,0.7857142857142857,0.7641951317006738,0.6440561698006617,0.6709128613144865,0.8543133579859177,22,4,8,16.812293661609957,0,2,6,0,1,2,1,0
fold3_0000325,sa_0005270,325,Breast,26,0,"[25,50)",AVAILABLE,1,1,1,23,0.5082706823814502,0.6530612244897959,0.7782894823965958,0.5520232663089806,0.5637555730396013,0.7453124475899775,16,7,10,12.452632496635015,2,1,6,1,0,1,4,2
fold3_0000326,sa_0005271,326,Breast,27,0,"[25,50)",AVAILABLE,1,1,1,27,0.5492104756765684,0.6666666666666666,0.8238157135148527,0.4879483059249889,0.5349530949483848,0.7820794762951977,18,9,9,14.828683667083062,4,0,3,2,4,0,3,2
fold3_0000327,sa_0005272,327,Breast,20,0,"[10,25)",AVAILABLE,1,1,1,15,0.6159722845989434,0.7428571428571429,0.8291934600370392,0.7167793274578591,0.7409851301115241,0.896065766294774,13,2,7,10.779515809674969,2,0,5,0,1,0,0,1
fold3_0000328,sa_0005273,328,Breast,23,0,"[10,25)",AVAILABLE,1,1,1,17,0.6030578413256775,0.75,0.80407712176757,0.5914498627271538,0.7042512890666105,0.851285851007996,15,2,8,12.061157630590671,2,2,4,0,0,1,1,0
fold3_0000329,sa_0005274,329,Breast,37,0,"[25,50)",AVAILABLE,1,1,1,21,0.4748055616890714,0.5517241379310345,0.8605850805614419,0.43682817050569234,0.5135790672889641,0.8019715437284514,16,5,21,13.769362149568153,9,1,11,0,0,0,2,3
fold3_0000330,sa_0005275,330,Breast,19,0,"[10,25)",AVAILABLE,1,1,1,22,0.6280765881441837,0.7317073170731707,0.8583713371303844,0.6274579399446298,0.6339799125967952,0.8294857357357357,15,7,4,12.875570915327103,1,0,2,1,0,0,6,1
fold3_0000331,sa_0005276,331,Breast,32,0,"[25,50)",AVAILABLE,1,1,1,24,0.5224307660546373,0.6428571428571429,0.8126700805294358,0.6070391872278664,0.6065908115070846,0.7884011491948955,18,6,14,14.628062262199926,3,0,9,2,2,0,2,2
fold3_0000332,sa_0005277,332,Breast,27,0,"[25,50)",AVAILABLE,1,1,1,21,0.5844983595524385,0.7083333333333334,0.8251741546622661,0.5683886322273555,0.5683886322273555,0.7438186200124967,17,4,10,14.02796145443268,0,1,8,1,0,2,1,1
fold3_0000333,sa_0005278,333,Breast,19,0,"[10,25)",AVAILABLE,1,1,1,19,0.611323742494985,0.7368421052631579,0.8296536505289083,0.6110152705897387,0.6234572110467098,0.8033434139784946,14,5,5,11.615151937058366,2,0,3,0,0,0,4,1
fold3_0000334,sa_0005279,334,Breast,19,0,"[10,25)",AVAILABLE,1,1,1,12,0.6016655900887927,0.7096774193548387,0.8478015133069352,0.7105087572977481,0.7214065934065934,0.8701292068842245,11,1,8,9.3258174941778,2,0,6,0,0,0,0,1
fold3_0000335,sa_0005280,335,Breast,5,0,"[1,10)",AVAILABLE,1,1,1,6,0.6425463795693684,0.7272727272727273,0.8835012719078815,0.6760466712422787,0.6760466712422787,0.8067158067158067,4,2,1,3.5340059711327982,0,0,0,1,0,0,1,1
fold3_0000336,sa_0005281,336,Breast,3,0,"[1,10)",AVAILABLE,1,1,1,3,0.6051381862117298,0.6666666666666666,0.9077072793175948,0.6463815789473685,0.6463815789473685,0.7852147852147852,2,1,1,1.8154154663424689,0,0,1,0,0,0,1,0
fold3_0000337,sa_0005282,337,Breast,7,0,"[1,10)",AVAILABLE,1,1,1,8,0.7108058968004978,0.8,0.8885073710006222,0.7133895314644187,0.7133895314644187,0.8327231121281464,6,2,1,5.331045114511104,0,0,1,0,0,0,2,0
fold3_0000338,sa_0005283,338,Breast,16,0,"[10,25)",AVAILABLE,1,1,1,10,0.6389782214611124,0.7692307692307693,0.8306716878994461,0.6813948451375352,0.6716832600138921,0.8714681440443214,10,0,6,8.306717709666149,1,0,5,0,0,0,0,0
fold3_0000339,sa_0005284,339,Breast,14,0,"[10,25)",AVAILABLE,1,1,1,11,0.6146601779995182,0.72,0.8536946916659975,0.6679020157281027,0.7129836129157374,0.8365221329106759,9,2,5,7.683253078688669,1,0,3,1,0,0,1,1
fold3_0000340,sa_0005285,340,Breast,14,0,"[10,25)",AVAILABLE,1,1,1,7,0.45383575866298154,0.6666666666666666,0.6807536379944723,0.40898395721925135,0.42406911657337554,0.6535076476117235,7,0,7,4.765276146714944,2,0,5,0,0,0,0,0
fold3_0000341,sa_0005286,341,Breast,12,0,"[10,25)",AVAILABLE,1,1,1,10,0.6591524657460995,0.8181818181818182,0.805630791467455,0.7169878341177516,0.7473522048911997,0.8997134670487106,9,1,3,7.250677928837885,1,0,2,0,1,0,0,0
fold3_0000342,sa_0005287,342,Breast,9,0,"[1,10)",AVAILABLE,1,1,1,8,0.5643980225505408,0.7058823529411765,0.7995638652799327,0.5823383378649959,0.5823383378649959,0.7360478147179679,6,2,3,4.7973839912434615,0,0,2,1,0,0,1,1
fold3_0000343,sa_0005288,343,Breast,18,0,"[10,25)",AVAILABLE,1,1,1,13,0.6705752161296954,0.8387096774193549,0.7995319884623291,0.7574541906104304,0.7574541906104304,0.8619902523289531,13,0,5,10.393916649542266,0,0,5,0,0,0,0,0
fold3_0000344,sa_0005289,344,Breast,7,0,"[1,10)",AVAILABLE,1,1,1,9,0.7595895037482313,0.875,0.8681022899979787,0.8094362745098039,0.8094362745098039,0.8946833728411785,7,2,0,6.076716898088141,0,0,0,0,0,0,2,0
fold3_0000345,sa_0005290,345,Breast,7,0,"[1,10)",AVAILABLE,1,1,1,9,0.5351414971538963,0.625,0.856226395446234,0.5556428972487366,0.5494845360824743,0.823020625415835,5,4,2,4.281132833457566,2,0,0,0,0,0,3,1
fold3_0000346,sa_0005291,346,Breast,9,0,"[1,10)",AVAILABLE,1,1,1,9,0.8209591237547874,0.8888888888888888,0.9235790142241359,0.8412681582016753,0.8412681582016753,0.913792110567233,8,1,1,7.3886330373721005,0,0,1,0,0,0,1,0
fold3_0000347,sa_0005292,347,Breast,7,0,"[1,10)",AVAILABLE,1,1,1,7,0.8485529226612294,1.0,0.8485529226612294,0.8638941398865785,0.8638941398865785,0.928498985801217,7,0,0,5.939871307181528,0,0,0,0,0,0,0,0
fold3_0000348,sa_0005293,348,Breast,13,0,"[10,25)",AVAILABLE,1,1,1,10,0.7043085633930285,0.8695652173913043,0.8099548479019828,0.7225989397115029,0.7724232081911263,0.9028729877532158,10,0,3,8.099549288974675,1,0,2,0,0,0,0,0
fold3_0000349,sa_0005294,349,Breast,6,0,"[1,10)",AVAILABLE,1,1,1,6,0.7370996541699905,0.8333333333333334,0.8845195850039885,0.8050314465408805,0.8050314465408805,0.89198606271777,5,1,1,4.422598809539528,0,0,1,0,0,0,1,0
fold3_0000350,sa_0005295,350,Breast,7,0,"[1,10)",AVAILABLE,1,1,1,5,0.720516965725454,0.8333333333333334,0.8646203588705448,0.8209420007785131,0.8209420007785131,0.9016673792218897,5,0,2,4.323102658973083,0,0,2,0,0,0,0,0
fold3_0000351,sa_0005296,351,Breast,28,0,"[25,50)",AVAILABLE,1,1,1,24,0.6888583634104188,0.8461538461538461,0.8141053385759496,0.698983251065266,0.696838645504476,0.8447344275665205,22,2,6,17.91031826277623,0,2,3,1,0,1,0,1
fold3_0000352,sa_0005297,352,Breast,26,0,"[25,50)",AVAILABLE,1,1,1,19,0.6561238543338549,0.8,0.8201548179173186,0.5787830926594465,0.6879510064565135,0.8657572774574602,18,1,8,14.762787542666553,4,0,4,0,0,0,0,1
fold3_0000353,sa_0005298,353,Breast,26,0,"[25,50)",AVAILABLE,1,1,1,19,0.7104509779273652,0.8444444444444444,0.8413235264929325,0.7941655560491634,0.7941655560491634,0.8861010234400792,19,0,7,15.985147844689246,0,0,7,0,0,0,0,0
fold3_0000354,sa_0005299,354,Breast,13,0,"[10,25)",AVAILABLE,1,1,1,10,0.6823449847812487,0.782608695652174,0.8718852583315956,0.7089857525744111,0.7089857525744111,0.8297152290548906,9,1,4,7.846968196869618,0,0,4,0,0,0,1,0
fold3_0000355,sa_0005300,355,Breast,20,0,"[10,25)",AVAILABLE,1,1,1,15,0.5979966668886971,0.7428571428571429,0.8049955131194,0.6854609683452241,0.6779939905565889,0.8438286079727138,13,2,7,10.464942475547712,2,0,5,0,0,0,1,1
fold3_0000356,sa_0005301,356,Breast,17,0,"[10,25)",AVAILABLE,1,1,1,17,0.6490969207064871,0.7647058823529411,0.848819050154637,0.7176049639929345,0.7109790277375084,0.8951902166238315,13,4,4,11.03464850082933,2,0,1,1,1,0,1,2
fold3_0000357,sa_0005302,357,Breast,12,0,"[10,25)",AVAILABLE,1,1,1,11,0.6878915329435625,0.782608695652174,0.8789725143167743,0.7402817857749109,0.7402817857749109,0.851736246586032,9,2,3,7.910753507823482,0,0,3,0,0,0,2,0
fold3_0000358,sa_0005303,358,Breast,8,0,"[1,10)",AVAILABLE,1,1,1,7,0.6317808292268665,0.8,0.7897260365335831,0.7550010755001075,0.7550010755001075,0.8603995587694571,6,1,2,4.738357008927535,0,0,2,0,0,0,1,0
fold3_0000359,sa_0005304,359,Breast,16,0,"[10,25)",AVAILABLE,1,1,1,14,0.6291152666604167,0.7333333333333333,0.857884454536932,0.5922871695367451,0.6756613989523265,0.8981243104082384,11,3,5,9.436729857790706,4,0,1,0,0,0,2,1
fold3_0000360,sa_0005305,360,Breast,10,0,"[10,25)",AVAILABLE,1,1,1,7,0.5756123729081135,0.7058823529411765,0.8154508616198274,0.5280289330922242,0.5280289330922242,0.6911242603550296,6,1,4,4.892705985169826,0,0,4,0,0,0,1,0
fold3_0000361,sa_0005306,361,Breast,18,0,"[10,25)",AVAILABLE,1,1,1,11,0.6547407332711505,0.7586206896551724,0.863067330221062,0.7200477116098251,0.7908946005180315,0.9066585080936752,11,0,7,9.49374149549901,2,0,5,0,0,0,0,0
fold3_0000362,sa_0005307,362,Breast,12,0,"[10,25)",AVAILABLE,1,1,1,6,0.5596642343990467,0.6666666666666666,0.8394963515985701,0.6235476374903176,0.6235476374903176,0.7681297709923665,6,0,6,5.036978949087772,0,0,6,0,0,0,0,0
fold3_0000363,sa_0005308,363,Breast,4,0,"[1,10)",AVAILABLE,1,1,1,6,0.5054328495624667,0.6,0.8423880826041111,0.6256631299734748,0.6256631299734748,0.7697328166428717,3,3,1,2.527165090200416,0,0,1,0,0,0,3,0
fold3_0000364,sa_0005309,364,Breast,13,0,"[10,25)",AVAILABLE,1,1,1,4,0.27500963518276317,0.35294117647058826,0.7791939663511622,0.47463879495849987,0.4262046013601505,0.7832394866331862,3,1,10,2.337582678247453,3,0,7,0,0,0,0,1
fold3_0000365,sa_0005310,365,Breast,15,0,"[10,25)",AVAILABLE,1,1,1,12,0.7281356016100147,0.8148148148148148,0.8936209656122908,0.8198261056247317,0.8198261056247317,0.9009938950659155,11,1,4,9.829831515356164,0,0,3,1,0,0,0,1
fold3_0000366,sa_0005311,366,Breast,8,0,"[1,10)",AVAILABLE,1,1,1,7,0.5754000635437244,0.6666666666666666,0.8631000953155867,0.6440007534375589,0.6440007534375589,0.7834555453712191,5,2,3,4.315501339678029,0,0,2,1,0,0,1,1
fold3_0000367,sa_0005312,367,Breast,8,0,"[1,10)",AVAILABLE,1,1,1,5,0.6750214340121684,0.7692307692307693,0.8775278642158189,0.8491817779743477,0.8491817779743477,0.9186000159451487,5,0,3,4.387640198606959,0,0,3,0,0,0,0,0
fold3_0000368,sa_0005313,368,Breast,15,0,"[10,25)",AVAILABLE,1,1,1,12,0.6661118230603469,0.8148148148148148,0.8175008737558803,0.7330452614618427,0.7473317689803951,0.8810431467683244,11,1,4,8.992510428815557,1,0,3,0,1,0,0,0
fold3_0000369,sa_0005314,369,Breast,17,0,"[10,25)",AVAILABLE,1,1,1,15,0.5954122377226336,0.6875,0.8660541639601944,0.7307654418283913,0.7351811918161258,0.9234033524294505,11,4,6,9.526596669616302,1,0,4,1,3,0,1,0
fold3_0000370,sa_0005315,370,Breast,11,0,"[10,25)",AVAILABLE,1,1,1,10,0.668655255148634,0.7619047619047619,0.8776100223825822,0.6985898942420682,0.6985898942420682,0.8225527499135248,8,2,3,7.02088105667068,0,0,2,1,0,0,1,1
fold3_0000371,sa_0005316,371,Breast,29,0,"[25,50)",AVAILABLE,1,1,1,29,0.6760361262141672,0.8275862068965517,0.8168769858421187,0.6808012867378271,0.7135992559677586,0.8423337856173677,24,5,5,19.605048477087834,3,0,2,0,0,0,4,1
fold3_0000372,sa_0005317,372,Breast,19,0,"[10,25)",AVAILABLE,1,1,1,13,0.5968079755836571,0.6875,0.868084328121683,0.6442374350086655,0.6195222116492212,0.9206790982465906,11,2,8,9.548928477422841,4,0,4,0,0,0,0,2
fold3_0000373,sa_0005318,373,Breast,11,0,"[10,25)",AVAILABLE,1,1,1,11,0.7018441283900388,0.9090909090909091,0.7720285412290427,0.6632292280494991,0.6632292280494991,0.7975199291408326,10,1,1,7.720286184318968,0,0,1,0,0,0,1,0
fold3_0000374,sa_0005319,374,Breast,18,0,"[10,25)",AVAILABLE,1,1,1,16,0.6487924792383192,0.7647058823529411,0.8484209343885714,0.8075382182393253,0.8075382182393253,0.8955641750998863,13,3,5,11.02947299547236,0,0,5,0,1,0,2,0
fold3_0000375,sa_0005320,375,Breast,13,0,"[10,25)",AVAILABLE,1,1,1,12,0.7540520297577658,0.88,0.8568773065429156,0.7934449846929588,0.7934449846929588,0.897680490009037,11,1,2,9.425651228849377,0,0,2,0,1,0,0,0
fold3_0000376,sa_0005321,376,Breast,13,0,"[10,25)",AVAILABLE,1,1,1,10,0.5992804596369206,0.6956521739130435,0.8614656607280733,0.5109876603903446,0.5615672684590017,0.7440761686591739,8,2,5,6.891726147290246,1,0,3,1,0,0,1,1
fold3_0000377,sa_0005322,377,Breast,14,0,"[10,25)",AVAILABLE,1,1,1,10,0.6161025750385256,0.75,0.8214701000513676,0.7060646761029032,0.7060646761029032,0.8277115000302792,9,1,5,7.393231721932407,0,0,4,1,0,0,0,1
fold3_0000378,sa_0005323,378,Breast,12,0,"[10,25)",AVAILABLE,1,1,1,5,0.405379791292169,0.47058823529411764,0.8614320564958592,0.5594868611628389,0.5594868611628389,0.7175268674538942,4,1,8,3.4457290874154936,0,0,7,1,0,0,0,1
fold3_0000379,sa_0005324,379,Breast,17,0,"[10,25)",AVAILABLE,1,1,1,12,0.666461243517302,0.8275862068965517,0.8053073359167399,0.6438356164383562,0.6486957900578768,0.8543399855734551,12,0,5,9.663688836308214,1,0,4,0,0,0,0,0
fold3_0000380,sa_0005325,380,Breast,8,0,"[1,10)",AVAILABLE,1,1,1,9,0.69603775517624,0.8235294117647058,0.8451887027140058,0.7407453883799724,0.7407453883799724,0.8510668973471741,7,2,1,5.916321764186743,0,0,1,0,0,0,2,0
fold3_0000381,sa_0005326,381,Breast,39,0,"[25,50)",AVAILABLE,1,1,1,30,0.6178576642119173,0.7536231884057971,0.8198495928965825,0.670269371466578,0.6750577367205542,0.8397904315455673,26,4,13,21.31609023516074,3,1,9,0,1,1,1,1
fold3_0000382,sa_0005327,382,Breast,30,0,"[25,50)",AVAILABLE,1,1,1,27,0.6957922175492313,0.8070175438596491,0.8621773130501345,0.7127490996398559,0.7132112815437902,0.8576709796672828,23,4,7,19.830079062330405,0,2,5,0,0,1,3,0
fold3_0000383,sa_0005328,383,Breast,39,0,"[25,50)",AVAILABLE,1,1,1,31,0.5922436142333196,0.7428571428571429,0.7972510191602379,0.6183529218377579,0.6068858020446523,0.8645117115060911,26,5,13,20.728527295417205,4,1,8,0,0,1,3,1
fold3_0000384,sa_0005329,384,Breast,48,0,"[25,50)",AVAILABLE,1,1,1,33,0.6127207657128312,0.7654320987654321,0.8004900326248279,0.6552261353979795,0.6632692307692307,0.8046016880564227,31,2,17,24.815191811859698,1,0,16,0,1,0,1,0
fold3_0000385,sa_0005330,385,Breast,9,0,"[1,10)",AVAILABLE,1,1,1,9,0.6749794611224351,0.7777777777777778,0.8678307357288452,0.5797230113636364,0.5797230113636364,0.7339552658199393,7,2,2,6.074816017932652,0,0,2,0,0,0,2,0
fold3_0000386,sa_0005331,386,Breast,22,0,"[10,25)",AVAILABLE,1,1,1,21,0.7427545595426946,0.8837209302325582,0.8404854226404176,0.6948777829674607,0.7354687781176894,0.9327664869348818,19,2,3,15.969223870653357,2,1,0,0,1,0,0,1
fold3_0000387,sa_0005332,387,Breast,6,0,"[1,10)",AVAILABLE,1,1,1,4,0.7003482806604491,0.8,0.8754353508255612,0.7418247880500606,0.7418247880500606,0.8517788851547109,4,0,2,3.501742278737596,0,0,2,0,0,0,0,0
fold3_0000388,sa_0005333,388,Breast,12,0,"[10,25)",AVAILABLE,1,1,1,10,0.7388851552000653,0.8181818181818182,0.9030818563556352,0.7082828981497493,0.7643328757272668,0.910593204638927,9,1,3,8.127737610282573,1,0,2,0,0,0,1,0
fold3_0000389,sa_0005334,389,Breast,13,0,"[10,25)",AVAILABLE,1,1,1,11,0.7079112657248201,0.8333333333333334,0.8494935188697841,0.7641032291531579,0.7641032291531579,0.866279497169742,10,1,3,8.494936038191359,0,0,3,0,0,0,1,0
fold3_0000390,sa_0005335,390,Breast,17,0,"[10,25)",AVAILABLE,1,1,1,14,0.6505708433946424,0.8387096774193549,0.7756806209705351,0.6798934753661784,0.6844591736003385,0.8624052911381808,13,1,4,10.083848848297578,1,0,3,0,1,0,0,0
fold3_0000391,sa_0005336,391,Breast,12,0,"[10,25)",AVAILABLE,1,1,1,10,0.5808965008546514,0.7272727272727273,0.7987326886751457,0.6032678069951494,0.6032678069951494,0.7525477707006369,8,2,4,6.3898623081338535,0,0,4,0,0,0,2,0
fold3_0000392,sa_0005337,392,Breast,10,0,"[10,25)",AVAILABLE,1,1,1,6,0.6499389432503495,0.75,0.8665852576671327,0.7069916384984878,0.7069916384984878,0.8283480979676915,6,0,4,5.199512412588054,0,0,4,0,0,0,0,0
fold3_0000393,sa_0005338,393,Breast,16,0,"[10,25)",AVAILABLE,1,1,1,10,0.5764504213505872,0.6923076923076923,0.8326506086175148,0.7609794014768753,0.7609794014768753,0.8642683734274994,9,1,7,7.493856310208241,0,0,7,0,0,0,1,0
fold3_0000394,sa_0005339,394,Breast,19,0,"[10,25)",AVAILABLE,1,1,1,12,0.670305875036615,0.7741935483870968,0.8658117552556277,0.7686314363143631,0.781362735633352,0.90607262043983,12,0,7,10.389741928879287,1,0,6,0,0,0,0,0
fold3_0000395,sa_0005340,395,Breast,14,0,"[10,25)",AVAILABLE,1,1,1,10,0.5661279784927464,0.6666666666666666,0.8491919677391198,0.676889266270416,0.6622701401050788,0.8923715141737728,8,2,6,6.7935365911049255,1,0,5,0,0,0,2,0
fold3_0000396,sa_0005341,396,Breast,20,0,"[10,25)",AVAILABLE,1,1,1,17,0.7530083509303872,0.918918918918919,0.8194502642477742,0.7721837633731907,0.7721837633731907,0.8714488636363636,17,0,3,13.930655311662427,0,0,3,0,0,0,0,0
fold3_0000397,sa_0005342,397,Breast,10,0,"[10,25)",AVAILABLE,1,1,1,9,0.8244420315883904,0.9473684210526315,0.8702443666766343,0.8405629458261037,0.8405629458261037,0.9133759296113962,9,0,1,7.832200170334074,0,0,1,0,0,0,0,0
fold3_0000398,sa_0005343,398,Breast,14,0,"[10,25)",AVAILABLE,1,1,1,8,0.47158301217026277,0.5454545454545454,0.8645688556454818,0.46204564666103126,0.5073478760045924,0.8326605225074263,6,2,8,5.187413998441746,5,0,3,0,0,0,0,2
fold3_0000399,sa_0005344,399,Breast,16,0,"[10,25)",AVAILABLE,1,1,1,12,0.5478091575026482,0.6428571428571429,0.8521475783374527,0.6127838351505451,0.6081124241456404,0.8111221449851043,9,3,7,7.669329057184652,2,0,4,1,0,0,1,2
fold3_0000400,sa_0005345,400,Breast,7,0,"[1,10)",AVAILABLE,1,1,1,8,0.7816722415346393,0.9333333333333333,0.8375059730728278,0.7717864923747276,0.7717864923747276,0.8748847217952659,7,1,0,5.862542649015768,0,0,0,0,0,0,1,0
fold3_0000401,sa_0005346,401,Breast,18,0,"[10,25)",AVAILABLE,1,1,1,12,0.6098391892652988,0.7333333333333333,0.8315988944526802,0.6920585059389418,0.6920585059389418,0.8305389568950513,11,1,7,9.147588670578376,0,0,7,0,1,0,0,0
fold3_0000402,sa_0005347,402,Breast,9,0,"[1,10)",AVAILABLE,1,1,1,7,0.7689313086671293,0.875,0.8787786384767192,0.8515546639919759,0.8515546639919759,0.9198266522210184,7,0,2,6.151451348115673,0,0,2,0,0,0,0,0
fold3_0000403,sa_0005348,403,Breast,9,0,"[1,10)",AVAILABLE,1,1,1,5,0.604182612566688,0.7142857142857143,0.8458556575933632,0.7428389560789306,0.7428389560789306,0.8524470416362309,5,0,4,4.229279133822474,0,0,4,0,0,0,0,0
fold3_0000404,sa_0005349,404,Breast,14,0,"[10,25)",AVAILABLE,1,1,1,11,0.7373344433165305,0.88,0.8378800492233301,0.7829599146471574,0.7829599146471574,0.8782697897076424,11,0,3,9.21668137933668,0,0,3,0,0,0,0,0
fold3_0000405,sa_0005350,405,Breast,15,0,"[10,25)",AVAILABLE,1,1,1,11,0.7275467151208235,0.8461538461538461,0.8598279360518823,0.7843810832474521,0.7843810832474521,0.8791631906564846,11,0,4,9.45810815639864,0,0,4,0,0,0,0,0
fold3_0000406,sa_0005351,406,Breast,15,0,"[10,25)",AVAILABLE,1,1,1,10,0.6320339873022052,0.8,0.7900424841277564,0.682876188394711,0.682876188394711,0.8115584415584416,10,0,5,7.900425631320047,0,0,5,0,0,0,0,0
fold3_0000407,sa_0005352,407,Breast,26,0,"[25,50)",AVAILABLE,1,1,1,19,0.5044857332529525,0.6222222222222222,0.8107806427279595,0.4878533231474408,0.4932561505065123,0.7426732826794852,14,5,12,11.350929808972074,2,0,10,0,0,0,5,0
fold3_0000408,sa_0005353,408,Breast,14,0,"[10,25)",AVAILABLE,1,1,1,10,0.6515573640784517,0.75,0.8687431521046022,0.7563579654510557,0.7563579654510557,0.8612799672153542,9,1,5,7.818689237684571,0,0,5,0,0,0,1,0
fold3_0000409,sa_0005354,409,Breast,9,0,"[1,10)",AVAILABLE,1,1,1,7,0.7035749445089642,0.875,0.8040856508673876,0.7574768896139206,0.7574768896139206,0.8620049504950495,7,0,2,5.628600360157364,0,0,2,0,0,0,0,0
fold3_0000410,sa_0005355,410,Breast,10,0,"[10,25)",AVAILABLE,1,1,1,6,0.6360488357264495,0.75,0.8480651143019327,0.6918918918918919,0.6918918918918919,0.8178913738019169,6,0,4,5.0883915338767105,0,0,4,0,0,0,0,0
fold3_0000411,sa_0005356,411,Breast,7,0,"[1,10)",AVAILABLE,1,1,1,7,0.7857986265950896,1.0,0.7857986265950896,0.7907523510971787,0.7907523510971787,0.8831509846827134,7,0,0,5.5005911719642535,0,0,0,0,0,0,0,0
fold3_0000412,sa_0005357,412,Breast,8,0,"[1,10)",AVAILABLE,1,1,1,6,0.7076482618766985,0.8571428571428571,0.8255896388561482,0.8127986702680241,0.8127986702680241,0.8967335243553008,6,0,2,4.953538658726528,0,0,2,0,0,0,0,0
fold3_0000413,sa_0005358,413,Breast,11,0,"[10,25)",AVAILABLE,1,1,1,9,0.7377293142776601,0.9,0.819699238086289,0.8141606280193237,0.8141606280193237,0.8975617874677541,9,0,2,7.3772939624758385,0,0,2,0,0,0,0,0
fold3_0000414,sa_0005359,414,Breast,15,0,"[10,25)",AVAILABLE,1,1,1,12,0.5772136886667085,0.7407407407407407,0.7792384797000566,0.7061141628851206,0.7061141628851206,0.8465038146566809,10,2,5,7.792385576239044,0,0,4,1,2,0,0,0
fold3_0000415,sa_0005360,415,Breast,20,0,"[10,25)",AVAILABLE,1,1,1,14,0.6288254287288789,0.7647058823529411,0.8223101760300725,0.6136424017003188,0.6290968942321454,0.8116846035580936,13,1,7,10.690033110701117,1,0,6,0,0,0,1,0
fold3_0000416,sa_0005361,416,Breast,6,0,"[1,10)",AVAILABLE,1,1,1,6,0.805223317993394,1.0,0.805223317993394,0.8234212139791539,0.8234212139791539,0.9031607262945528,6,0,0,4.831340713183682,0,0,0,0,0,0,0,0
fold3_0000417,sa_0005362,417,Breast,30,0,"[25,50)",AVAILABLE,1,1,1,22,0.6303383644668681,0.7692307692307693,0.8194398738069284,0.6542655948152303,0.6542655948152303,0.7910042944323061,20,2,10,16.388798295578443,0,0,10,0,0,0,2,0
fold3_0000418,sa_0005363,418,Breast,22,0,"[10,25)",AVAILABLE,1,1,1,15,0.7003572495060442,0.8108108108108109,0.8637739410574544,0.758073445285108,0.758073445285108,0.8623910989818411,15,0,7,12.956609979635756,0,0,7,0,0,0,0,0
fold3_0000419,sa_0005364,419,Breast,20,0,"[10,25)",AVAILABLE,1,1,1,17,0.5882659331896135,0.7027027027027027,0.8371476741544499,0.6371390562641834,0.6303408146300914,0.8511701422525876,13,4,7,10.882920601155522,2,0,4,1,2,0,1,1
fold3_0000420,sa_0005365,420,Breast,19,0,"[10,25)",AVAILABLE,1,1,1,20,0.7311690429362298,0.8717948717948718,0.8386939021915576,0.7202813784381916,0.7202813784381916,0.8385021824029405,17,3,2,14.257797175950381,0,0,2,0,1,0,2,0
fold3_0000421,sa_0005366,421,Breast,22,0,"[10,25)",AVAILABLE,1,1,1,20,0.6564673293316535,0.7619047619047619,0.8616133697477953,0.7250387425282268,0.7193557664653437,0.8832759024455522,16,4,6,13.785814777578096,2,0,3,1,1,0,1,2
fold3_0000422,sa_0005367,422,Breast,26,0,"[25,50)",AVAILABLE,1,1,1,19,0.5717463235717528,0.7111111111111111,0.8040182675227774,0.6594651032045619,0.6594651032045619,0.7977930500435583,16,3,10,12.864293084382707,0,0,9,1,2,0,1,0
fold3_0000423,sa_0005368,423,Breast,5,0,"[1,10)",AVAILABLE,1,1,1,4,0.6600632486140913,0.8888888888888888,0.7425711546908527,0.723767691556857,0.723767691556857,0.8397508493771234,4,0,1,2.9702853613345654,0,0,1,0,0,0,0,0
fold3_0000424,sa_0005369,424,Breast,12,0,"[10,25)",AVAILABLE,1,1,1,12,0.6701744276700808,0.8333333333333334,0.8042093132040969,0.7058387395736794,0.7058387395736794,0.8275562316635879,10,2,2,8.042093936250282,0,0,2,0,0,0,2,0
fold3_0000425,sa_0005370,425,Breast,18,0,"[10,25)",AVAILABLE,1,1,1,17,0.4910004388410781,0.6285714285714286,0.7811370617926242,0.5206219778135963,0.5928563090930314,0.8077825003664078,11,6,7,8.592508460855928,3,1,1,2,0,1,3,2
fold3_0000426,sa_0005371,426,Breast,35,0,"[25,50)",AVAILABLE,1,1,1,24,0.43626224708245914,0.6101694915254238,0.7149853493851414,0.39271373598795384,0.46460898768591075,0.8451005656133301,18,6,17,12.869737003917894,3,9,4,1,0,4,0,2
fold3_0000427,sa_0005372,427,Breast,18,0,"[10,25)",AVAILABLE,1,1,1,15,0.6076980187527095,0.7272727272727273,0.8355847757849755,0.5530907128724744,0.6116664180217813,0.8540220309173377,12,3,6,10.027018145004481,3,0,3,0,0,0,2,1
fold3_0000428,sa_0005373,428,Breast,21,0,"[10,25)",AVAILABLE,1,1,1,11,0.4463231868639959,0.5625,0.7934634433137705,0.4911064055055585,0.552757213035356,0.8267534087870956,9,2,12,7.141171783287377,7,0,5,0,0,0,0,2
fold3_0000429,sa_0005374,429,Breast,27,0,"[25,50)",AVAILABLE,1,1,1,26,0.3608161488138483,0.4528301886792453,0.7968023286305816,0.38901206558729506,0.4254374606932781,0.7950481430536451,12,14,15,9.561628740369308,4,8,2,1,1,3,8,2
fold3_0000430,sa_0005375,430,Breast,8,0,"[1,10)",AVAILABLE,1,1,1,7,0.6947518835545138,0.8,0.8684398544431422,0.7257219446813695,0.7257219446813695,0.8410647461695968,6,1,2,5.210639995098708,0,0,2,0,0,0,1,0
fold3_0000431,sa_0005376,431,Breast,16,0,"[10,25)",AVAILABLE,1,1,1,12,0.6406599824679328,0.7142857142857143,0.8969239754551058,0.7884948338452946,0.7884948338452946,0.8819286138088249,10,2,6,8.969240651475033,0,0,4,2,0,0,0,2
fold3_0000432,sa_0005377,432,Breast,13,0,"[10,25)",AVAILABLE,1,1,1,9,0.5497440672005961,0.6363636363636364,0.8638835341723653,0.47734249378745797,0.47734249378745797,0.6462177806362243,7,2,6,6.0471856030900915,0,0,4,2,0,0,0,2
fold3_0000433,sa_0005378,433,Breast,14,0,"[10,25)",AVAILABLE,1,1,1,13,0.7955136299090493,0.9629629629629629,0.8261103079824743,0.8097397476340694,0.8135502250113538,0.9359377134271274,13,0,1,10.739434829882473,1,0,0,0,0,0,0,0
fold3_0000434,sa_0005379,434,Breast,7,0,"[1,10)",AVAILABLE,1,1,1,7,0.4678093130026096,0.5714285714285714,0.8186662977545668,0.4691570674991926,0.4691570674991926,0.6970030043232945,4,3,3,3.274666009684565,0,0,2,1,2,0,1,0
fold3_0000435,sa_0005380,435,Breast,8,0,"[1,10)",AVAILABLE,1,1,1,9,0.5612347462033239,0.7058823529411765,0.7950825571213755,0.5901639344262295,0.5901639344262295,0.8068426418941883,6,3,2,4.77049613781081,0,0,2,0,1,0,2,0
fold3_0000436,sa_0005381,436,Breast,17,0,"[10,25)",AVAILABLE,1,1,1,17,0.5081613856014119,0.6470588235294118,0.785340323202182,0.4860039564787339,0.4865274320960935,0.7714202518744995,11,6,6,8.638744340564324,3,2,0,1,0,3,1,2
fold3_0000437,sa_0005382,437,Breast,11,0,"[10,25)",AVAILABLE,1,1,1,10,0.5046337042789606,0.5714285714285714,0.883108982488181,0.6317639365702141,0.6335925627961027,0.8931326949384405,6,4,5,5.298654778038069,2,0,2,1,2,0,1,1
fold3_0000438,sa_0005383,438,Breast,15,0,"[10,25)",AVAILABLE,1,1,1,11,0.5905696251454836,0.7692307692307693,0.7677405126891287,0.6130344607530313,0.6510892480674632,0.8223026175782081,10,1,5,7.677405894631799,1,0,4,0,0,0,1,0
fold3_0000439,sa_0005384,439,Breast,23,0,"[10,25)",AVAILABLE,1,1,1,18,0.5347719996806698,0.6341463414634146,0.8432943071887484,0.4454391255182812,0.49541650059784775,0.7569296375266524,13,5,10,10.962826836748036,3,0,5,2,3,0,0,2
fold3_0000440,sa_0005385,440,Breast,12,0,"[10,25)",AVAILABLE,1,1,1,9,0.42007788131261165,0.5714285714285714,0.7351362922970704,0.49223093371347115,0.46465448768864176,0.7685466377440348,6,3,6,4.410818488918715,2,2,2,0,0,1,1,1
fold3_0000441,sa_0005386,441,Breast,17,0,"[10,25)",AVAILABLE,1,1,1,14,0.5696986877715073,0.7096774193548387,0.8027572418598512,0.5136576341277614,0.5136576341277614,0.7425408009202674,11,3,6,8.830330463215605,0,0,4,2,2,0,0,1
fold3_0000442,sa_0005387,442,Breast,12,0,"[10,25)",AVAILABLE,1,1,1,11,0.5293010562829314,0.6956521739130435,0.7608702684067139,0.5015226799166533,0.5015226799166533,0.6680187873612298,8,3,4,6.086962908123979,0,0,4,0,0,0,3,0
fold3_0000443,sa_0005388,443,Breast,6,0,"[1,10)",AVAILABLE,1,1,1,12,0.4550294771176716,0.6666666666666666,0.6825442156765075,0.4409035901573215,0.4409035901573215,0.6119820828667413,6,6,0,4.095265976603261,0,0,0,0,0,0,6,0
fold3_0000444,sa_0005389,444,Breast,6,0,"[1,10)",AVAILABLE,1,1,1,7,0.6309525247791314,0.7692307692307693,0.8202382822128708,0.6964989059080963,0.6964989059080963,0.8211015090932542,5,2,1,4.101192231302636,0,0,1,0,0,0,2,0
fold3_0000445,sa_0005390,445,Breast,10,0,"[10,25)",AVAILABLE,1,1,1,9,0.6272752957043357,0.7368421052631579,0.8513021870273129,0.5917225950782998,0.5917225950782998,0.7443429374560787,7,2,3,5.959116160493378,0,0,3,0,0,0,2,0
fold3_0000446,sa_0005391,446,Breast,9,0,"[1,10)",AVAILABLE,1,1,1,8,0.7626383837247153,0.9411764705882353,0.81030328270751,0.6523208251822871,0.6523208251822871,0.7895813152513185,8,0,1,6.482427071963362,0,0,1,0,0,0,0,0
fold3_0000447,sa_0005392,447,Breast,10,0,"[10,25)",AVAILABLE,1,1,1,10,0.7255207508187617,0.9,0.8061341675764018,0.7955928078950926,0.7955928078950926,0.9070923053756964,9,1,1,7.2552083143217825,0,1,0,0,0,1,0,0
fold3_0000448,sa_0005393,448,Breast,9,0,"[1,10)",AVAILABLE,1,1,1,8,0.6831548812086844,0.9411764705882353,0.7258520612842272,0.7031585403250536,0.7031585403250536,0.825711199135758,8,0,1,5.806817216125879,0,0,1,0,0,0,0,0
fold3_0000449,sa_0005394,449,Breast,20,0,"[10,25)",AVAILABLE,1,1,1,14,0.6351685121112847,0.7647058823529411,0.8306049773762955,0.6895432992263539,0.7138702914722391,0.8755080298307225,13,1,7,10.797865536496818,2,0,5,0,0,0,0,1
fold3_0000450,sa_0005395,450,Breast,12,0,"[10,25)",AVAILABLE,1,1,1,11,0.47493628278270394,0.6086956521739131,0.780252464571585,0.5436770291180194,0.5436770291180194,0.8035356296701294,7,4,5,5.46176803225356,0,2,3,0,0,4,0,0
fold3_0000451,sa_0005396,451,Breast,3,0,"[1,10)",AVAILABLE,1,1,1,2,0.30112329438232366,0.4,0.752808235955809,0.45617021276595743,0.45617021276595743,0.6265341905318527,1,1,2,0.7528089887640449,0,0,2,0,0,0,1,0
fold3_0000452,sa_0005397,452,Breast,9,0,"[1,10)",AVAILABLE,1,1,1,12,0.641244691648465,0.7619047619047619,0.8416336577886103,0.7055660974067046,0.7055660974067046,0.827368811422214,8,4,1,6.73307010394254,0,0,1,0,0,0,4,0
fold3_0000453,sa_0005398,453,Breast,7,0,"[1,10)",AVAILABLE,1,1,1,6,0.6392277823694495,0.7692307692307693,0.8309961170802843,0.7474090631985368,0.7474090631985368,0.855448307942784,5,1,2,4.154981416397539,0,0,1,1,0,0,0,1
fold3_0000454,sa_0005399,454,Breast,5,0,"[1,10)",AVAILABLE,1,1,1,8,0.588641397574809,0.7692307692307693,0.7652338168472518,0.5739471106758081,0.5739471106758081,0.7293092719352832,5,3,0,3.8261698494700758,0,0,0,0,0,0,3,0
fold3_0000455,sa_0005400,455,Breast,12,0,"[10,25)",AVAILABLE,1,1,1,9,0.7044674247510674,0.8571428571428571,0.8218786622095786,0.8142414860681114,0.8142414860681114,0.8976109215017065,9,0,3,7.396908781764869,0,0,3,0,0,0,0,0
fold3_0000456,sa_0005401,456,Breast,7,0,"[1,10)",AVAILABLE,1,1,1,13,0.487529709510778,0.6,0.8125495158512968,0.4010163499779054,0.4010163499779054,0.5724649108973348,6,7,1,4.875297907657297,0,0,1,0,0,0,7,0
fold3_0000457,sa_0005402,457,Breast,20,0,"[10,25)",AVAILABLE,1,1,1,16,0.5697337328560982,0.7222222222222222,0.7888620916469052,0.5922119630670414,0.6205550369175932,0.7725582613249542,13,3,7,10.255207980271859,1,0,6,0,0,0,3,0
fold3_0000458,sa_0005403,458,Breast,23,0,"[10,25)",AVAILABLE,1,1,1,16,0.46670330242176644,0.5641025641025641,0.8273376724749496,0.5828007385314586,0.6040368997871166,0.8069209594966575,11,5,12,9.100715224562117,2,0,8,2,0,0,2,3
fold3_0000459,sa_0005404,459,Breast,12,0,"[10,25)",AVAILABLE,1,1,1,9,0.6891773719824871,0.8571428571428571,0.8040402673129016,0.7230245130711693,0.7162995594713656,0.9112376330035468,9,0,3,7.236363209856381,1,0,2,0,0,0,0,0
fold3_0000460,sa_0005405,460,Breast,7,0,"[1,10)",AVAILABLE,1,1,1,5,0.7238548175247033,0.8333333333333334,0.8686257810296439,0.45386104538610456,0.45386104538610456,0.6243527148986536,5,0,2,4.343129773774001,0,0,2,0,0,0,0,0
fold3_0000461,sa_0005406,461,Breast,16,0,"[10,25)",AVAILABLE,1,1,1,12,0.5826331522875008,0.7142857142857143,0.815686413202501,0.5389097744360902,0.5416623214099489,0.7757559358722858,10,2,6,8.156864947711423,2,0,4,0,0,0,1,1
fold3_0000462,sa_0005407,462,Breast,11,0,"[10,25)",AVAILABLE,1,1,1,7,0.5520300527403776,0.6666666666666666,0.8280450791105666,0.5269691780821918,0.5269691780821918,0.6902158676759181,6,1,5,4.968271302708478,0,0,5,0,0,0,1,0
fold3_0000463,sa_0005408,463,Breast,8,0,"[1,10)",AVAILABLE,1,1,1,4,0.5542216116770147,0.6666666666666666,0.831332417515522,0.6468330134357005,0.7753164556962026,0.8737643817857722,4,0,4,3.3253305013945056,1,0,3,0,0,0,0,0
fold3_0000464,sa_0005409,464,Breast,6,0,"[1,10)",AVAILABLE,1,1,1,6,0.587758808400352,0.6666666666666666,0.8816382126005281,0.73816277547458,0.73816277547458,0.8493597790610092,4,2,2,3.526553732040325,0,0,2,0,0,0,2,0
fold3_0000465,sa_0005410,465,Breast,9,0,"[1,10)",AVAILABLE,1,1,1,7,0.6518782521627974,0.75,0.8691710028837298,0.6775072674418605,0.6775072674418605,0.8077547925917903,6,1,3,5.215026886473382,0,0,2,1,0,0,0,1
fold3_0000466,sa_0005411,466,Breast,17,0,"[10,25)",AVAILABLE,1,1,1,11,0.6775032664128097,0.7857142857142857,0.8622768845253942,0.7243236393588037,0.7432328460516192,0.9173855474862577,11,0,6,9.48504659205622,1,0,5,0,0,0,0,0
fold3_0000467,sa_0005412,467,Breast,15,0,"[10,25)",AVAILABLE,1,1,1,7,0.5382923622160095,0.6363636363636364,0.845887997768015,0.4658456069070594,0.4658456069070594,0.6355998267648333,7,0,8,5.921216830264103,0,0,8,0,0,0,0,0
fold3_0000468,sa_0005413,468,Breast,16,0,"[10,25)",AVAILABLE,1,1,1,14,0.6389660481268404,0.7333333333333333,0.8713173383547825,0.7375670041691483,0.7375670041691483,0.8620763528857277,11,3,5,9.584491593219946,0,0,4,1,2,0,1,0
fold3_0000469,sa_0005414,469,Breast,6,0,"[1,10)",AVAILABLE,1,1,1,7,0.7420032285696982,0.9230769230769231,0.8038368309505064,0.7133911368015414,0.7133911368015414,0.8327242057913973,6,1,0,4.82302178953987,0,0,0,0,0,0,1,0
fold3_0000470,sa_0005415,470,Breast,21,0,"[10,25)",AVAILABLE,1,1,1,19,0.7202793810508217,0.85,0.8473875071186138,0.8029759532350206,0.8029759532350206,0.8927860879817258,17,2,4,14.405588468403941,0,0,4,0,0,0,2,0
fold3_0000471,sa_0005416,471,Breast,22,0,"[10,25)",AVAILABLE,1,1,1,16,0.6807304455619959,0.8421052631578947,0.8083674041048702,0.7671393731370246,0.7671393731370246,0.8682273563688407,16,0,6,12.933879274045328,0,0,6,0,0,0,0,0
fold3_0000472,sa_0005417,472,Breast,25,0,"[25,50)",AVAILABLE,1,1,1,16,0.5883315869216658,0.7317073170731707,0.8040531687929432,0.6721005806829684,0.6970828069369472,0.860081886779684,15,1,10,12.060798335947316,1,0,8,1,0,0,0,1
fold3_0000473,sa_0005418,473,Breast,10,0,"[10,25)",AVAILABLE,1,1,1,8,0.760467437197352,0.8888888888888888,0.855525866847021,0.8093306288032455,0.8093306288032455,0.8948056801195815,8,0,2,6.844207790302034,0,0,2,0,0,0,0,0
fold3_0000474,sa_0005419,474,Breast,13,0,"[10,25)",AVAILABLE,1,1,1,7,0.5875312994382264,0.7,0.8393304277688948,0.6065373660653737,0.6065373660653737,0.7550865344027016,7,0,6,5.875313833712691,0,0,6,0,0,0,0,0
fold3_0000475,sa_0005420,475,Breast,6,0,"[1,10)",AVAILABLE,1,1,1,5,0.4409207110785551,0.5454545454545454,0.8083546369773511,0.43733709817549954,0.43733709817549954,0.6085379675103891,3,2,3,2.4250647192866905,0,0,3,0,0,0,2,0
fold3_0000476,sa_0005421,476,Breast,9,0,"[1,10)",AVAILABLE,1,1,1,6,0.4021630180206407,0.5333333333333333,0.7540556587887013,0.3661091018685955,0.3661091018685955,0.535988086702333,4,2,5,3.016223389210464,0,0,4,1,0,0,1,1
fold3_0000477,sa_0005422,477,Breast,25,0,"[25,50)",AVAILABLE,1,1,1,21,0.7758760508260123,0.9130434782608695,0.8497690080475373,0.7991860400289904,0.7991860400289904,0.8883862171541894,21,0,4,17.845150018767292,0,0,4,0,0,0,0,0
fold3_0000478,sa_0005423,478,Breast,13,0,"[10,25)",AVAILABLE,1,1,1,5,0.4242038896827097,0.5555555555555556,0.7635670014288775,0.4799660801356795,0.4799660801356795,0.6486176765506374,5,0,8,3.817835770711389,0,0,8,0,0,0,0,0
fold3_0000479,sa_0005424,479,Breast,21,0,"[10,25)",AVAILABLE,1,1,1,18,0.7791323058028164,0.9230769230769231,0.8440599979530511,0.839841783531104,0.839841783531104,0.9129500058632686,18,0,3,15.193080807214919,0,0,3,0,0,0,0,0
fold3_0000480,sa_0005425,480,Breast,28,0,"[25,50)",AVAILABLE,1,1,1,23,0.729096875752485,0.8235294117647058,0.885331920556589,0.7686671437821627,0.7925920514319111,0.9192240290174023,21,2,7,18.59197121702029,3,0,4,0,0,0,1,1
fold3_0000481,sa_0005426,481,Breast,16,0,"[10,25)",AVAILABLE,1,1,1,13,0.6838594749393023,0.8275862068965517,0.8263301988849904,0.6586900209695326,0.6586900209695326,0.7942291961032201,12,1,4,9.915963212950082,0,0,4,0,0,0,1,0
fold3_0000482,sa_0005427,482,Breast,26,0,"[25,50)",AVAILABLE,1,1,1,20,0.712586826638541,0.8260869565217391,0.8626051059308655,0.7244005258147863,0.7308952491086056,0.8897363805918214,19,1,7,16.38949787529155,2,0,5,0,0,0,0,1
fold3_0000483,sa_0005428,483,Breast,20,0,"[10,25)",AVAILABLE,1,1,1,16,0.5755299839965529,0.6666666666666666,0.8632949759948294,0.575143479121314,0.667429559556505,0.8864419704132988,12,4,8,10.359540575232929,4,0,3,1,0,0,2,2
fold3_0000484,sa_0005429,484,Breast,23,0,"[10,25)",AVAILABLE,1,1,1,20,0.6266099066880612,0.7441860465116279,0.8420070621120822,0.6656080319639381,0.6639442961101513,0.8188654312053614,16,4,7,13.472113835800378,2,0,4,1,0,0,2,2
fold3_0000485,sa_0005430,485,Breast,21,0,"[10,25)",AVAILABLE,1,1,1,11,0.5063573809137916,0.625,0.8101718094620665,0.4968230915857311,0.5506281040023371,0.826104977580165,10,1,11,8.101718904792474,4,0,7,0,0,0,0,1
fold3_0000486,sa_0005431,486,Breast,27,0,"[25,50)",AVAILABLE,1,1,1,18,0.5937937784968677,0.7111111111111111,0.8350225010112201,0.6397677137146951,0.6622603519215617,0.8960922688013482,16,2,11,13.360360851202024,4,1,6,0,0,0,0,2
fold3_0000487,sa_0005432,487,Breast,17,0,"[10,25)",AVAILABLE,1,1,1,15,0.5688336263746648,0.6875,0.8273943656358761,0.5776218272447039,0.6038257490846597,0.8225866567275438,11,4,6,9.101338849389002,5,0,1,0,0,0,2,2
fold3_0000488,sa_0005433,488,Breast,14,0,"[10,25)",AVAILABLE,1,1,1,8,0.49376366645117886,0.6363636363636364,0.7759143329947097,0.5294299876084263,0.5162996965688944,0.8788547385704757,7,1,7,5.431401106877301,3,1,3,0,0,0,0,1
fold3_0000489,sa_0005434,489,Breast,14,0,"[10,25)",AVAILABLE,1,1,1,17,0.4823762549940539,0.5806451612903226,0.8307591058230928,0.43434203220433093,0.4859302813943721,0.7078575466365178,9,8,5,7.47683278316694,3,0,1,1,0,0,6,2
fold3_0000490,sa_0005435,490,Breast,16,0,"[10,25)",AVAILABLE,1,1,1,10,0.5470754548211871,0.6923076923076923,0.7902201014083815,0.5406842899102962,0.5657942566339513,0.7905977945443993,9,1,7,7.111981702895534,1,0,6,0,0,0,1,0
fold3_0000491,sa_0005436,491,Breast,28,0,"[25,50)",AVAILABLE,1,1,1,19,0.5136727586253441,0.6382978723404256,0.8047539885130391,0.5231134525487868,0.5221899300919016,0.7320295164869188,15,4,13,12.071310632449576,2,0,11,0,1,0,2,1
fold3_0000492,sa_0005437,492,Breast,44,0,"[25,50)",AVAILABLE,1,1,1,30,0.5120299299851548,0.6216216216216216,0.8237003221500317,0.47259099045346065,0.5181787455941287,0.8068568520815443,23,7,21,18.945108233151053,14,0,7,0,0,0,3,4
fold3_0000493,sa_0005438,493,Breast,27,0,"[25,50)",AVAILABLE,1,1,1,24,0.6885920842557421,0.8235294117647058,0.8361475308819726,0.6945078143620824,0.7512632928576816,0.8820844099913867,21,3,6,17.559098984668957,1,1,3,1,1,0,1,1
fold3_0000494,sa_0005439,494,Breast,26,0,"[25,50)",AVAILABLE,1,1,1,18,0.5305026249441389,0.6363636363636364,0.8336469820550754,0.5517454624161281,0.6270680237356073,0.8686600328470679,14,4,12,11.671058582418036,7,0,4,1,0,0,0,4
fold3_0000495,sa_0005440,495,Breast,33,0,"[25,50)",AVAILABLE,1,1,1,21,0.5140621427554501,0.6666666666666666,0.7710932141331752,0.5650117263584689,0.5747054901089131,0.8138215283855122,18,3,15,13.879678625490369,1,1,11,2,2,0,0,1
fold3_0000496,sa_0005441,496,Breast,27,0,"[25,50)",AVAILABLE,1,1,1,22,0.7368335943807827,0.8571428571428571,0.8596391934442464,0.7904320554229275,0.7905289287760168,0.900767836194945,21,1,6,18.05242392196837,1,0,5,0,0,0,1,0
fold3_0000497,sa_0005442,497,Breast,18,0,"[10,25)",AVAILABLE,1,1,1,15,0.6506507288388994,0.8484848484848485,0.7668383589887029,0.6116031318187652,0.6099231785487107,0.8689441371345207,14,1,4,10.7357377926802,3,0,1,0,0,0,0,1
fold3_0000498,sa_0005443,498,Breast,23,0,"[10,25)",AVAILABLE,1,1,1,17,0.612114156257498,0.75,0.8161522083433307,0.6362914896596797,0.6548510313216196,0.8394423414273844,15,2,8,12.242283941302167,1,2,5,0,0,1,1,0
fold3_0000499,sa_0005444,499,Breast,27,0,"[25,50)",AVAILABLE,1,1,1,26,0.7114992969625439,0.8301886792452831,0.8570332440685187,0.772022884855833,0.772022884855833,0.874553657337125,22,4,5,18.854732226540655,0,0,4,1,2,0,2,0
fold3_0000500,sa_0005445,500,Breast,29,0,"[25,50)",AVAILABLE,1,1,1,28,0.6858259514986205,0.8421052631578947,0.8144183174046119,0.7141234380916319,0.7128396029258098,0.8689518435200366,24,4,5,19.546040432129004,1,2,2,0,1,2,1,0
fold3_0000501,sa_0005446,501,Breast,32,0,"[25,50)",AVAILABLE,1,1,1,34,0.6775794475214717,0.7878787878787878,0.8600046833926371,0.6977938322834881,0.72289500380421,0.8665795720094945,26,8,6,22.36012262821325,3,0,2,1,3,0,4,1
fold3_0000502,sa_0005447,502,Breast,31,0,"[25,50)",AVAILABLE,1,1,1,22,0.47451958456586024,0.6037735849056604,0.7859230619372061,0.45462553125894606,0.4995652443947581,0.8553914970283087,16,6,15,12.57476977691836,12,0,2,1,0,0,1,5
fold3_0000503,sa_0005448,503,Breast,22,0,"[10,25)",AVAILABLE,1,1,1,16,0.6816974374967539,0.8421052631578947,0.8095157070273954,0.6904884887839433,0.7156974379829198,0.8871980848088364,16,0,6,12.952252121954034,2,0,4,0,0,0,0,0
fold3_0000504,sa_0005449,504,Breast,29,0,"[25,50)",AVAILABLE,1,1,1,25,0.741821414481335,0.8888888888888888,0.8345490912915019,0.7328994228171436,0.7569012356498116,0.8930566640063847,24,1,5,20.029179025545137,2,0,3,0,0,0,1,0
fold3_0000505,sa_0005450,505,Breast,30,0,"[25,50)",AVAILABLE,1,1,1,26,0.5888551569076185,0.75,0.7851402092101579,0.6190359505723387,0.6152592480291086,0.8326724077246169,21,5,9,16.487945178553527,4,0,4,1,1,0,2,2
fold3_0000506,sa_0005451,506,Breast,17,0,"[10,25)",AVAILABLE,1,1,1,16,0.8292530378899915,0.9696969696969697,0.8551671953240537,0.8394475299619995,0.8394475299619995,0.9127170156132056,16,0,1,13.682675980352055,0,0,1,0,0,0,0,0
fold3_0000507,sa_0005452,507,Breast,22,0,"[10,25)",AVAILABLE,1,1,1,17,0.6703805200252408,0.8205128205128205,0.8170262587807623,0.6871302409328646,0.6871302409328646,0.8145550642882553,16,1,6,13.072420957518457,0,0,5,1,0,0,0,1
fold3_0000508,sa_0005453,508,Breast,33,0,"[25,50)",AVAILABLE,1,1,1,26,0.6135806107511032,0.7457627118644068,0.8227558189617065,0.6595744680851063,0.6638277096669198,0.8392292393466141,22,4,11,18.100628839913362,3,0,6,2,1,0,0,3
fold3_0000509,sa_0005454,509,Breast,21,0,"[10,25)",AVAILABLE,1,1,1,17,0.6065293208509616,0.7894736842105263,0.7682704730778847,0.6389817181049735,0.6361786550005087,0.8084815321477428,15,2,6,11.524057864438742,2,0,4,0,0,0,1,1
fold3_0000510,sa_0005455,510,Breast,17,0,"[10,25)",AVAILABLE,1,1,1,14,0.7223298632603803,0.9032258064516129,0.7997223486097068,0.6697722567287785,0.6697722567287785,0.8022318660880348,14,0,3,11.196113680258243,0,0,3,0,0,0,0,0
fold3_0000511,sa_0005456,511,Breast,32,0,"[25,50)",AVAILABLE,1,1,1,27,0.7260839133339928,0.847457627118644,0.8567790177341116,0.7494320883300756,0.7575723892624909,0.897862383000253,25,2,7,21.41947630013181,2,0,5,0,0,0,2,0
fold3_0000512,sa_0005457,512,Breast,25,0,"[25,50)",AVAILABLE,1,1,1,25,0.6159661796715876,0.76,0.8104818153573521,0.6337583804390693,0.6192946785388768,0.8349497748527883,19,6,6,15.399155302271506,2,0,2,2,0,0,3,3
fold3_0000513,sa_0005458,513,Breast,32,0,"[25,50)",AVAILABLE,1,1,1,26,0.7379744028532383,0.896551724137931,0.8231252954901505,0.7631149768958956,0.7721633049143967,0.8784761606758712,26,0,6,21.401258505869208,1,0,5,0,0,0,0,0
fold3_0000514,sa_0005459,514,Breast,15,0,"[10,25)",AVAILABLE,1,1,1,12,0.7229806946366149,0.8888888888888888,0.8133532814661918,0.7302111765550927,0.7302111765550927,0.8440717369644636,12,0,3,9.760240190947583,0,0,3,0,0,0,0,0
fold3_0000515,sa_0005460,515,Breast,34,0,"[25,50)",AVAILABLE,1,1,1,21,0.4818942369267421,0.6545454545454545,0.736227306415856,0.4901978774811145,0.5580770264562455,0.7970525174359859,18,3,16,13.252092251712716,6,1,8,1,0,1,0,2
fold3_0000516,sa_0005461,516,Breast,29,0,"[25,50)",AVAILABLE,1,1,1,24,0.6458505245807061,0.8301886792452831,0.7779563136994869,0.6755406822836022,0.6995787256450764,0.843129357087529,22,2,7,17.115039679345028,1,0,6,0,1,0,1,0
fold3_0000517,sa_0005462,517,Breast,27,0,"[25,50)",AVAILABLE,1,1,1,26,0.5838887845175514,0.7169811320754716,0.8143711994586902,0.590934561982442,0.5828817653587517,0.8112188080016498,19,7,8,15.473053604086314,2,0,5,1,2,0,4,1
fold3_0000518,sa_0005463,518,Breast,31,0,"[25,50)",AVAILABLE,1,1,1,23,0.5738235015787921,0.7777777777777778,0.737773073458447,0.6096803343499378,0.6168151647431681,0.7992455063244323,21,2,10,15.49323528040046,2,0,8,0,0,0,2,0
fold3_0000519,sa_0005464,519,Breast,30,0,"[25,50)",AVAILABLE,1,1,1,25,0.7396690416809794,0.9090909090909091,0.8136359458490773,0.7556293835363603,0.7841013490643586,0.8877144483291325,25,0,5,20.34089945986288,1,0,4,0,0,0,0,0
fold3_0000520,sa_0005465,520,Breast,24,0,"[10,25)",AVAILABLE,1,1,1,18,0.6142865871710782,0.8095238095238095,0.7588246076819202,0.6087453921444007,0.6854490500863558,0.8178984671875668,17,1,7,12.90001908941725,1,0,6,0,0,0,1,0
fold3_0000521,sa_0005466,521,Breast,15,0,"[10,25)",AVAILABLE,1,1,1,9,0.3864857933132952,0.5,0.7729715866265904,0.4371859296482412,0.43435031326614004,0.6478017282309372,6,3,9,4.637830292731129,2,0,6,1,1,0,0,2
fold3_0000522,sa_0005467,522,Breast,15,0,"[10,25)",AVAILABLE,1,1,1,10,0.48285168440059933,0.64,0.7544557568759365,0.5118488587965491,0.5279495718363464,0.7296645131159025,8,2,7,6.035646809463248,3,0,4,0,0,0,1,1
fold3_0000523,sa_0005468,523,Breast,25,0,"[25,50)",AVAILABLE,1,1,1,16,0.565240727517579,0.7317073170731707,0.7724956609406913,0.6219549237591884,0.6219549237591884,0.7808532154762351,15,1,10,11.58743568660603,0,1,9,0,0,1,0,0
fold3_0000524,sa_0005469,524,Breast,19,0,"[10,25)",AVAILABLE,1,1,1,14,0.5167087416634705,0.6666666666666666,0.7750631124952058,0.49668599834299915,0.49668599834299915,0.6637143647938002,11,3,8,8.525695012510376,0,0,7,1,0,0,2,1
fold3_0000525,sa_0005470,525,Breast,23,0,"[10,25)",AVAILABLE,1,1,1,22,0.7456339121264534,0.9333333333333333,0.7988934772783428,0.7541609104664166,0.7541609104664166,0.8598537408588037,21,1,2,16.776763821738676,0,0,2,0,0,0,1,0
fold3_0000526,sa_0005471,526,Breast,17,0,"[10,25)",AVAILABLE,1,1,1,17,0.6043480798943852,0.8235294117647058,0.7338512398717535,0.5340469141425643,0.5629955401387512,0.7462449966313954,14,3,3,10.273918092055789,1,0,2,0,1,0,2,0
fold3_0000527,sa_0005472,527,Breast,22,0,"[10,25)",AVAILABLE,1,1,1,18,0.6922627300783525,0.8,0.8653284125979406,0.7077327327327327,0.7077327327327327,0.8338682024003166,16,2,6,13.845255466895463,0,0,6,0,1,0,1,0
fold3_0000528,sa_0005473,528,Breast,9,0,"[1,10)",AVAILABLE,1,1,1,6,0.5131140241906855,0.6666666666666666,0.7696710362860283,0.4871970736168267,0.4871970736168267,0.6551883166794773,5,1,4,3.848355951101178,0,0,4,0,0,0,1,0
fold3_0000529,sa_0005474,529,Breast,7,0,"[1,10)",AVAILABLE,1,1,1,3,0.33887281977193845,0.4,0.8471820494298461,0.39406851883415717,0.39406851883415717,0.5653502873211884,2,1,5,1.6943649460417418,0,0,4,1,0,0,0,1
fold3_0000530,sa_0005475,530,Breast,9,0,"[1,10)",AVAILABLE,1,1,1,4,0.49561516757269886,0.6153846153846154,0.8053746473056356,0.4247907713187062,0.4247907713187062,0.596285124622956,4,0,5,3.2214993945971897,0,0,5,0,0,0,0,0
fold3_0000531,sa_0005476,531,Breast,21,0,"[10,25)",AVAILABLE,1,1,1,10,0.5141285359351441,0.6451612903225806,0.7968992306994733,0.5131658595641646,0.5131658595641646,0.6798679867986799,10,0,11,7.968993103893964,0,0,11,0,0,0,0,0
fold3_0000532,sa_0005477,532,Breast,27,0,"[25,50)",AVAILABLE,1,1,1,19,0.5806149657742734,0.782608695652174,0.7418969007115715,0.6025831224365128,0.605975299673084,0.7866553576477241,18,1,9,13.35414495470519,1,0,8,0,0,0,1,0
fold3_0000533,sa_0005478,533,Breast,28,0,"[25,50)",AVAILABLE,1,1,1,21,0.6683730898241035,0.8163265306122449,0.8187570350345267,0.676048951048951,0.6710646875572659,0.8483386336221077,20,1,8,16.37514151944757,2,0,6,0,0,0,0,1
fold3_0000534,sa_0005479,534,Breast,13,0,"[10,25)",AVAILABLE,1,1,1,6,0.5119827117919871,0.631578947368421,0.8106392936706462,0.566030230708035,0.566030230708035,0.7228854457708915,6,0,7,4.863836572663171,0,0,7,0,0,0,0,0
fold3_0000535,sa_0005480,535,Breast,11,0,"[10,25)",AVAILABLE,1,1,1,9,0.666594086140829,0.8,0.8332426076760362,0.6521149061298349,0.6521149061298349,0.7894304490690033,8,1,3,6.665941694650897,0,0,3,0,0,0,1,0
fold3_0000536,sa_0005481,536,Breast,17,0,"[10,25)",AVAILABLE,1,1,1,11,0.5872351138560478,0.7857142857142857,0.7473901449076972,0.535336672231497,0.5632818846466288,0.7998337144044897,11,0,6,8.221292341374813,2,0,4,0,0,0,0,0
fold3_0000537,sa_0005482,537,Breast,38,0,"[25,50)",AVAILABLE,1,1,1,33,0.6725795873380861,0.8732394366197183,0.7702121080807115,0.6618587116866087,0.6618587116866087,0.7981720748265773,31,2,7,23.876576120714166,0,0,6,1,0,0,1,1
fold3_0000538,sa_0005483,538,Breast,31,0,"[25,50)",AVAILABLE,1,1,1,24,0.5825523962406426,0.7636363636363637,0.7628662331722701,0.5511593386906894,0.5790729379686435,0.7848766098280452,21,3,10,16.020191659483906,4,0,6,0,0,0,2,1
fold3_0000539,sa_0005484,539,Breast,25,0,"[25,50)",AVAILABLE,1,1,1,16,0.5755050716178262,0.7317073170731707,0.7865235978776958,0.5934903640256959,0.6144012032336905,0.8071503435425643,15,1,10,11.797854754689034,3,1,6,0,0,0,0,1
fold3_0000540,sa_0005485,540,Breast,13,0,"[10,25)",AVAILABLE,1,1,1,10,0.6537492190642492,0.782608695652174,0.8353462243598739,0.6843506759524784,0.6843506759524784,0.812598808220844,9,1,4,7.518116854585089,0,0,4,0,0,0,1,0
fold3_0000541,sa_0005486,541,Breast,12,0,"[10,25)",AVAILABLE,1,1,1,7,0.427341417428011,0.5263157894736842,0.8119486931132209,0.4781555847038644,0.4781555847038644,0.6469624573378839,5,2,7,4.059744277514798,0,0,6,1,0,0,1,1
fold3_0000542,sa_0005487,542,Breast,26,0,"[25,50)",AVAILABLE,1,1,1,19,0.5901837605759662,0.8,0.7377297007199578,0.626648248147683,0.626648248147683,0.7704778815718366,18,1,8,13.279135350688943,0,0,8,0,0,0,1,0
fold3_0000543,sa_0005488,543,Breast,14,0,"[10,25)",AVAILABLE,1,1,1,17,0.5545290454940656,0.6451612903225806,0.8595200205158017,0.4669565837313752,0.4669565837313752,0.6366331340817417,10,7,4,8.595201064678037,0,0,3,1,0,0,6,1
fold3_0000544,sa_0005489,544,Breast,13,0,"[10,25)",AVAILABLE,1,1,1,10,0.4856378966477449,0.6086956521739131,0.7978336873498666,0.4623263888888889,0.4623263888888889,0.6492936008548024,7,3,6,5.584836609282753,0,0,6,0,1,0,2,0
fold3_0000545,sa_0005490,545,Breast,31,0,"[25,50)",AVAILABLE,1,1,1,21,0.45933122226951095,0.5769230769230769,0.7961741186004857,0.46651738110471314,0.4890792892759323,0.8365797292835919,15,6,16,11.942612575181403,4,7,4,1,0,3,1,2
fold3_0000546,NOT_FOUND,546,Breast,0,1,"[0,1)",NOT_EVALUATED,0,0,0,NOT_EVALUATED,NOT_EVALUATED,NOT_EVALUATED,NOT_EVALUATED,NOT_EVALUATED,NOT_EVALUATED,NOT_EVALUATED,NOT_EVALUATED,NOT_EVALUATED,NOT_EVALUATED,NOT_EVALUATED,NOT_EVALUATED,NOT_EVALUATED,NOT_EVALUATED,NOT_EVALUATED,NOT_EVALUATED,NOT_EVALUATED,NOT_EVALUATED,NOT_EVALUATED
fold3_0000547,sa_0005491,547,Breast,26,0,"[25,50)",AVAILABLE,1,1,1,19,0.5475493877686927,0.7555555555555555,0.7246977191056226,0.46025080198308543,0.5170801299833558,0.8305731153022308,17,2,9,12.319861949493305,3,5,1,0,0,1,0,1
fold3_0000548,sa_0005492,548,Breast,50,0,"[50,+inf)",AVAILABLE,1,1,1,23,0.14692129618109695,0.2191780821917808,0.6703284138262549,0.2175901152891959,0.26933082815435755,0.7837745516652433,8,15,42,5.362627980938452,15,24,2,1,0,9,1,5
fold3_0000549,sa_0005493,549,Breast,22,0,"[10,25)",AVAILABLE,1,1,1,11,0.09553957015789254,0.12121212121212122,0.7882014538026134,0.1694073930284795,0.21794142735285754,0.7183378078673982,2,9,20,1.5764036958066807,16,4,0,0,0,2,2,5
fold3_0000550,sa_0005494,550,Breast,1,0,"[1,10)",AVAILABLE,1,1,1,1,0.7733325600007733,1.0,0.7733325600007733,0.7733333333333333,0.7733333333333333,0.8721804511278195,1,0,0,0.7733333333333333,0,0,0,0,0,0,0,0
fold3_0000551,sa_0005495,551,Breast,3,0,"[1,10)",AVAILABLE,1,1,1,3,0.7801231403795627,1.0,0.7801231403795627,0.7584233947870311,0.7584233947870311,0.8626174981923355,3,0,0,2.3403702012618286,0,0,0,0,0,0,0,0
fold3_0000552,sa_0005496,552,Breast,13,0,"[10,25)",AVAILABLE,1,1,1,10,0.4562589927479089,0.6086956521739131,0.7495683452287074,0.5143168378462496,0.5195498760251764,0.8296723986444082,7,3,6,5.2469791661692975,5,0,1,0,0,0,1,2
fold3_0000553,sa_0005497,553,Breast,39,0,"[25,50)",AVAILABLE,1,1,1,27,0.45771402137595757,0.6060606060606061,0.75522813527033,0.43205877705798706,0.4827746470690757,0.8589899306507855,20,7,19,15.104563460634735,15,3,1,0,0,1,1,5
fold3_0000554,sa_0005498,554,Breast,36,0,"[25,50)",AVAILABLE,1,1,1,27,0.5429565392166033,0.6984126984126984,0.7774150447874092,0.5383785727125652,0.565535174643334,0.8107380140061052,22,5,14,17.103131762738048,5,4,5,0,0,2,1,2
fold3_0000555,sa_0005499,555,Breast,12,0,"[10,25)",AVAILABLE,1,1,1,8,0.42026440082725847,0.6,0.7004406680454308,0.4861940298507463,0.5112707456031707,0.8624815603999344,6,2,6,4.202644708713253,3,3,0,0,0,1,0,1
fold3_0000556,sa_0005500,556,Breast,62,0,"[50,+inf)",AVAILABLE,1,1,1,44,0.6028786055582271,0.7924528301886793,0.7607753832044294,0.6282090801004008,0.6426458464671936,0.8485814660644171,42,2,20,31.952566855361415,5,2,13,0,0,0,0,2
fold3_0000557,sa_0005501,557,Breast,28,0,"[25,50)",AVAILABLE,1,1,1,20,0.43563558630601606,0.625,0.6970169380896257,0.447942048073757,0.49809851503078595,0.823088546388637,15,5,13,10.455254768361323,6,5,1,1,0,2,0,3
fold3_0000558,sa_0005502,558,Breast,25,0,"[25,50)",AVAILABLE,1,1,1,12,0.20485396174439277,0.2702702702702703,0.7579596584542532,0.32502610511660285,0.348,0.8669324925816023,5,7,20,3.7897990502309247,8,10,2,0,0,4,0,3
fold3_0000559,sa_0005503,559,Breast,3,0,"[1,10)",AVAILABLE,1,1,1,4,0.7339297143586638,0.8571428571428571,0.8562513334184412,0.6587257617728531,0.6587257617728531,0.7942551770207081,3,1,0,2.568754856506657,0,0,0,0,0,0,1,0
fold3_0000560,sa_0005504,560,Breast,2,0,"[1,10)",AVAILABLE,1,1,1,3,0.7050629334824458,0.8,0.8813286668530571,0.7757009345794392,0.7757009345794392,0.8736842105263158,2,1,0,1.7626582150347812,0,0,0,0,0,0,1,0
fold3_0000561,sa_0005505,561,Breast,15,0,"[10,25)",AVAILABLE,1,1,1,10,0.6182192509502666,0.72,0.8586378485420371,0.6635157545605307,0.6972361809045227,0.8476260970709527,9,1,6,7.727741495516182,0,1,4,1,0,0,0,1
fold3_0000562,sa_0005506,562,Breast,14,0,"[10,25)",AVAILABLE,1,1,1,11,0.6122563254217279,0.8,0.7653204067771598,0.6218362282878412,0.6130770612538171,0.8403118040089087,10,1,4,7.653204833092005,0,1,3,0,0,0,1,0
fold3_0000563,sa_0005507,563,Breast,56,0,"[50,+inf)",AVAILABLE,1,1,1,38,0.46987182722469395,0.6170212765957447,0.7615164096400212,0.4333693082536746,0.5076888200400499,0.8511928628708901,29,9,27,22.083976641077026,12,11,4,0,0,5,1,3
fold3_0000564,sa_0005508,564,Breast,46,0,"[25,50)",AVAILABLE,1,1,1,20,0.275291109101827,0.36363636363636365,0.7570505500300243,0.22535784656972105,0.31852806750263685,0.823986016057832,12,8,34,9.08460735741084,19,9,6,0,0,4,0,4
fold3_0000565,sa_0005509,565,Breast,5,0,"[1,10)",AVAILABLE,1,1,1,4,0.5763648075389183,0.6666666666666666,0.8645472113083775,0.6744186046511628,0.6652593486127865,0.9380659181455995,3,1,2,2.593642498472344,0,2,0,0,0,1,0,0
fold3_0000566,sa_0005510,566,Breast,6,0,"[1,10)",AVAILABLE,1,1,1,3,0.5909308512829554,0.6666666666666666,0.8863962769244332,0.5415939499709134,0.5415939499709134,0.7026415094339623,3,0,3,2.6591897171695766,0,0,3,0,0,0,0,0
fold3_0000567,sa_0005511,567,Breast,31,0,"[25,50)",AVAILABLE,1,1,1,22,0.46510147679657166,0.6037735849056604,0.7703243209443218,0.3358419802475309,0.4370739965251481,0.8422096844193688,16,6,15,12.32518990543347,4,10,0,1,0,3,1,2
fold3_0000568,sa_0005512,568,Breast,26,0,"[25,50)",AVAILABLE,1,1,1,20,0.5694890017945231,0.6956521739130435,0.818640440079627,0.5136095569333131,0.5558203483043079,0.8068811122893838,16,4,10,13.098247859914473,0,7,3,0,0,2,2,0
fold3_0000569,sa_0005513,569,Breast,31,0,"[25,50)",AVAILABLE,1,1,1,18,0.32797959042179187,0.4489795918367347,0.7304999968485364,0.3807047757832682,0.3954187998099963,0.8810469382351829,11,7,20,8.035500695833896,7,12,1,0,0,4,0,3
fold3_0000570,sa_0005514,570,Breast,24,0,"[10,25)",AVAILABLE,1,1,1,13,0.27850648804138,0.3783783783783784,0.7360528612522186,0.3253529326153398,0.3624551971326165,0.8426739324470334,7,6,17,5.152370764818391,7,9,1,0,0,4,0,2
fold3_0000571,sa_0005515,571,Breast,31,0,"[25,50)",AVAILABLE,1,1,1,25,0.3893066979648808,0.5357142857142857,0.7267058362011108,0.4220136014192785,0.4550548570890427,0.8116889421054335,15,10,16,10.900588269722498,3,9,2,2,2,5,1,2
fold3_0000572,sa_0005516,572,Breast,80,0,"[50,+inf)",AVAILABLE,1,1,1,47,0.42121586958669044,0.5511811023622047,0.764205934821567,0.4338871285432902,0.48480970228844805,0.8446241303589386,35,12,45,26.747208482960776,16,18,11,0,0,6,1,5
fold3_0000573,sa_0005517,573,Breast,7,0,"[1,10)",AVAILABLE,1,1,1,5,0.6597195007664283,0.8333333333333334,0.7916634009197139,0.730126920507682,0.730126920507682,0.844015444015444,5,0,2,3.9583177962619702,0,0,2,0,0,0,0,0
fold3_0000574,sa_0005518,574,Breast,22,0,"[10,25)",AVAILABLE,1,1,1,13,0.6114840465379415,0.7428571428571429,0.8231516011087674,0.6017161716171617,0.6164017442678296,0.7933165085719258,13,0,9,10.700971637565576,1,0,8,0,0,0,0,0
fold3_0000575,sa_0005519,575,Breast,21,0,"[10,25)",AVAILABLE,1,1,1,12,0.3411744897653467,0.48484848484848486,0.7036723851410276,0.3869020898797945,0.4086186994998076,0.8510243102977328,8,4,13,5.629379784800605,6,6,1,0,0,2,0,2
fold3_0000576,sa_0005520,576,Breast,65,0,"[50,+inf)",AVAILABLE,1,1,1,47,0.45943206264689646,0.5892857142857143,0.7796422881280667,0.45355353027003026,0.5059613818773991,0.8406743005001255,33,14,32,25.728196287868485,12,17,2,1,0,9,0,5
fold3_0000577,sa_0005521,577,Breast,59,0,"[50,+inf)",AVAILABLE,1,1,1,35,0.4098621892882568,0.5319148936170213,0.7705409158619227,0.3431020408163265,0.43153335463485637,0.8458409801101135,25,10,34,19.263523667088986,15,16,3,0,0,5,1,4
fold3_0000578,sa_0005522,578,Breast,14,0,"[10,25)",AVAILABLE,1,1,1,12,0.7499680552464745,0.8461538461538461,0.8863258834731061,0.7804656238632229,0.7804656238632229,0.8766983348656655,11,1,3,9.74958560453005,0,0,3,0,0,0,1,0
fold3_0000579,sa_0005523,579,Breast,22,0,"[10,25)",AVAILABLE,1,1,1,14,0.6626432848184035,0.7777777777777778,0.8519699376236616,0.7062517841849842,0.7062517841849842,0.8278400535385645,14,0,8,11.9275799787012,0,0,8,0,0,0,0,0
fold3_0000580,sa_0005524,580,Breast,10,0,"[10,25)",AVAILABLE,1,1,1,8,0.6909199788704553,0.8888888888888888,0.7772849762292623,0.7481783736519965,0.7481783736519965,0.8559519839946649,8,0,2,6.218280587119074,0,0,2,0,0,0,0,0
fold3_0000581,sa_0005525,581,Breast,41,0,"[25,50)",AVAILABLE,1,1,1,28,0.4913330558578262,0.6376811594202898,0.7704995648679548,0.463799565989347,0.5231554524361949,0.8740555690957835,22,6,19,16.950991197594572,5,10,4,0,1,4,0,1
fold3_0000582,sa_0005526,582,Breast,21,0,"[10,25)",AVAILABLE,1,1,1,16,0.6803591620369884,0.8648648648648649,0.7866652811052678,0.6748737373737373,0.726916524701874,0.843642103186347,16,0,5,12.586645284349567,2,0,3,0,0,0,0,0
fold3_0000583,sa_0005527,583,Breast,71,0,"[50,+inf)",AVAILABLE,1,1,1,54,0.5662781935024941,0.72,0.7864974909756863,0.49327715614495554,0.5441969590785826,0.8524240809802877,45,9,26,35.392387880403376,5,15,6,0,0,6,1,2
fold3_0000584,sa_0005528,584,Breast,14,0,"[10,25)",AVAILABLE,1,1,1,14,0.6870741676553064,0.8571428571428571,0.8015865289311908,0.6617264690587623,0.6617264690587623,0.7964324831794711,12,2,2,9.619039148760818,0,0,1,1,0,0,1,1
fold3_0000585,sa_0005529,585,Breast,6,0,"[1,10)",AVAILABLE,1,1,1,6,0.8364248293377466,1.0,0.8364248293377466,0.8258626249596904,0.8258626249596904,0.9046273401624868,6,0,0,5.018549812451309,0,0,0,0,0,0,0,0
fold3_0000586,sa_0005530,586,Breast,11,0,"[10,25)",AVAILABLE,1,1,1,9,0.5886850740862726,0.7,0.8409786772661038,0.6496350364963503,0.6864079171176743,0.8487071336878782,7,2,4,5.886851581841404,3,0,0,1,0,0,0,2
fold3_0000587,sa_0005531,587,Breast,13,0,"[10,25)",AVAILABLE,1,1,1,13,0.5621558362549879,0.7692307692307693,0.7308025871314843,0.6462991518889746,0.6556074302175424,0.8632627347453051,10,3,3,7.30802660211743,1,0,2,0,3,0,0,0
fold3_0000588,sa_0005532,588,Breast,19,0,"[10,25)",AVAILABLE,1,1,1,15,0.6714947073395221,0.8235294117647058,0.8153864303408483,0.5673672143675965,0.5673672143675965,0.7254376127553757,14,1,5,11.415410840158307,0,0,4,1,0,0,0,1
fold3_0000589,sa_0005533,589,Breast,6,0,"[1,10)",AVAILABLE,1,1,1,4,0.5296650149045147,0.6,0.8827750248408578,0.6223730583474743,0.5856920684292379,0.9352687328364064,3,1,3,2.6483259572975983,2,0,1,0,0,0,0,1
fold3_0000590,sa_0005534,590,Breast,8,0,"[1,10)",AVAILABLE,1,1,1,6,0.5826269466043758,0.7142857142857143,0.815677725246126,0.3286936534286809,0.3286936534286809,0.4947621335896204,5,1,3,4.078389441908356,0,0,2,1,0,0,0,1
fold3_0000591,sa_0005535,591,Breast,9,0,"[1,10)",AVAILABLE,1,1,1,6,0.6111781813554304,0.8,0.7639727266942881,0.6289162218612206,0.6289162218612206,0.7721897706225959,6,0,3,4.583837124138455,0,0,3,0,0,0,0,0
fold3_0000592,sa_0005536,592,Breast,1,0,"[1,10)",AVAILABLE,1,1,1,1,0.7809179469972474,1.0,0.7809179469972474,0.7809187279151943,0.7809187279151943,0.876984126984127,1,0,0,0.7809187279151943,0,0,0,0,0,0,0,0
fold3_0000593,sa_0005537,593,Breast,1,0,"[1,10)",AVAILABLE,1,1,1,1,0.8887735705467178,1.0,0.8887735705467178,0.8887744593202883,0.8887744593202883,0.9411123227917121,1,0,0,0.8887744593202883,0,0,0,0,0,0,0,0
fold3_0000594,sa_0005538,594,Breast,13,0,"[10,25)",AVAILABLE,1,1,1,8,0.4339098001240179,0.5714285714285714,0.7593421502170314,0.4976243268926196,0.49307005885703437,0.7990844354018312,6,2,7,4.556053660644339,4,0,3,0,0,0,0,2
fold3_0000595,sa_0005539,595,Breast,2,0,"[1,10)",AVAILABLE,1,1,1,2,0.8284620177875771,1.0,0.8284620177875771,0.8281481481481482,0.8281481481481482,0.9059967585089141,2,0,0,1.656924864037172,0,0,0,0,0,0,0,0
fold3_0000596,sa_0005540,596,Breast,16,0,"[10,25)",AVAILABLE,1,1,1,12,0.6164040837814374,0.7857142857142857,0.7845142884491022,0.6486335750139431,0.6486335750139431,0.786874154262517,11,1,5,8.629657957454413,0,0,5,0,0,0,1,0
fold3_0000597,sa_0005541,597,Breast,10,0,"[10,25)",AVAILABLE,1,1,1,9,0.6055762904573061,0.7368421052631579,0.8218535370492012,0.6750130412102243,0.6750130412102243,0.805979445655559,7,2,3,5.752975581197945,0,0,3,0,0,0,2,0
fold3_0000598,sa_0005542,598,Breast,9,0,"[1,10)",AVAILABLE,1,1,1,7,0.5796952072658653,0.75,0.7729269430211537,0.7429352780309936,0.7429352780309936,0.852510460251046,6,1,3,4.6375624310538655,0,0,3,0,0,0,1,0
fold3_0000599,sa_0005543,599,Breast,8,0,"[1,10)",AVAILABLE,1,1,1,8,0.6137431412975839,0.75,0.8183241883967786,0.6855089355089355,0.6855089355089355,0.8134147746917137,6,2,2,4.90994594870486,0,0,2,0,0,0,2,0
fold3_0000600,sa_0005544,600,Breast,15,0,"[10,25)",AVAILABLE,1,1,1,14,0.5978933839723917,0.7586206896551724,0.7881321879636073,0.5066764970918326,0.5066764970918326,0.6849717268377555,11,3,4,8.669454855731868,0,0,4,0,0,0,3,0
fold3_0000601,sa_0005545,601,Breast,12,0,"[10,25)",AVAILABLE,1,1,1,10,0.7768800958950856,0.9090909090909091,0.8545681054845942,0.858790856654561,0.858790856654561,0.9240317204918975,10,0,2,8.545681909414046,0,0,2,0,0,0,0,0
fold3_0000602,sa_0005546,602,Breast,28,0,"[25,50)",AVAILABLE,1,1,1,23,0.6514279589418166,0.7843137254901961,0.8305706476508161,0.6851143980942884,0.6893001735106998,0.8468227882771844,20,3,8,16.611413783586972,1,0,5,2,0,0,1,2
fold3_0000603,sa_0005547,603,Breast,27,0,"[25,50)",AVAILABLE,1,1,1,25,0.773759726907137,0.9230769230769231,0.8382397041493984,0.7860829669279297,0.7924960191082803,0.9132196990727889,24,1,3,20.117753737825268,2,0,1,0,0,0,0,1
fold3_0000604,sa_0005548,604,Breast,5,0,"[1,10)",AVAILABLE,1,1,1,5,0.8605569986091404,1.0,0.8605569986091404,0.8910293831484725,0.8910293831484725,0.9423749742745421,5,0,0,4.302785853602701,0,0,0,0,0,0,0,0
fold3_0000605,sa_0005549,605,Breast,4,0,"[1,10)",AVAILABLE,1,1,1,5,0.7247534166938402,0.8888888888888888,0.8153475937805702,0.6631189264229523,0.6631189264229523,0.7974401780745687,4,1,0,3.2613911904698747,0,0,0,0,0,0,1,0
fold3_0000606,sa_0005550,606,Breast,13,0,"[10,25)",AVAILABLE,1,1,1,13,0.7443884995115695,0.9230769230769231,0.8064208744708669,0.7454207592248474,0.7454207592248474,0.8541444866920153,12,1,1,9.677051300071277,0,0,1,0,0,0,1,0
fold3_0000607,sa_0005551,607,Breast,32,0,"[25,50)",AVAILABLE,1,1,1,27,0.616742364142701,0.8135593220338984,0.7580791559254032,0.5975339429204766,0.6300543599672351,0.789858382823207,24,3,8,18.193900500288834,1,1,6,0,0,0,3,0
fold3_0000608,sa_0005552,608,Breast,40,0,"[25,50)",AVAILABLE,1,1,1,31,0.5043022898872396,0.6197183098591549,0.8137605132271366,0.5836606858477545,0.5862696343016557,0.8413365958097568,22,9,18,17.90273210475752,8,2,7,1,0,1,3,5
fold3_0000609,sa_0005553,609,Breast,43,0,"[25,50)",AVAILABLE,1,1,1,35,0.5819767924949311,0.7692307692307693,0.7565698302434104,0.5837631887456037,0.5952532856960572,0.82714765637498,30,5,13,22.697095663872144,3,2,7,1,0,3,1,1
fold3_0000610,sa_0005554,610,Breast,12,0,"[10,25)",AVAILABLE,1,1,1,9,0.6544922569103879,0.8571428571428571,0.763574299728786,0.6585507246376812,0.680943513345748,0.8389955686853766,9,0,3,6.872169461133373,1,0,2,0,0,0,0,0
fold3_0000611,sa_0005555,611,Breast,20,0,"[10,25)",AVAILABLE,1,1,1,20,0.7316909417245534,0.9,0.8129899352495038,0.7420412480169223,0.738728832197053,0.8874272704275235,18,2,2,14.633819647481005,1,0,0,1,0,0,1,1
fold3_0000612,sa_0005556,612,Breast,14,0,"[10,25)",AVAILABLE,1,1,1,15,0.6733537843519346,0.8275862068965517,0.8136358227585877,0.6095478362119154,0.6296494228302694,0.824030956909556,12,3,2,9.763630686738875,1,0,1,0,0,0,3,0
fold3_0000613,sa_0005557,613,Breast,13,0,"[10,25)",AVAILABLE,1,1,1,16,0.29923928094130237,0.41379310344827586,0.7231615956081474,0.416373276776246,0.416373276776246,0.6670060794824952,6,10,7,4.33897029681048,0,0,3,4,6,0,3,1
fold3_0000614,sa_0005558,614,Breast,16,0,"[10,25)",AVAILABLE,1,1,1,20,0.41676981117856976,0.5555555555555556,0.7501856601214255,0.46177170492054964,0.46177170492054964,0.6319023237495077,10,10,6,7.501857351399915,0,0,4,2,1,0,7,2
fold3_0000615,sa_0005559,615,Breast,16,0,"[10,25)",AVAILABLE,1,1,1,12,0.19568184585035456,0.2857142857142857,0.684886460476241,0.35585119487558514,0.365710494079216,0.5399708487498599,4,8,12,2.7395465267914245,2,1,6,3,0,1,3,4
fold3_0000616,sa_0005560,616,Breast,9,0,"[1,10)",AVAILABLE,1,1,1,7,0.47951586944326857,0.625,0.7672253911092297,0.44421728971962615,0.4484167517875383,0.7461212976022567,5,2,4,3.83612772277154,2,0,2,0,1,0,0,1
fold3_0000617,sa_0005561,617,Breast,7,0,"[1,10)",AVAILABLE,1,1,1,7,0.4085279298357575,0.5714285714285714,0.7149238772125757,0.4674860335195531,0.4674860335195531,0.6371250190345668,4,3,3,2.85969622377418,0,0,2,1,0,0,2,1
fold3_0000618,sa_0005562,618,Breast,11,0,"[10,25)",AVAILABLE,1,1,1,9,0.5533911844018972,0.7,0.7905588348598531,0.5975365224863936,0.5975365224863936,0.7480724403801327,7,2,4,5.533912634577807,0,0,3,1,0,0,1,1
fold3_0000619,sa_0005563,619,Breast,13,0,"[10,25)",AVAILABLE,1,1,1,18,0.3230449628567998,0.3870967741935484,0.8345328207133995,0.47533670391298805,0.47533670391298805,0.6702375809935205,6,12,7,5.007197758813218,0,1,2,4,4,1,5,2
fold3_0000620,sa_0005564,620,Breast,9,0,"[1,10)",AVAILABLE,1,1,1,8,0.8075998783337293,0.9411764705882353,0.8580748707295873,0.8323765786452354,0.8323765786452354,0.9085213032581454,8,0,1,6.864599823911568,0,0,1,0,0,0,0,0
fold3_0000621,sa_0005565,621,Breast,11,0,"[10,25)",AVAILABLE,1,1,1,11,0.4449675662395465,0.5454545454545454,0.8157738714391686,0.36253358300089555,0.36063268892794376,0.5751743735468872,6,5,5,4.894644044408883,3,0,2,0,0,0,4,1
fold3_0000622,sa_0005566,622,Breast,17,0,"[10,25)",AVAILABLE,1,1,1,15,0.5720645475361863,0.6875,0.8320938873253619,0.5427131721911661,0.5673583662714098,0.7242828622465063,11,4,6,9.153033592672868,1,0,5,0,0,0,4,0
fold3_0000623,sa_0005567,623,Breast,19,0,"[10,25)",AVAILABLE,1,1,1,18,0.6157922580040821,0.7567567567567568,0.8137254837911084,0.6680360157568936,0.6859157391760387,0.8206138531729573,14,4,5,11.392157586801002,1,0,4,0,0,0,4,0
fold3_0000624,sa_0005568,624,Breast,22,0,"[10,25)",AVAILABLE,1,1,1,19,0.5416922624406894,0.7317073170731707,0.7403127586689422,0.5527092963533642,0.607952827335954,0.8102491772449459,15,4,7,11.104692120346892,4,0,2,1,0,0,2,2
fold3_0000625,sa_0005569,625,Breast,14,0,"[10,25)",AVAILABLE,1,1,1,14,0.6061921334320743,0.7857142857142857,0.771517260731731,0.6172849987265473,0.6381905099150141,0.785841664415023,11,3,3,8.486690639566302,1,0,1,1,0,0,2,1
fold3_0000626,sa_0005570,626,Breast,21,0,"[10,25)",AVAILABLE,1,1,1,17,0.5363272658891489,0.6842105263157895,0.7838629270687562,0.5939575465555411,0.5863166268894192,0.8577607823470411,13,4,8,10.190218835756756,4,0,3,1,0,0,2,2
fold3_0000627,sa_0005571,627,Breast,19,0,"[10,25)",AVAILABLE,1,1,1,16,0.5892230237313851,0.6857142857142857,0.8592835762749366,0.697048863086599,0.6932991014120667,0.8738211480728993,12,4,7,10.311403774582814,1,0,5,1,0,0,3,1
fold3_0000628,sa_0005572,628,Breast,25,0,"[25,50)",AVAILABLE,1,1,1,23,0.5848173855710652,0.75,0.7797565140947537,0.6040036653274125,0.5942358740993553,0.8153187440532826,18,5,7,14.03561803346208,1,0,5,1,0,0,4,1
fold3_0000629,sa_0005573,629,Breast,16,0,"[10,25)",AVAILABLE,1,1,1,15,0.698990449480908,0.8387096774193549,0.833411689765698,0.7129349123290186,0.7129349123290186,0.8324133126105364,13,2,3,10.834352800365764,0,0,3,0,0,0,2,0
fold3_0000630,sa_0005574,630,Breast,30,0,"[25,50)",AVAILABLE,1,1,1,21,0.562348232943739,0.7058823529411765,0.796659996670297,0.5316099835436094,0.5759635436780721,0.7599490296020388,18,3,12,14.339880736725343,2,0,10,0,0,0,3,0
fold3_0000631,sa_0005575,631,Breast,28,0,"[25,50)",AVAILABLE,1,1,1,27,0.6405536362246623,0.8,0.8006920452808278,0.6344577184352307,0.6420440330247685,0.8473698244010208,22,5,6,17.61522579687026,2,2,2,0,1,1,2,1
fold3_0000632,sa_0005576,632,Breast,17,0,"[10,25)",AVAILABLE,1,1,1,15,0.573973197885554,0.75,0.7652975971807388,0.5581733767583674,0.594258532921639,0.8594011725293133,12,3,5,9.183571931466462,4,0,1,0,1,0,1,1
fold3_0000633,sa_0005577,633,Breast,19,0,"[10,25)",AVAILABLE,1,1,1,16,0.7815739815187699,0.9142857142857143,0.8548465422861546,0.8188801148600143,0.8188801148600143,0.900422307297628,16,0,3,13.677545531425018,0,0,3,0,0,0,0,0
fold3_0000634,sa_0005578,634,Breast,22,0,"[10,25)",AVAILABLE,1,1,1,18,0.6827532674273844,0.8,0.8534415842842304,0.7274996399942399,0.7381432896064581,0.8798838896952105,16,2,6,13.655066201989273,1,0,5,0,0,0,2,0
fold3_0000635,sa_0005579,635,Breast,26,0,"[25,50)",AVAILABLE,1,1,1,23,0.8048877999140349,0.9387755102040817,0.8573804825171241,0.7772196134105056,0.8019158132471477,0.9227876823338735,23,0,3,19.719751955274337,1,0,2,0,0,0,0,0
fold3_0000636,sa_0005580,636,Breast,26,0,"[25,50)",AVAILABLE,1,1,1,21,0.6564095525825642,0.8085106382978723,0.8118749729310663,0.6003687099342188,0.6534848261275884,0.8533182615938365,19,2,7,15.425625297565233,4,0,3,0,0,0,1,1
fold3_0000637,sa_0005581,637,Breast,30,0,"[25,50)",AVAILABLE,1,1,1,24,0.7064515719771239,0.8518518518518519,0.8293127149296672,0.668800232752664,0.7007660195355246,0.8766770726592474,23,1,7,19.074193272695062,2,0,5,0,0,0,1,0
fold3_0000638,sa_0005582,638,Breast,19,0,"[10,25)",AVAILABLE,1,1,1,15,0.5012642281360709,0.6470588235294118,0.7746810798466549,0.4495196895476811,0.5382461053737091,0.8165680473372781,11,4,8,8.521492652994283,3,2,3,0,0,1,2,1
fold3_0000639,sa_0005583,639,Breast,13,0,"[10,25)",AVAILABLE,1,1,1,11,0.724203998706325,0.9166666666666666,0.7900407258614455,0.7257152949487814,0.7257152949487814,0.8410602804216559,11,0,2,8.690448774516625,0,0,2,0,0,0,0,0
fold3_0000640,sa_0005584,640,Breast,38,0,"[25,50)",AVAILABLE,1,1,1,32,0.4136166370583184,0.5142857142857142,0.8042545720578415,0.46539666194705454,0.4986680873734683,0.7800213295414149,18,14,20,14.476583101295718,10,4,5,1,1,3,6,4
fold3_0000641,sa_0005585,641,Breast,9,0,"[1,10)",AVAILABLE,1,1,1,9,0.518811935994406,0.6666666666666666,0.7782179039916091,0.5180696342000881,0.5220935920430458,0.758971612212105,6,3,3,4.669308202167558,1,0,2,0,0,0,3,0
fold3_0000642,sa_0005586,642,Breast,7,0,"[1,10)",AVAILABLE,1,1,1,9,0.6312385406380628,0.75,0.8416513875174171,0.6998413957176843,0.6998413957176843,0.8234196407744343,6,3,1,5.04990916675589,0,0,1,0,0,0,3,0
fold3_0000643,sa_0005587,643,Breast,16,0,"[10,25)",AVAILABLE,1,1,1,13,0.7080634588864302,0.8275862068965517,0.8555766794877698,0.7303194616841968,0.7507006726457399,0.8948210998158969,12,1,4,10.266921009429916,2,0,2,0,0,0,0,1
fold3_0000644,sa_0005588,644,Breast,18,0,"[10,25)",AVAILABLE,1,1,1,12,0.49150220287720725,0.6,0.8191703381286788,0.48492232713981115,0.5274059238958575,0.8789206721645216,9,3,9,7.372533862328447,5,0,3,1,0,0,0,3
fold3_0000645,sa_0005589,645,Breast,19,0,"[10,25)",AVAILABLE,1,1,1,17,0.7683428308517397,0.9444444444444444,0.8135394679606656,0.7107974910394266,0.7315712778252349,0.920777713290772,17,0,2,13.830171768870784,2,0,0,0,0,0,0,0
fold3_0000646,sa_0005590,646,Breast,18,0,"[10,25)",AVAILABLE,1,1,1,14,0.4868545997107747,0.625,0.7789673595372395,0.5687991876110688,0.5902257480045051,0.8286629303442754,10,4,8,7.789674374339754,1,2,5,0,0,1,3,0
fold3_0000647,sa_0005591,647,Breast,16,0,"[10,25)",AVAILABLE,1,1,1,15,0.6733149605418915,0.8387096774193549,0.8027986067999476,0.6480796335447498,0.6480796335447498,0.7865733069645625,13,2,3,10.436382691197926,0,0,3,0,0,0,2,0
fold3_0000648,sa_0005592,648,Breast,21,0,"[10,25)",AVAILABLE,1,1,1,18,0.6330060232154038,0.8205128205128205,0.7714760907937734,0.6699895566315389,0.6699895566315389,0.8023877202956226,16,2,5,12.343618224176467,0,0,5,0,0,0,2,0
fold3_0000649,sa_0005593,649,Breast,47,0,"[25,50)",AVAILABLE,1,1,1,38,0.6285481432048228,0.8,0.7856851790060284,0.6034378159757331,0.6455268731040009,0.8316115343142371,34,4,13,26.713296871890144,5,0,7,1,0,0,2,2
fold3_0000650,sa_0005594,650,Breast,32,0,"[25,50)",AVAILABLE,1,1,1,26,0.6612418447883214,0.8620689655172413,0.7670405399544529,0.606312034739454,0.6076601223044737,0.7826826826826827,25,1,7,19.176014265901863,1,0,6,0,0,0,1,0
fold3_0000651,sa_0005595,651,Breast,28,0,"[25,50)",AVAILABLE,1,1,1,18,0.585518849912332,0.7391304347826086,0.7921725616460964,0.5052863063520258,0.5102976808584285,0.6845814473156477,17,1,11,13.466934340156202,1,0,10,0,0,0,1,0
fold3_0000652,sa_0005596,652,Breast,20,0,"[10,25)",AVAILABLE,1,1,1,17,0.6488299243776346,0.8108108108108109,0.8002235733990827,0.6733433941555769,0.6733433941555769,0.8049520373862425,15,2,5,12.003354401209814,0,0,4,1,1,0,0,1
fold3_0000653,sa_0005597,653,Breast,16,0,"[10,25)",AVAILABLE,1,1,1,13,0.40643914844738427,0.5517241379310345,0.736670956560884,0.5149245388485187,0.5149245388485187,0.710501070031732,8,5,8,5.893368389158028,0,0,5,3,2,0,1,2
fold3_0000654,sa_0005598,654,Breast,20,0,"[10,25)",AVAILABLE,1,1,1,13,0.5457019699029528,0.7272727272727273,0.7503402086165601,0.5365524896923565,0.6407015326275873,0.8721751412429378,12,1,8,9.00408325373893,2,0,6,0,1,0,0,0
fold3_0000655,sa_0005599,655,Breast,17,0,"[10,25)",AVAILABLE,1,1,1,14,0.6587574901665811,0.7741935483870968,0.8508950914651673,0.5673168905710602,0.665660501619011,0.8988467874794069,12,2,5,10.210741948477098,5,0,0,0,0,0,1,1
fold3_0000656,sa_0005600,656,Breast,8,0,"[1,10)",AVAILABLE,1,1,1,8,0.655008299980093,0.75,0.8733443999734574,0.6542576216684187,0.6542576216684187,0.7921946843108669,6,2,2,5.2400672731851445,0,0,2,0,0,0,2,0
fold3_0000657,sa_0005601,657,Breast,12,0,"[10,25)",AVAILABLE,1,1,1,11,0.7689931727323878,0.9565217391304348,0.8039474078565871,0.6829976580796253,0.6829976580796253,0.8123121451630858,11,0,1,8.843422290369865,0,0,1,0,0,0,0,0
fold3_0000658,sa_0005602,658,Breast,17,0,"[10,25)",AVAILABLE,1,1,1,12,0.660131079007737,0.8275862068965517,0.7976583871343489,0.7500829737802854,0.7500829737802854,0.8571970415323346,12,0,5,9.571901443270573,0,0,5,0,0,0,0,0
fold3_0000659,sa_0005603,659,Breast,8,0,"[1,10)",AVAILABLE,1,1,1,9,0.42298583532705725,0.5882352941176471,0.7190759200559973,0.5181602482204782,0.5181602482204782,0.752103871122866,5,4,3,3.5953803193559066,0,0,2,1,3,0,1,0
fold3_0000660,sa_0005604,660,Breast,23,0,"[10,25)",AVAILABLE,1,1,1,16,0.6698200764226847,0.7692307692307693,0.87076609934949,0.7083013908662797,0.7164196188404968,0.8625921109666234,15,1,8,13.06149236100845,2,0,6,0,0,0,0,1
fold3_0000661,sa_0005605,661,Breast,13,0,"[10,25)",AVAILABLE,1,1,1,10,0.6730598303928644,0.782608695652174,0.8600208943908823,0.7429906542056075,0.7429906542056075,0.8525469168900804,9,1,4,7.740188909538834,0,0,3,1,0,0,0,1
fold3_0000662,sa_0005606,662,Breast,11,0,"[10,25)",AVAILABLE,1,1,1,6,0.44755909944869915,0.5882352941176471,0.7608504690627885,0.5478443743427971,0.5478443743427971,0.7078804347826086,5,1,6,3.8042531061644116,0,0,6,0,0,0,1,0
fold3_0000663,sa_0005607,663,Breast,10,0,"[10,25)",AVAILABLE,1,1,1,9,0.41768637574141443,0.5263157894736842,0.7936041139086875,0.45933719095213044,0.45933719095213044,0.6728426212962295,5,4,5,3.9680213631475514,0,0,2,3,2,0,0,2
fold3_0000664,sa_0005608,664,Breast,16,0,"[10,25)",AVAILABLE,1,1,1,14,0.4382853251187237,0.5333333333333333,0.821784984597607,0.5122354888284667,0.5122354888284667,0.7205284552845529,8,6,8,6.57428069856584,0,0,7,1,4,0,2,0
fold3_0000665,sa_0005609,665,Breast,13,0,"[10,25)",AVAILABLE,1,1,1,12,0.5267431519186788,0.64,0.8230361748729356,0.6742388976817801,0.6742388976817801,0.805427348050937,8,4,5,6.584290222019659,0,0,5,0,0,0,4,0
fold3_0000666,sa_0005610,666,Breast,15,0,"[10,25)",AVAILABLE,1,1,1,12,0.6448787195928479,0.7407407407407407,0.8705862714503447,0.6945077394515596,0.6945077394515596,0.8222201613651118,10,2,5,8.705863585089718,0,0,4,1,1,0,0,1
fold3_0000667,sa_0005611,667,Breast,11,0,"[10,25)",AVAILABLE,1,1,1,12,0.7235834155397539,0.8695652173913043,0.832120927870717,0.7973801850504211,0.7973801850504211,0.8961767597894615,10,2,1,8.321210110828098,0,0,1,0,1,0,1,0
fold3_0000668,sa_0005612,668,Breast,16,0,"[10,25)",AVAILABLE,1,1,1,11,0.6776481044506399,0.8148148148148148,0.8316590372803309,0.7818860483132615,0.7818860483132615,0.8775937709971938,11,0,5,9.148250241742677,0,0,5,0,0,0,0,0
fold3_0000669,sa_0005613,669,Breast,4,0,"[1,10)",AVAILABLE,1,1,1,3,0.22830208163288138,0.2857142857142857,0.7990572857150848,0.4552767052767053,0.3775901765157329,0.7883008356545961,1,2,3,0.7990580847723705,2,0,1,0,0,0,1,1
fold3_0000670,sa_0005614,670,Breast,11,0,"[10,25)",AVAILABLE,1,1,1,9,0.34540731604211017,0.4,0.8635182901052754,0.4776550998948475,0.4861713404644888,0.7547659188172741,4,5,7,3.4540740239393917,2,0,3,2,2,0,1,2
fold3_0000671,sa_0005615,671,Breast,22,0,"[10,25)",AVAILABLE,1,1,1,16,0.6948556435042256,0.7894736842105263,0.880150481772019,0.8673651019681635,0.8673651019681635,0.9292989814260036,15,1,7,13.202258106730767,0,0,7,0,1,0,0,0
fold3_0000672,sa_0005616,672,Breast,17,0,"[10,25)",AVAILABLE,1,1,1,10,0.5558073869457492,0.6666666666666666,0.8337110804186239,0.6293117676184189,0.6293117676184189,0.7724878444084279,9,1,8,7.503400557478694,0,0,8,0,0,0,1,0
fold3_0000673,sa_0005617,673,Breast,10,0,"[10,25)",AVAILABLE,1,1,1,9,0.7101401864861021,0.8421052631578947,0.8432914714522464,0.6746068919371027,0.777494986888786,0.8916561808478327,8,1,2,6.746332614909441,1,0,1,0,1,0,0,0
fold3_0000674,sa_0005618,674,Breast,17,0,"[10,25)",AVAILABLE,1,1,1,15,0.6632270120603235,0.8125,0.8162793994588597,0.7808980755523878,0.7808980755523878,0.8929000240134475,13,2,4,10.611633009244576,0,1,3,0,0,2,0,0
fold3_0000675,sa_0005619,675,Breast,7,0,"[1,10)",AVAILABLE,1,1,1,5,0.6540493420010759,0.8333333333333334,0.784859210401291,0.5367250122689351,0.574729392173189,0.8674157303370786,5,0,2,3.9242968368656657,1,0,1,0,0,0,0,0
fold3_0000676,sa_0005620,676,Breast,13,0,"[10,25)",AVAILABLE,1,1,1,13,0.843930084462857,1.0,0.843930084462857,0.8382583682008368,0.8382583682008368,0.9120136567323422,13,0,0,10.971091941947225,0,0,0,0,0,0,0,0
fold3_0000677,sa_0005621,677,Breast,15,0,"[10,25)",AVAILABLE,1,1,1,10,0.6529720690729505,0.8,0.816215086341188,0.7397455289616514,0.7397455289616514,0.8504065872244668,10,0,5,8.162151679626966,0,0,5,0,0,0,0,0
fold3_0000678,sa_0005622,678,Breast,10,0,"[10,25)",AVAILABLE,1,1,1,9,0.7331776698257103,0.8421052631578947,0.870648482918031,0.7823969188944269,0.7823969188944269,0.8779154750556085,8,1,2,6.96518873399273,0,0,2,0,0,0,1,0
fold3_0000679,sa_0005623,679,Breast,20,0,"[10,25)",AVAILABLE,1,1,1,12,0.5366410453223993,0.625,0.8586256725158389,0.6859494203159728,0.7068541072816792,0.8668159562758568,10,2,10,8.586257583784061,2,0,7,1,0,0,0,2
fold3_0000680,sa_0005624,680,Breast,18,0,"[10,25)",AVAILABLE,1,1,1,13,0.5901045798149719,0.7096774193548387,0.8315109988301876,0.6903769045709703,0.6903769045709703,0.8168319180226766,11,2,7,9.146621818643062,0,0,6,1,0,0,1,1
fold3_0000681,sa_0005625,681,Breast,15,0,"[10,25)",AVAILABLE,1,1,1,13,0.6003382096634213,0.7857142857142857,0.7640668122988999,0.6334526458353488,0.6334526458353488,0.7992893100384957,11,2,4,8.404735699354712,0,0,3,1,2,0,0,0
fold3_0000682,sa_0005626,682,Breast,11,0,"[10,25)",AVAILABLE,1,1,1,9,0.7262368570972612,0.9,0.8069298412191791,0.799663735126746,0.799663735126746,0.9016169601149838,9,0,2,7.262369377902453,0,0,2,0,0,0,0,0
fold3_0000683,sa_0005627,683,Breast,21,0,"[10,25)",AVAILABLE,1,1,1,22,0.8046279921865184,0.9302325581395349,0.8649750916005072,0.8063079931760496,0.8063079931760496,0.8927691138190781,20,2,1,17.299502696985236,0,0,1,0,0,0,2,0
fold3_0000684,sa_0005628,684,Breast,19,0,"[10,25)",AVAILABLE,1,1,1,15,0.6925977224557576,0.8235294117647058,0.8410115201248485,0.8341887090406632,0.8341887090406632,0.9215095422585737,14,1,5,11.774162122759398,0,0,5,0,1,0,0,0
fold3_0000685,sa_0005629,685,Breast,15,0,"[10,25)",AVAILABLE,1,1,1,11,0.6722010587307911,0.8461538461538461,0.7944194330454803,0.6833942152224685,0.6837088388214905,0.9037570766855378,11,0,4,8.738614557919716,1,0,3,0,0,0,0,0
fold3_0000686,sa_0005630,686,Breast,15,0,"[10,25)",AVAILABLE,1,1,1,15,0.6617936177225948,0.8,0.8272420221532435,0.7209975714552588,0.7209975714552588,0.8378833107191316,12,3,3,9.926905093080943,0,0,2,1,0,0,2,1
fold3_0000687,sa_0005631,687,Breast,13,0,"[10,25)",AVAILABLE,1,1,1,9,0.5449460178559499,0.6363636363636364,0.856343742345064,0.5615663196016297,0.5734355044699873,0.8055194805194805,7,2,6,5.994407052759191,2,0,4,0,0,0,1,1
fold3_0000688,sa_0005632,688,Breast,12,0,"[10,25)",AVAILABLE,1,1,1,8,0.64518925108993,0.8,0.8064865638624124,0.680741306839893,0.6980802792321117,0.9154676258992805,8,0,4,6.451893317385862,1,0,3,0,0,0,0,0
fold3_0000689,sa_0005633,689,Breast,16,0,"[10,25)",AVAILABLE,1,1,1,12,0.5985522902889283,0.7142857142857143,0.8379732064044996,0.6900135562584727,0.6900135562584727,0.8366310160427808,10,2,6,8.379732902018201,0,2,4,0,0,2,0,0
fold3_0000690,sa_0005634,690,Breast,17,0,"[10,25)",AVAILABLE,1,1,1,12,0.7038104756019767,0.8275862068965517,0.8504376580190552,0.7860788567053719,0.7860788567053719,0.8802286122521878,12,0,5,10.20525274666632,0,0,5,0,0,0,0,0
fold3_0000691,sa_0005635,691,Breast,9,0,"[1,10)",AVAILABLE,1,1,1,6,0.5516114930515472,0.6666666666666666,0.8274172395773209,0.6433033971105037,0.6433033971105037,0.7829392895330878,5,1,4,4.1370870253038445,0,0,4,0,0,0,1,0
fold3_0000692,sa_0005636,692,Breast,13,0,"[10,25)",AVAILABLE,1,1,1,11,0.49326824437422645,0.5833333333333334,0.845602704641531,0.5512876856816384,0.5512876856816384,0.838461102612046,7,4,6,5.919219778093422,0,0,5,1,3,0,1,0
fold3_0000693,sa_0005637,693,Breast,14,0,"[10,25)",AVAILABLE,1,1,1,14,0.6805797380953723,0.7857142857142857,0.8661923939395648,0.7579121043947803,0.7906865861411316,0.9095588887902725,11,3,3,9.528117199527607,0,3,0,0,1,2,0,0
fold3_0000694,sa_0005638,694,Breast,14,0,"[10,25)",AVAILABLE,1,1,1,15,0.5147439311565017,0.6206896551724138,0.8293096668632528,0.6661506308537812,0.6661506308537812,0.825458768873403,9,6,5,7.463787831078942,0,0,2,3,4,0,1,1
fold3_0000695,sa_0005639,695,Breast,10,0,"[10,25)",AVAILABLE,1,1,1,10,0.6492748444139084,0.8,0.8115935555173854,0.7324414715719063,0.7324414715719063,0.8455598455598455,8,2,2,6.4927492557326385,0,0,2,0,0,0,2,0
fold3_0000696,sa_0005640,696,Breast,13,0,"[10,25)",AVAILABLE,1,1,1,12,0.5833662901619732,0.72,0.8102309585582961,0.6308672762538099,0.7275021584645016,0.875321979162662,9,3,4,7.292079437255623,1,0,3,0,0,0,3,0
fold3_0000697,sa_0005641,697,Breast,9,0,"[1,10)",AVAILABLE,1,1,1,5,0.5489984742077957,0.7142857142857143,0.7685978638909139,0.6370538355353974,0.6423901823603624,0.9023743016759777,5,0,4,3.8429900880524337,1,0,3,0,0,0,0,0
fold3_0000698,sa_0005642,698,Breast,6,0,"[1,10)",AVAILABLE,1,1,1,4,0.688412781584554,0.8,0.8605159769806924,0.7845376674719965,0.7845376674719965,0.8792615384615384,4,0,2,3.4420647684387466,0,0,2,0,0,0,0,0
fold3_0000699,sa_0005643,699,Breast,6,0,"[1,10)",AVAILABLE,1,1,1,6,0.6225149146334782,0.8333333333333334,0.7470178975601738,0.6683794466403162,0.6683794466403162,0.8012319355602938,5,1,1,3.7350902348187667,0,0,1,0,0,0,1,0
fold3_0000700,sa_0005644,700,Breast,20,0,"[10,25)",AVAILABLE,1,1,1,12,0.5678951805307371,0.6875,0.826029353499254,0.6264785881459928,0.6219471170019512,0.8371012568963372,11,1,9,9.086323714521146,2,0,7,0,0,0,0,1
fold3_0000701,sa_0005645,701,Breast,8,0,"[1,10)",AVAILABLE,1,1,1,5,0.5317038520442671,0.6153846153846154,0.8640187595719339,0.597706963412578,0.597706963412578,0.7482059940903335,4,1,4,3.456075902306495,0,0,4,0,0,0,1,0
fold3_0000702,sa_0005646,702,Breast,21,0,"[10,25)",AVAILABLE,1,1,1,11,0.5349002931538347,0.625,0.8558404690461355,0.6078886310904872,0.5983393146154388,0.8305890640133838,10,1,11,8.558405546301824,2,0,9,0,0,0,0,1
fold3_0000703,sa_0005647,703,Breast,14,0,"[10,25)",AVAILABLE,1,1,1,13,0.6499743012911915,0.7407407407407407,0.8774653067431085,0.6747617940971415,0.672208730306993,0.8649735607358308,10,3,4,8.774653944896391,1,0,2,1,0,0,2,1
fold3_0000704,sa_0005648,704,Breast,12,0,"[10,25)",AVAILABLE,1,1,1,8,0.6760080066503686,0.8,0.8450100083129607,0.7056775897251231,0.7056775897251231,0.8274454609429979,8,0,4,6.760080911513693,0,0,4,0,0,0,0,0
fold3_0000705,sa_0005649,705,Breast,14,0,"[10,25)",AVAILABLE,1,1,1,7,0.5575466190230571,0.6666666666666666,0.8363199285345857,0.671792328042328,0.671792328042328,0.8036791613094649,7,0,7,5.854240336062029,0,0,7,0,0,0,0,0
fold3_0000706,sa_0005650,706,Colon,43,0,"[25,50)",AVAILABLE,1,1,1,30,0.6113741306824841,0.7671232876712328,0.7969698489253811,0.5358902555740669,0.5724212812160695,0.8376743543709433,28,2,15,22.31515656688052,7,0,8,0,0,0,0,2
fold3_0000707,sa_0005651,707,Colon,16,0,"[10,25)",AVAILABLE,1,1,1,14,0.7191077122986478,0.8666666666666667,0.8297396680369012,0.7296634722531758,0.7426307817779331,0.8755766530721402,13,1,3,10.786616514219384,2,0,1,0,0,0,0,1
fold3_0000708,sa_0005652,708,Colon,16,0,"[10,25)",AVAILABLE,1,1,1,13,0.5962664156138557,0.7586206896551724,0.785987547854628,0.5644668047745881,0.5595905172413793,0.7907137428314793,11,2,5,8.645863812388455,1,0,3,1,0,0,1,1
fold3_0000709,sa_0005653,709,Colon,37,0,"[25,50)",AVAILABLE,1,1,1,40,0.5590873758501332,0.7012987012987013,0.7972171840825973,0.5873443486590039,0.6025040088812138,0.7551860832082515,27,13,10,21.524864767447312,2,0,3,5,0,0,7,6
fold3_0000710,sa_0005654,710,Colon,4,0,"[1,10)",AVAILABLE,1,1,1,3,0.7496710421398126,0.8571428571428571,0.8746162158297814,0.7548387096774194,0.7548387096774194,0.8602941176470589,3,0,1,2.6238495221055604,0,0,1,0,0,0,0,0
fold3_0000711,sa_0005655,711,Colon,34,0,"[25,50)",AVAILABLE,1,1,1,24,0.40339741809800383,0.4827586206896552,0.8356089374887222,0.3687267831766847,0.4778968900337134,0.7773933102652826,14,10,20,11.698525960451049,5,6,8,1,0,3,4,3
fold3_0000712,sa_0005656,712,Colon,28,0,"[25,50)",AVAILABLE,1,1,1,22,0.6244500082470335,0.76,0.8216447476934651,0.6434327725151986,0.6852325265161817,0.8850014524093858,19,3,9,15.611251027820584,4,0,5,0,0,0,2,1
fold3_0000713,sa_0005657,713,Colon,17,0,"[10,25)",AVAILABLE,1,1,1,17,0.3280114789402054,0.4117647058823529,0.7965993059976416,0.26354112100576216,0.30727762803234504,0.5938144329896907,7,10,10,5.5761959385827975,4,0,4,2,1,0,6,3
fold3_0000714,sa_0005658,714,Colon,26,0,"[25,50)",AVAILABLE,1,1,1,20,0.4772768185159821,0.6086956521739131,0.7840976304191134,0.5097874131761735,0.5593059509285617,0.8439537511953403,14,6,12,10.977367609965217,4,3,4,1,0,1,3,2
fold3_0000715,sa_0005659,715,Colon,28,0,"[25,50)",AVAILABLE,1,1,1,21,0.5888458345692995,0.6938775510204082,0.8486307615851669,0.6060329067641682,0.6399195131527287,0.8336375879096214,17,4,11,14.4267237955786,3,0,6,2,0,0,1,3
fold3_0000716,sa_0005660,716,Colon,53,0,"[50,+inf)",AVAILABLE,1,1,1,43,0.45050488206225237,0.5833333333333334,0.7722940835352897,0.5050081481775905,0.5165437982475737,0.839124670605758,28,15,25,21.624235111282196,10,11,4,0,0,7,5,3
fold3_0000717,sa_0005661,717,Colon,15,0,"[10,25)",AVAILABLE,1,1,1,15,0.49753248807041955,0.6,0.8292208134506993,0.4093102099361064,0.49290610553164355,0.6880939668980246,9,6,6,7.4629881502771065,2,0,3,1,2,0,4,0
fold3_0000718,sa_0005662,718,Colon,11,0,"[10,25)",AVAILABLE,1,1,1,10,0.5104985221754582,0.7619047619047619,0.670029310355289,0.5713222156045265,0.5713222156045265,0.727186582014593,8,2,3,5.360235152871622,0,0,2,1,0,0,1,1
fold3_0000719,sa_0005663,719,Colon,9,0,"[1,10)",AVAILABLE,1,1,1,11,0.5782618666120063,0.7,0.8260883808742948,0.586987951807229,0.586987951807229,0.7397509869419981,7,4,2,5.782619492208445,0,0,2,0,0,0,4,0
fold3_0000720,sa_0005664,720,Colon,15,0,"[10,25)",AVAILABLE,1,1,1,14,0.5725698285581159,0.6896551724137931,0.830226251409268,0.5304810463311904,0.5304810463311904,0.6932213209733488,10,4,5,8.30226334431893,0,0,3,2,0,0,2,2
fold3_0000721,sa_0005665,721,Colon,9,0,"[1,10)",AVAILABLE,1,1,1,8,0.47689972268300695,0.5882352941176471,0.8107295285611118,0.4412685982772122,0.4412685982772122,0.6123336049986416,5,3,4,4.053648453535088,0,0,4,0,0,0,3,0
fold3_0000722,sa_0005666,722,Colon,8,0,"[1,10)",AVAILABLE,1,1,1,10,0.6657724214983606,0.7777777777777778,0.855993113355035,0.6044025157232704,0.6044025157232704,0.7534300274402195,7,3,1,5.991952649478359,0,0,1,0,0,0,3,0
fold3_0000723,sa_0005667,723,Colon,15,0,"[10,25)",AVAILABLE,1,1,1,14,0.5384239597774846,0.6206896551724138,0.8674608240859474,0.5727975790181573,0.5727975790181573,0.7283805451630144,9,5,6,7.80714828423435,0,0,4,2,0,0,3,2
fold3_0000724,sa_0005668,724,Colon,26,0,"[25,50)",AVAILABLE,1,1,1,24,0.710512465178897,0.88,0.807400528612383,0.7405391050325322,0.7405391050325322,0.8509307293256027,22,2,4,17.762812436872956,0,0,4,0,0,0,2,0
fold3_0000725,sa_0005669,725,Colon,16,0,"[10,25)",AVAILABLE,1,1,1,17,0.634739593234928,0.7878787878787878,0.8056310221827933,0.6547778273146084,0.6547778273146084,0.7913785361472834,13,4,3,10.473204094007334,0,0,2,1,0,0,3,1
fold3_0000726,sa_0005670,726,Colon,10,0,"[10,25)",AVAILABLE,1,1,1,14,0.5770106794285282,0.75,0.769347572571371,0.5420313454101364,0.5420313454101364,0.7610876451953538,9,5,1,6.924128922489911,0,0,0,1,2,0,3,0
fold3_0000727,sa_0005671,727,Colon,12,0,"[10,25)",AVAILABLE,1,1,1,11,0.66331280450798,0.8695652173913043,0.7628097251841771,0.6640572578841423,0.6640572578841423,0.7981182795698925,10,1,2,7.628098014651496,0,0,2,0,0,0,1,0
fold3_0000728,sa_0005672,728,Colon,33,0,"[25,50)",AVAILABLE,1,1,1,28,0.451578128714743,0.5901639344262295,0.7651740514333145,0.44773717470659813,0.48152840419601683,0.7857020694373182,18,10,15,13.773133690973713,5,5,3,2,0,3,3,4
fold3_0000729,sa_0005673,729,Colon,37,0,"[25,50)",AVAILABLE,1,1,1,27,0.5094147811194977,0.625,0.8150636497911963,0.506516047421528,0.558138627764559,0.8671206128273169,20,7,17,16.301273810887576,7,6,4,0,0,3,2,2
fold3_0000730,sa_0005674,730,Colon,25,0,"[25,50)",AVAILABLE,1,1,1,26,0.611679032728045,0.7450980392156863,0.8209376491876393,0.5957058304999371,0.605535878263151,0.7730206716234986,19,7,6,15.597816155502798,1,0,5,0,0,0,7,0
fold3_0000731,sa_0005675,731,Colon,11,0,"[10,25)",AVAILABLE,1,1,1,14,0.6669797509897624,0.8,0.833724688737203,0.6456261416683581,0.6456261416683581,0.7846571287617168,10,4,1,8.337247721096718,0,0,1,0,0,0,4,0
fold3_0000732,sa_0005676,732,Colon,8,0,"[1,10)",AVAILABLE,1,1,1,7,0.6665534874468517,0.9333333333333333,0.7141644508359125,0.5670103092783505,0.6696588868940754,0.8575268817204301,7,0,1,4.999151870015838,1,0,0,0,0,0,0,0
fold3_0000733,sa_0005677,733,Colon,5,0,"[1,10)",AVAILABLE,1,1,1,4,0.15916939100361938,0.2222222222222222,0.7162622595162872,0.3415271966527197,0.3415271966527197,0.5091617933723197,1,3,4,0.7162629757785467,0,0,2,2,0,0,1,2
fold3_0000734,sa_0005678,734,Colon,1,0,"[1,10)",AVAILABLE,1,1,1,1,0.64203169053182,1.0,0.64203169053182,0.6420323325635104,0.6420323325635104,0.7819971870604782,1,0,0,0.6420323325635104,0,0,0,0,0,0,0,0
fold3_0000735,NOT_FOUND,735,Colon,0,1,"[0,1)",NOT_EVALUATED,0,0,0,NOT_EVALUATED,NOT_EVALUATED,NOT_EVALUATED,NOT_EVALUATED,NOT_EVALUATED,NOT_EVALUATED,NOT_EVALUATED,NOT_EVALUATED,NOT_EVALUATED,NOT_EVALUATED,NOT_EVALUATED,NOT_EVALUATED,NOT_EVALUATED,NOT_EVALUATED,NOT_EVALUATED,NOT_EVALUATED,NOT_EVALUATED,NOT_EVALUATED,NOT_EVALUATED
fold3_0000736,sa_0005679,736,Colon,19,0,"[10,25)",AVAILABLE,1,1,1,19,0.5981235909493415,0.7368421052631579,0.811739159145535,0.5718218734943905,0.588675043741053,0.8321986383660392,14,5,5,11.364349039776648,2,2,0,1,0,1,2,2
fold3_0000737,sa_0005680,737,Colon,47,0,"[25,50)",AVAILABLE,1,1,1,49,0.5854206450312976,0.6875,0.8515209382273421,0.5442249722354434,0.5711074142349715,0.7879117419797956,33,16,14,28.100191813023226,5,2,3,4,0,1,9,6
fold3_0000738,sa_0005681,738,Colon,22,0,"[10,25)",AVAILABLE,1,1,1,20,0.34630257147895344,0.47619047619047616,0.7272354001058022,0.3674174031486585,0.396031746031746,0.6967475539331558,10,10,12,7.272354728293422,6,4,2,0,0,2,6,2
fold3_0000739,sa_0005682,739,Colon,24,0,"[10,25)",AVAILABLE,1,1,1,12,0.12979168676550185,0.16666666666666666,0.7787501205930112,0.12983522663850322,0.1715327402654222,0.755166060847483,3,9,21,2.3362511405291544,9,11,1,0,0,2,5,2
fold3_0000740,sa_0005683,740,Colon,2,0,"[1,10)",AVAILABLE,1,1,1,4,0.0,0.0,0.0,0.29450261780104714,0.29450261780104714,0.455005055611729,0,4,2,0.0,0,0,0,2,0,0,2,2
fold3_0000741,sa_0005684,741,Colon,20,0,"[10,25)",AVAILABLE,1,1,1,17,0.20238029589535403,0.2702702702702703,0.7488070948128098,0.3009531654506943,0.2941630239136025,0.6911716007682628,5,12,15,3.744036222871144,4,8,3,0,0,4,6,2
fold3_0000742,sa_0005685,742,Colon,23,0,"[10,25)",AVAILABLE,1,1,1,22,0.4722326775126091,0.6222222222222222,0.758945374573836,0.5429354967719819,0.5420480898327841,0.7841538705081526,14,8,9,10.62523600297908,2,5,2,0,0,4,3,1
fold3_0000743,sa_0005686,743,Colon,21,0,"[10,25)",AVAILABLE,1,1,1,23,0.5349833453046894,0.6818181818181818,0.7846422397802112,0.5578053097345133,0.5578053097345133,0.7334121068896564,15,8,6,11.769634381345407,0,0,4,2,2,0,5,1
fold3_0000744,sa_0005687,744,Colon,20,0,"[10,25)",AVAILABLE,1,1,1,16,0.5260381764606756,0.7222222222222222,0.728360552022474,0.45539702233250623,0.46641139325540776,0.6725915067112557,13,3,7,9.468687904652713,2,0,5,0,0,0,3,0
fold3_0000745,sa_0005688,745,Colon,30,0,"[25,50)",AVAILABLE,1,1,1,14,0.3640902957613087,0.45454545454545453,0.8009986506748792,0.3809698526264294,0.383311053261099,0.6353695132495804,10,4,20,8.009987307747442,6,0,13,1,0,0,1,3
fold3_0000746,sa_0005689,746,Colon,25,0,"[25,50)",AVAILABLE,1,1,1,16,0.5625747349924813,0.6829268292682927,0.823770147667562,0.4833276817000113,0.47402211389846627,0.6897886755928375,14,2,11,11.532782891116014,2,0,9,0,0,0,1,1
fold3_0000747,sa_0005690,747,Colon,24,0,"[10,25)",AVAILABLE,1,1,1,10,0.3039300578169596,0.4117647058823529,0.7381158546983304,0.29578574241827493,0.30139103554868624,0.5351543942992875,7,3,17,5.1668117210041675,6,0,11,0,0,0,0,3
fold3_0000748,sa_0005691,748,Colon,35,0,"[25,50)",AVAILABLE,1,1,1,21,0.5142610623533378,0.6428571428571429,0.7999616525496366,0.4481999152901313,0.5019898892115736,0.7578057863076483,18,3,17,14.399310545855112,6,0,10,1,0,0,0,3
fold3_0000749,sa_0005692,749,Colon,6,0,"[1,10)",AVAILABLE,1,1,1,4,0.7148607286008639,0.8,0.8935759107510798,0.6433234421364985,0.6433234421364985,0.7829541350668111,4,0,2,3.57430453658023,0,0,2,0,0,0,0,0
fold3_0000750,sa_0005693,750,Colon,22,0,"[10,25)",AVAILABLE,1,1,1,17,0.5977987354210774,0.717948717948718,0.832648238622215,0.6501689524945339,0.657545435981213,0.8059627941357644,14,3,8,11.657076173359249,2,0,5,1,0,0,1,2
fold3_0000751,sa_0005694,751,Colon,12,0,"[10,25)",AVAILABLE,1,1,1,8,0.5320068599430323,0.7,0.7600097999186177,0.5683520599250936,0.577191235059761,0.7666561414587938,7,1,5,5.320069359440124,1,0,4,0,0,0,1,0
fold3_0000752,sa_0005695,752,Colon,27,0,"[25,50)",AVAILABLE,1,1,1,14,0.5777931787736543,0.6829268292682927,0.8460542974899938,0.48318370628433605,0.4800796812749004,0.6933282061142088,14,0,13,11.84476101091421,1,0,12,0,0,0,0,0
fold3_0000753,sa_0005696,753,Colon,22,0,"[10,25)",AVAILABLE,1,1,1,17,0.6808982703400923,0.8205128205128205,0.8298447669769875,0.644471409070226,0.6617239693661398,0.8333006471857227,16,1,6,13.277517101476567,1,0,5,0,0,0,1,0
fold3_0000754,NOT_FOUND,754,Colon,0,1,"[0,1)",NOT_EVALUATED,0,0,0,NOT_EVALUATED,NOT_EVALUATED,NOT_EVALUATED,NOT_EVALUATED,NOT_EVALUATED,NOT_EVALUATED,NOT_EVALUATED,NOT_EVALUATED,NOT_EVALUATED,NOT_EVALUATED,NOT_EVALUATED,NOT_EVALUATED,NOT_EVALUATED,NOT_EVALUATED,NOT_EVALUATED,NOT_EVALUATED,NOT_EVALUATED,NOT_EVALUATED,NOT_EVALUATED
fold3_0000755,sa_0005697,755,Colon,4,0,"[1,10)",AVAILABLE,1,1,1,4,0.6173959918170921,0.75,0.8231946557561229,0.5921895006402048,0.5921895006402048,0.7438681141938078,3,1,1,2.4695847904630246,0,0,1,0,0,0,1,0
fold3_0000756,sa_0005698,756,Colon,1,0,"[1,10)",AVAILABLE,1,1,1,1,0.0,0.0,0.0,0.2802690582959641,0.2802690582959641,0.43782837127845886,0,1,1,0.0,0,0,0,1,0,0,0,1
fold3_0000757,sa_0005699,757,Colon,2,0,"[1,10)",AVAILABLE,1,1,1,2,0.4448352359159378,0.5,0.8896704718318756,0.7310293012772352,0.7310293012772352,0.8446180555555556,1,1,1,0.8896713615023474,0,0,0,1,0,0,0,1
fold3_0000758,sa_0005700,758,Colon,2,0,"[1,10)",AVAILABLE,1,1,1,2,0.0,0.0,0.0,0.25069637883008355,0.25069637883008355,0.40089086859688194,0,2,2,0.0,0,0,1,1,0,0,1,1
fold3_0000759,sa_0005701,759,Colon,115,0,"[50,+inf)",AVAILABLE,1,1,1,96,0.5962231956487577,0.6919431279620853,0.861665029327999,0.5452266279606782,0.5955327328338524,0.8754132958142807,73,23,42,62.901548002608955,25,7,6,4,2,2,8,11
fold3_0000760,sa_0005702,760,Colon,117,0,"[50,+inf)",AVAILABLE,1,1,1,81,0.5439448988018948,0.6565656565656566,0.8284699227905782,0.4994074044314096,0.5620605695838918,0.8741812322673298,65,16,52,53.8505458098575,33,2,12,5,0,0,1,15
fold3_0000761,sa_0005703,761,Colon,5,0,"[1,10)",AVAILABLE,1,1,1,5,0.8517416436541235,1.0,0.8517416436541235,0.8474934036939314,0.8474934036939314,0.9174521565267066,5,0,0,4.258709070012261,0,0,0,0,0,0,0,0
fold3_0000762,NOT_FOUND,762,Colon,0,1,"[0,1)",NOT_EVALUATED,0,0,0,NOT_EVALUATED,NOT_EVALUATED,NOT_EVALUATED,NOT_EVALUATED,NOT_EVALUATED,NOT_EVALUATED,NOT_EVALUATED,NOT_EVALUATED,NOT_EVALUATED,NOT_EVALUATED,NOT_EVALUATED,NOT_EVALUATED,NOT_EVALUATED,NOT_EVALUATED,NOT_EVALUATED,NOT_EVALUATED,NOT_EVALUATED,NOT_EVALUATED,NOT_EVALUATED
fold3_0000763,sa_0005704,763,Colon,18,0,"[10,25)",AVAILABLE,1,1,1,13,0.3195900110676961,0.45161290322580644,0.7076635959356128,0.25200858326263786,0.32264578408195427,0.7533792589834295,7,6,11,4.9536458792128855,7,4,0,0,0,1,3,2
fold3_0000764,sa_0005705,764,Colon,22,0,"[10,25)",AVAILABLE,1,1,1,21,0.3902824823771319,0.5116279069767442,0.7628248519189397,0.29079639564560655,0.37641752577319587,0.7024311081983584,11,10,11,8.391074133933188,5,5,0,1,0,1,6,3
fold3_0000765,sa_0005706,765,Colon,17,0,"[10,25)",AVAILABLE,1,1,1,15,0.49156751821262323,0.625,0.7865080291401971,0.4549079172204291,0.5276524133710702,0.7480847228481298,10,5,7,7.86508107791,1,4,2,0,0,2,3,0
fold3_0000766,sa_0005707,766,Colon,26,0,"[25,50)",AVAILABLE,1,1,1,20,0.30526635436761385,0.391304347826087,0.7801251278283464,0.28628625143613134,0.34680094432656966,0.7376408981982782,9,11,17,7.021126930580245,14,1,0,2,3,1,1,6
fold3_0000767,sa_0005708,767,Colon,21,0,"[10,25)",AVAILABLE,1,1,1,16,0.35179991609349204,0.43243243243243246,0.8135373059662003,0.3930558749137733,0.45966815571155073,0.747693787434967,8,8,13,6.508299261266908,11,0,2,0,0,0,4,4
fold3_0000768,sa_0005709,768,Colon,24,0,"[10,25)",AVAILABLE,1,1,1,19,0.3586412855088872,0.4186046511627907,0.8567541820490082,0.3006897509489862,0.39386171046072777,0.6649637273934812,9,10,15,7.710788495195255,7,3,3,2,0,2,4,4
fold3_0000769,sa_0005710,769,Colon,20,0,"[10,25)",AVAILABLE,1,1,1,18,0.2865179707716319,0.3684210526315789,0.7776916349515722,0.39588540665256683,0.37157270306880286,0.7188393951777687,7,11,13,5.44384222235264,6,2,2,3,0,2,3,6
fold3_0000770,sa_0005711,770,Colon,27,0,"[25,50)",AVAILABLE,1,1,1,20,0.2452736905792946,0.2978723404255319,0.8234188183733462,0.17915570934256056,0.2836586766183436,0.7443043636261986,7,13,20,5.763932552032242,8,9,2,1,2,2,5,4
fold3_0000771,sa_0005712,771,Colon,22,0,"[10,25)",AVAILABLE,1,1,1,19,0.27781450933188306,0.3902439024390244,0.7118996801629504,0.3340106781416846,0.3571845020406,0.7106928063735062,8,11,14,5.6951981532032825,9,1,2,2,2,3,2,4
fold3_0000772,sa_0005713,772,Colon,16,0,"[10,25)",AVAILABLE,1,1,1,12,0.509835200759031,0.5714285714285714,0.8922116013283042,0.36466499636304855,0.48239067818800735,0.7994700816957385,8,4,8,7.1376937028380345,7,0,0,1,0,0,0,4
fold3_0000773,sa_0005714,773,Colon,25,0,"[25,50)",AVAILABLE,1,1,1,15,0.38231427234306525,0.5,0.7646285446861305,0.3759139191612636,0.3875980042765502,0.5616396137250873,10,5,15,7.6462862114898495,1,0,12,2,1,0,2,2
fold3_0000774,sa_0005715,774,Colon,19,0,"[10,25)",AVAILABLE,1,1,1,20,0.4038283194118366,0.5128205128205128,0.7874652228530815,0.425531914893617,0.4495639422705873,0.8091790011713342,10,10,9,7.874653015996038,0,5,2,2,3,4,2,1
fold3_0000775,sa_0005716,775,Colon,23,0,"[10,25)",AVAILABLE,1,1,1,22,0.3490084040936808,0.4888888888888889,0.7138808265552562,0.4410190906894052,0.46593993892093655,0.7557073001359914,11,11,12,7.8526898059886445,3,6,2,1,3,4,3,1
fold3_0000776,sa_0005717,776,Colon,99,0,"[50,+inf)",AVAILABLE,1,1,1,54,0.42899624966364647,0.5098039215686274,0.8414926435709988,0.3115576175206386,0.4290697674418605,0.8263719374378447,39,15,60,32.818213940761595,25,22,11,2,0,4,1,10
fold3_0000777,sa_0005718,777,Colon,96,0,"[50,+inf)",AVAILABLE,1,1,1,59,0.4349188827034279,0.5419354838709678,0.8025288907027538,0.45816174726719994,0.5036763611466675,0.8430701007661394,42,17,54,33.70621421204455,32,9,12,1,0,4,0,13
fold3_0000778,NOT_FOUND,778,Colon,0,1,"[0,1)",NOT_EVALUATED,0,0,0,NOT_EVALUATED,NOT_EVALUATED,NOT_EVALUATED,NOT_EVALUATED,NOT_EVALUATED,NOT_EVALUATED,NOT_EVALUATED,NOT_EVALUATED,NOT_EVALUATED,NOT_EVALUATED,NOT_EVALUATED,NOT_EVALUATED,NOT_EVALUATED,NOT_EVALUATED,NOT_EVALUATED,NOT_EVALUATED,NOT_EVALUATED,NOT_EVALUATED,NOT_EVALUATED
fold3_0000779,sa_0005719,779,Colon,1,0,"[1,10)",AVAILABLE,1,1,1,1,0.8013460000008015,1.0,0.8013460000008015,0.8013468013468014,0.8013468013468014,0.8897196261682243,1,0,0,0.8013468013468014,0,0,0,0,0,0,0,0
fold3_0000780,NOT_FOUND,780,Colon,0,1,"[0,1)",NOT_EVALUATED,0,0,0,NOT_EVALUATED,NOT_EVALUATED,NOT_EVALUATED,NOT_EVALUATED,NOT_EVALUATED,NOT_EVALUATED,NOT_EVALUATED,NOT_EVALUATED,NOT_EVALUATED,NOT_EVALUATED,NOT_EVALUATED,NOT_EVALUATED,NOT_EVALUATED,NOT_EVALUATED,NOT_EVALUATED,NOT_EVALUATED,NOT_EVALUATED,NOT_EVALUATED,NOT_EVALUATED
fold3_0000781,sa_0005720,781,Colon,1,0,"[1,10)",AVAILABLE,1,1,1,1,0.0,0.0,0.0,0.49056603773584906,0.49056603773584906,0.6582278481012658,0,1,1,0.0,0,0,0,1,0,0,0,1
fold3_0000782,sa_0005721,782,Colon,4,0,"[1,10)",AVAILABLE,1,1,1,4,0.8170473524456869,1.0,0.8170473524456869,0.8074074074074075,0.8074074074074075,0.8934426229508197,4,0,0,3.2681902268301,0,0,0,0,0,0,0,0
fold3_0000783,sa_0005722,783,Colon,1,0,"[1,10)",AVAILABLE,1,1,1,2,0.6109385015485986,0.6666666666666666,0.916407752322898,0.30610134436401243,0.30610134436401243,0.46872525732383213,1,1,0,0.9164086687306502,0,0,0,0,0,0,1,0
fold3_0000784,NOT_FOUND,784,Colon,0,1,"[0,1)",NOT_EVALUATED,0,0,0,NOT_EVALUATED,NOT_EVALUATED,NOT_EVALUATED,NOT_EVALUATED,NOT_EVALUATED,NOT_EVALUATED,NOT_EVALUATED,NOT_EVALUATED,NOT_EVALUATED,NOT_EVALUATED,NOT_EVALUATED,NOT_EVALUATED,NOT_EVALUATED,NOT_EVALUATED,NOT_EVALUATED,NOT_EVALUATED,NOT_EVALUATED,NOT_EVALUATED,NOT_EVALUATED
fold3_0000785,sa_0005723,785,Colon,27,0,"[25,50)",AVAILABLE,1,1,1,24,0.6545031251657856,0.8235294117647058,0.7947537948441682,0.6707349429556911,0.6707349429556911,0.8048276957281245,21,3,6,16.689830486481327,0,0,6,0,0,0,3,0
fold3_0000786,sa_0005724,786,Colon,44,0,"[25,50)",AVAILABLE,1,1,1,23,0.4231692526321422,0.5671641791044776,0.7461142085882508,0.42819863381687007,0.4500400391493905,0.684665889427502,19,4,25,14.176170709290975,6,0,17,2,0,0,1,3
fold3_0000787,sa_0005725,787,Colon,37,0,"[25,50)",AVAILABLE,1,1,1,24,0.43567803178909875,0.5573770491803278,0.7816576452686772,0.2829558906289418,0.43088854769497265,0.8060309249986244,17,7,20,13.288180751225159,8,7,5,0,0,2,2,3
fold3_0000788,sa_0005726,788,Colon,36,0,"[25,50)",AVAILABLE,1,1,1,15,0.3675377154413872,0.47058823529411764,0.7810176453129478,0.4160258553438092,0.4160258553438092,0.5875964111443412,12,3,24,9.372212524773019,0,0,22,2,0,0,1,2
fold3_0000789,sa_0005727,789,Colon,43,0,"[25,50)",AVAILABLE,1,1,1,23,0.3051315716458745,0.3939393939393939,0.7745647587933738,0.3351703406813627,0.37724852496762123,0.6308970273235464,13,10,30,10.069342638878618,8,1,19,2,0,1,4,5
fold3_0000790,sa_0005728,790,Colon,45,0,"[25,50)",AVAILABLE,1,1,1,38,0.4818215986124844,0.6506024096385542,0.7405776423117816,0.5302979011509817,0.535823104378863,0.7402788799455844,27,11,18,19.995597082995747,1,1,11,5,5,1,2,3
fold3_0000791,sa_0005729,791,Colon,11,0,"[10,25)",AVAILABLE,1,1,1,10,0.6874413013438984,0.7619047619047619,0.9022667080138667,0.5277874261896491,0.5277874261896491,0.6909173581902921,8,2,3,7.218134566377641,0,0,2,1,0,0,1,1
fold3_0000792,sa_0005730,792,Colon,8,0,"[1,10)",AVAILABLE,1,1,1,9,0.4617068794922746,0.5882352941176471,0.7849016951368668,0.37782669601761054,0.37782669601761054,0.5484386347131445,5,4,3,3.9245092605860292,0,0,2,1,0,0,3,1
fold3_0000793,sa_0005731,793,Colon,6,0,"[1,10)",AVAILABLE,1,1,1,5,0.7930353566243387,0.9090909090909091,0.8723388922867725,0.7625452664252458,0.7625452664252458,0.8652773701203404,5,0,1,4.361695333772755,0,0,1,0,0,0,0,0
fold3_0000794,sa_0005732,794,Colon,17,0,"[10,25)",AVAILABLE,1,1,1,12,0.6565608539495669,0.7586206896551724,0.8654665802062473,0.5655234195034553,0.5275420681720121,0.8321250353074099,11,1,6,9.5201332477353,1,0,4,1,0,0,0,1
fold3_0000795,sa_0005733,795,Colon,3,0,"[1,10)",AVAILABLE,1,1,1,3,0.9018255265342173,1.0,0.9018255265342173,0.8995708154506438,0.8995708154506438,0.94713059195662,3,0,0,2.705477481428179,0,0,0,0,0,0,0,0
fold3_0000796,sa_0005734,796,Colon,10,0,"[10,25)",AVAILABLE,1,1,1,7,0.6312795690083246,0.7058823529411765,0.8943127227617931,0.5429835651074589,0.5429835651074589,0.7038099139696845,6,1,4,5.3658772308834815,0,0,4,0,0,0,1,0
fold3_0000797,sa_0005735,797,Colon,18,0,"[10,25)",AVAILABLE,1,1,1,17,0.685851445367076,0.8,0.8573143067088449,0.5893439652047844,0.6128693368351937,0.794333170493405,14,3,4,12.002401151238134,1,0,3,0,0,0,3,0
fold3_0000798,sa_0005736,798,Colon,9,0,"[1,10)",AVAILABLE,1,1,1,6,0.4166054857794316,0.5333333333333333,0.7811352858364342,0.2876664816870144,0.3507431587720517,0.8858494446729741,4,2,5,3.1245419244810226,1,4,0,0,0,2,0,0
fold3_0000799,sa_0005737,799,Colon,37,0,"[25,50)",AVAILABLE,1,1,1,25,0.6319196865376882,0.7741935483870968,0.8162295951111805,0.6371713508612874,0.6673228346456693,0.8734232274902132,24,1,13,19.58951109889793,6,0,7,0,0,0,0,1
fold3_0000800,sa_0005738,800,Colon,10,0,"[10,25)",AVAILABLE,1,1,1,12,0.6189216002121348,0.7272727272727273,0.8510172002916854,0.5657689305230289,0.5688622754491018,0.7630955514609108,8,4,2,6.808138453350683,2,0,0,0,0,0,3,1
fold3_0000801,sa_0005739,801,Colon,17,0,"[10,25)",AVAILABLE,1,1,1,11,0.4305269252868522,0.5714285714285714,0.7534221192519914,0.5345439365476936,0.5345439365476936,0.6966811751904244,8,3,9,6.02737770743805,0,0,9,0,0,0,3,0
fold3_0000802,sa_0005740,802,Colon,82,0,"[50,+inf)",AVAILABLE,1,1,1,68,0.6806418213614076,0.8133333333333334,0.8368546983951732,0.6309752153146038,0.6474156658605567,0.8482285031847133,61,7,21,51.04813743896026,6,2,12,1,0,2,3,2
fold3_0000803,sa_0005741,803,Colon,89,0,"[50,+inf)",AVAILABLE,1,1,1,77,0.6920473290894152,0.7951807228915663,0.870301944157901,0.6258184064237183,0.6736849747703925,0.8791671185337816,66,11,23,57.439929184723404,13,0,8,2,0,0,4,7
fold3_0000804,sa_0005742,804,Colon,81,0,"[50,+inf)",AVAILABLE,1,1,1,66,0.723669807221413,0.8435374149659864,0.8578988843673203,0.7190176048685069,0.724915964451812,0.8833422317138281,62,4,19,53.189731688672744,7,0,12,0,0,0,1,3
fold3_0000805,sa_0005743,805,Colon,81,0,"[50,+inf)",AVAILABLE,1,1,1,69,0.705952470209176,0.8133333333333334,0.8679743486178393,0.7084358384255218,0.7045737012179966,0.8678575768623162,61,8,20,52.946436133662544,7,0,12,1,0,0,4,4
fold3_0000806,sa_0005744,806,Colon,91,0,"[50,+inf)",AVAILABLE,1,1,1,66,0.6032730089126348,0.7133757961783439,0.8456594857078898,0.6017063313875168,0.6175955134945671,0.8433369447453954,56,10,35,47.35693204530131,13,2,17,3,2,1,1,6
fold3_0000807,sa_0005745,807,Colon,34,0,"[25,50)",AVAILABLE,1,1,1,30,0.6904399062476806,0.84375,0.8182991481453993,0.7052775323319143,0.7098359290413925,0.8559181685338529,27,3,7,22.094077818224928,3,0,4,0,0,0,2,1
fold3_0000808,sa_0005746,808,Colon,36,0,"[25,50)",AVAILABLE,1,1,1,15,0.37734385950014854,0.47058823529411764,0.8018557014378157,0.3415449960180515,0.38790283288090766,0.6452357071213641,12,3,24,9.622269219109489,8,0,16,0,0,0,0,3
fold3_0000809,sa_0005747,809,Colon,25,0,"[25,50)",AVAILABLE,1,1,1,20,0.597492258048275,0.7111111111111111,0.8402234878803867,0.541486359360301,0.6411295126891458,0.8360679541164513,16,4,9,13.443576646309676,5,0,2,2,0,0,1,3
fold3_0000810,sa_0005748,810,Colon,33,0,"[25,50)",AVAILABLE,1,1,1,25,0.468415151572224,0.5517241379310345,0.849002462224656,0.5613712725745486,0.5451162790697675,0.8200632149307646,16,9,17,13.58404024459696,6,2,7,2,0,2,2,5
fold3_0000811,sa_0005749,811,Colon,79,0,"[50,+inf)",AVAILABLE,1,1,1,49,0.4331785840052028,0.5625,0.7700952604536939,0.42406639004149377,0.48530757498729027,0.8289978094194962,36,13,43,27.72343014642824,14,17,10,2,0,6,1,6
fold3_0000812,sa_0005750,812,Colon,60,0,"[50,+inf)",AVAILABLE,1,1,1,33,0.22524266114025276,0.3010752688172043,0.7481274102158395,0.25160849213723463,0.3189269221278246,0.8106056556369273,14,19,46,10.473784491149162,19,23,3,1,0,12,1,6
fold3_0000813,sa_0005751,813,Colon,52,0,"[50,+inf)",AVAILABLE,1,1,1,35,0.6064066886497207,0.735632183908046,0.8243340923832141,0.5643907292088876,0.6373579545454545,0.8893322922992395,32,3,20,26.37869178059694,11,0,9,0,0,0,0,3
fold3_0000814,sa_0005752,814,Colon,51,0,"[50,+inf)",AVAILABLE,1,1,1,40,0.7267082109582993,0.8351648351648352,0.8701374631211215,0.6887392836480303,0.7130874347294746,0.849443885988521,38,2,13,33.06522446874008,3,0,10,0,1,0,0,1
fold3_0000815,sa_0005753,815,Colon,32,0,"[25,50)",AVAILABLE,1,1,1,23,0.4984478818341381,0.5818181818181818,0.8567072969024249,0.4356529666489402,0.5287088764742396,0.7884817108246202,16,7,16,13.707317607146095,4,7,4,1,0,4,1,2
fold3_0000816,sa_0005754,816,Lung,34,0,"[25,50)",AVAILABLE,1,1,1,26,0.7100399053347736,0.8,0.8875498816684669,0.6798334957045434,0.7279233870967742,0.8957470392625868,24,2,10,21.30119804759309,4,0,6,0,0,0,1,1
fold3_0000817,sa_0005755,817,Lung,34,0,"[25,50)",AVAILABLE,1,1,1,21,0.6347893926022463,0.7272727272727273,0.8728354148280887,0.6922457486618351,0.7048449517464361,0.8399758627625643,20,1,14,17.45670916939719,1,0,13,0,0,0,1,0
fold3_0000818,sa_0005756,818,Lung,20,0,"[10,25)",AVAILABLE,1,1,1,15,0.4940170443572843,0.6285714285714286,0.7859362069320431,0.5157969112748562,0.5694135115070527,0.8057395143487859,11,4,9,8.64529906218868,6,0,2,1,0,0,1,3
fold3_0000819,sa_0005757,819,Lung,25,0,"[25,50)",AVAILABLE,1,1,1,26,0.5937978421154333,0.7450980392156863,0.7969392091549236,0.644116289801569,0.6602257603391334,0.8373266826994448,19,7,6,15.141845770882759,2,2,1,1,0,2,3,2
fold3_0000820,sa_0005758,820,Lung,30,0,"[25,50)",AVAILABLE,1,1,1,27,0.5319590731122243,0.631578947368421,0.8422685324276886,0.5608878224355129,0.5837884666089118,0.8129280821917808,18,9,12,15.160834425966929,1,3,7,1,2,1,6,0
fold3_0000821,sa_0005759,821,Lung,18,0,"[10,25)",AVAILABLE,1,1,1,14,0.6401797092716925,0.75,0.8535729456955901,0.6242363877822045,0.6297068123023858,0.8291370871731558,12,2,6,10.242876201920026,2,0,4,0,0,0,1,1
fold3_0000822,sa_0005760,822,Lung,30,0,"[25,50)",AVAILABLE,1,1,1,27,0.5740018214955301,0.7017543859649122,0.8179525956311304,0.567213632060587,0.5888134057971014,0.8199880277073059,20,7,10,16.359052730575204,5,0,4,1,0,0,4,3
fold3_0000823,sa_0005761,823,Lung,29,0,"[25,50)",AVAILABLE,1,1,1,20,0.5184489617704279,0.6122448979591837,0.8467999708916989,0.5531416498254639,0.5674438187463817,0.8091192962428231,15,5,14,12.702000410175454,6,0,6,2,0,0,1,4
fold3_0000824,sa_0005762,824,Lung,30,0,"[25,50)",AVAILABLE,1,1,1,22,0.5871057055204495,0.7307692307692307,0.8034078075542994,0.6442025085896428,0.6719191731936784,0.8627581427581428,19,3,11,15.264749146939497,5,0,4,2,0,0,0,3
fold3_0000825,sa_0005763,825,Lung,44,0,"[25,50)",AVAILABLE,1,1,1,40,0.6540048378591774,0.8095238095238095,0.8078883291201603,0.5977140524543321,0.6314081375082637,0.8771412783201327,34,6,10,27.468203997973777,6,2,2,0,0,1,4,1
fold3_0000826,sa_0005764,826,Lung,37,0,"[25,50)",AVAILABLE,1,1,1,30,0.6303260879646729,0.8059701492537313,0.7820712572895016,0.6825679893000446,0.7039287160793843,0.880865224625624,27,3,10,21.1159247288878,3,0,6,1,3,0,0,0
fold3_0000827,sa_0005765,827,Lung,50,0,"[50,+inf)",AVAILABLE,1,1,1,44,0.5404142922291827,0.7021276595744681,0.769680961659745,0.6006693337436528,0.6021519149481235,0.832853640336851,33,11,17,25.399472504452543,10,0,4,3,2,0,3,6
fold3_0000828,sa_0005766,828,Lung,34,0,"[25,50)",AVAILABLE,1,1,1,28,0.5703584412336072,0.6774193548387096,0.8419576989638964,0.5693026173631199,0.6021749170760381,0.8653266595036557,21,7,13,17.681112520199523,3,5,5,0,1,3,3,0
fold3_0000829,sa_0005767,829,Lung,32,0,"[25,50)",AVAILABLE,1,1,1,27,0.6332101967929976,0.7796610169491526,0.8121609045823229,0.5855300859598854,0.642088035145146,0.8732623406599171,23,4,9,18.679701617554333,3,1,5,0,2,1,0,1
fold3_0000830,sa_0005768,830,Lung,38,0,"[25,50)",AVAILABLE,1,1,1,30,0.6015224802798781,0.7352941176470589,0.8180705731806341,0.5944501541623843,0.6162701002788821,0.8568229376996218,25,5,13,20.45176514758643,3,4,6,0,0,2,3,0
fold3_0000831,sa_0005769,831,Breast,23,0,"[10,25)",AVAILABLE,1,1,1,23,0.6613464951681121,0.8260869565217391,0.8005773362561356,0.6167909902003803,0.6445642552506639,0.8442530704115085,19,4,4,15.210970189443913,1,0,3,0,1,0,3,0
fold3_0000832,sa_0005770,832,Breast,37,0,"[25,50)",AVAILABLE,1,1,1,36,0.6668977531503294,0.7945205479452054,0.8393713099995526,0.6883862861245736,0.6910160558892021,0.8678698267739363,29,7,8,24.341768829358337,2,2,3,1,2,3,1,1
fold3_0000833,sa_0005771,833,Breast,29,0,"[25,50)",AVAILABLE,1,1,1,26,0.779408581052303,0.9090909090909091,0.8573494391575334,0.7675654004209682,0.7831194369695715,0.8889920770815799,25,1,4,21.433736836287775,1,0,2,1,0,0,0,1
fold3_0000834,sa_0005772,834,Breast,25,0,"[25,50)",AVAILABLE,1,1,1,21,0.7164602135022122,0.8260869565217391,0.8672939426605727,0.7572591473648875,0.7502431261603748,0.9116027680961762,19,2,6,16.478585777844824,2,0,4,0,0,0,1,1
fold3_0000835,sa_0005773,835,Breast,43,0,"[25,50)",AVAILABLE,1,1,1,30,0.4111656023991052,0.5205479452054794,0.7898707625035443,0.4780484769283425,0.4982936540180385,0.8589169988340248,19,11,24,15.007545277438105,11,5,6,2,2,3,1,5
fold3_0000836,sa_0005774,836,Breast,45,0,"[25,50)",AVAILABLE,1,1,1,27,0.4534985230265731,0.5833333333333334,0.7774260394741253,0.4164698100727582,0.4718414294498499,0.8686719748353485,21,6,24,16.32594760638267,18,1,3,2,0,0,0,6
fold3_0000837,sa_0005775,837,Breast,27,0,"[25,50)",AVAILABLE,1,1,1,18,0.5846233980591624,0.6666666666666666,0.8769350970887436,0.48178249826829833,0.576517778231015,0.9004269265600069,15,3,12,13.154027333266251,8,0,3,1,0,0,0,3
fold3_0000838,sa_0005776,838,Breast,44,0,"[25,50)",AVAILABLE,1,1,1,38,0.8030588402306891,0.9024390243902439,0.8898760121475203,0.8328148305987642,0.8328148305987642,0.908782291254912,37,1,7,32.92541333933426,0,0,7,0,0,0,1,0
fold3_0000839,sa_0005777,839,Breast,48,0,"[25,50)",AVAILABLE,1,1,1,44,0.7873120304170416,0.8913043478260869,0.8833256926630223,0.8395110410094637,0.8395110410094637,0.9127545551982851,41,3,7,36.216354282509606,0,0,7,0,0,0,3,0
fold3_0000840,sa_0005778,840,Breast,37,0,"[25,50)",AVAILABLE,1,1,1,33,0.7463428236981761,0.8571428571428571,0.8707332943145388,0.7969250227263744,0.8300790904597133,0.9193508452067436,30,3,7,26.12199970016946,1,0,4,2,2,0,0,1
fold3_0000841,sa_0005779,841,Colon,25,0,"[25,50)",AVAILABLE,1,1,1,22,0.5084568424714803,0.6808510638297872,0.7467959873799866,0.5928605885190545,0.623134167849615,0.8050247793708425,16,6,9,11.948736544875775,1,0,6,2,3,0,2,1
fold3_0000842,sa_0005780,842,Colon,32,0,"[25,50)",AVAILABLE,1,1,1,27,0.5393820311158073,0.6779661016949152,0.7955884958958158,0.5175961925191045,0.5792233787029624,0.7829349286420442,20,7,12,15.911770713504813,6,0,4,2,0,0,3,4
fold3_0000843,sa_0005781,843,Kidney,24,0,"[10,25)",AVAILABLE,1,1,1,19,0.721202991458434,0.8372093023255814,0.8614369064642405,0.7394667394667395,0.7441837636203004,0.914678072940117,18,1,6,15.505865177793238,3,0,3,0,0,0,0,1
fold3_0000844,sa_0005782,844,Kidney,25,0,"[25,50)",AVAILABLE,1,1,1,17,0.6199994301703173,0.7142857142857143,0.8679992022384443,0.6081272469767949,0.6529956763434218,0.8343173155967416,15,2,10,13.019988901575866,3,0,7,0,0,0,1,1
fold3_0000845,sa_0005783,845,Kidney,26,0,"[25,50)",AVAILABLE,1,1,1,16,0.4846261528167168,0.5714285714285714,0.8480957674292544,0.4649230478708337,0.5363852871129928,0.8480881846365829,12,4,14,10.17715005724682,10,0,4,0,0,0,1,3
fold3_0000846,sa_0005784,846,Kidney,18,0,"[10,25)",AVAILABLE,1,1,1,14,0.7834010105412702,0.875,0.8953154406185945,0.7521640091116173,0.7969079409697821,0.9223978993239845,14,0,4,12.534417063975763,1,0,3,0,0,0,0,0
fold3_0000847,sa_0005785,847,Kidney,27,0,"[25,50)",AVAILABLE,1,1,1,20,0.5711960269709853,0.6808510638297872,0.8389441646136346,0.6123862133354081,0.6260423905489924,0.8409637266948021,16,4,11,13.42310747276232,5,0,6,0,0,0,2,2
fold3_0000848,sa_0005786,848,Prostate,17,0,"[10,25)",AVAILABLE,1,1,1,26,0.5885600066526535,0.6511627906976745,0.903860010216575,0.5116290018832391,0.564766028483489,0.7248541423570595,14,12,3,12.65404104689206,0,2,0,1,0,0,11,1
fold3_0000849,sa_0005787,849,Prostate,14,0,"[10,25)",AVAILABLE,1,1,1,13,0.6469446564144418,0.7407407407407407,0.8733752861594964,0.5736900918798112,0.6636458416873847,0.8963555726957192,10,3,4,8.73375373497025,1,3,0,0,0,1,2,0
fold3_0000850,sa_0005788,850,Prostate,18,0,"[10,25)",AVAILABLE,1,1,1,10,0.39788455593923544,0.5,0.7957691118784709,0.42518614438329555,0.4465717981888745,0.8079651821379599,7,3,11,5.570384578918408,4,0,6,1,2,0,0,1
fold3_0000851,sa_0005789,851,Bladder,18,0,"[10,25)",AVAILABLE,1,1,1,18,0.7920487946384595,0.8888888888888888,0.891054893968267,0.7931497649429147,0.8259146341463415,0.9202426671119274,16,2,2,14.256879194547167,1,0,0,1,0,0,1,1
fold3_0000852,sa_0005790,852,Bladder,20,0,"[10,25)",AVAILABLE,1,1,1,17,0.5468042906570146,0.5945945945945946,0.9196253979231609,0.5910142610744185,0.6566673310743473,0.8507489622811767,11,6,9,10.115880296780167,5,0,3,1,1,0,2,3
fold3_0000853,sa_0005791,853,Bladder,21,0,"[10,25)",AVAILABLE,1,1,1,17,0.6031601902896979,0.6842105263157895,0.8815418165772508,0.6136637197526252,0.6532539221382917,0.8660633219107869,13,4,8,11.460044497046077,5,0,3,0,0,0,2,2
fold3_0000854,sa_0005792,854,Breast,24,0,"[10,25)",AVAILABLE,1,1,1,16,0.6968700084831415,0.8,0.8710875106039269,0.758378457485731,0.7714285714285715,0.8751900016889039,16,0,8,13.937401040750341,1,0,7,0,0,0,0,0
fold3_0000855,sa_0005793,855,Breast,18,0,"[10,25)",AVAILABLE,1,1,1,15,0.7661425402164849,0.8484848484848485,0.9029537081122857,0.8581859592711683,0.8649826377068156,0.9354167427257128,14,1,4,12.641352816525707,2,0,2,0,0,0,0,1
fold3_0000856,sa_0005794,856,Breast,22,0,"[10,25)",AVAILABLE,1,1,1,14,0.4604605316422286,0.5555555555555556,0.8288289569560114,0.5630983463881636,0.6400297539981935,0.8979816632649755,10,4,12,8.288290398389071,4,2,6,0,1,2,0,1
fold3_0000857,sa_0005795,857,Breast,16,0,"[10,25)",AVAILABLE,1,1,1,15,0.4963499850830657,0.6451612903225806,0.7693424768787519,0.5262733864470504,0.5793747462444174,0.7677377892030849,10,5,6,7.693425538129995,1,1,3,1,2,0,3,0
fold3_0000858,sa_0005796,858,Breast,43,0,"[25,50)",AVAILABLE,1,1,1,28,0.47331953890702483,0.5915492957746479,0.8001354110094944,0.4644531745025979,0.57130785841705,0.8963312619502868,21,7,22,16.802844431334794,11,9,2,0,0,5,0,2
fold3_0000859,sa_0005797,859,Breast,10,0,"[10,25)",AVAILABLE,1,1,1,8,0.5595859840279944,0.6666666666666666,0.8393789760419917,0.5615591397849462,0.61003861003861,0.8665707434052757,6,2,4,5.036274695630927,1,0,2,1,2,0,0,0
fold3_0000860,sa_0005798,860,Bladder,37,0,"[25,50)",AVAILABLE,1,1,1,29,0.5927128358716536,0.696969696969697,0.8504140688593289,0.5649146686210867,0.6121375416987426,0.8588141663350577,23,6,14,19.559524434178634,8,0,5,1,0,0,2,4
fold3_0000861,sa_0005799,861,Bladder,24,0,"[10,25)",AVAILABLE,1,1,1,19,0.5141350365574726,0.6511627906976745,0.7895645204275471,0.6154501782116845,0.6245257124404617,0.7979923470655469,14,5,10,11.053904075550179,0,2,8,0,0,2,3,0
fold3_0000862,sa_0005800,862,Bladder,20,0,"[10,25)",AVAILABLE,1,1,1,11,0.39797589035707054,0.45161290322580644,0.8812323286477991,0.4880630950689214,0.5778816199376947,0.8476061204343535,7,4,13,6.168627181766922,4,0,8,1,0,0,2,2
fold3_0000863,sa_0005801,863,Prostate,30,0,"[25,50)",AVAILABLE,1,1,1,18,0.4544300375736525,0.5833333333333334,0.7790229215548329,0.4916077395291009,0.5069488467352611,0.8430896676698055,14,4,16,10.906321680790581,4,3,9,0,0,3,0,1
fold3_0000864,sa_0005802,864,Prostate,33,0,"[25,50)",AVAILABLE,1,1,1,21,0.4302776515511499,0.5555555555555556,0.7744997727920697,0.4115132516386435,0.4883609222583506,0.8603559991062784,15,6,18,11.617497366380817,16,0,1,1,0,0,1,5
fold3_0000865,sa_0005803,865,Prostate,37,0,"[25,50)",AVAILABLE,1,1,1,19,0.34578145658575754,0.4642857142857143,0.7447600603385547,0.38796220111202534,0.4222222222222222,0.8317024410774411,13,6,24,9.68188152916127,10,6,8,0,0,2,1,3
fold3_0000866,sa_0005804,866,Prostate,56,0,"[50,+inf)",AVAILABLE,1,1,1,36,0.4544427538397309,0.5652173913043478,0.8040141029472162,0.4312900389398317,0.4863399521194198,0.8836041498886731,26,10,30,20.904367480641724,3,22,5,0,0,7,2,1
fold3_0000867,sa_0005805,867,Prostate,32,0,"[25,50)",AVAILABLE,1,1,1,17,0.3870659684083755,0.4897959183673469,0.7902596855004334,0.3885736904604829,0.4555965798678585,0.8120953207396034,12,5,20,9.483117016264885,1,8,9,2,2,1,1,1
fold3_0000868,sa_0005806,868,Prostate,31,0,"[25,50)",AVAILABLE,1,1,1,23,0.5321640388912325,0.6666666666666666,0.7982460583368489,0.44620186680272517,0.5166535879326881,0.8569950271637586,18,5,13,14.36842984830934,5,7,1,0,0,1,2,2
fold3_0000869,sa_0005807,869,Prostate,17,0,"[10,25)",AVAILABLE,1,1,1,15,0.5524857985749999,0.6875,0.8036157070181816,0.5194231088025639,0.5460570357477574,0.8222558995453562,11,4,6,8.839773580815704,0,3,3,0,1,1,2,0
fold3_0000870,sa_0005808,870,Prostate,24,0,"[10,25)",AVAILABLE,1,1,1,22,0.7185280601511205,0.8695652173913043,0.8263072691737886,0.7149081115335868,0.7149081115335868,0.8351425008083514,20,2,4,16.526146209783043,0,0,4,0,0,0,2,0
fold3_0000871,sa_0005809,871,Prostate,25,0,"[25,50)",AVAILABLE,1,1,1,15,0.47364968385626227,0.6,0.7894161397604371,0.6032881846835335,0.6296040288338106,0.8675998303338787,12,3,13,9.472994466541385,4,0,8,1,2,0,0,1
fold3_0000872,sa_0005810,872,Prostate,33,0,"[25,50)",AVAILABLE,1,1,1,33,0.6311081203133968,0.7575757575757576,0.8330627188136838,0.5836475023562677,0.6293322998560513,0.850657514696388,25,8,8,20.826568803404815,4,0,3,1,1,0,5,2
fold3_0000873,sa_0005811,873,Prostate,33,0,"[25,50)",AVAILABLE,1,1,1,33,0.7249702776412131,0.8484848484848485,0.8544292557914297,0.6770260062587676,0.693392425463336,0.8529961592060094,28,5,5,23.92402001658929,2,0,3,0,0,0,5,0
fold3_0000874,sa_0005812,874,Prostate,38,0,"[25,50)",AVAILABLE,1,1,1,32,0.7137113573897268,0.8285714285714286,0.861375776160015,0.6682740510861781,0.686675567423231,0.8863629167590159,29,3,9,24.979898370016212,3,0,4,2,0,0,1,2
fold3_0000875,sa_0005813,875,Prostate,22,0,"[10,25)",AVAILABLE,1,1,1,23,0.6701810688604638,0.7555555555555555,0.8870043558447315,0.6263660732696406,0.6276817640047676,0.8348741418764302,17,6,5,15.079074936364792,2,2,1,0,0,1,4,1
fold3_0000876,sa_0005814,876,Prostate,30,0,"[25,50)",AVAILABLE,1,1,1,27,0.7027215280059261,0.8421052631578947,0.8344818145070373,0.7410355759070095,0.7496922742741293,0.8722532588454376,24,3,6,20.02756438265071,2,0,4,0,1,0,1,1
fold3_0000877,sa_0005815,877,Prostate,28,0,"[25,50)",AVAILABLE,1,1,1,24,0.6699629266268132,0.7692307692307693,0.8709518046148572,0.7010523081649896,0.7010523081649896,0.8243475119660435,20,4,8,17.41903696324895,0,0,8,0,0,0,4,0
fold3_0000878,sa_0005816,878,Prostate,39,0,"[25,50)",AVAILABLE,1,1,1,29,0.48331012292675396,0.5882352941176471,0.8216272089754817,0.5069134517974975,0.525893716363118,0.8648976922358217,20,9,19,16.432545001136845,15,0,3,1,0,0,3,6
fold3_0000879,sa_0005817,879,Prostate,46,0,"[25,50)",AVAILABLE,1,1,1,36,0.5762522135315348,0.7073170731707317,0.8147014053376871,0.5025862068965518,0.5533235829627198,0.8576699141061855,29,7,17,23.626341569494333,5,7,5,0,0,3,3,1
fold3_0000880,sa_0005818,880,Prostate,30,0,"[25,50)",AVAILABLE,1,1,1,31,0.6892608088813768,0.7868852459016393,0.8759356112867497,0.6655683003128259,0.6730121671979526,0.8572578697367361,24,7,6,21.022455546817604,3,0,3,0,1,0,5,1
fold3_0000881,sa_0005819,881,Prostate,46,0,"[25,50)",AVAILABLE,1,1,1,34,0.6268945613290804,0.75,0.8358594151054405,0.5760046415048248,0.6411181244364292,0.8657051282051282,30,4,16,25.07578328902263,7,0,9,0,0,0,3,1
fold3_0000882,sa_0005820,882,Prostate,18,0,"[10,25)",AVAILABLE,1,1,1,14,0.5152915228124446,0.625,0.8244664364999115,0.5799706812745931,0.6239673172945983,0.8492844364937389,10,4,8,8.24466518946555,2,2,2,2,0,2,0,2
fold3_0000883,sa_0005821,883,Prostate,28,0,"[25,50)",AVAILABLE,1,1,1,12,0.3483579913369565,0.45,0.7741288696376811,0.35453832069055713,0.360530871321408,0.5748579183985071,9,3,19,6.967160600868,2,0,16,1,0,0,2,1
fold3_0000884,sa_0005822,884,Prostate,33,0,"[25,50)",AVAILABLE,1,1,1,17,0.5350257771521294,0.68,0.7868026134590137,0.4950857506665075,0.5872336188010356,0.7806010414706067,17,0,16,13.375645215605847,6,0,10,0,0,0,0,0
fold3_0000885,sa_0005823,885,Kidney,82,0,"[50,+inf)",AVAILABLE,1,1,1,71,0.6904839059533877,0.8366013071895425,0.8253440438349087,0.6969785860956292,0.7134529835864396,0.850940017905103,64,7,18,52.82201963077819,5,1,12,0,0,1,5,1
fold3_0000886,sa_0005824,886,Kidney,111,0,"[50,+inf)",AVAILABLE,1,1,1,66,0.39929526485309913,0.4971751412429379,0.8031279758977107,0.36909203980099503,0.43583646224447226,0.8495801493448005,44,22,67,35.337631742627245,17,34,16,0,0,14,2,6
fold3_0000887,sa_0005825,887,Kidney,112,0,"[50,+inf)",AVAILABLE,1,1,1,73,0.5240729923466723,0.6378378378378379,0.8216398608824945,0.4957373515770837,0.5412853827068271,0.898947587066399,59,14,53,48.476752613707035,28,14,11,0,0,5,1,8
fold3_0000888,sa_0005826,888,Kidney,133,0,"[50,+inf)",AVAILABLE,1,1,1,86,0.47415406681224537,0.6210045662100456,0.7635275046461892,0.40637222169226367,0.48950695322376736,0.8384218056599656,68,18,65,51.91987107946837,33,17,14,1,0,7,1,10
fold3_0000889,sa_0005827,889,Kidney,164,0,"[50,+inf)",AVAILABLE,1,1,1,100,0.40903085338929357,0.5303030303030303,0.7713153235340965,0.3826155635023365,0.470615098183862,0.8374737244410472,70,30,94,53.99207341870208,40,30,20,4,1,9,2,18
fold3_0000890,sa_0005828,890,Stomach,95,0,"[50,+inf)",AVAILABLE,1,1,1,74,0.5537464148272194,0.6627218934911243,0.8355637866589292,0.5728608125296157,0.5929141746865418,0.8758314433284415,56,18,39,46.79157288846382,28,2,8,1,0,1,6,11
fold3_0000891,sa_0005829,891,Stomach,99,0,"[50,+inf)",AVAILABLE,1,1,1,76,0.6296927347225689,0.7428571428571429,0.8476632967419196,0.5857471046585984,0.6473795819448652,0.9150790731886723,65,11,34,55.09811513588807,18,6,9,1,0,3,3,5
fold3_0000892,sa_0005830,892,Stomach,103,0,"[50,+inf)",AVAILABLE,1,1,1,77,0.6413023279289611,0.7666666666666667,0.8364812972986448,0.5968686149819785,0.6552418766239454,0.9176146886078629,69,8,34,57.71721035008779,23,3,8,0,0,1,2,5
fold3_0000893,sa_0005831,893,Stomach,96,0,"[50,+inf)",AVAILABLE,1,1,1,69,0.6470341020550993,0.7757575757575758,0.8340673971804013,0.618871136001757,0.6597096487474076,0.9023940337584545,64,5,32,53.38031425361308,15,4,13,0,0,3,0,2
fold3_0000894,sa_0005832,894,Stomach,110,0,"[50,+inf)",AVAILABLE,1,1,1,85,0.6686216371164483,0.7897435897435897,0.8466312937513468,0.6936816192560175,0.7287933459727234,0.8983815335632794,77,8,33,65.190610465485,14,3,14,2,0,1,0,7
fold3_0000895,sa_0005833,895,Ovarian,23,0,"[10,25)",AVAILABLE,1,1,1,21,0.4859934021340698,0.6818181818181818,0.712790323129969,0.4985751863217887,0.4983016304347826,0.6878258898209023,15,6,8,10.691855559739858,1,0,5,2,1,0,3,2
fold3_0000896,sa_0005834,896,Ovarian,31,0,"[25,50)",AVAILABLE,1,1,1,36,0.43720828872714507,0.5671641791044776,0.7708672459136505,0.4331136409027362,0.41360939056611945,0.6751440127466601,19,17,12,14.646478443226608,4,3,3,2,0,4,9,4
fold3_0000897,sa_0005835,897,Ovarian,20,0,"[10,25)",AVAILABLE,1,1,1,21,0.5167337931196471,0.6829268292682927,0.7566459113537688,0.4891841135146414,0.490748963883955,0.7291863178275332,14,7,6,10.593043515598675,1,0,3,2,2,0,4,1
fold3_0000898,sa_0005836,898,Ovarian,26,0,"[25,50)",AVAILABLE,1,1,1,26,0.4202999934654408,0.5384615384615384,0.7805571307215329,0.44595650475322307,0.44241155819605726,0.6935642405803885,14,12,12,10.92780061065859,2,3,6,1,0,5,5,2
fold3_0000899,sa_0005837,899,Esophagus,42,0,"[25,50)",AVAILABLE,1,1,1,21,0.25293779803971306,0.3492063492063492,0.724321876204633,0.22285040480928167,0.2832537517053206,0.82578073089701,11,10,31,7.967541362572838,5,23,2,1,4,4,1,1
fold3_0000900,sa_0005838,900,Esophagus,32,0,"[25,50)",AVAILABLE,1,1,1,18,0.28752626081801563,0.36,0.7986840578278213,0.2687134180011044,0.3028872203730939,0.7685361216730038,9,9,23,7.188157319134449,1,18,3,1,0,8,0,1
fold3_0000901,sa_0005839,901,Esophagus,29,0,"[25,50)",AVAILABLE,1,1,1,21,0.30499262854619746,0.4,0.7624815713654935,0.3967167860918595,0.4053069920588805,0.7614532223386075,10,11,19,7.624816476136506,7,7,3,2,1,3,2,5
fold3_0000902,sa_0005840,902,Esophagus,50,0,"[50,+inf)",AVAILABLE,1,1,1,23,0.26150410449097705,0.3287671232876712,0.795408317826722,0.17289226999458643,0.30316161839487066,0.830341691832649,12,11,38,9.54490060932898,7,26,3,2,0,5,2,4
fold3_0000903,sa_0005841,903,Esophagus,40,0,"[25,50)",AVAILABLE,1,1,1,23,0.21887879777386346,0.2857142857142857,0.7660757922085222,0.2886452118869563,0.33631642029564524,0.8245236386829308,9,14,31,6.894682895952491,11,19,1,0,0,6,4,4
fold3_0000904,sa_0005842,904,Esophagus,41,0,"[25,50)",AVAILABLE,1,1,1,15,0.2838241742355025,0.39285714285714285,0.7224615344176427,0.10144281429845181,0.19487067607204325,0.8268684573561633,11,4,30,7.947077601055604,4,25,1,0,0,3,0,1
fold3_0000905,sa_0005843,905,Esophagus,47,0,"[25,50)",AVAILABLE,1,1,1,28,0.34976981887841446,0.4533333333333333,0.771551071055326,0.2482615083251714,0.39282776772495476,0.8379197669383095,17,11,30,13.116368979491615,7,18,4,1,0,7,1,3
fold3_0000906,sa_0005844,906,Esophagus,42,0,"[25,50)",AVAILABLE,1,1,1,23,0.24645127816052592,0.3384615384615385,0.7281515036560993,0.20294167404738922,0.26075838386790384,0.8087621696801113,11,12,31,8.009667268368595,2,21,8,0,2,7,2,1
fold3_0000907,sa_0005845,907,Esophagus,44,0,"[25,50)",AVAILABLE,1,1,1,26,0.37815269517990585,0.4857142857142857,0.778549666546865,0.3283294784749683,0.4372176804766523,0.8642551386371524,17,9,27,13.235345109846373,9,11,7,0,0,6,1,2
fold3_0000908,sa_0005846,908,Esophagus,46,0,"[25,50)",AVAILABLE,1,1,1,25,0.3287474640520572,0.4225352112676056,0.778035664923202,0.30959916367125406,0.3846073353215089,0.8226647521160823,15,10,31,11.670535751883694,14,13,3,1,0,4,1,5
fold3_0000909,sa_0005847,909,Esophagus,52,0,"[50,+inf)",AVAILABLE,1,1,1,23,0.2676473364154761,0.37333333333333335,0.7169125082557396,0.22896222159915153,0.34055667652505595,0.7789690721649485,14,9,38,10.036775832492863,13,16,9,0,0,3,3,3
fold3_0000910,sa_0005848,910,Esophagus,49,0,"[25,50)",AVAILABLE,1,1,1,26,0.3745470388844138,0.48,0.7803063310091954,0.28426714690236127,0.39884334925823484,0.867845844118493,18,8,31,14.04551473847185,10,15,6,0,0,3,3,2
fold3_0000911,sa_0005849,911,Esophagus,43,0,"[25,50)",AVAILABLE,1,1,1,27,0.290621338196608,0.37142857142857144,0.782442064375483,0.29240581768383145,0.3786284289276808,0.8581299857098927,13,14,30,10.171747619323343,15,9,6,0,2,3,5,4
fold3_0000912,sa_0005850,912,Esophagus,49,0,"[25,50)",AVAILABLE,1,1,1,31,0.3114831990251664,0.4,0.778707997562916,0.24858945424702503,0.31558043449286954,0.7994083559589902,16,15,33,12.459328739714653,18,7,8,0,1,4,6,4
fold3_0000913,sa_0005851,913,Esophagus,45,0,"[25,50)",AVAILABLE,1,1,1,29,0.28827656322366896,0.35135135135135137,0.8204794491750578,0.3426177077851099,0.37500376903361976,0.7479496513310819,13,16,32,10.6662336597552,14,4,10,4,2,2,6,6
fold3_0000914,sa_0005852,914,Esophagus,48,0,"[25,50)",AVAILABLE,1,1,1,26,0.3057836085066547,0.43243243243243246,0.707124594671639,0.26461538461538464,0.3827021654984831,0.8318296165995196,16,10,32,11.31399422187082,12,16,4,0,0,6,2,2
fold3_0000915,sa_0005853,915,Esophagus,43,0,"[25,50)",AVAILABLE,1,1,1,21,0.3111016287273264,0.40625,0.7657886245595726,0.23765913375381106,0.3399994667093299,0.8266804632467067,13,8,30,9.955252885063068,7,15,8,0,0,7,0,1
fold3_0000916,sa_0005854,916,Esophagus,40,0,"[25,50)",AVAILABLE,1,1,1,18,0.3134388209009025,0.41379310344827586,0.7574771505105145,0.2321342236276444,0.2924315423553089,0.8394677236693092,12,6,28,9.089726563603323,6,15,6,1,0,4,0,2
fold3_0000917,sa_0005855,917,Esophagus,46,0,"[25,50)",AVAILABLE,1,1,1,25,0.4054234331701407,0.5070422535211268,0.7995851043077775,0.34652849740932645,0.4169986315949521,0.866045753036611,18,7,28,14.3925326771251,4,18,6,0,0,5,2,0
fold3_0000918,sa_0005856,918,Esophagus,3,0,"[1,10)",AVAILABLE,1,1,1,0,0.0,0.0,0.0,0.0,0.0,0.0,0,0,3,0.0,0,0,3,0,0,0,0,0
fold3_0000919,sa_0005857,919,Esophagus,10,0,"[10,25)",AVAILABLE,1,1,1,5,0.5695770084268772,0.6666666666666666,0.8543655126403159,0.4343246592317224,0.4343246592317224,0.6056155507559395,5,0,5,4.271828417567092,0,0,5,0,0,0,0,0
fold3_0000920,sa_0005858,920,Esophagus,2,0,"[1,10)",AVAILABLE,1,1,1,0,0.0,0.0,0.0,0.0,0.0,0.0,0,0,2,0.0,0,0,2,0,0,0,0,0
fold3_0000921,sa_0005859,921,Esophagus,4,0,"[1,10)",AVAILABLE,1,1,1,4,0.6426094385863678,0.75,0.8568125847818236,0.6548247719635142,0.6548247719635142,0.7914128227444154,3,1,1,2.570438611158056,0,0,1,0,0,0,1,0
fold3_0000922,sa_0005860,922,Esophagus,7,0,"[1,10)",AVAILABLE,1,1,1,4,0.5581649055578517,0.7272727272727273,0.7674767451420461,0.5572916666666666,0.5572916666666666,0.7157190635451505,4,0,3,3.0699077480449297,0,0,3,0,0,0,0,0
fold3_0000923,sa_0005861,923,Esophagus,9,0,"[1,10)",AVAILABLE,1,1,1,3,0.30168203560679363,0.3333333333333333,0.9050461068203809,0.29983857949959647,0.29983857949959647,0.4613474076373797,2,1,7,1.8100931186868687,0,0,6,1,0,0,0,1
fold3_0000924,sa_0005862,924,Esophagus,2,0,"[1,10)",AVAILABLE,1,1,1,1,0.45544508910936643,0.6666666666666666,0.6831676336640496,0.44516129032258067,0.44516129032258067,0.6160714285714286,1,0,1,0.6831683168316832,0,0,1,0,0,0,0,0
fold3_0000925,sa_0005863,925,Esophagus,5,0,"[1,10)",AVAILABLE,1,1,1,0,0.0,0.0,0.0,0.0,0.0,0.0,0,0,5,0.0,0,0,5,0,0,0,0,0
fold3_0000926,sa_0005864,926,Esophagus,3,0,"[1,10)",AVAILABLE,1,1,1,1,0.4325695419851654,0.5,0.8651390839703308,0.3413654618473896,0.3413654618473896,0.5089820359281437,1,0,2,0.8651399491094147,0,0,2,0,0,0,0,0
fold3_0000927,sa_0005865,927,Esophagus,4,0,"[1,10)",AVAILABLE,1,1,1,1,0.3059428465119339,0.4,0.7648571162798347,0.18362282878411912,0.18362282878411912,0.31027253668763105,1,0,3,0.7648578811369509,0,0,3,0,0,0,0,0
fold3_0000928,sa_0005866,928,Esophagus,3,0,"[1,10)",AVAILABLE,1,1,1,1,0.0,0.0,0.0,0.15098591549295776,0.15098591549295776,0.2623592755751346,0,1,3,0.0,0,0,2,1,0,0,0,1
fold3_0000929,sa_0005867,929,Lung,79,0,"[50,+inf)",AVAILABLE,1,1,1,50,0.5846817527289926,0.6976744186046512,0.8380438455782226,0.6094276094276094,0.6226016132821678,0.7868140354264201,45,5,34,37.71197388906386,6,0,27,1,0,0,2,3
fold3_0000930,sa_0005868,930,Lung,93,0,"[50,+inf)",AVAILABLE,1,1,1,62,0.6185019182422236,0.7354838709677419,0.840945590592497,0.6243647850569977,0.6348481553961006,0.8064373115800674,57,5,36,47.933899504717914,9,0,26,1,0,0,1,4
fold3_0000931,sa_0005869,931,Lung,85,0,"[50,+inf)",AVAILABLE,1,1,1,60,0.5900177075107118,0.7310344827586207,0.8070996942363511,0.6029699842022117,0.606980871622954,0.7807092894833721,53,7,32,42.7762846016263,5,0,26,1,0,0,4,3
fold3_0000932,sa_0005870,932,Lung,85,0,"[50,+inf)",AVAILABLE,1,1,1,49,0.5425967525503275,0.6716417910447762,0.8078662760193763,0.5463112943601826,0.5640597679224288,0.7546115148127446,45,4,40,36.35398322873821,6,0,32,2,0,0,1,3
fold3_0000933,sa_0005871,933,Lung,69,0,"[50,+inf)",AVAILABLE,1,1,1,33,0.4890375430001752,0.6078431372549019,0.8045456352583529,0.4759347451616172,0.48053212199870216,0.6862444298341734,31,2,38,24.940915497554574,3,0,35,0,0,0,1,1
fold3_0000934,sa_0005872,934,Lung,77,0,"[50,+inf)",AVAILABLE,1,1,1,56,0.593978095228631,0.7669172932330827,0.7745008496608621,0.6196757120053767,0.6291735322175006,0.7935696795486,51,5,26,39.49954410720481,3,0,21,2,2,0,1,2
fold3_0000935,sa_0005873,935,Lung,78,0,"[50,+inf)",AVAILABLE,1,1,1,47,0.5493960314068755,0.688,0.7985407433239471,0.5562424866907093,0.566228149216075,0.7457139569669773,43,4,35,34.33725276147047,5,0,29,1,0,0,1,3
fold3_0000936,sa_0005874,936,Lung,68,0,"[50,+inf)",AVAILABLE,1,1,1,45,0.5595345028511706,0.6902654867256637,0.8106076772074651,0.5383939974457216,0.5481999658761304,0.7509367423407538,39,6,29,31.613700221698814,5,0,24,0,1,0,3,2
fold3_0000937,sa_0005875,937,Lung,53,0,"[50,+inf)",AVAILABLE,1,1,1,28,0.5282691502880201,0.6419753086419753,0.8228807917948007,0.5295659772793475,0.5295659772793475,0.6924395353266044,26,2,27,21.39490140954561,0,0,25,2,0,0,0,2
fold3_0000938,sa_0005876,938,Lung,79,0,"[50,+inf)",AVAILABLE,1,1,1,51,0.5080612297728396,0.676923076923077,0.7505449985280584,0.544665990762645,0.544665990762645,0.7155775962660443,44,7,35,33.02398068577957,0,0,31,4,3,0,1,3
fold3_0000939,sa_0005877,939,Lung,77,0,"[50,+inf)",AVAILABLE,1,1,1,50,0.52906516417354,0.6614173228346457,0.7998961410718998,0.5835878161459557,0.5999668709623985,0.7789626255305933,42,8,35,33.59563872491593,6,0,27,2,3,0,2,3
fold3_0000940,sa_0005878,940,Lung,75,0,"[50,+inf)",AVAILABLE,1,1,1,46,0.6127505195810697,0.743801652892562,0.823809031881216,0.6575274995895584,0.6575274995895584,0.7933835182250396,45,1,30,37.07140725846375,0,0,29,1,0,0,0,1
fold3_0000941,sa_0005879,941,Lung,71,0,"[50,+inf)",AVAILABLE,1,1,1,49,0.6004470877609075,0.75,0.8005961170145434,0.6430884436348917,0.6534540158135663,0.8003523563833134,45,4,26,36.026826066250564,0,4,20,2,0,2,0,2
fold3_0000942,sa_0005880,942,Lung,84,0,"[50,+inf)",AVAILABLE,1,1,1,57,0.51402502140437,0.6666666666666666,0.771037532106555,0.5346847221068373,0.5372470341939986,0.7415309538671054,47,10,37,36.238764780045614,7,1,29,0,2,1,4,3
fold3_0000943,sa_0005881,943,Lung,82,0,"[50,+inf)",AVAILABLE,1,1,1,66,0.6556283114909982,0.8108108108108109,0.8086082508388978,0.6975953998954522,0.7020686008855991,0.829463384328648,60,6,22,48.516495858942115,1,0,19,2,0,0,4,2
fold3_0000944,sa_0005882,944,Lung,22,0,"[10,25)",AVAILABLE,1,1,1,16,0.5315401344686481,0.631578947368421,0.8416052129086928,0.49566344332569034,0.48964631601476805,0.7224137931034482,12,4,10,10.099263396509526,2,0,7,1,1,0,1,2
fold3_0000945,sa_0005883,945,Lung,28,0,"[25,50)",AVAILABLE,1,1,1,16,0.5173119533758697,0.6363636363636364,0.8129187838763666,0.5511037931455055,0.5707292262699473,0.7315631830324617,14,2,14,11.380863787187916,2,0,12,0,0,0,2,0
fold3_0000946,sa_0005884,946,Lung,34,0,"[25,50)",AVAILABLE,1,1,1,25,0.5415796093650355,0.711864406779661,0.7607904036318356,0.53413197366467,0.5610110244689432,0.7533675543459538,21,4,13,15.976599237058952,4,0,9,0,0,0,3,1
fold3_0000947,sa_0005885,947,Lung,28,0,"[25,50)",AVAILABLE,1,1,1,17,0.5381595537691637,0.6666666666666666,0.8072393306537455,0.5105357142857143,0.5175596159801796,0.7096853189665728,15,2,13,12.108590767045513,2,1,10,0,0,1,0,1
fold3_0000948,sa_0005886,948,Lung,20,0,"[10,25)",AVAILABLE,1,1,1,11,0.5704310377915169,0.7096774193548387,0.8037891896153193,0.5687241489023226,0.5625260699090682,0.7634810464495462,11,0,9,8.841681889557702,1,0,8,0,0,0,0,0
fold3_0000949,sa_0005887,949,Lung,10,0,"[10,25)",AVAILABLE,1,1,1,5,0.4310941892228986,0.5333333333333333,0.8083016047929349,0.6921062476618032,0.6921062476618032,0.8277691797479549,4,1,6,3.2332072274733443,0,0,6,0,1,0,0,0
fold3_0000950,sa_0005888,950,Lung,28,0,"[25,50)",AVAILABLE,1,1,1,16,0.5143162178210657,0.6818181818181818,0.7543304528042298,0.4590130505709625,0.495286439448876,0.7277723892660847,15,1,13,11.3149575463939,4,0,9,0,0,0,0,1
fold3_0000951,sa_0005889,951,Lung,30,0,"[25,50)",AVAILABLE,1,1,1,17,0.4668177021209476,0.5957446808510638,0.7835868571315906,0.5351784496476472,0.5303383529708273,0.7897727272727273,14,3,16,10.970216783429125,3,1,11,1,2,0,0,1
fold3_0000952,sa_0005890,952,Lung,25,0,"[25,50)",AVAILABLE,1,1,1,15,0.6147067606973233,0.75,0.8196090142630977,0.6340774230008477,0.6340774230008477,0.776067784886737,15,0,10,12.29413603355548,0,0,10,0,0,0,0,0
fold3_0000953,sa_0005891,953,Lung,18,0,"[10,25)",AVAILABLE,1,1,1,10,0.514938749853429,0.5714285714285714,0.9011428122435008,0.5733934350439205,0.5940753594447199,0.7714796672109479,8,2,10,7.209143399090818,2,0,8,0,0,0,1,1
fold3_0000954,sa_0005892,954,Lung,28,0,"[25,50)",AVAILABLE,1,1,1,21,0.6838445421028972,0.7755102040816326,0.8817995411326833,0.7440680930449484,0.7558932631327031,0.8697696606242333,19,2,9,16.754192163320525,1,0,8,0,0,0,2,0
fold3_0000955,sa_0005893,955,Lung,31,0,"[25,50)",AVAILABLE,1,1,1,16,0.5013252027337513,0.5531914893617021,0.9062417126340887,0.5059162136232811,0.4999439084586044,0.709921094947833,13,3,18,11.781143170484865,2,0,16,0,0,0,2,1
fold3_0000956,sa_0005894,956,Uterus,45,0,"[25,50)",AVAILABLE,1,1,1,45,0.6328710957006046,0.7777777777777778,0.8136914087579202,0.6036488349892162,0.6140589217094282,0.8351489791501334,35,10,10,28.479200120218614,3,4,2,1,0,3,5,2
fold3_0000957,sa_0005895,957,Uterus,49,0,"[25,50)",AVAILABLE,1,1,1,39,0.55606562310426,0.6818181818181818,0.8155629138862481,0.418805765271105,0.5094348991955507,0.8139619041352765,30,9,19,24.46688823215036,9,4,5,1,0,1,5,3
fold3_0000958,sa_0005896,958,Uterus,60,0,"[50,+inf)",AVAILABLE,1,1,1,59,0.5934000971196043,0.7563025210084033,0.7846067950803657,0.5560747663551402,0.560077694462011,0.7799171902597215,45,14,15,35.30730656322325,5,0,9,1,1,0,11,2
fold3_0000959,sa_0005897,959,Uterus,69,0,"[50,+inf)",AVAILABLE,1,1,1,52,0.5201898752362654,0.6446280991735537,0.8069612167126681,0.47226642950758285,0.5401938610662359,0.8522100316767711,39,13,30,31.47148825875527,18,4,7,1,1,1,3,8
fold3_0000960,sa_0005898,960,Uterus,43,0,"[25,50)",AVAILABLE,1,1,1,36,0.4036149105568717,0.5569620253164557,0.7246722257725652,0.44488198726998046,0.4747940368772067,0.8117753984615725,22,14,21,15.942789691668661,10,5,4,2,4,2,4,4
fold3_0000961,sa_0005899,961,Uterus,35,0,"[25,50)",AVAILABLE,1,1,1,35,0.6137125550006383,0.7428571428571429,0.826151516347013,0.5713069793833933,0.6265564863029205,0.8446424014661192,26,9,9,21.479940251173854,4,2,0,3,1,0,4,4
fold3_0000962,sa_0005900,962,Uterus,48,0,"[25,50)",AVAILABLE,1,1,1,39,0.5816950532514917,0.6896551724137931,0.843457827214663,0.4788995950286273,0.5801167757357263,0.8534087245492646,30,9,18,25.30373565989772,11,0,6,1,1,0,4,4
fold3_0000963,sa_0005901,963,Uterus,80,0,"[50,+inf)",AVAILABLE,1,1,1,56,0.45947275570435664,0.5588235294117647,0.8222144049446382,0.4066702905539287,0.4885854784209225,0.8608865758683054,38,18,42,31.24414821011065,26,9,5,2,0,3,5,10
fold3_0000964,sa_0005902,964,Uterus,73,0,"[50,+inf)",AVAILABLE,1,1,1,53,0.5120230130854517,0.6031746031746031,0.8488802585364069,0.5474116351256634,0.5814565780946209,0.8423533027687422,38,15,35,32.25745067326372,16,5,12,2,0,2,4,9
fold3_0000965,sa_0005903,965,Uterus,67,0,"[50,+inf)",AVAILABLE,1,1,1,51,0.4482334367738854,0.559322033898305,0.8013870536260376,0.4785139659221506,0.5335231509728154,0.8521727598249415,33,18,34,26.445773571046292,15,6,8,5,1,2,5,10
fold3_0000966,sa_0005904,966,Uterus,62,0,"[50,+inf)",AVAILABLE,1,1,1,50,0.4317759084060138,0.5535714285714286,0.7799822861527991,0.4702358311144922,0.49563896892765363,0.7881075733513837,31,19,31,24.17945165071906,15,2,14,0,1,3,9,6
fold3_0000967,sa_0005905,967,Uterus,31,0,"[25,50)",AVAILABLE,1,1,1,34,0.5176660308045258,0.6461538461538462,0.8011498095784326,0.5191368078175895,0.5214433481858689,0.8034934497816594,21,13,10,16.824146802296895,6,1,2,1,0,1,9,3
fold3_0000968,sa_0005906,968,Uterus,28,0,"[25,50)",AVAILABLE,1,1,1,37,0.4427451365585452,0.5230769230769231,0.8464245257736893,0.46238367931281316,0.4789252262263851,0.6934492660279634,17,20,11,14.389217784577244,2,2,6,1,0,1,18,1
fold3_0000969,sa_0005907,969,Uterus,40,0,"[25,50)",AVAILABLE,1,1,1,40,0.47586629454257545,0.625,0.7613860712681207,0.5172107332079986,0.5341857020347704,0.7773260836424615,25,15,15,19.03465254308909,5,4,3,3,1,4,6,4
fold3_0000970,sa_0005908,970,Uterus,47,0,"[25,50)",AVAILABLE,1,1,1,47,0.5131186965043328,0.6595744680851063,0.7779541527646336,0.5439869768703791,0.5539393016259853,0.8067535777298569,31,16,16,24.116579513657797,7,0,7,2,3,1,8,4
fold3_0000971,sa_0005909,971,Uterus,49,0,"[25,50)",AVAILABLE,1,1,1,43,0.4315930652499733,0.5434782608695652,0.794131240059951,0.4607357226470076,0.4978410114628312,0.7764481406972644,25,18,24,19.853281795630014,13,0,8,3,1,0,9,8
fold3_0000972,sa_0005910,972,Uterus,61,0,"[50,+inf)",AVAILABLE,1,1,1,46,0.5491550871864365,0.7102803738317757,0.7731525569598513,0.5058884913536076,0.5645945173279121,0.8300071058775759,38,8,23,29.379797937626904,8,3,10,2,0,0,4,4
fold3_0000973,sa_0005911,973,Uterus,32,0,"[25,50)",AVAILABLE,1,1,1,34,0.329798245802643,0.42424242424242425,0.7773815793919442,0.44881443716112324,0.43604067559900495,0.6971796742037443,14,20,18,10.883342888868798,4,1,7,6,1,1,10,8
fold3_0000974,sa_0005912,974,Uterus,46,0,"[25,50)",AVAILABLE,1,1,1,41,0.49402144610339477,0.5977011494252874,0.8265358809806796,0.5043473490770455,0.5078803995330133,0.7980299804288449,26,15,20,21.489933732033553,5,8,6,1,0,5,7,3
fold3_0000975,sa_0005913,975,Uterus,51,0,"[50,+inf)",AVAILABLE,1,1,1,43,0.5198678567323163,0.6382978723404256,0.814459642213962,0.4842589317297489,0.5048570309439875,0.7864858533538093,30,13,21,24.433790080878506,7,7,7,0,0,1,9,3
fold3_0000976,sa_0005914,976,Uterus,36,0,"[25,50)",AVAILABLE,1,1,1,37,0.6733522820786328,0.7945205479452054,0.8474951136506931,0.7198950074994643,0.7267738780832337,0.8565585375829846,29,8,7,24.577359143365214,1,1,4,1,2,1,5,0
fold3_0000977,sa_0005915,977,Uterus,33,0,"[25,50)",AVAILABLE,1,1,1,28,0.5574724623643282,0.7213114754098361,0.7728595500960005,0.581038582495973,0.5863990095507605,0.8463125034840292,22,6,11,17.002910874971562,4,2,4,1,0,1,3,2
fold3_0000978,sa_0005916,978,Uterus,29,0,"[25,50)",AVAILABLE,1,1,1,30,0.6603294861307473,0.8135593220338984,0.8116549933690435,0.6801711388125924,0.6820982693028987,0.8359825438792088,24,6,5,19.479720652512036,0,1,3,1,2,0,4,0
fold3_0000979,sa_0005917,979,Uterus,47,0,"[25,50)",AVAILABLE,1,1,1,41,0.5834602991653037,0.7045454545454546,0.8281371988152698,0.5934052311887938,0.6375995158061363,0.8402797520896117,31,10,16,25.672253991410564,7,2,7,0,1,2,4,3
fold3_0000980,sa_0005918,980,Uterus,51,0,"[50,+inf)",AVAILABLE,1,1,1,43,0.5834278469329224,0.7021276595744681,0.8309426910862834,0.5698714820237514,0.6257678192003091,0.8516027849725543,33,10,18,27.42110963679004,10,1,5,2,2,2,2,4
fold3_0000981,sa_0005919,981,Uterus,46,0,"[25,50)",AVAILABLE,1,1,1,39,0.6124962641340799,0.7529411764705882,0.8134716008030748,0.5934971398085301,0.6625587467362924,0.8649622044935821,32,7,14,26.03109203916999,6,2,6,0,1,1,4,1
fold3_0000982,sa_0005920,982,Uterus,36,0,"[25,50)",AVAILABLE,1,1,1,29,0.41232853613595366,0.5538461538461539,0.7444820791343607,0.4385338020863351,0.5385569567913996,0.8244557914539102,18,11,18,13.400678168900573,6,6,4,2,0,3,5,3
fold3_0000983,sa_0005921,983,Uterus,51,0,"[50,+inf)",AVAILABLE,1,1,1,37,0.5704556957862125,0.7272727272727273,0.7843765817060421,0.54990099009901,0.5796198911338685,0.8214817626960255,32,5,19,25.100051398969928,4,2,13,0,0,2,2,1
fold3_0000984,sa_0005922,984,Uterus,49,0,"[25,50)",AVAILABLE,1,1,1,45,0.5758506629905967,0.723404255319149,0.7960288576634719,0.5762706721286603,0.5892045454545455,0.8545316410439757,34,11,15,27.064981956586898,5,5,3,2,0,2,6,3
fold3_0000985,sa_0005923,985,Uterus,48,0,"[25,50)",AVAILABLE,1,1,1,46,0.6635517599482148,0.7872340425531915,0.8428900734477323,0.7064981148813484,0.7056474085082668,0.8696836028971301,37,9,11,31.186933560456165,5,0,4,2,0,0,5,4
fold3_0000986,sa_0005924,986,Uterus,43,0,"[25,50)",AVAILABLE,1,1,1,30,0.45435139946069447,0.547945205479452,0.8291913040157675,0.4755362186092665,0.5088408644400786,0.8339342948717948,20,10,23,16.583826909506655,11,0,11,1,1,0,5,4
fold3_0000987,sa_0005925,987,Uterus,55,0,"[50,+inf)",AVAILABLE,1,1,1,47,0.5881646505413897,0.7058823529411765,0.8332332549336353,0.6396947092139799,0.6607578530039646,0.8539423849420407,36,11,19,29.996398010844125,9,2,7,1,0,2,4,5
fold3_0000988,sa_0005926,988,Uterus,48,0,"[25,50)",AVAILABLE,1,1,1,39,0.570424968215474,0.6896551724137931,0.8271162039124371,0.5988314271506713,0.6474702727908603,0.8256439286725162,30,9,18,24.81348694448932,5,1,10,2,1,0,5,3
fold3_0000989,sa_0005927,989,Uterus,42,0,"[25,50)",AVAILABLE,1,1,1,33,0.5794481122603575,0.72,0.8047890448060522,0.6117585074071779,0.6875681570338059,0.8585891222401724,27,6,15,21.729305014552455,3,5,5,2,1,3,0,2
fold3_0000990,sa_0005928,990,Uterus,34,0,"[25,50)",AVAILABLE,1,1,1,25,0.42636896945781355,0.5423728813559322,0.7861177874378438,0.4873049970067261,0.5139736864734715,0.7984209928433489,16,9,18,12.577885385123288,5,3,8,2,1,1,4,3
fold3_0000991,sa_0005929,991,Uterus,38,0,"[25,50)",AVAILABLE,1,1,1,39,0.5439935319609817,0.6753246753246753,0.8055288838652997,0.5327970516318792,0.5532286939506225,0.8080521081834509,26,13,12,20.943751786026677,8,0,3,1,1,0,9,3
fold3_0000992,sa_0005930,992,Uterus,59,0,"[50,+inf)",AVAILABLE,1,1,1,49,0.5915559129061653,0.7222222222222222,0.8190774178700749,0.5268682889331956,0.6282778618255169,0.8589291936045836,39,10,20,31.94402011601034,11,4,4,1,1,1,3,5
fold3_0000993,sa_0005931,993,Uterus,48,0,"[25,50)",AVAILABLE,1,1,1,40,0.6244295921506716,0.7272727272727273,0.8585906892071735,0.6154560781749991,0.6426654034422864,0.8608574449677977,32,8,16,27.47490291322024,7,0,8,1,1,0,4,3
fold3_0000994,sa_0005932,994,Uterus,43,0,"[25,50)",AVAILABLE,1,1,1,19,0.42733760981124086,0.5161290322580645,0.8279666190092791,0.4192349911340032,0.4248908670718137,0.5965038745719949,16,3,27,13.247466732115086,1,0,26,0,0,0,3,0
fold3_0000995,sa_0005933,995,Uterus,39,0,"[25,50)",AVAILABLE,1,1,1,28,0.4074837166932056,0.5074626865671642,0.8029826181895522,0.4375717469106624,0.47010222657891054,0.8232679240490252,17,11,22,13.650705312205007,9,2,9,2,0,1,5,5
fold3_0000996,sa_0005934,996,Uterus,34,0,"[25,50)",AVAILABLE,1,1,1,34,0.49820611606303056,0.6176470588235294,0.8066194260068114,0.3791926144433519,0.46707627632483123,0.8016201024962804,21,13,13,16.939008752762465,7,0,4,2,5,1,6,1
fold3_0000997,sa_0005935,997,Uterus,40,0,"[25,50)",AVAILABLE,1,1,1,24,0.48400377424971835,0.59375,0.8151642513679467,0.5623961090931479,0.5834984342046399,0.741655567663559,19,5,21,15.488121591155238,1,0,19,1,1,0,3,1
fold3_0000998,sa_0005936,998,Uterus,46,0,"[25,50)",AVAILABLE,1,1,1,39,0.6277965195680478,0.8,0.7847456494600598,0.6510125233146816,0.6814197442161231,0.8367660883685155,34,5,12,26.68135286638768,4,0,7,1,1,0,3,1
fold3_0000999,sa_0005937,999,Uterus,46,0,"[25,50)",AVAILABLE,1,1,1,38,0.6429778374996842,0.7380952380952381,0.8711312637092495,0.5170167300776567,0.6133934414309605,0.8944071386723151,31,7,15,27.005070046118,8,4,3,0,0,2,3,2
fold3_0001000,sa_0005938,1000,Uterus,39,0,"[25,50)",AVAILABLE,1,1,1,28,0.5990596327812926,0.7164179104477612,0.8361874040905543,0.5382118730422312,0.6486726099591194,0.8790368356585905,24,4,15,20.068498534360707,5,0,9,1,2,0,1,1
fold3_0001001,sa_0005939,1001,Uterus,37,0,"[25,50)",AVAILABLE,1,1,1,34,0.6080828325714974,0.7323943661971831,0.8302669444726215,0.5798956717890879,0.6249703379775585,0.8630854281839991,26,8,11,21.586941386555104,7,0,3,1,2,0,4,2
fold3_0001002,sa_0005940,1002,Uterus,45,0,"[25,50)",AVAILABLE,1,1,1,36,0.5599128626593654,0.6666666666666666,0.8398692939890481,0.552774969104595,0.6097723525904101,0.870110910160591,27,9,18,22.676471777573592,7,2,7,2,1,2,2,4
fold3_0001003,sa_0005941,1003,Uterus,34,0,"[25,50)",AVAILABLE,1,1,1,29,0.47143171908643144,0.6349206349206349,0.7425049575611296,0.505282076009293,0.5306410903584049,0.7669678781083042,20,9,14,14.850099893727549,2,3,5,4,0,1,4,4
fold3_0001004,sa_0005942,1004,Uterus,140,0,"[50,+inf)",AVAILABLE,1,1,1,55,0.30365520143597097,0.41025641025641024,0.7401595535001793,0.32617813964964226,0.34270534580845363,0.6573989775194341,40,15,100,29.60638288016672,31,11,56,2,2,4,1,8
fold3_0001005,sa_0005943,1005,Uterus,214,0,"[50,+inf)",AVAILABLE,1,1,1,111,0.405447814329888,0.5476923076923077,0.7402839306585034,0.41725678637666497,0.4318063385285897,0.6563658020116464,89,22,125,65.88527056889073,32,3,85,5,0,2,4,16
fold3_0001006,sa_0005944,1006,Uterus,95,0,"[50,+inf)",AVAILABLE,1,1,1,47,0.3754415304103672,0.4788732394366197,0.7840102546804727,0.3089388901443006,0.35248730964467007,0.7222639243356853,34,13,61,26.656349443146325,15,16,29,1,0,4,2,7
fold3_0001007,sa_0005945,1007,Uterus,186,0,"[50,+inf)",AVAILABLE,1,1,1,120,0.4702640337027455,0.6535947712418301,0.7195039715652006,0.4870139291932676,0.5089613034623218,0.7291672290457551,100,20,86,71.95039787602403,26,5,49,6,1,3,2,14
fold3_0001008,sa_0005946,1008,Thyroid,37,0,"[25,50)",AVAILABLE,1,1,1,35,0.6053839412608292,0.7222222222222222,0.8382239186688404,0.6041041041041041,0.6370341614906833,0.8282123378163216,26,9,11,21.79382272361377,6,0,4,1,2,0,5,2
fold3_0001009,sa_0005947,1009,Thyroid,23,0,"[10,25)",AVAILABLE,1,1,1,22,0.6944307538742789,0.8444444444444444,0.8223522085353302,0.7201132201132201,0.7129169411341997,0.9134386799049085,19,3,4,15.624692784523482,3,0,1,0,1,0,1,1
fold3_0001010,sa_0005948,1010,Thyroid,20,0,"[10,25)",AVAILABLE,1,1,1,19,0.5736322633615073,0.717948717948718,0.7989877953963852,0.5747431605679326,0.5769132326593294,0.8081480279175458,14,5,6,11.185829934537187,4,0,1,1,0,0,3,2
fold3_0001011,sa_0005949,1011,Thyroid,26,0,"[25,50)",AVAILABLE,1,1,1,23,0.730090969428353,0.8571428571428571,0.8517727976664119,0.6223953721740157,0.6593059936908517,0.8531672194806246,21,2,5,17.887229602767448,2,0,3,0,0,0,1,1
fold3_0001012,sa_0005950,1012,Thyroid,13,0,"[10,25)",AVAILABLE,1,1,1,12,0.5905122723171496,0.72,0.820155933773819,0.6219491085338411,0.6219491085338411,0.7669156883671291,9,3,4,7.381404224120304,0,0,4,0,0,0,3,0
fold3_0001013,sa_0005951,1013,Thyroid,23,0,"[10,25)",AVAILABLE,1,1,1,26,0.5597469095485009,0.7346938775510204,0.7618777379965707,0.5864002804065895,0.5864002804065895,0.7428929150095743,18,8,5,13.713800045816011,0,1,1,3,1,1,3,3
fold3_0001014,sa_0005952,1014,Thyroid,23,0,"[10,25)",AVAILABLE,1,1,1,25,0.7450952334416985,0.875,0.8515374096476555,0.696542707728065,0.7209392436453813,0.8638717521502229,21,4,2,17.882286454138175,1,0,1,0,0,0,4,0
fold3_0001015,sa_0005953,1015,Thyroid,23,0,"[10,25)",AVAILABLE,1,1,1,22,0.686058897364068,0.8444444444444444,0.8124381679311331,0.720754108926845,0.7355197706770087,0.9038620354627156,19,3,4,15.436326003129697,1,1,1,1,2,1,0,0
fold3_0001016,NOT_FOUND,1016,Thyroid,0,1,"[0,1)",NOT_EVALUATED,0,0,0,NOT_EVALUATED,NOT_EVALUATED,NOT_EVALUATED,NOT_EVALUATED,NOT_EVALUATED,NOT_EVALUATED,NOT_EVALUATED,NOT_EVALUATED,NOT_EVALUATED,NOT_EVALUATED,NOT_EVALUATED,NOT_EVALUATED,NOT_EVALUATED,NOT_EVALUATED,NOT_EVALUATED,NOT_EVALUATED,NOT_EVALUATED,NOT_EVALUATED,NOT_EVALUATED
fold3_0001017,sa_0005954,1017,Skin,23,0,"[10,25)",AVAILABLE,1,1,1,24,0.6817887328808604,0.7659574468085106,0.89011306792779,0.6812740487387773,0.7084078711985689,0.8718121938861679,18,6,5,16.02203611281329,2,0,2,1,2,0,4,0
fold3_0001018,sa_0005955,1018,Skin,79,0,"[50,+inf)",AVAILABLE,1,1,1,70,0.7375927766999515,0.87248322147651,0.8453947979099444,0.7517685605778539,0.7563708934602394,0.8901756839437112,65,5,14,54.950662709541184,2,1,11,0,0,1,4,0
fold3_0001019,sa_0005956,1019,Skin,65,0,"[50,+inf)",AVAILABLE,1,1,1,54,0.7404399240185151,0.8571428571428571,0.863846578021601,0.7194365408834368,0.7695663330767257,0.895939675174014,51,3,14,44.05617634294823,5,0,8,1,0,0,2,1
fold3_0001020,sa_0005957,1020,Skin,14,0,"[10,25)",AVAILABLE,1,1,1,11,0.6280336036414301,0.8,0.7850420045517876,0.559437386569873,0.6384615384615384,0.8905742145178764,10,1,4,7.85042083055988,4,0,0,0,0,0,0,1
fold3_0001021,sa_0005958,1021,Skin,39,0,"[25,50)",AVAILABLE,1,1,1,34,0.6101223479614009,0.684931506849315,0.8907786280236454,0.6751003527551392,0.703202846975089,0.8849770162975344,25,9,14,22.269466591369763,5,0,8,1,4,0,3,2
fold3_0001022,sa_0005959,1022,Cervix,21,0,"[10,25)",AVAILABLE,1,1,1,21,0.6611519189566281,0.8095238095238095,0.8167170763581876,0.6962679696905318,0.6962679696905318,0.8499979125788002,17,4,4,13.884191114806265,0,0,4,0,1,0,3,0
fold3_0001023,sa_0005960,1023,Cervix,1,0,"[1,10)",AVAILABLE,1,1,1,2,0.6101135823823394,0.6666666666666666,0.915170373573509,0.4598360655737705,0.4598360655737705,0.6299831555306008,1,1,0,0.9151712887438825,0,0,0,0,0,0,1,0
fold3_0001024,sa_0005961,1024,Cervix,4,0,"[1,10)",AVAILABLE,1,1,1,4,0.9191909994685732,1.0,0.9191909994685732,0.9200487012987013,0.9200487012987013,0.9583597548087085,4,0,0,3.6767649170652925,0,0,0,0,0,0,0,0
fold3_0001025,sa_0005962,1025,Cervix,7,0,"[1,10)",AVAILABLE,1,1,1,6,0.8317085732020694,0.9230769230769231,0.9010176209689085,0.8588709677419355,0.8588709677419355,0.9240780911062907,6,0,1,5.406106626831072,0,0,1,0,0,0,0,0
fold3_0001026,sa_0005963,1026,Cervix,39,0,"[25,50)",AVAILABLE,1,1,1,28,0.7278139976113539,0.835820895522388,0.8707774614278698,0.7147206777866031,0.7309945599107267,0.8710262299045086,28,0,11,24.38176979075782,1,1,9,0,0,0,0,0
fold3_0001027,sa_0005964,1027,Cervix,42,0,"[25,50)",AVAILABLE,1,1,1,30,0.6216747090520847,0.7777777777777778,0.7992960544955374,0.6218409220114735,0.6343079031521243,0.8409503843466107,28,2,14,22.380290325171103,3,0,10,1,0,0,1,1
fold3_0001028,sa_0005965,1028,Cervix,53,0,"[50,+inf)",AVAILABLE,1,1,1,47,0.7087306843378671,0.86,0.8241054469044967,0.6753417560081304,0.6940766550522648,0.8767482517482518,43,4,10,35.436535040998805,6,0,4,0,1,0,2,1
fold3_0001029,sa_0005966,1029,Cervix,45,0,"[25,50)",AVAILABLE,1,1,1,34,0.5955917184148588,0.7341772151898734,0.8112369957719628,0.5846284604176785,0.6189868632454399,0.8436998336300751,29,5,16,23.525873688623918,7,0,9,0,0,0,3,2
fold3_0001030,sa_0005967,1030,Thyroid,12,0,"[10,25)",AVAILABLE,1,1,1,14,0.6319697031636524,0.7692307692307693,0.821560614112748,0.6479224783438555,0.6479224783438555,0.7863506771204561,10,4,2,8.215606962688094,0,0,1,1,0,0,3,1
fold3_0001031,sa_0005968,1031,Thyroid,6,0,"[1,10)",AVAILABLE,1,1,1,10,0.6204968874505377,0.75,0.8273291832673835,0.6674418604651163,0.6674418604651163,0.800557880055788,6,4,0,4.963975926933484,0,0,0,0,0,0,4,0
fold3_0001032,sa_0005969,1032,Thyroid,10,0,"[10,25)",AVAILABLE,1,1,1,6,0.6343867121235012,0.75,0.8458489494980016,0.7588401697312589,0.7588401697312589,0.862887012464817,6,0,4,5.075094542836959,0,0,4,0,0,0,0,0
fold3_0001033,sa_0005970,1033,Thyroid,7,0,"[1,10)",AVAILABLE,1,1,1,6,0.696987500740012,0.9230769230769231,0.7550697924683463,0.6328273244781784,0.6328273244781784,0.7751307379430563,6,0,1,4.53041950987987,0,0,1,0,0,0,0,0
fold3_0001034,sa_0005971,1034,Thyroid,9,0,"[1,10)",AVAILABLE,1,1,1,10,0.5197425252607917,0.631578947368421,0.8229256649962535,0.5664957264957265,0.5664957264957265,0.7603666521169795,6,4,3,4.937554812903186,0,0,2,1,2,0,2,0
fold3_0001035,sa_0005972,1035,Thyroid,6,0,"[1,10)",AVAILABLE,1,1,1,4,0.6428606461262967,0.8,0.8035758076578707,0.6735684244581042,0.6735684244581042,0.8049487724724531,4,0,2,3.2143040342072906,0,0,2,0,0,0,0,0
fold3_0001036,sa_0005973,1036,Thyroid,7,0,"[1,10)",AVAILABLE,1,1,1,9,0.5892134386593738,0.75,0.7856179182124984,0.5643197458973002,0.5643197458973002,0.7756345177664975,6,3,1,4.713708294892909,0,0,1,0,1,0,2,0
fold3_0001037,sa_0005974,1037,Thyroid,3,0,"[1,10)",AVAILABLE,1,1,1,2,0.636811283758777,0.8,0.7960141046984712,0.6546355272469923,0.6546355272469923,0.7912745936698032,2,0,1,1.5920290054110473,0,0,1,0,0,0,0,0
fold3_0001038,sa_0005975,1038,Thyroid,36,0,"[25,50)",AVAILABLE,1,1,1,26,0.4628479408604244,0.5806451612903226,0.7971270092596198,0.3277347637193272,0.4457578145521408,0.829578488372093,18,8,18,14.348286963800167,9,2,6,1,0,3,2,3
fold3_0001039,sa_0005976,1039,Thyroid,7,0,"[1,10)",AVAILABLE,1,1,1,6,0.6385926728340101,0.7692307692307693,0.8301704746842131,0.4868827160493827,0.4868827160493827,0.6549039958484691,5,1,2,4.150853203591541,0,0,2,0,0,0,1,0
fold3_0001040,sa_0005977,1040,Thyroid,29,0,"[25,50)",AVAILABLE,1,1,1,23,0.6227326345610981,0.7307692307692307,0.8521604472941342,0.6526870007262164,0.6672024108488197,0.867084412845695,19,4,10,16.191049350748997,3,2,5,0,0,1,2,1
fold3_0001041,sa_0005978,1041,Thyroid,3,0,"[1,10)",AVAILABLE,1,1,1,1,0.3944277580649106,0.5,0.7888555161298212,0.6856414613423959,0.6856414613423959,0.813508064516129,1,0,2,0.7888563049853372,0,0,2,0,0,0,0,0
fold3_0001042,sa_0005979,1042,Thyroid,28,0,"[25,50)",AVAILABLE,1,1,1,25,0.6557617838072411,0.8301886792452831,0.7898948759496314,0.6174639256770112,0.644571052919908,0.8335776149233844,22,3,6,17.377688060786767,2,0,4,0,1,0,2,0
fold3_0001043,sa_0005980,1043,Esophagus,5,0,"[1,10)",AVAILABLE,1,1,1,4,0.7405883802390368,0.8888888888888888,0.8331619277689165,0.8092290377039955,0.8092290377039955,0.8945567651632971,4,0,1,3.332648544237594,0,0,1,0,0,0,0,0
fold3_0001044,sa_0005981,1044,Esophagus,14,0,"[10,25)",AVAILABLE,1,1,1,12,0.7903593357169705,0.9230769230769231,0.8562226136933846,0.8259187620889749,0.8259187620889749,0.9046610169491526,12,0,2,10.274672220543229,0,0,2,0,0,0,0,0
fold3_0001045,sa_0005982,1045,Esophagus,10,0,"[10,25)",AVAILABLE,1,1,1,10,0.7551652382839245,0.9,0.8390724869821382,0.8038745071146922,0.8038745071146922,0.8912754229233986,9,1,1,7.551653221911731,0,0,1,0,0,0,1,0
fold3_0001046,sa_0005983,1046,Esophagus,17,0,"[10,25)",AVAILABLE,1,1,1,15,0.7276364307858261,0.875,0.8315844923266584,0.7344463695070089,0.7344463695070089,0.8468942971304032,14,1,3,11.642183724157709,0,0,3,0,0,0,1,0
fold3_0001047,sa_0005984,1047,Esophagus,12,0,"[10,25)",AVAILABLE,1,1,1,9,0.7411272786851271,0.8571428571428571,0.8646484917993149,0.7398692810457517,0.7935994246673859,0.9077786688051324,9,0,3,7.781837290842326,1,0,2,0,0,0,0,0
fold3_0001048,sa_0005985,1048,Esophagus,11,0,"[10,25)",AVAILABLE,1,1,1,8,0.624377279335421,0.7368421052631579,0.8473691648123571,0.638898884490824,0.669255928045789,0.869703649277492,7,1,4,5.931585001055665,2,0,2,0,0,0,0,1
fold3_0001049,sa_0005986,1049,Esophagus,12,0,"[10,25)",AVAILABLE,1,1,1,12,0.71565357109385,0.8333333333333334,0.85878428531262,0.7955698342915116,0.7955698342915116,0.9110085695451549,10,2,2,8.587843711910484,0,0,1,1,2,0,0,0
fold3_0001050,sa_0005987,1050,Esophagus,14,0,"[10,25)",AVAILABLE,1,1,1,13,0.8340295851318131,0.9629629629629629,0.8661076460984214,0.8319519862817948,0.8319519862817948,0.9082683307332293,13,0,1,11.259400265387123,0,0,1,0,0,0,0,0
fold3_0001051,sa_0005988,1051,Esophagus,5,0,"[1,10)",AVAILABLE,1,1,1,3,0.4098197280884609,0.5,0.8196394561769218,0.5551304347826087,0.5549295774647888,0.8260869565217391,2,1,3,1.6392797319933,2,0,1,0,0,0,0,1
fold3_0001052,sa_0005989,1052,Esophagus,18,0,"[10,25)",AVAILABLE,1,1,1,12,0.6432995384160609,0.7333333333333333,0.8772266432946286,0.696012230857434,0.7457820989419502,0.8948402948402948,11,1,7,9.649493953467557,3,0,4,0,0,0,0,1
fold3_0001053,sa_0005990,1053,Esophagus,16,0,"[10,25)",AVAILABLE,1,1,1,10,0.6679842709841416,0.7692307692307693,0.868379552279384,0.6944336317633321,0.721455826240094,0.9125319693094629,10,0,6,8.683796391173392,1,0,5,0,0,0,0,0
fold3_0001054,sa_0005991,1054,Esophagus,12,0,"[10,25)",AVAILABLE,1,1,1,9,0.6367633433941287,0.7619047619047619,0.835751888204794,0.6844609973101593,0.694868238557559,0.9023458810692854,8,1,4,6.686015941390239,2,0,2,0,0,0,0,1
fold3_0001055,sa_0005992,1055,Esophagus,14,0,"[10,25)",AVAILABLE,1,1,1,12,0.7149868451358509,0.8461538461538461,0.8449844533423692,0.7410826032540676,0.7410826032540676,0.851648845358972,11,1,3,9.294829831750514,0,0,3,0,0,0,1,0
fold3_0001056,sa_0005993,1056,Esophagus,11,0,"[10,25)",AVAILABLE,1,1,1,6,0.5963400342135327,0.7058823529411765,0.8448150484691712,0.6625369822485208,0.6625369822485208,0.8068068068068068,6,0,5,5.068891135630076,0,0,5,0,0,0,0,0
fold3_0001057,sa_0005994,1057,Esophagus,25,0,"[25,50)",AVAILABLE,1,1,1,18,0.6368921554764868,0.7906976744186046,0.8054812554555569,0.6103620019436345,0.6555146229606796,0.9324704813805631,17,1,8,13.693182148225723,2,4,2,0,0,1,0,0
fold3_0001058,sa_0005995,1058,Esophagus,33,0,"[25,50)",AVAILABLE,1,1,1,23,0.5304966654021411,0.6785714285714286,0.7817845595399975,0.5602627439074876,0.6219270279844138,0.8931792866970975,19,4,14,14.853907413044512,7,1,6,0,0,2,1,1
fold3_0001059,sa_0005996,1059,Esophagus,33,0,"[25,50)",AVAILABLE,1,1,1,21,0.5415776298445001,0.6296296296296297,0.8601527062236178,0.4951725084652695,0.5826931766832354,0.8833690221270522,17,4,16,14.622596865954211,5,4,6,1,0,2,0,2
fold3_0001060,sa_0005997,1060,Esophagus,32,0,"[25,50)",AVAILABLE,1,1,1,22,0.6641432981056332,0.7407407407407407,0.8965934524426049,0.620785804816223,0.6991277523667695,0.9198985820264813,20,2,12,17.931869945445552,6,0,6,0,0,0,0,2
fold3_0001061,sa_0005998,1061,Esophagus,32,0,"[25,50)",AVAILABLE,1,1,1,21,0.6128087211128078,0.7169811320754716,0.8547069004994425,0.583650439574859,0.6621198384571004,0.882800684303176,19,2,13,16.23943196419631,5,1,6,1,0,0,0,2
fold3_0001062,sa_0005999,1062,Esophagus,43,0,"[25,50)",AVAILABLE,1,1,1,29,0.5785551773179413,0.6944444444444444,0.8331194553378355,0.6328961890540804,0.663833805476865,0.8854483541430193,25,4,18,20.827987216565344,6,2,10,0,0,1,2,1
fold3_0001063,sa_0006000,1063,Esophagus,43,0,"[25,50)",AVAILABLE,1,1,1,24,0.4630894494554461,0.5373134328358209,0.861860919819858,0.5323576183930352,0.5538179098388523,0.8647820759670926,18,6,25,15.513497418618364,10,1,13,1,0,0,1,5
fold3_0001064,sa_0006001,1064,Esophagus,29,0,"[25,50)",AVAILABLE,1,1,1,18,0.6278183319166682,0.723404255319149,0.867866517649512,0.6672857850421,0.7079930620799306,0.9120951192163665,17,1,12,14.753731667908221,4,0,8,0,0,0,0,1
fold3_0001065,sa_0006002,1065,Esophagus,29,0,"[25,50)",AVAILABLE,1,1,1,19,0.6261345224742372,0.7916666666666666,0.7909067652306154,0.557397031357515,0.5880824937027708,0.937034283353986,19,0,10,15.02722933028846,7,0,3,0,0,0,0,0
fold3_0001066,sa_0006003,1066,Esophagus,38,0,"[25,50)",AVAILABLE,1,1,1,22,0.4980414075143973,0.6,0.8300690125239956,0.5704168226631724,0.5847343140198139,0.8658773383850343,18,4,20,14.941243055500934,9,0,10,1,0,0,1,3
fold3_0001067,sa_0006004,1067,Esophagus,39,0,"[25,50)",AVAILABLE,1,1,1,21,0.4794811801572604,0.5666666666666667,0.8461432591010477,0.5713844570252188,0.5711753628004874,0.7827681026581118,17,4,22,14.384436250861071,4,0,17,1,0,0,2,2
fold3_0001068,sa_0006005,1068,Esophagus,33,0,"[25,50)",AVAILABLE,1,1,1,19,0.5942675029003536,0.6923076923076923,0.8583863930782885,0.6340147253852838,0.7004917058410332,0.8810651075593403,18,1,15,15.450955933795587,5,0,10,0,0,0,0,1
fold3_0001069,sa_0006006,1069,Esophagus,28,0,"[25,50)",AVAILABLE,1,1,1,20,0.602591641865691,0.7083333333333334,0.8507176120456814,0.5622813526979752,0.6693790459657879,0.9192374350086655,17,3,11,14.462200255494198,7,0,4,0,0,0,2,1
fold3_0001070,sa_0006007,1070,Esophagus,28,0,"[25,50)",AVAILABLE,1,1,1,21,0.5953053261643639,0.7346938775510204,0.8102766939459398,0.6031237031727468,0.629495018600077,0.8401689889527408,18,3,10,14.584981301303612,3,1,5,1,0,1,1,1
fold3_0001071,sa_0006008,1071,Esophagus,39,0,"[25,50)",AVAILABLE,1,1,1,24,0.5414028862642954,0.6349206349206349,0.8527095458662655,0.5538480553724456,0.5734725050916497,0.8700773387696987,20,4,19,17.054191770034855,8,0,11,0,0,0,1,3
fold3_0001072,sa_0006009,1072,Esophagus,34,0,"[25,50)",AVAILABLE,1,1,1,25,0.5921852550334928,0.711864406779661,0.8318792868327638,0.6321000226295542,0.640103780578206,0.8540866290018833,21,4,13,17.46946585536733,3,0,9,1,3,0,0,1
fold3_0001073,sa_0006010,1073,Esophagus,48,0,"[25,50)",AVAILABLE,1,1,1,24,0.49282524677623357,0.5833333333333334,0.844843280187829,0.4551094361501667,0.5204749517496015,0.8664146361654571,21,3,27,17.74170972878769,10,0,17,0,0,0,0,3
fold3_0001074,sa_0006011,1074,Esophagus,26,0,"[25,50)",AVAILABLE,1,1,1,17,0.5537306715962991,0.6511627906976745,0.8503721028086021,0.4544464250346603,0.5872716729486808,0.8475659877614394,14,3,12,11.905210289692532,0,5,7,0,0,2,1,0
fold3_0001075,sa_0006012,1075,Esophagus,27,0,"[25,50)",AVAILABLE,1,1,1,17,0.606777957634783,0.7272727272727273,0.8343196917478266,0.6866262814538676,0.7117189429488763,0.8514230061681636,16,1,11,13.349115902284918,1,0,9,1,0,0,0,1
fold3_0001076,NOT_FOUND,1076,Cervix,0,1,"[0,1)",NOT_EVALUATED,0,0,0,NOT_EVALUATED,NOT_EVALUATED,NOT_EVALUATED,NOT_EVALUATED,NOT_EVALUATED,NOT_EVALUATED,NOT_EVALUATED,NOT_EVALUATED,NOT_EVALUATED,NOT_EVALUATED,NOT_EVALUATED,NOT_EVALUATED,NOT_EVALUATED,NOT_EVALUATED,NOT_EVALUATED,NOT_EVALUATED,NOT_EVALUATED,NOT_EVALUATED,NOT_EVALUATED
fold3_0001077,sa_0006013,1077,Cervix,1,0,"[1,10)",AVAILABLE,1,1,1,1,0.6990733750006991,1.0,0.6990733750006991,0.6990740740740741,0.6990740740740741,0.8228882833787466,1,0,0,0.6990740740740741,0,0,0,0,0,0,0,0
fold3_0001078,NOT_FOUND,1078,Cervix,0,1,"[0,1)",NOT_EVALUATED,0,0,0,NOT_EVALUATED,NOT_EVALUATED,NOT_EVALUATED,NOT_EVALUATED,NOT_EVALUATED,NOT_EVALUATED,NOT_EVALUATED,NOT_EVALUATED,NOT_EVALUATED,NOT_EVALUATED,NOT_EVALUATED,NOT_EVALUATED,NOT_EVALUATED,NOT_EVALUATED,NOT_EVALUATED,NOT_EVALUATED,NOT_EVALUATED,NOT_EVALUATED,NOT_EVALUATED
fold3_0001079,NOT_FOUND,1079,Cervix,0,1,"[0,1)",NOT_EVALUATED,0,0,0,NOT_EVALUATED,NOT_EVALUATED,NOT_EVALUATED,NOT_EVALUATED,NOT_EVALUATED,NOT_EVALUATED,NOT_EVALUATED,NOT_EVALUATED,NOT_EVALUATED,NOT_EVALUATED,NOT_EVALUATED,NOT_EVALUATED,NOT_EVALUATED,NOT_EVALUATED,NOT_EVALUATED,NOT_EVALUATED,NOT_EVALUATED,NOT_EVALUATED,NOT_EVALUATED
fold3_0001080,sa_0006014,1080,Cervix,3,0,"[1,10)",AVAILABLE,1,1,1,1,0.38011657894774853,0.5,0.7602331578954971,0.6235011990407674,0.6235011990407674,0.7680945347119645,1,0,2,0.7602339181286549,0,0,2,0,0,0,0,0
fold3_0001081,sa_0006015,1081,Cervix,1,0,"[1,10)",AVAILABLE,1,1,1,1,0.7885109608362978,1.0,0.7885109608362978,0.7885117493472585,0.7885117493472585,0.8817518248175182,1,0,0,0.7885117493472585,0,0,0,0,0,0,0,0
fold3_0001082,sa_0006016,1082,Cervix,1,0,"[1,10)",AVAILABLE,1,1,1,1,0.8211135483879181,1.0,0.8211135483879181,0.8211143695014663,0.8211143695014663,0.9017713365539453,1,0,0,0.8211143695014663,0,0,0,0,0,0,0,0
fold3_0001083,NOT_FOUND,1083,Cervix,0,1,"[0,1)",NOT_EVALUATED,0,0,0,NOT_EVALUATED,NOT_EVALUATED,NOT_EVALUATED,NOT_EVALUATED,NOT_EVALUATED,NOT_EVALUATED,NOT_EVALUATED,NOT_EVALUATED,NOT_EVALUATED,NOT_EVALUATED,NOT_EVALUATED,NOT_EVALUATED,NOT_EVALUATED,NOT_EVALUATED,NOT_EVALUATED,NOT_EVALUATED,NOT_EVALUATED,NOT_EVALUATED,NOT_EVALUATED
fold3_0001084,NOT_FOUND,1084,Cervix,1,0,"[1,10)",NOT_EVALUATED,0,0,0,NOT_EVALUATED,NOT_EVALUATED,NOT_EVALUATED,NOT_EVALUATED,NOT_EVALUATED,NOT_EVALUATED,NOT_EVALUATED,NOT_EVALUATED,NOT_EVALUATED,NOT_EVALUATED,NOT_EVALUATED,NOT_EVALUATED,NOT_EVALUATED,NOT_EVALUATED,NOT_EVALUATED,NOT_EVALUATED,NOT_EVALUATED,NOT_EVALUATED,NOT_EVALUATED
fold3_0001085,NOT_FOUND,1085,Cervix,0,1,"[0,1)",NOT_EVALUATED,0,0,0,NOT_EVALUATED,NOT_EVALUATED,NOT_EVALUATED,NOT_EVALUATED,NOT_EVALUATED,NOT_EVALUATED,NOT_EVALUATED,NOT_EVALUATED,NOT_EVALUATED,NOT_EVALUATED,NOT_EVALUATED,NOT_EVALUATED,NOT_EVALUATED,NOT_EVALUATED,NOT_EVALUATED,NOT_EVALUATED,NOT_EVALUATED,NOT_EVALUATED,NOT_EVALUATED
fold3_0001086,sa_0006017,1086,Cervix,3,0,"[1,10)",AVAILABLE,1,1,1,1,0.25641000000025643,0.5,0.5128200000005129,0.09009009009009009,0.09009009009009009,0.1652892561983471,1,0,2,0.5128205128205128,0,0,2,0,0,0,0,0
fold3_0001087,sa_0006018,1087,Cervix,7,0,"[1,10)",AVAILABLE,1,1,1,4,0.5662003752319131,0.7272727272727273,0.7785255159438805,0.6986899563318777,0.6986899563318777,0.8226221079691517,4,0,3,3.114102842301038,0,0,3,0,0,0,0,0
fold3_0001088,NOT_FOUND,1088,Cervix,0,1,"[0,1)",NOT_EVALUATED,0,0,0,NOT_EVALUATED,NOT_EVALUATED,NOT_EVALUATED,NOT_EVALUATED,NOT_EVALUATED,NOT_EVALUATED,NOT_EVALUATED,NOT_EVALUATED,NOT_EVALUATED,NOT_EVALUATED,NOT_EVALUATED,NOT_EVALUATED,NOT_EVALUATED,NOT_EVALUATED,NOT_EVALUATED,NOT_EVALUATED,NOT_EVALUATED,NOT_EVALUATED,NOT_EVALUATED
fold3_0001089,sa_0006019,1089,Cervix,1,0,"[1,10)",AVAILABLE,1,1,1,1,0.695945250000696,1.0,0.695945250000696,0.6959459459459459,0.6959459459459459,0.8207171314741036,1,0,0,0.6959459459459459,0,0,0,0,0,0,0,0
fold3_0001090,sa_0006020,1090,Cervix,1,0,"[1,10)",AVAILABLE,1,1,1,1,0.840908250000841,1.0,0.840908250000841,0.8409090909090909,0.8409090909090909,0.9135802469135802,1,0,0,0.8409090909090909,0,0,0,0,0,0,0,0
fold3_0001091,sa_0006021,1091,Cervix,2,0,"[1,10)",AVAILABLE,1,1,1,3,0.5941936828362689,0.8,0.7427421035453362,0.4427934621099554,0.4427934621099554,0.6138002059732235,2,1,0,1.485484949832776,0,0,0,0,0,0,1,0
fold3_0001092,sa_0006022,1092,Cervix,1,0,"[1,10)",AVAILABLE,1,1,1,1,0.6512814000006514,1.0,0.6512814000006514,0.6512820512820513,0.6512820512820513,0.7888198757763976,1,0,0,0.6512820512820513,0,0,0,0,0,0,0,0
fold3_0001093,sa_0006023,1093,Adrenal Gland,23,0,"[10,25)",AVAILABLE,1,1,1,14,0.6326539593689748,0.7567567567567568,0.8360070177375739,0.6598850963163231,0.6892968216642645,0.8767849124382577,14,0,9,11.704099084333052,2,0,7,0,0,0,0,0
fold3_0001094,sa_0006024,1094,Adrenal Gland,29,0,"[25,50)",AVAILABLE,1,1,1,18,0.6284553571226437,0.723404255319149,0.8687471113165955,0.6463092565693913,0.6639479144308507,0.8418110676355506,17,1,12,14.768701761129236,2,0,10,0,0,0,1,0
fold3_0001095,sa_0006025,1095,Adrenal Gland,35,0,"[25,50)",AVAILABLE,1,1,1,21,0.6501442654355457,0.75,0.8668590205807276,0.7328034467389689,0.7378744108256043,0.863079615048119,21,0,14,18.204040299054302,1,0,13,0,0,0,0,0
fold3_0001096,sa_0006026,1096,Adrenal Gland,30,0,"[25,50)",AVAILABLE,1,1,1,20,0.5617149337693641,0.68,0.8260513731902412,0.580221802508596,0.6087089849739343,0.9135341212352268,17,3,13,14.042874170285476,10,0,3,0,0,0,0,3
fold3_0001097,sa_0006027,1097,Adrenal Gland,25,0,"[25,50)",AVAILABLE,1,1,1,20,0.661591086325827,0.7555555555555555,0.8756352613135945,0.7067558112415455,0.7160361842105263,0.8713279340585613,17,3,8,14.885800317966368,1,0,7,0,0,0,3,0
fold3_0001098,sa_0006028,1098,Adrenal Gland,24,0,"[10,25)",AVAILABLE,1,1,1,20,0.63416456551708,0.7272727272727273,0.871976277585985,0.6688719537727158,0.6871488450905199,0.8443810127920499,16,4,8,13.951621313352037,3,0,4,1,0,0,2,2
fold3_0001099,sa_0006029,1099,Adrenal Gland,19,0,"[10,25)",AVAILABLE,1,1,1,18,0.7084827838306249,0.8108108108108109,0.873795433391104,0.702190988011575,0.6943023460927853,0.8842269651223321,15,3,4,13.106932374661993,1,0,3,0,0,0,3,0
fold3_0001100,sa_0006030,1100,Adrenal Gland,15,0,"[10,25)",AVAILABLE,1,1,1,11,0.6286286449191747,0.7692307692307693,0.817217238394927,0.6371113670011515,0.6864087301587302,0.9113477263368434,10,1,5,8.172173201166508,4,0,1,0,0,0,0,1
fold3_0001101,sa_0006031,1101,Adrenal Gland,28,0,"[25,50)",AVAILABLE,1,1,1,18,0.6972686475781259,0.782608695652174,0.8909543830164942,0.72695766204571,0.7625611826990311,0.8796826296401247,18,0,10,16.03717978525128,1,0,9,0,0,0,0,0
fold3_0001102,sa_0006032,1102,Adrenal Gland,4,0,"[1,10)",AVAILABLE,1,1,1,3,0.7575785950732394,0.8571428571428571,0.8838416942521128,0.8488612836438924,0.8488612836438924,0.9182530795072789,3,0,1,2.6515259665980326,0,0,1,0,0,0,0,0
fold3_0001103,sa_0006033,1103,Adrenal Gland,30,0,"[25,50)",AVAILABLE,1,1,1,25,0.7362282084157542,0.8363636363636363,0.8802728578884018,0.752678409297258,0.7855831909372825,0.8889912809243637,23,2,7,20.2462766117061,1,0,6,0,1,0,1,0
fold3_0001104,sa_0006034,1104,Adrenal Gland,23,0,"[10,25)",AVAILABLE,1,1,1,18,0.7550179765627844,0.8780487804878049,0.8598815844187266,0.737983227653917,0.7313378750543557,0.9097073967097827,18,0,5,15.477869379418665,1,0,4,0,0,0,0,0
fold3_0001105,sa_0006035,1105,Adrenal Gland,6,0,"[1,10)",AVAILABLE,1,1,1,3,0.17654663265323775,0.2222222222222222,0.79445984693957,0.3645224171539961,0.40250756593169046,0.8070283600493219,1,2,5,0.7944606413994169,3,0,2,0,0,0,1,1
fold3_0001106,sa_0006036,1106,Adrenal Gland,9,0,"[1,10)",AVAILABLE,1,1,1,9,0.9030137699292594,1.0,0.9030137699292594,0.9285299244625218,0.9285299244625218,0.9629406447725218,9,0,0,8.127124832377104,0,0,0,0,0,0,0,0
fold3_0001107,sa_0006037,1107,Adrenal Gland,16,0,"[10,25)",AVAILABLE,1,1,1,10,0.46613102290858843,0.6153846153846154,0.7574629122264561,0.5212836872678792,0.5100502512562815,0.8280139162002723,8,2,8,6.059704055274561,3,0,5,0,0,0,2,0
fold3_0001108,sa_0006038,1108,Adrenal Gland,14,0,"[10,25)",AVAILABLE,1,1,1,14,0.6960376968854555,0.7857142857142857,0.8858661596723979,0.7516474112109542,0.7814761215629522,0.8918562144597888,11,3,3,9.744528642262535,1,0,2,0,0,0,3,0
fold3_0001109,sa_0006039,1109,Adrenal Gland,15,0,"[10,25)",AVAILABLE,1,1,1,14,0.7489953451977674,0.896551724137931,0.8354178850282791,0.6191760087034672,0.619690576652602,0.9093435220562696,13,1,2,10.860433340785512,2,0,0,0,0,0,1,0
fold3_0001110,sa_0006040,1110,Adrenal Gland,12,0,"[10,25)",AVAILABLE,1,1,1,10,0.7583115648039308,0.8181818181818182,0.926825245871471,0.8372005988023952,0.8372005988023952,0.9113872479119983,9,1,3,8.341428139668484,0,0,2,1,0,0,0,1
fold3_0001111,sa_0006041,1111,Adrenal Gland,14,0,"[10,25)",AVAILABLE,1,1,1,13,0.6292615065128525,0.7407407407407407,0.8495030337923509,0.6234254866677572,0.6565131018825088,0.8803609159956599,10,3,4,8.495031187426543,1,0,3,0,1,0,2,0
fold3_0001112,sa_0006042,1112,Adrenal Gland,11,0,"[10,25)",AVAILABLE,1,1,1,8,0.7685913291223877,0.8421052631578947,0.9127022033328355,0.8662974683544303,0.8662974683544303,0.9283594743535396,8,0,3,7.3016185393648865,0,0,3,0,0,0,0,0
fold3_0001113,sa_0006043,1113,Adrenal Gland,13,0,"[10,25)",AVAILABLE,1,1,1,12,0.6667256811433849,0.72,0.9260078904769236,0.7264844981607987,0.7229626544495349,0.891180854921236,9,3,4,8.334071940300202,2,0,2,0,0,0,2,1
fold3_0001114,sa_0006044,1114,Adrenal Gland,17,0,"[10,25)",AVAILABLE,1,1,1,15,0.7551032788148571,0.875,0.8629751757884081,0.7240032881216605,0.7582681900180397,0.9037277701778386,14,1,3,12.081653324012889,1,0,2,0,0,0,1,0
fold3_0001115,sa_0006045,1115,Adrenal Gland,13,0,"[10,25)",AVAILABLE,1,1,1,14,0.6655720208922026,0.7407407407407407,0.8985222282044735,0.7774350810864591,0.7774350810864591,0.8747830954380073,10,4,3,8.985223180566962,0,0,3,0,0,0,4,0
fold3_0001116,sa_0006046,1116,Adrenal Gland,10,0,"[10,25)",AVAILABLE,1,1,1,9,0.5565198362247779,0.631578947368421,0.8811564073558983,0.5472925208539516,0.6173829377806286,0.767598651596272,6,3,4,5.286939325291797,1,0,2,1,0,0,2,1
fold3_0001117,sa_0006047,1117,Adrenal Gland,10,0,"[10,25)",AVAILABLE,1,1,1,9,0.7317178222849292,0.8421052631578947,0.8689149139633535,0.8653068897452768,0.8653068897452768,0.9392794154698917,8,1,2,6.9513201806217415,0,0,2,0,1,0,0,0
fold3_0001118,sa_0006048,1118,Adrenal Gland,14,0,"[10,25)",AVAILABLE,1,1,1,11,0.7843253771534656,0.88,0.8912788376743928,0.8634252396481866,0.8634252396481866,0.9267076792532881,11,0,3,9.804068105697157,0,0,3,0,0,0,0,0
fold3_0001119,sa_0006049,1119,Adrenal Gland,13,0,"[10,25)",AVAILABLE,1,1,1,10,0.7192819902617141,0.782608695652174,0.9190825431121903,0.7700812274368231,0.8437319229815717,0.917843216350679,9,1,4,8.271743807092255,1,0,3,0,0,0,1,0
fold3_0001120,sa_0006050,1120,Adrenal Gland,14,0,"[10,25)",AVAILABLE,1,1,1,12,0.6685717135680954,0.7692307692307693,0.869143227638524,0.7717872301995846,0.8057547169811321,0.9129094613656549,10,2,4,8.691433145528467,1,0,3,0,1,0,1,0
fold3_0001121,sa_0006051,1121,Adrenal Gland,12,0,"[10,25)",AVAILABLE,1,1,1,11,0.7822518736570309,0.8695652173913043,0.8995896547055855,0.7624753915946246,0.7913520316432938,0.8940633311587294,10,1,2,8.99589744664551,1,0,1,0,0,0,1,0
fold3_0001122,sa_0006052,1122,Adrenal Gland,9,0,"[1,10)",AVAILABLE,1,1,1,8,0.74663041666229,0.8235294117647058,0.9066226488042093,0.7194575336168256,0.7194575336168256,0.8368424570550097,7,1,2,6.346359448252114,0,0,2,0,0,0,1,0
fold3_0001123,sa_0006053,1123,Adrenal Gland,11,0,"[10,25)",AVAILABLE,1,1,1,10,0.6203004930853246,0.7619047619047619,0.8141443971744886,0.6605807024217066,0.6605807024217066,0.7956020462701382,8,2,3,6.513155991540305,0,0,3,0,0,0,2,0
fold3_0001124,sa_0006054,1124,Adrenal Gland,11,0,"[10,25)",AVAILABLE,1,1,1,10,0.661838067278772,0.7619047619047619,0.8686624633033884,0.6682094612776492,0.6691398238629509,0.8974016117957428,8,2,3,6.94930057508957,1,0,2,0,0,0,2,0
fold3_0001125,sa_0006055,1125,Adrenal Gland,15,0,"[10,25)",AVAILABLE,1,1,1,15,0.8694392695615779,1.0,0.8694392695615779,0.8722776769509982,0.8722776769509982,0.9317823821640615,15,0,0,13.041589912862937,0,0,0,0,0,0,0,0
fold3_0001126,sa_0006056,1126,Adrenal Gland,17,0,"[10,25)",AVAILABLE,1,1,1,8,0.46728267796663947,0.56,0.8344333535118561,0.3718467167340651,0.3718467167340651,0.5421111734980348,7,1,10,5.841034309016346,0,0,10,0,0,0,1,0
fold3_0001127,sa_0006057,1127,Adrenal Gland,15,0,"[10,25)",AVAILABLE,1,1,1,11,0.31827794503990525,0.38461538461538464,0.8275226571037536,0.26574500768049153,0.26574500768049153,0.48503236245954695,5,6,10,4.137614113041425,0,0,8,2,6,0,0,0
fold3_0001128,sa_0006058,1128,Adrenal Gland,12,0,"[10,25)",AVAILABLE,1,1,1,3,0.3121886849199027,0.4,0.7804717122997566,0.3021969810192796,0.3021969810192796,0.46413405256513257,3,0,9,2.3414159173709823,0,0,9,0,0,0,0,0
fold3_0001129,sa_0006059,1129,Adrenal Gland,19,0,"[10,25)",AVAILABLE,1,1,1,4,0.19210423804615104,0.2608695652173913,0.7363995791769123,0.24107225674798255,0.24107225674798255,0.38849028400597907,3,1,16,2.2091994739303162,0,0,15,1,0,0,0,1
fold3_0001130,sa_0006060,1130,Adrenal Gland,19,0,"[10,25)",AVAILABLE,1,1,1,8,0.4463129693678264,0.5925925925925926,0.7531531358082071,0.3645428015564202,0.38585963996869294,0.5643825301204819,8,0,11,6.025225839618792,2,0,9,0,0,0,0,0
fold3_0001131,sa_0006061,1131,Adrenal Gland,16,0,"[10,25)",AVAILABLE,1,1,1,4,0.23775643107760003,0.3,0.7925214369253335,0.24937317175094023,0.24937317175094023,0.3991972572957605,3,1,13,2.3775651032974374,0,0,12,1,0,0,0,1
fold3_0001132,sa_0006062,1132,Adrenal Gland,12,0,"[10,25)",AVAILABLE,1,1,1,5,0.38567270908978857,0.47058823529411764,0.8195545068158007,0.5224996661770597,0.566835367668949,0.7643929317879536,4,1,8,3.2782188468177096,0,3,5,0,0,1,0,0
fold3_0001133,sa_0006063,1133,Adrenal Gland,15,0,"[10,25)",AVAILABLE,1,1,1,7,0.257837690826181,0.36363636363636365,0.7090536497719978,0.46166807076663857,0.46166807076663857,0.631700288184438,4,3,11,2.8362153081416412,0,0,8,3,0,0,0,3
fold3_0001134,sa_0006064,1134,Adrenal Gland,20,0,"[10,25)",AVAILABLE,1,1,1,6,0.32085059517628745,0.38461538461538464,0.8342115474583474,0.26071984003554766,0.26071984003554766,0.4136047228830734,5,1,15,4.171058571503284,0,0,14,1,0,0,0,1
fold3_0001135,sa_0006065,1135,Adrenal Gland,7,0,"[1,10)",AVAILABLE,1,1,1,5,0.5454983601484312,0.6666666666666666,0.8182475402226469,0.6561457531434437,0.6561457531434437,0.7923768205763867,4,1,3,3.272990979138128,0,0,2,1,0,0,0,1
fold3_0001136,sa_0006066,1136,Adrenal Gland,11,0,"[10,25)",AVAILABLE,1,1,1,1,0.0,0.0,0.0,0.07865818392134181,0.07865818392134181,0.14584450402144772,0,1,11,0.0,0,0,10,1,0,0,0,1
fold3_0001137,sa_0006067,1137,Adrenal Gland,11,0,"[10,25)",AVAILABLE,1,1,1,3,0.3013668150265077,0.42857142857142855,0.7031892350618514,0.390040725657164,0.390040725657164,0.5611932347849248,3,0,8,2.1095684083747894,0,0,8,0,0,0,0,0
fold3_0001138,sa_0006068,1138,Adrenal Gland,11,0,"[10,25)",AVAILABLE,1,1,1,4,0.24030937152322693,0.26666666666666666,0.901160143212101,0.25869864360133676,0.25869864360133676,0.44104326097141966,2,2,9,1.8023211875843455,0,0,8,1,2,0,0,0
fold3_0001139,sa_0006069,1139,Adrenal Gland,10,0,"[10,25)",AVAILABLE,1,1,1,3,0.38286341804059,0.46153846153846156,0.8295374057546115,0.2681119140263109,0.2681119140263109,0.4228521332554062,3,0,7,2.4886130468012406,0,0,7,0,0,0,0,0
fold3_0001140,sa_0006070,1140,Adrenal Gland,8,0,"[1,10)",AVAILABLE,1,1,1,2,0.31432851641619375,0.4,0.7858212910404843,0.10945945945945947,0.10945945945945947,0.19732034104750304,2,0,6,1.5716433679022597,0,0,6,0,0,0,0,0
fold3_0001141,sa_0006071,1141,Adrenal Gland,17,0,"[10,25)",AVAILABLE,1,1,1,6,0.36734863745613927,0.43478260869565216,0.8449018661491203,0.3011622607110301,0.3011622607110301,0.4629126893773535,5,1,12,4.224510175647468,0,0,12,0,0,0,1,0
fold3_0001142,sa_0006072,1142,Adrenal Gland,18,0,"[10,25)",AVAILABLE,1,1,1,6,0.3910278938193336,0.5,0.7820557876386672,0.40566384700257446,0.41544223566695476,0.5986837641631046,6,0,12,4.692335507887791,1,0,11,0,0,0,0,0
fold3_0001143,sa_0006073,1143,Adrenal Gland,16,0,"[10,25)",AVAILABLE,1,1,1,6,0.39145433390012147,0.45454545454545453,0.8611995345802672,0.20495288918535812,0.20495288918535812,0.3401840703065532,5,1,11,4.305998534100871,0,0,10,1,0,0,0,1
fold3_0001144,sa_0006074,1144,Adrenal Gland,15,0,"[10,25)",AVAILABLE,1,1,1,8,0.6242383430044974,0.6956521739130435,0.8973426180689651,0.5752887339289605,0.5752887339289605,0.730391478766081,8,0,7,7.178741841894338,0,0,7,0,0,0,0,0
fold3_0001145,sa_0006075,1145,Adrenal Gland,15,0,"[10,25)",AVAILABLE,1,1,1,6,0.48914938546927134,0.5714285714285714,0.8560114245712249,0.47229578325524546,0.47229578325524546,0.6415773088896576,6,0,9,5.136069403438774,0,0,9,0,0,0,0,0
fold3_0001146,sa_0006076,1146,Adrenal Gland,14,0,"[10,25)",AVAILABLE,1,1,1,3,0.08982817965662879,0.11764705882352941,0.7635395270813448,0.13800828945894478,0.13800828945894478,0.2425435574367556,1,2,13,0.7635402906208718,0,0,11,2,0,0,0,2
fold3_0001147,sa_0006077,1147,Adrenal Gland,12,0,"[10,25)",AVAILABLE,1,1,1,7,0.6442962012191041,0.7368421052631579,0.8744019873687842,0.5673834039975773,0.5673834039975773,0.7239880204811129,7,0,5,6.120814785983477,0,0,5,0,0,0,0,0
fold3_0001148,sa_0006078,1148,Esophagus,11,0,"[10,25)",AVAILABLE,1,1,1,9,0.7638252132955764,0.8,0.9547815166194704,0.8615561838936014,0.8615561838936014,0.9256300630063007,8,1,3,7.638253087737279,0,0,3,0,0,0,1,0
fold3_0001149,sa_0006079,1149,Esophagus,20,0,"[10,25)",AVAILABLE,1,1,1,17,0.7424386988799829,0.8648648648648649,0.8584447455799802,0.7257244883944514,0.7598818836450293,0.9332666097553796,16,1,4,13.73511678772443,2,0,2,0,0,0,1,0
fold3_0001150,sa_0006080,1150,Esophagus,13,0,"[10,25)",AVAILABLE,1,1,1,11,0.7654429987485971,0.8333333333333334,0.9185315984983164,0.8096644861785187,0.8678134902670892,0.9299563742123121,10,1,3,9.185316903514762,1,0,2,0,0,0,1,0
fold3_0001151,sa_0006081,1151,Esophagus,17,0,"[10,25)",AVAILABLE,1,1,1,12,0.7580512954252582,0.8275862068965517,0.9159786486388537,0.9005285162104599,0.9005285162104599,0.9487402980118707,12,0,5,10.991744699644892,0,0,5,0,0,0,0,0
fold3_0001152,sa_0006082,1152,Esophagus,8,0,"[1,10)",AVAILABLE,1,1,1,7,0.7054222383231714,0.8,0.8817777979039643,0.7050290975419091,0.7087922705314009,0.9179011647630895,6,1,2,5.290667669201584,1,0,1,0,0,0,1,0
fold3_0001153,sa_0006083,1153,Esophagus,13,0,"[10,25)",AVAILABLE,1,1,1,14,0.8282886117608604,0.8888888888888888,0.9318246882309681,0.8035336156696665,0.8207137260488638,0.9501193224052267,12,2,1,11.181897190596304,1,0,0,0,0,0,2,0
fold3_0001154,sa_0006084,1154,Esophagus,12,0,"[10,25)",AVAILABLE,1,1,1,10,0.8175314199776598,0.9090909090909091,0.8992845619754258,0.8482242669189096,0.8827687505737629,0.9619191574430738,10,0,2,8.99284651903882,1,0,1,0,0,0,0,0
fold3_0001155,sa_0006085,1155,Esophagus,13,0,"[10,25)",AVAILABLE,1,1,1,13,0.9319688633810835,1.0,0.9319688633810835,0.9399860432658758,0.9399860432658758,0.9690647482014388,13,0,0,12.11559615592295,0,0,0,0,0,0,0,0
fold3_0001156,sa_0006086,1156,Esophagus,15,0,"[10,25)",AVAILABLE,1,1,1,14,0.8130107733689557,0.896551724137931,0.9068197087576813,0.8118863955119214,0.8118863955119214,0.9008224479922593,13,1,2,11.788657120669564,0,0,2,0,0,0,1,0
fold3_0001157,sa_0006087,1157,Esophagus,16,0,"[10,25)",AVAILABLE,1,1,1,13,0.8444347324219579,0.896551724137931,0.9418695092398761,0.8646406570841889,0.9227524387028737,0.9622926093514329,13,0,3,12.244304561987898,1,0,2,0,0,0,0,0
fold3_0001158,sa_0006088,1158,Esophagus,11,0,"[10,25)",AVAILABLE,1,1,1,12,0.8998515038404202,0.9565217391304348,0.9407538449240757,0.9009243749612259,0.9009243749612259,0.9478802911132144,11,1,0,10.348293234918676,0,0,0,0,0,0,1,0
fold3_0001159,sa_0006089,1159,Esophagus,13,0,"[10,25)",AVAILABLE,1,1,1,10,0.7693083190093746,0.8695652173913043,0.8847045668607808,0.8784824790037649,0.8968197034911526,0.956318941065238,10,0,3,8.847046553312374,1,0,2,0,0,0,0,0
fold3_0001160,sa_0006090,1160,Esophagus,21,0,"[10,25)",AVAILABLE,1,1,1,11,0.47470982574828685,0.5625,0.8439285791080655,0.49530366587634506,0.5324417711799334,0.9071777527245396,9,2,12,7.595358055901168,6,0,6,0,0,0,0,2
fold3_0001161,sa_0006091,1161,Esophagus,12,0,"[10,25)",AVAILABLE,1,1,1,11,0.7662221708696304,0.8695652173913043,0.881155496500075,0.8595620437956204,0.8595620437956204,0.9244779400219815,10,1,2,8.811555846156246,0,0,1,1,0,0,0,1
fold3_0001162,sa_0006092,1162,Esophagus,14,0,"[10,25)",AVAILABLE,1,1,1,14,0.8365114540929183,0.9285714285714286,0.9008584890231427,0.8993759750390016,0.8993759750390016,0.9470225872689938,13,1,1,11.711161258159343,0,0,1,0,0,0,1,0
fold3_0001163,sa_0006093,1163,Esophagus,9,0,"[1,10)",AVAILABLE,1,1,1,10,0.6412623775017418,0.7368421052631579,0.8702846551809353,0.7274616183770056,0.7274616183770056,0.8422318743735383,7,3,2,6.091993456551203,0,0,0,2,0,0,1,2
fold3_0001164,sa_0006094,1164,Esophagus,9,0,"[1,10)",AVAILABLE,1,1,1,7,0.5613187459704271,0.75,0.7484249946272361,0.5694651142431936,0.5694651142431936,0.8102409638554217,6,1,3,4.4905507161884115,0,0,3,0,0,0,1,0
fold3_0001165,sa_0006095,1165,Esophagus,17,0,"[10,25)",AVAILABLE,1,1,1,22,0.43436108114893807,0.5641025641025641,0.7700037347640266,0.4485473798533804,0.4701207168028792,0.6740449839343092,11,11,6,8.470041852408027,2,0,2,2,0,0,9,2
fold3_0001166,sa_0006096,1166,Esophagus,41,0,"[25,50)",AVAILABLE,1,1,1,31,0.6175565365586955,0.6944444444444444,0.8892814126445215,0.560679281241492,0.6011577790923688,0.869553743435463,25,6,16,22.23203620539445,8,0,7,1,0,0,2,4
fold3_0001167,sa_0006097,1167,Esophagus,43,0,"[25,50)",AVAILABLE,1,1,1,27,0.5536876238315996,0.6571428571428571,0.8425681232219995,0.5227584107170041,0.5869554418558443,0.8599242495382978,23,4,20,19.37906767667411,11,0,9,0,0,0,1,3
fold3_0001168,sa_0006098,1168,Esophagus,16,0,"[10,25)",AVAILABLE,1,1,1,15,0.5361206118732073,0.7096774193548387,0.755442680366792,0.5481355670501042,0.5822264942327857,0.7862152758601646,11,4,5,8.309870239477391,2,0,2,1,1,0,2,1
fold3_0001169,sa_0006099,1169,Esophagus,16,0,"[10,25)",AVAILABLE,1,1,1,12,0.6950157335550573,0.7857142857142857,0.884565479070073,0.5720553171196948,0.6866460427945347,0.9167749331295376,11,1,5,9.73022115433628,3,0,2,0,0,0,0,1
fold3_0001170,sa_0006100,1170,Esophagus,6,0,"[1,10)",AVAILABLE,1,1,1,5,0.7338570523874469,0.9090909090909091,0.8072427576261916,0.5379221689844572,0.5734296028880866,0.8448972099853157,5,0,1,4.036214595373716,1,0,0,0,0,0,0,0
fold3_0001171,sa_0006101,1171,Esophagus,26,0,"[25,50)",AVAILABLE,1,1,1,22,0.7956904372199753,0.9166666666666666,0.8680259315127004,0.7293219247400865,0.7360136809409137,0.956616139278678,22,0,4,19.09657136130534,2,1,1,0,0,0,0,0
fold3_0001172,sa_0006102,1172,Esophagus,15,0,"[10,25)",AVAILABLE,1,1,1,13,0.6301105664402572,0.7142857142857143,0.8821547930163601,0.637140377811895,0.7429024583663759,0.8685958685958686,10,3,5,8.821548812318394,4,0,1,0,0,0,2,1
fold3_0001173,sa_0006103,1173,Esophagus,13,0,"[10,25)",AVAILABLE,1,1,1,10,0.5663683323411338,0.6956521739130435,0.8141544777403799,0.5027443805541035,0.5960077192136051,0.8721707916115624,8,2,5,6.513236636077516,2,0,2,1,0,0,1,1
fold3_0001174,sa_0006104,1174,Esophagus,26,0,"[25,50)",AVAILABLE,1,1,1,20,0.6147965833231822,0.6956521739130435,0.8837700885270745,0.6344639125542517,0.6988669547950006,0.9158874220755409,16,4,10,14.140322300203282,1,3,5,1,2,1,1,0
fold3_0001175,sa_0006105,1175,Esophagus,26,0,"[25,50)",AVAILABLE,1,1,1,17,0.6781164087725136,0.7441860465116279,0.9112189242880651,0.6269916511208293,0.7572034754495858,0.9436548456832713,16,1,10,14.579503699827967,5,0,5,0,0,0,0,1
fold3_0001176,sa_0006106,1176,Esophagus,20,0,"[10,25)",AVAILABLE,1,1,1,13,0.5250585108070028,0.7272727272727273,0.7219554523596289,0.5697653396970026,0.5672009864364982,0.9183786461520529,12,1,8,8.663466150270999,4,0,4,0,0,0,1,0
fold3_0001177,sa_0006107,1177,Esophagus,23,0,"[10,25)",AVAILABLE,1,1,1,17,0.5877063940924194,0.65,0.9041636832191068,0.48912280701754385,0.5595159151193634,0.9261719995747847,13,4,10,11.754128786012071,6,0,3,1,0,0,1,3
fold3_0001178,sa_0006108,1178,Esophagus,10,0,"[10,25)",AVAILABLE,1,1,1,11,0.5157294783571218,0.5714285714285714,0.9025265871249631,0.5954523922311701,0.5860200845665962,0.8377905523619095,6,5,4,5.415160425276366,2,0,1,1,0,0,3,2
fold3_0001179,sa_0006109,1179,Esophagus,21,0,"[10,25)",AVAILABLE,1,1,1,18,0.49794047670742503,0.5641025641025641,0.8827126632540716,0.5213819577735125,0.5901244092969428,0.8286026200873362,11,7,10,9.70984017850745,6,0,4,0,1,0,4,2
fold3_0001180,sa_0006110,1180,Esophagus,13,0,"[10,25)",AVAILABLE,1,1,1,12,0.7545305652524269,0.88,0.8574210968777578,0.7676286607904464,0.7638466220328667,0.9316770186335404,11,1,2,9.431632923076432,0,2,0,0,0,1,0,0
fold3_0001181,sa_0006111,1181,Esophagus,16,0,"[10,25)",AVAILABLE,1,1,1,9,0.45651631610095755,0.56,0.8152077073231384,0.4607051408311995,0.4749064307587615,0.809389238133687,7,2,9,5.706454766469676,5,0,4,0,0,0,0,2
fold3_0001182,sa_0006112,1182,Esophagus,28,0,"[25,50)",AVAILABLE,1,1,1,21,0.5842665284073028,0.7346938775510204,0.7952516636654954,0.5212233143429538,0.6261454690336005,0.9283750306264122,18,3,10,14.314530741230582,6,1,3,0,1,1,0,1
fold3_0001183,sa_0006113,1183,Esophagus,17,0,"[10,25)",AVAILABLE,1,1,1,15,0.6448861995492078,0.8125,0.7937060917528711,0.6082502443792767,0.5694293926400603,0.9391137264320883,13,2,4,10.318179986493416,3,0,0,1,0,1,0,1
fold3_0001184,sa_0006114,1184,Esophagus,13,0,"[10,25)",AVAILABLE,1,1,1,11,0.6605242827808555,0.75,0.8806990437078074,0.7562098315094667,0.7562098315094667,0.8611839177093121,9,2,4,7.92629227406931,0,0,3,1,0,0,1,1
fold3_0001185,sa_0006115,1185,Esophagus,32,0,"[25,50)",AVAILABLE,1,1,1,21,0.5693682106904835,0.6415094339622641,0.8875445637234008,0.6269949426122771,0.6551149737461525,0.9062705115302149,17,4,15,15.08825847084238,9,0,6,0,0,0,0,4
fold3_0001186,sa_0006116,1186,Adrenal Gland,14,0,"[10,25)",AVAILABLE,1,1,1,15,0.6983746859776541,0.8275862068965517,0.8438694122229987,0.6560329861111112,0.6674154646488532,0.8574062256257534,12,3,2,10.126433790545397,1,0,1,0,0,0,3,0
fold3_0001187,sa_0006117,1187,Adrenal Gland,14,0,"[10,25)",AVAILABLE,1,1,1,11,0.5776861578239649,0.64,0.9026346215999451,0.5656637672893199,0.5437322387117146,0.8114133769687053,8,3,6,7.221077875434182,2,0,4,0,0,0,2,1
fold3_0001188,sa_0006118,1188,Adrenal Gland,14,0,"[10,25)",AVAILABLE,1,1,1,15,0.6132268160043114,0.6896551724137931,0.8891788832062514,0.6457409302854543,0.6372466722628612,0.8317585878561489,10,5,4,8.891789721241397,2,0,2,0,0,0,4,1
fold3_0001189,sa_0006119,1189,Adrenal Gland,21,0,"[10,25)",AVAILABLE,1,1,1,19,0.7831539868188573,0.9,0.8701710964653969,0.8355448331322879,0.8355448331322879,0.9104052573932092,18,1,3,15.663080606548242,0,0,3,0,0,0,1,0
fold3_0001190,sa_0006120,1190,Adrenal Gland,15,0,"[10,25)",AVAILABLE,1,1,1,17,0.7743289620976788,0.875,0.88494738525449,0.7904537109887227,0.7904537109887227,0.8845759484400175,14,3,1,12.389264278510245,0,0,1,0,0,0,3,0
fold3_0001191,sa_0006121,1191,Adrenal Gland,23,0,"[10,25)",AVAILABLE,1,1,1,15,0.5899973617696213,0.6842105263157895,0.8623038364325234,0.5874312242090785,0.6447704081632653,0.8836758433501357,13,2,10,11.20995073592664,2,3,5,0,0,1,0,1
fold3_0001192,sa_0006122,1192,Adrenal Gland,23,0,"[10,25)",AVAILABLE,1,1,1,21,0.7907091207448171,0.9090909090909091,0.8697800328192988,0.7870116156282999,0.8378682257701822,0.9119050532240304,20,1,3,17.39560152616601,1,0,2,0,0,0,1,0
fold3_0001193,sa_0006123,1193,Adrenal Gland,26,0,"[25,50)",AVAILABLE,1,1,1,22,0.7839398825474598,0.9166666666666666,0.8552071445972289,0.7838642838642839,0.7826469791384448,0.9203237205060982,22,0,4,18.81455803634618,1,0,3,0,0,0,0,0
fold3_0001194,sa_0006124,1194,Adrenal Gland,18,0,"[10,25)",AVAILABLE,1,1,1,15,0.7794884279096292,0.9090909090909091,0.8574372707005922,0.8189889732206788,0.8189889732206788,0.9004881121083294,15,0,3,12.861559917946153,0,0,3,0,0,0,0,0
fold3_0001195,sa_0006125,1195,Adrenal Gland,25,0,"[25,50)",AVAILABLE,1,1,1,19,0.666931153549393,0.7727272727272727,0.8630873751815675,0.6936516173672375,0.679856454811597,0.9018439397346526,17,2,8,14.672486241174024,4,0,4,0,0,0,0,2
fold3_0001196,sa_0006126,1196,Adrenal Gland,14,0,"[10,25)",AVAILABLE,1,1,1,17,0.7231949415366773,0.8387096774193549,0.8622708918321922,0.7648017381857686,0.7648017381857686,0.8667282240689443,13,4,1,11.20952245608939,0,0,0,1,0,0,3,1
fold3_0001197,sa_0006127,1197,Adrenal Gland,31,0,"[25,50)",AVAILABLE,1,1,1,25,0.7397206701125025,0.8571428571428571,0.8630074484645863,0.747490998237953,0.7777777777777778,0.8918128654970761,24,1,7,20.71217962615752,3,0,4,0,0,0,0,1
fold3_0001198,sa_0006128,1198,Adrenal Gland,27,0,"[25,50)",AVAILABLE,1,1,1,24,0.7291062624753104,0.8627450980392157,0.8451004405963825,0.7401031549333512,0.7347556580654462,0.9188133621406016,22,2,5,18.592210538220854,4,0,1,0,0,0,0,2
fold3_0001199,sa_0006129,1199,Adrenal Gland,17,0,"[10,25)",AVAILABLE,1,1,1,15,0.7643076027078562,0.9375,0.81526144288838,0.7486588289008104,0.7685889570552147,0.9100874150131816,15,0,2,12.228922458587142,1,0,1,0,0,0,0,0
fold3_0001200,sa_0006130,1200,Adrenal Gland,34,0,"[25,50)",AVAILABLE,1,1,1,22,0.5746030492884875,0.7142857142857143,0.8044442690038824,0.6290288379983037,0.6176434676434677,0.895648563988376,20,2,14,16.088886184521918,7,0,7,0,0,0,0,2
fold3_0001201,sa_0006131,1201,Adrenal Gland,31,0,"[25,50)",AVAILABLE,1,1,1,22,0.5292134998240311,0.6037735849056604,0.8765098590835515,0.6543734077399005,0.6535255986241566,0.8659092727418194,16,6,15,14.024158621846684,5,0,9,1,2,0,1,3
fold3_0001202,sa_0006132,1202,Adrenal Gland,34,0,"[25,50)",AVAILABLE,1,1,1,27,0.6525154093988139,0.819672131147541,0.796068799466553,0.6476587014240889,0.6712149403900489,0.8852418456970846,25,2,9,19.901720782732625,4,0,5,0,0,0,1,1
fold3_0001203,sa_0006133,1203,Adrenal Gland,23,0,"[10,25)",AVAILABLE,1,1,1,15,0.5662675025637273,0.7368421052631579,0.768505896336487,0.5923635801514917,0.58582638548308,0.7944951291170558,14,1,9,10.759083317216714,0,1,7,1,0,0,0,1
fold3_0001204,sa_0006134,1204,Pancreatic,44,0,"[25,50)",AVAILABLE,1,1,1,36,0.5207241686333149,0.65,0.8011141055897153,0.526474936164494,0.5491663103890552,0.8715882434110667,26,10,18,20.828967546446705,11,4,3,0,1,3,2,4
fold3_0001205,sa_0006135,1205,Pancreatic,51,0,"[50,+inf)",AVAILABLE,1,1,1,43,0.6198128099542394,0.7446808510638298,0.8323200590814073,0.6166725105189341,0.6413165123613795,0.8747559274755927,35,8,16,29.131202900169313,8,3,5,0,0,1,4,3
fold3_0001206,sa_0006136,1206,Pancreatic,45,0,"[25,50)",AVAILABLE,1,1,1,34,0.6479737564369521,0.7848101265822784,0.8256439799761164,0.6485952787002962,0.6955386062062481,0.890621148631994,31,3,14,25.59496420490359,7,0,7,0,0,0,2,1
fold3_0001207,sa_0006137,1207,Pancreatic,14,0,"[10,25)",AVAILABLE,1,1,1,13,0.37358373397018546,0.4444444444444444,0.8405634014329173,0.45789971617786185,0.44693440765453857,0.723048812320543,6,7,8,5.043381249160905,2,0,3,3,4,0,1,2
fold3_0001208,sa_0006138,1208,Pancreatic,20,0,"[10,25)",AVAILABLE,1,1,1,20,0.517296923791694,0.65,0.7958414212179907,0.5456907512853115,0.6196411092985318,0.8201120019338464,13,7,7,10.3459392716753,4,1,1,1,1,2,2,2
fold3_0001209,sa_0006139,1209,Pancreatic,16,0,"[10,25)",AVAILABLE,1,1,1,15,0.5630510517395966,0.7096774193548387,0.7933901183603406,0.5430011862396203,0.6072548141513658,0.7652549456673168,11,4,5,8.727292095353864,2,0,2,1,0,0,3,1
fold3_0001210,sa_0006140,1210,Pancreatic,18,0,"[10,25)",AVAILABLE,1,1,1,14,0.5853013368521301,0.75,0.7804017824695069,0.5946892655367232,0.6053073967339097,0.7873438551873738,12,2,6,9.364822170035865,2,0,3,1,0,0,0,2
fold3_0001211,sa_0006141,1211,Pancreatic,21,0,"[10,25)",AVAILABLE,1,1,1,22,0.4477097886715276,0.6046511627906976,0.7404431120336803,0.492215510043711,0.5194903767958796,0.7359332072644236,13,9,8,9.625761196880955,3,0,4,1,1,0,6,2
fold3_0001212,sa_0006142,1212,Adrenal Gland,13,0,"[10,25)",AVAILABLE,1,1,1,12,0.6684573006231241,0.8,0.8355716257789051,0.6854838709677419,0.6747802569303584,0.8647557529269277,10,2,3,8.355717093360676,2,0,1,0,0,0,1,1
fold3_0001213,sa_0006143,1213,Adrenal Gland,21,0,"[10,25)",AVAILABLE,1,1,1,17,0.6153003717175466,0.7368421052631579,0.8350505044738133,0.60134979233964,0.6181939799331103,0.8618551587301587,14,3,7,11.690707897683891,4,0,3,0,0,0,1,2
fold3_0001214,sa_0006144,1214,Adrenal Gland,10,0,"[10,25)",AVAILABLE,1,1,1,13,0.5306193150055653,0.6086956521739131,0.8717317317948572,0.49544900738192504,0.49544900738192504,0.6626090290424614,7,6,3,6.1021229942957325,0,0,2,1,0,0,5,1
fold3_0001215,sa_0006145,1215,Adrenal Gland,17,0,"[10,25)",AVAILABLE,1,1,1,21,0.408503454113686,0.47368421052631576,0.8623961809066705,0.42315519710560034,0.4189189189189189,0.7349369988545247,9,12,8,7.7615664905562145,5,0,2,1,0,0,9,3
fold3_0001216,sa_0006146,1216,Adrenal Gland,24,0,"[10,25)",AVAILABLE,1,1,1,21,0.6052124572447455,0.7111111111111111,0.8510800180004233,0.5873278505036742,0.6074998619318496,0.8361562510736249,16,5,8,13.617281139086792,2,1,4,1,2,0,2,1
fold3_0001217,sa_0006147,1217,Adrenal Gland,15,0,"[10,25)",AVAILABLE,1,1,1,18,0.4277976386163734,0.5454545454545454,0.7842956707966846,0.35629857512953367,0.35629857512953367,0.5593028114367576,9,9,6,7.058661821465831,0,0,5,1,3,0,6,0
fold3_0001218,sa_0006148,1218,Adrenal Gland,10,0,"[10,25)",AVAILABLE,1,1,1,12,0.13559652795631402,0.18181818181818182,0.7457809037597272,0.2568727693643291,0.2561532354108773,0.4367543651734218,2,10,8,1.4915625533003583,2,0,4,2,2,0,6,2
fold3_0001219,sa_0006149,1219,Adrenal Gland,17,0,"[10,25)",AVAILABLE,1,1,1,18,0.532292208751913,0.6285714285714286,0.8468285139234979,0.6004918399284597,0.5954090641553855,0.7935512432671733,11,7,6,9.31511449998699,2,0,4,0,0,0,6,1
fold3_0001220,sa_0006150,1220,Adrenal Gland,11,0,"[10,25)",AVAILABLE,1,1,1,16,0.5640388346232549,0.6666666666666666,0.8460582519348824,0.47693083452390955,0.47693083452390955,0.6696255832479799,9,7,2,7.614525113472193,0,0,1,1,2,0,5,0
fold3_0001221,sa_0006151,1221,Adrenal Gland,17,0,"[10,25)",AVAILABLE,1,1,1,18,0.6312658529988655,0.7428571428571429,0.8497809559600112,0.642658638258453,0.642658638258453,0.7850932844588562,13,5,4,11.047153277261101,0,1,3,0,0,1,4,0
fold3_0001222,sa_0006152,1222,Adrenal Gland,21,0,"[10,25)",AVAILABLE,1,1,1,21,0.594534645632995,0.7142857142857143,0.8323485038861929,0.5970196432603296,0.6045450034732559,0.8367245964499969,15,6,6,12.485228390641396,0,3,1,2,2,2,1,1
fold3_0001223,sa_0006153,1223,Adrenal Gland,18,0,"[10,25)",AVAILABLE,1,1,1,21,0.5326312541130105,0.6153846153846154,0.865525787933642,0.509747523170342,0.5334894613583138,0.7087005846932543,12,9,6,10.386310320729491,1,2,2,1,0,4,4,1
fold3_0001224,sa_0006154,1224,Cervix,19,0,"[10,25)",AVAILABLE,1,1,1,14,0.6338329301994028,0.7272727272727273,0.8715202790241788,0.6780868716447047,0.66641129473569,0.9125180612110863,12,2,7,10.458244219810425,3,0,4,0,0,0,1,1
fold3_0001225,sa_0006155,1225,Cervix,19,0,"[10,25)",AVAILABLE,1,1,1,16,0.6539009846677157,0.7428571428571429,0.8802513255142327,0.6551261005820027,0.7105087014725568,0.8589317159068676,13,3,6,11.44326811193635,1,0,3,2,0,0,1,2
fold3_0001226,sa_0006156,1226,Cervix,24,0,"[10,25)",AVAILABLE,1,1,1,20,0.7972814130177182,0.9090909090909091,0.87700955431949,0.7586444097954691,0.8363382755592292,0.9307939008608563,20,0,4,17.540191963399355,2,0,2,0,0,0,0,0
fold3_0001227,sa_0006157,1227,Cervix,19,0,"[10,25)",AVAILABLE,1,1,1,18,0.6575150745955641,0.7567567567567568,0.8688592057155669,0.7791741472172352,0.7921908647852205,0.9057391304347826,14,4,5,12.164029748877141,2,0,3,0,0,0,4,0
fold3_0001228,sa_0006158,1228,Cervix,33,0,"[25,50)",AVAILABLE,1,1,1,28,0.6961144670705479,0.819672131147541,0.8492596498260685,0.7508205399682372,0.7526432792929567,0.8777379037247866,25,3,8,21.231492094911363,1,0,6,1,0,0,2,1
fold3_0001229,sa_0006159,1229,Cervix,27,0,"[25,50)",AVAILABLE,1,1,1,21,0.685553716494186,0.7916666666666666,0.8659625892558139,0.5642733327251164,0.7534192356743921,0.9437435730229992,19,2,8,16.453290061823054,5,0,3,0,1,0,0,1
fold3_0001230,sa_0006160,1230,Cervix,29,0,"[25,50)",AVAILABLE,1,1,1,22,0.7122121847135127,0.8235294117647058,0.8648290814378369,0.7820422925047054,0.8155895025460242,0.9146099413186054,21,1,8,18.161411575023656,2,0,6,0,0,0,1,0
fold3_0001231,sa_0006161,1231,Cervix,26,0,"[25,50)",AVAILABLE,1,1,1,22,0.5090630932706088,0.625,0.8145009492329742,0.5069978632478632,0.5175246096933978,0.8000661075073338,15,7,11,12.217515052995562,5,0,5,1,2,0,4,1
fold3_0001232,sa_0006162,1232,Cervix,27,0,"[25,50)",AVAILABLE,1,1,1,21,0.6018951167095875,0.7083333333333334,0.8497342824135352,0.5372643956424001,0.6128325800288896,0.8982174327564788,17,4,10,14.445483650764382,6,0,4,0,0,0,2,2
fold3_0001233,sa_0006163,1233,Cervix,27,0,"[25,50)",AVAILABLE,1,1,1,20,0.6368862765240813,0.7659574468085106,0.8314904165731061,0.6882480221786463,0.6919567297078519,0.8853949199721642,18,2,9,14.966828329806328,2,0,7,0,0,0,2,0
fold3_0001234,sa_0006164,1234,Cervix,35,0,"[25,50)",AVAILABLE,1,1,1,33,0.6505398802039492,0.7941176470588235,0.8191983676642323,0.6676790034488084,0.6697373994070309,0.8419684190500348,27,6,8,22.11835674613264,0,3,4,1,1,2,2,1
fold3_0001235,sa_0006165,1235,Cervix,28,0,"[25,50)",AVAILABLE,1,1,1,24,0.7488423362129921,0.8461538461538461,0.884995488251718,0.8118674544053429,0.8218671940049959,0.9027964237767431,22,2,6,19.469901626533286,1,0,4,1,0,0,1,1
fold3_0001236,sa_0006166,1236,Cervix,36,0,"[25,50)",AVAILABLE,1,1,1,29,0.5861567457468774,0.7384615384615385,0.7937539265322298,0.5407248486706,0.5870900176131766,0.8478104379124175,24,5,12,19.05009503052744,6,2,4,0,1,0,2,2
fold3_0001237,sa_0006167,1237,Cervix,65,0,"[50,+inf)",AVAILABLE,1,1,1,57,0.7069518668527295,0.8360655737704918,0.8455698799611078,0.7401633259094283,0.7523660481406961,0.8938124601318308,51,6,14,43.12406472358637,7,0,5,2,1,0,0,5
fold3_0001238,sa_0006168,1238,Cervix,56,0,"[50,+inf)",AVAILABLE,1,1,1,53,0.6955026343075237,0.8256880733944955,0.8423309682168897,0.7115061253903435,0.7278800100831863,0.865514139130012,45,8,11,37.904894412091004,2,2,6,1,0,2,5,1
fold3_0001239,sa_0006169,1239,Cervix,18,0,"[10,25)",AVAILABLE,1,1,1,12,0.5351217051052485,0.7333333333333333,0.7297114160526116,0.5856502242152466,0.5693222354340072,0.791635096226701,11,1,7,8.026826306290143,2,0,5,0,0,0,0,1
fold3_0001240,sa_0006170,1240,Cervix,24,0,"[10,25)",AVAILABLE,1,1,1,19,0.7020353058647497,0.8837209302325582,0.794408372425901,0.7153222766679231,0.7383295975051165,0.8516006054829848,19,0,5,15.093759870500492,1,0,4,0,0,0,0,0
fold3_0001241,sa_0006171,1241,Cervix,74,0,"[50,+inf)",AVAILABLE,1,1,1,53,0.6646982081157681,0.7874015748031497,0.8441667243070254,0.6657932054997225,0.7114185163246106,0.8813421288378532,50,3,24,42.208337059517994,9,0,15,0,0,0,0,3
fold3_0001242,sa_0006172,1242,Cervix,50,0,"[50,+inf)",AVAILABLE,1,1,1,44,0.6058052092810017,0.723404255319149,0.8374366128296199,0.6371643310107258,0.6488118855530574,0.8770588235294118,34,10,16,28.472845673643686,9,1,4,2,2,1,3,4
fold3_0001243,sa_0006173,1243,Cervix,16,0,"[10,25)",AVAILABLE,1,1,1,11,0.609510909366257,0.8148148148148148,0.7480361160404063,0.6697829187133576,0.6697829187133576,0.8022395141393054,11,0,5,8.228398024480585,0,0,5,0,0,0,0,0
fold3_0001244,sa_0006174,1244,Cervix,58,0,"[50,+inf)",AVAILABLE,1,1,1,40,0.5897148737149369,0.7142857142857143,0.8256008232009117,0.537206246371054,0.5807654944627939,0.8699884466950173,35,5,23,28.89602963763273,10,3,10,0,0,2,1,2
fold3_0001245,sa_0006175,1245,Cervix,26,0,"[25,50)",AVAILABLE,1,1,1,22,0.7011338112163261,0.875,0.8012957842472299,0.6127432978332721,0.7180833240254664,0.8680275646859966,21,1,5,16.827212270487614,3,0,2,0,0,0,0,1
fold3_0001246,sa_0006176,1246,Cervix,28,0,"[25,50)",AVAILABLE,1,1,1,17,0.5360278556079089,0.7111111111111111,0.7537891719486218,0.5039666312259753,0.5456825856246985,0.7692403720117346,16,1,12,12.060627504967123,5,0,7,0,0,0,0,1
fold3_0001247,sa_0006177,1247,Cervix,25,0,"[25,50)",AVAILABLE,1,1,1,17,0.6030866051025106,0.7619047619047619,0.7915511691970452,0.6538042632643535,0.6655922643029815,0.8131591678761491,16,1,9,12.664819498703892,2,0,7,0,0,0,0,1
fold3_0001248,sa_0006178,1248,Bile Duct,17,0,"[10,25)",AVAILABLE,1,1,1,13,0.6618678148711375,0.8,0.8273347685889219,0.6929441716675759,0.7223223603073712,0.8397686587716883,12,1,5,9.92801805040183,0,1,4,0,0,0,1,0
fold3_0001249,sa_0006179,1249,Bile Duct,17,0,"[10,25)",AVAILABLE,1,1,1,15,0.5314372858425096,0.6875,0.7729996884981958,0.5147673634524612,0.5472363457438084,0.809243652938994,11,4,6,8.502997346479841,3,0,2,1,0,0,3,1
fold3_0001250,sa_0006180,1250,Bile Duct,15,0,"[10,25)",AVAILABLE,1,1,1,11,0.5604553013250166,0.6923076923076923,0.8095465463583574,0.6243777654867256,0.6129131912264443,0.8648726297644129,9,2,6,7.285919726771763,3,0,3,0,0,0,1,1
fold3_0001251,sa_0006181,1251,Bile Duct,8,0,"[1,10)",AVAILABLE,1,1,1,7,0.6602945241538163,0.8,0.8253681551922702,0.6899360692926376,0.7147302904564315,0.8995093096726491,6,1,2,4.952209756521777,1,0,0,1,0,0,0,1
fold3_0001252,sa_0006182,1252,Bile Duct,13,0,"[10,25)",AVAILABLE,1,1,1,8,0.5762598889792249,0.6666666666666666,0.8643898334688374,0.660497572815534,0.6714488412423144,0.8213544614223731,7,1,6,6.050729698671695,1,0,5,0,0,0,1,0
fold3_0001253,sa_0006183,1253,Bile Duct,15,0,"[10,25)",AVAILABLE,1,1,1,13,0.667231374065262,0.7857142857142857,0.8492035669921517,0.562709645749816,0.6347095126622686,0.8953980342381045,11,2,4,9.341240086117235,3,0,1,0,0,0,1,1
fold3_0001254,sa_0006184,1254,Bile Duct,14,0,"[10,25)",AVAILABLE,1,1,1,11,0.6303811890575955,0.72,0.8755294292466604,0.6845121152586772,0.6845121152586772,0.8127126056954028,9,2,5,7.879765738749373,0,0,4,1,0,0,1,1
fold3_0001255,sa_0006185,1255,Bile Duct,13,0,"[10,25)",AVAILABLE,1,1,1,9,0.3968529613526711,0.5454545454545454,0.7275637624798971,0.50877343148164,0.5036003101805694,0.875856479776026,6,3,7,4.365383302443145,6,0,1,0,0,0,1,2
fold3_0001256,sa_0006186,1256,Bile Duct,12,0,"[10,25)",AVAILABLE,1,1,1,11,0.6807627279951846,0.782608695652174,0.8698634857716246,0.6234005118362124,0.6367789322823361,0.8531713457013079,9,2,3,7.828772241808107,1,0,2,0,0,0,2,0
fold3_0001257,sa_0006187,1257,Bile Duct,21,0,"[10,25)",AVAILABLE,1,1,1,16,0.7482746088412149,0.8648648648648649,0.8651925164726546,0.7626099834480355,0.7720876380477378,0.8799316479871337,16,0,5,13.84308112875499,1,0,4,0,0,0,0,0
fold3_0001258,sa_0006188,1258,Bile Duct,19,0,"[10,25)",AVAILABLE,1,1,1,14,0.472510956870261,0.6060606060606061,0.7796430788359306,0.546598866288763,0.5413927788892064,0.8105067985166873,10,4,9,7.796431568002385,3,0,6,0,0,0,3,1
fold3_0001259,sa_0006189,1259,Bile Duct,21,0,"[10,25)",AVAILABLE,1,1,1,18,0.6475383740091748,0.7692307692307693,0.8417998862119273,0.6464268042694564,0.7259795358123284,0.8993637941006362,15,3,6,12.626999134978794,5,1,0,0,0,2,0,1
fold3_0001260,sa_0006190,1260,Bile Duct,14,0,"[10,25)",AVAILABLE,1,1,1,17,0.6089754123400879,0.7096774193548387,0.8581017173883057,0.6085176085176085,0.6523049111178065,0.8227571115973742,11,6,3,9.439119749373079,0,1,1,1,1,1,3,1
fold3_0001261,sa_0006191,1261,Bile Duct,14,0,"[10,25)",AVAILABLE,1,1,1,11,0.6832323098762682,0.8,0.8540403873453352,0.6877912395153775,0.7365832489512513,0.8611411911703457,10,1,4,8.540404727493739,1,0,3,0,0,0,1,0
fold3_0001262,sa_0006192,1262,Bile Duct,19,0,"[10,25)",AVAILABLE,1,1,1,16,0.6380697716987648,0.7428571428571429,0.8589400772867988,0.7721487603305786,0.7721487603305786,0.8720794664925616,13,3,6,11.166221863668461,0,1,4,1,0,1,1,1
fold3_0001263,sa_0006193,1263,Bile Duct,11,0,"[10,25)",AVAILABLE,1,1,1,12,0.7161346669123295,0.8695652173913043,0.823554866949179,0.7807440578711677,0.7807440578711677,0.8768739723377502,10,2,1,8.235549493046657,0,0,1,0,0,0,2,0
fold3_0001264,sa_0006194,1264,Bile Duct,14,0,"[10,25)",AVAILABLE,1,1,1,12,0.46494012401603774,0.5384615384615384,0.8634602303154987,0.4706920575940548,0.5824561403508772,0.8177066835603422,7,5,7,6.044222475668721,4,1,2,0,0,1,3,1
fold3_0001265,sa_0006195,1265,Bile Duct,11,0,"[10,25)",AVAILABLE,1,1,1,8,0.5865511705439577,0.7368421052631579,0.796033731452514,0.7318290301583857,0.7318290301583857,0.8451515910799299,7,1,4,5.572236916201329,0,0,3,1,0,0,0,1
fold3_0001266,sa_0006196,1266,Bile Duct,2,0,"[1,10)",AVAILABLE,1,1,1,2,0.31447932352972624,0.5,0.6289586470594525,0.43034055727554177,0.43034055727554177,0.948051948051948,1,1,1,0.6289592760180995,0,0,1,0,1,0,0,0
fold3_0001267,sa_0006197,1267,Bile Duct,8,0,"[1,10)",AVAILABLE,1,1,1,8,0.6242556082658255,0.75,0.8323408110211007,0.6097672295755363,0.627435064935065,0.8884455527847049,6,2,2,4.994045698467415,1,0,1,0,0,0,2,0
fold3_0001268,sa_0006198,1268,Bile Duct,16,0,"[10,25)",AVAILABLE,1,1,1,10,0.3802985616417771,0.46153846153846156,0.823980216890517,0.3530211293710614,0.39306003377859666,0.6297806679157941,6,4,10,4.943882125323319,5,0,5,0,0,0,3,1
fold3_0001269,sa_0006199,1269,Bile Duct,27,0,"[25,50)",AVAILABLE,1,1,1,19,0.576450109465495,0.6956521739130435,0.828647032356649,0.6277583624563156,0.6277583624563156,0.7713164028953503,16,3,11,13.258353346353418,0,0,11,0,0,0,3,0
fold3_0001270,sa_0006200,1270,Bile Duct,18,0,"[10,25)",AVAILABLE,1,1,1,14,0.7287880977162696,0.8125,0.8969699664200241,0.7536216216216216,0.7719503629126668,0.921115221987315,13,1,5,11.660610460430279,2,0,3,0,0,0,0,1
fold3_0001271,sa_0006201,1271,Bile Duct,15,0,"[10,25)",AVAILABLE,1,1,1,13,0.7841899460442427,0.8571428571428571,0.9148882703849499,0.8311936936936937,0.8311936936936937,0.9078162474632556,12,1,3,10.978660159507669,0,0,3,0,0,0,1,0
fold3_0001272,sa_0006202,1272,Bile Duct,17,0,"[10,25)",AVAILABLE,1,1,1,15,0.7245340416479115,0.8125,0.8917342051051218,0.8414649928821017,0.8414649928821017,0.9234661606578115,13,2,4,11.592545558100788,0,0,4,0,1,0,1,0
fold3_0001273,sa_0006203,1273,Bile Duct,13,0,"[10,25)",AVAILABLE,1,1,1,12,0.6699925287562613,0.8,0.8374906609453265,0.6556067933865707,0.6647836538461539,0.8416720814381633,10,2,3,8.374907446943926,1,0,1,1,0,0,1,1
fold3_0001274,sa_0006204,1274,Bile Duct,11,0,"[10,25)",AVAILABLE,1,1,1,9,0.5168970238014918,0.6,0.8614950396691531,0.503095238095238,0.5193415637860083,0.7630913687251716,6,3,5,5.1689710995099585,2,0,2,1,0,0,1,2
fold3_0001275,sa_0006205,1275,Bile Duct,20,0,"[10,25)",AVAILABLE,1,1,1,13,0.5704023051714477,0.6666666666666666,0.8556034577571716,0.5231708236003315,0.5956660162267639,0.9181952757932677,11,2,9,9.411638890932345,3,0,5,1,2,0,0,0
fold3_0001276,sa_0006206,1276,Bile Duct,9,0,"[1,10)",AVAILABLE,1,1,1,7,0.5918016490815815,0.75,0.7890688654421086,0.7193995381062356,0.7193995381062356,0.8703828072531901,6,1,3,4.734413981721517,0,0,3,0,1,0,0,0
fold3_0001277,sa_0006207,1277,Bile Duct,23,0,"[10,25)",AVAILABLE,1,1,1,18,0.7027891662568471,0.7804878048780488,0.9004486192665853,0.736895588110763,0.7565482597775386,0.8887754059850883,16,2,7,14.407178808713985,2,0,4,1,0,0,0,2
fold3_0001278,sa_0006208,1278,Bile Duct,21,0,"[10,25)",AVAILABLE,1,1,1,14,0.5786679850257306,0.6857142857142857,0.8438908114958571,0.6425406203840472,0.6737456242707118,0.8491355270496375,12,2,9,10.126690581841096,4,0,5,0,0,0,0,2
fold3_0001279,sa_0006209,1279,Bile Duct,16,0,"[10,25)",AVAILABLE,1,1,1,15,0.726480883029143,0.8387096774193549,0.866188745150132,0.7411527991478282,0.7855439829338687,0.8845315904139434,13,2,3,11.26045455314046,1,0,2,0,0,0,2,0
fold3_0001280,sa_0006210,1280,Bile Duct,10,0,"[10,25)",AVAILABLE,1,1,1,10,0.8149893183419701,0.9,0.9055436870466335,0.8566717053730933,0.8566717053730933,0.9228036414773148,9,1,1,8.149894088963388,0,0,1,0,0,0,1,0
fold3_0001281,sa_0006211,1281,Bile Duct,20,0,"[10,25)",AVAILABLE,1,1,1,19,0.827426335792313,0.9230769230769231,0.8963785304416723,0.8194959581550166,0.8194959581550166,0.9007944804515994,18,1,2,16.134814444328633,0,0,2,0,0,0,1,0
fold3_0001282,sa_0006212,1282,Bile Duct,13,0,"[10,25)",AVAILABLE,1,1,1,13,0.7514915613057819,0.8461538461538461,0.8881263906341058,0.7358794263974247,0.7358794263974247,0.8478462446261485,11,2,2,9.769391185101554,0,0,2,0,0,0,2,0
fold3_0001283,sa_0006213,1283,Bile Duct,19,0,"[10,25)",AVAILABLE,1,1,1,15,0.805244355202597,0.8823529411764706,0.91261026922961,0.8673776953396708,0.8673776953396708,0.9289793891234169,15,0,4,13.689154951054418,0,0,4,0,0,0,0,0
fold3_0001284,sa_0006214,1284,Bile Duct,19,0,"[10,25)",AVAILABLE,1,1,1,12,0.6035085370526921,0.7096774193548387,0.8503983931197026,0.6324484870985706,0.6156572817500506,0.8542593869491631,11,1,8,9.354383174715121,3,0,5,0,0,0,0,1
fold3_0001285,sa_0006215,1285,Bile Duct,15,0,"[10,25)",AVAILABLE,1,1,1,13,0.7247112208312982,0.8571428571428571,0.8454964243031814,0.8087574850299402,0.829153605015674,0.93416166809483,12,1,3,10.1459579371346,1,0,2,0,1,0,0,0
fold3_0001286,sa_0006216,1286,Testis,16,0,"[10,25)",AVAILABLE,1,1,1,15,0.6166589965828349,0.7741935483870968,0.7965178705861617,0.6604604286017399,0.694840381670397,0.8799304952215464,12,3,4,9.55821524355181,2,0,1,1,1,0,1,1
fold3_0001287,sa_0006217,1287,Testis,27,0,"[25,50)",AVAILABLE,1,1,1,22,0.6270662353042197,0.7346938775510204,0.8535068202751879,0.6917340748230536,0.6917340748230536,0.8434067986552111,18,4,9,15.363123618460202,0,2,7,0,0,3,1,0
fold3_0001288,sa_0006218,1288,Testis,20,0,"[10,25)",AVAILABLE,1,1,1,13,0.5111642333661601,0.6666666666666666,0.7667463500492402,0.5653153153153153,0.562697659709045,0.7621553250695674,11,2,9,8.434210617287992,1,0,8,0,0,0,2,0
fold3_0001289,sa_0006219,1289,Testis,14,0,"[10,25)",AVAILABLE,1,1,1,12,0.7888521959026321,0.9230769230769231,0.8545898788945181,0.7638402242466713,0.7766846111007982,0.9110855709957162,12,0,2,10.255079401324096,1,0,1,0,0,0,0,0
fold3_0001290,sa_0006220,1290,Testis,30,0,"[25,50)",AVAILABLE,1,1,1,20,0.5776099301264527,0.68,0.8494263678330186,0.6288192894048606,0.6674533213021447,0.8403613204012821,17,3,13,14.440249102587686,1,0,10,2,2,0,0,1
fold3_0001291,sa_0006221,1291,Testis,12,0,"[10,25)",AVAILABLE,1,1,1,11,0.6424045596199106,0.782608695652174,0.8208502706254414,0.6626133097501659,0.6729824561403509,0.8380872483221476,9,2,3,7.3876532564792425,1,0,2,0,0,0,2,0
fold3_0001292,sa_0006222,1292,Testis,9,0,"[1,10)",AVAILABLE,1,1,1,7,0.6084588426792285,0.75,0.8112784569056379,0.6953828828828829,0.6953828828828829,0.8209897044171371,6,1,3,4.8676715527122845,0,0,3,0,1,0,0,0
fold3_0001293,sa_0006223,1293,Testis,22,0,"[10,25)",AVAILABLE,1,1,1,14,0.6038623979086636,0.7222222222222222,0.8361171663350727,0.5617371193627136,0.5955947136563877,0.80471194551813,13,1,9,10.869523998473111,4,0,5,0,0,0,0,1
fold3_0001294,sa_0006224,1294,Testis,25,0,"[25,50)",AVAILABLE,1,1,1,22,0.7741591963738034,0.8936170212765957,0.8663210054659228,0.7908203125,0.7873440827502282,0.9189219858156028,21,1,4,18.192741981105385,2,0,2,0,0,0,0,1
fold3_0001295,sa_0006225,1295,Testis,14,0,"[10,25)",AVAILABLE,1,1,1,11,0.7756532876003694,0.88,0.8814241904549652,0.7690843730175513,0.7690843730175513,0.869471671049486,11,0,3,9.695666976428807,0,0,3,0,0,0,0,0
fold3_0001296,sa_0006226,1296,Testis,19,0,"[10,25)",AVAILABLE,1,1,1,15,0.6629645746723449,0.7647058823529411,0.866953674571528,0.6311002273919888,0.6160714285714286,0.8305709023941068,13,2,6,11.270398636383538,2,0,4,0,0,0,1,1
fold3_0001297,sa_0006227,1297,Testis,24,0,"[10,25)",AVAILABLE,1,1,1,20,0.6678306074988758,0.8181818181818182,0.8162374091652926,0.5849976224441275,0.6591143911439115,0.8903518526755927,18,2,6,14.692274181212678,4,1,1,0,0,1,1,0
fold3_0001298,sa_0006228,1298,Testis,25,0,"[25,50)",AVAILABLE,1,1,1,17,0.6135656213572996,0.7142857142857143,0.8589918699002195,0.6866039771851395,0.7258341933264534,0.8877815427546343,15,2,10,12.884878907495162,3,0,7,0,0,0,1,1
fold3_0001299,sa_0006229,1299,Testis,60,0,"[50,+inf)",AVAILABLE,1,1,1,42,0.5163396812734777,0.6666666666666666,0.7745095219102166,0.5030782761653474,0.5370199446205707,0.8434244536696169,34,8,26,26.333324519456884,10,6,9,1,0,3,1,4
fold3_0001300,sa_0006230,1300,Testis,6,0,"[1,10)",AVAILABLE,1,1,1,5,0.7614000141592164,0.9090909090909091,0.8375400155751381,0.8438511326860841,0.8438511326860841,0.9153137340939008,5,0,1,4.187700915415706,0,0,1,0,0,0,0,0
fold3_0001301,sa_0006231,1301,Testis,23,0,"[10,25)",AVAILABLE,1,1,1,15,0.6380547683875848,0.7368421052631579,0.8659314713831509,0.7057632769707073,0.7130335365853658,0.8794957360029663,14,1,9,12.123041465295582,0,2,7,0,0,1,0,0
fold3_0001302,sa_0006232,1302,Testis,36,0,"[25,50)",AVAILABLE,1,1,1,28,0.6816638885882281,0.8125,0.8389709398008962,0.7015939378102952,0.7044025157232704,0.8759496418493596,26,2,10,21.81324527379424,3,0,7,0,0,0,1,1
fold3_0001303,sa_0006233,1303,Testis,9,0,"[1,10)",AVAILABLE,1,1,1,5,0.3168551580770263,0.42857142857142855,0.7393287021797281,0.43220554566268127,0.39210438273670123,0.8166306176399903,3,2,6,2.2179868458678866,4,0,2,0,0,0,0,2
fold3_0001304,sa_0006234,1304,Testis,36,0,"[25,50)",AVAILABLE,1,1,1,21,0.5493585225346579,0.631578947368421,0.8698176606798751,0.4310003598416697,0.542100152587044,0.8628227039668975,18,3,18,15.656718762055414,10,0,8,0,0,0,0,3
fold3_0001305,sa_0006235,1305,Testis,25,0,"[25,50)",AVAILABLE,1,1,1,17,0.6818056339029093,0.8095238095238095,0.8422304889388879,0.6632244143033292,0.6632244143033292,0.7975164488925957,17,0,8,14.317919154191584,0,0,8,0,0,0,0,0
fold3_0001306,sa_0006236,1306,Testis,24,0,"[10,25)",AVAILABLE,1,1,1,18,0.5208701928356709,0.6666666666666666,0.7813052892535064,0.57473785210061,0.576556322195519,0.8391030684500393,14,4,10,10.938274830854379,3,0,5,2,1,0,0,3
fold3_0001307,NOT_FOUND,1307,Testis,0,1,"[0,1)",NOT_EVALUATED,0,0,0,NOT_EVALUATED,NOT_EVALUATED,NOT_EVALUATED,NOT_EVALUATED,NOT_EVALUATED,NOT_EVALUATED,NOT_EVALUATED,NOT_EVALUATED,NOT_EVALUATED,NOT_EVALUATED,NOT_EVALUATED,NOT_EVALUATED,NOT_EVALUATED,NOT_EVALUATED,NOT_EVALUATED,NOT_EVALUATED,NOT_EVALUATED,NOT_EVALUATED,NOT_EVALUATED
fold3_0001308,sa_0006237,1308,Testis,33,0,"[25,50)",AVAILABLE,1,1,1,20,0.4110090903361435,0.5283018867924528,0.777981492421986,0.3529949702789209,0.4329997140406062,0.8708492975734355,14,6,19,10.891741671889296,11,5,3,0,1,2,0,3
fold3_0001309,sa_0006238,1309,Testis,35,0,"[25,50)",AVAILABLE,1,1,1,20,0.5134200901627162,0.6181818181818182,0.8305324987926291,0.5526681024168462,0.5742777366231694,0.8365729177978065,17,3,18,14.119053310007194,8,0,10,0,0,0,0,3
fold3_0001310,sa_0006239,1310,Testis,33,0,"[25,50)",AVAILABLE,1,1,1,24,0.6713619272583227,0.8070175438596491,0.8319049968200956,0.6558468872686484,0.6868231046931408,0.9100637190524831,23,1,10,19.133815758767195,5,0,5,0,0,0,0,1
fold3_0001311,sa_0006240,1311,Testis,33,0,"[25,50)",AVAILABLE,1,1,1,29,0.7118069934154538,0.8387096774193549,0.8486929536876564,0.7435814315352697,0.7493501162949788,0.8975441889566713,26,3,7,22.06601764457202,2,0,4,1,0,0,2,1
fold3_0001312,sa_0006241,1312,Testis,15,0,"[10,25)",AVAILABLE,1,1,1,12,0.7124389371572797,0.8888888888888888,0.8014938043019397,0.6521258209471137,0.6782798480316871,0.9087756478181293,12,0,3,9.61792645311708,1,1,1,0,0,0,0,0
fold3_0001313,sa_0006242,1313,Testis,7,0,"[1,10)",AVAILABLE,1,1,1,9,0.7849068144298669,0.875,0.8970363593484193,0.8086268086268086,0.8086268086268086,0.894188679245283,7,2,0,6.279255412475295,0,0,0,0,0,0,2,0
fold3_0001314,sa_0006243,1314,Testis,37,0,"[25,50)",AVAILABLE,1,1,1,27,0.7106062758635412,0.84375,0.8422000306530858,0.7033509495324932,0.7140444015444015,0.8546388849781782,27,0,10,22.73940166983335,0,1,9,0,0,0,0,0
fold3_0001315,sa_0006244,1315,Bile Duct,20,0,"[10,25)",AVAILABLE,1,1,1,14,0.5411176635020577,0.6470588235294118,0.8362727526849982,0.5528068506184586,0.588499719048511,0.8934087961325315,11,3,9,9.199001115807732,0,5,4,0,0,2,1,0
fold3_0001316,sa_0006245,1316,Bile Duct,15,0,"[10,25)",AVAILABLE,1,1,1,11,0.6032224531579436,0.7692307692307693,0.7841891891053266,0.6732824427480916,0.6840494878275908,0.8394027964294178,10,1,5,7.841892675242455,1,0,4,0,0,0,1,0
fold3_0001317,sa_0006246,1317,Bile Duct,29,0,"[25,50)",AVAILABLE,1,1,1,23,0.591366744027791,0.7307692307692307,0.8092387023538193,0.5636422448649523,0.6041967213114754,0.8637998691955526,19,4,10,15.37553615396127,4,3,3,0,1,1,1,1
fold3_0001318,sa_0006247,1318,Bile Duct,16,0,"[10,25)",AVAILABLE,1,1,1,10,0.5694749969423177,0.6923076923076923,0.8225749955833478,0.48162954502189226,0.48162954502189226,0.6501349094179623,9,1,7,7.403175782825125,0,0,7,0,0,0,1,0
fold3_0001319,sa_0006248,1319,Bile Duct,21,0,"[10,25)",AVAILABLE,1,1,1,19,0.6230865861786671,0.85,0.7330430425631378,0.6664435519857207,0.6664435519857207,0.8136296692997724,17,2,4,12.461732456616385,0,0,4,0,1,0,1,0
fold3_0001320,sa_0006249,1320,Bile Duct,12,0,"[10,25)",AVAILABLE,1,1,1,10,0.4988946335767561,0.6363636363636364,0.7839772813349025,0.511454865870374,0.511454865870374,0.676771602539189,7,3,5,5.487841753321599,0,0,4,1,0,0,2,1
fold3_0001321,sa_0006250,1321,Bile Duct,6,0,"[1,10)",AVAILABLE,1,1,1,6,0.6188600302405362,0.8333333333333334,0.7426320362886434,0.6818300653594771,0.6818300653594771,0.8108192134307477,5,1,1,3.7131609240752534,0,0,0,1,0,0,0,1
fold3_0001322,sa_0006251,1322,Bile Duct,23,0,"[10,25)",AVAILABLE,1,1,1,18,0.6102876222383204,0.7317073170731707,0.8340597503923713,0.6580945695871355,0.6538249862410567,0.8608153078202995,15,3,8,12.51089708994532,1,0,6,1,2,0,1,0
fold3_0001323,sa_0006252,1323,Bile Duct,23,0,"[10,25)",AVAILABLE,1,1,1,12,0.35628084480727823,0.5142857142857142,0.6927683093474856,0.42278872780583154,0.4980897281956118,0.8096764791605946,9,3,14,6.234915476895679,6,2,6,0,0,3,0,0
fold3_0001324,sa_0006253,1324,Bile Duct,47,0,"[25,50)",AVAILABLE,1,1,1,38,0.6918395697997318,0.8235294117647058,0.8400909061853887,0.676072094468614,0.6875284686161975,0.8809112502699201,35,3,12,29.40318255657951,4,2,6,0,0,1,1,1
fold3_0001325,sa_0006254,1325,Bile Duct,50,0,"[50,+inf)",AVAILABLE,1,1,1,36,0.6401108630130407,0.7674418604651163,0.8340838518048711,0.6293206895542482,0.6848952969447305,0.8793626861718384,33,3,17,27.524767943644598,9,0,8,0,1,0,0,2
fold3_0001326,sa_0006255,1326,Bile Duct,40,0,"[25,50)",AVAILABLE,1,1,1,37,0.6747235906712626,0.7792207792207793,0.865895274694787,0.6571486761710794,0.6976893159460078,0.8696870872975231,30,7,10,25.976859106738885,4,0,5,1,0,0,6,1
fold3_0001327,sa_0006256,1327,Bile Duct,51,0,"[50,+inf)",AVAILABLE,1,1,1,45,0.6966997302563561,0.8125,0.8574765910847459,0.6965954606141522,0.719749423013518,0.9012653374233128,39,6,12,33.44158790978168,9,0,2,1,1,0,0,5
fold3_0001328,sa_0006257,1328,Bile Duct,46,0,"[25,50)",AVAILABLE,1,1,1,39,0.7482397571136555,0.8941176470588236,0.8368470967718515,0.7558762392069076,0.7892838519033548,0.9189556769884639,38,1,8,31.80019051417745,5,0,3,0,0,0,0,1
fold3_0001329,sa_0006258,1329,Bile Duct,14,0,"[10,25)",AVAILABLE,1,1,1,9,0.4472606991606524,0.6086956521739131,0.7347854343353575,0.4678292242934456,0.4841505131128848,0.7172710510141365,7,2,7,5.143498775132937,2,0,4,1,0,0,1,1
fold3_0001330,sa_0006259,1330,Bile Duct,23,0,"[10,25)",AVAILABLE,1,1,1,17,0.5149120052361273,0.65,0.7921723157478883,0.5925203704993384,0.6150117279124316,0.8466305189775368,13,4,10,10.298240896894862,2,0,6,2,3,0,0,1
fold3_0001331,sa_0006260,1331,Bile Duct,19,0,"[10,25)",AVAILABLE,1,1,1,10,0.5263521916810795,0.6896551724137931,0.7632106779375651,0.47873541588257434,0.5022373748135521,0.7217021276595744,10,0,9,7.632107542586329,2,0,7,0,0,0,0,0
fold3_0001332,sa_0006261,1332,Bile Duct,27,0,"[25,50)",AVAILABLE,1,1,1,25,0.6698020517839793,0.7692307692307693,0.8707426673191732,0.6496928043319796,0.6389431361286617,0.8746057335108993,20,5,7,17.41485421712613,4,0,3,0,0,0,3,2
fold3_0001333,sa_0006262,1333,Bile Duct,35,0,"[25,50)",AVAILABLE,1,1,1,24,0.5787250619170127,0.6779661016949152,0.8536194663275937,0.3549982786424831,0.5495375584451042,0.8671233178424333,20,4,15,17.07239018017134,7,2,5,1,0,1,1,2
fold3_0001334,sa_0006263,1334,Bile Duct,25,0,"[25,50)",AVAILABLE,1,1,1,20,0.5834496474997919,0.6666666666666666,0.8751744712496878,0.5883304136908772,0.6393775001369938,0.8761573687201257,15,5,10,13.127617943919788,5,0,5,0,0,0,3,2
fold3_0001335,sa_0006264,1335,Bile Duct,41,0,"[25,50)",AVAILABLE,1,1,1,26,0.4333308944109778,0.5373134328358209,0.8064769423759864,0.4846688703978115,0.5291902567478605,0.8837113189027225,18,8,23,14.5165857692447,7,9,6,1,2,3,1,2
fold3_0001336,sa_0006265,1336,Bile Duct,43,0,"[25,50)",AVAILABLE,1,1,1,28,0.5385929592542441,0.647887323943662,0.8313065240663333,0.48398618415888217,0.5586083654436812,0.8886778932282337,23,5,20,19.120050884832192,10,3,7,0,0,2,0,3
fold3_0001337,sa_0006266,1337,Bile Duct,44,0,"[25,50)",AVAILABLE,1,1,1,36,0.6774614521046004,0.825,0.8211653964904247,0.6548038148883057,0.6548038148883057,0.8050903183382973,33,3,11,27.09845890534941,0,0,11,0,2,0,1,0
fold3_0001338,sa_0006267,1338,Bile Duct,35,0,"[25,50)",AVAILABLE,1,1,1,29,0.6339683711167519,0.78125,0.8114795150294424,0.54689477923971,0.6297916770248099,0.8735204392922514,25,4,10,20.286988687215576,4,2,4,0,0,1,3,0
fold3_0001339,sa_0006268,1339,Bile Duct,41,0,"[25,50)",AVAILABLE,1,1,1,29,0.4423961867119973,0.5142857142857142,0.8602148074955505,0.40339602831230426,0.45174022246142803,0.850108369139511,18,11,23,15.483867395134716,11,3,7,2,0,1,4,6
fold3_0001340,sa_0006269,1340,Bile Duct,49,0,"[25,50)",AVAILABLE,1,1,1,41,0.586209282905797,0.6888888888888889,0.8509489590568021,0.5667330362504346,0.6286913561903347,0.8248871048670346,31,10,18,26.379418581709825,8,0,6,4,3,0,1,6
fold3_0001341,sa_0006270,1341,Bile Duct,49,0,"[25,50)",AVAILABLE,1,1,1,41,0.6901080160934447,0.8,0.8626350201168059,0.7212448502393943,0.7251245968924069,0.8806335395282442,36,5,13,31.05486158684003,3,0,8,2,0,0,2,3
fold3_0001342,sa_0006271,1342,Bile Duct,33,0,"[25,50)",AVAILABLE,1,1,1,24,0.6087916509396935,0.7368421052631579,0.8262172405610126,0.6534000454855583,0.6536083494089133,0.8618946486793695,21,3,12,17.350562877998506,4,1,7,0,0,1,0,2
fold3_0001343,sa_0006272,1343,Bile Duct,36,0,"[25,50)",AVAILABLE,1,1,1,23,0.47455464954745935,0.576271186440678,0.8234918918617676,0.3937029542695265,0.5154114251483962,0.8772257658790764,17,6,19,13.999362985141943,12,2,3,2,0,0,1,5
fold3_0001344,sa_0006273,1344,Bile Duct,58,0,"[50,+inf)",AVAILABLE,1,1,1,44,0.6978932205127504,0.803921568627451,0.8681110791743968,0.7286397015969227,0.7611100575257601,0.8975196525359848,41,3,17,35.592555114261344,5,0,11,1,0,0,1,2
fold3_0001345,sa_0006274,1345,Bile Duct,26,0,"[25,50)",AVAILABLE,1,1,1,19,0.5743018954725578,0.6666666666666666,0.8614528432088367,0.5011641228426771,0.5928626444159178,0.8743109506463363,15,4,11,12.921793509585394,6,0,5,0,0,0,2,2
fold3_0001346,sa_0006275,1346,Bile Duct,27,0,"[25,50)",AVAILABLE,1,1,1,22,0.5983209365341196,0.7346938775510204,0.8143812747269961,0.5271734264482049,0.5538737526628545,0.8839743127209755,18,4,9,14.658863759467204,2,5,2,0,0,3,1,0
fold3_0001347,sa_0006276,1347,Bile Duct,30,0,"[25,50)",AVAILABLE,1,1,1,21,0.6671831300247656,0.7843137254901961,0.8506584907815762,0.5570008196429208,0.640963969062441,0.8984049432389711,20,1,10,17.013170666290016,4,0,6,0,0,0,0,1
fold3_0001348,sa_0006277,1348,Bile Duct,37,0,"[25,50)",AVAILABLE,1,1,1,33,0.6895693221588204,0.8285714285714286,0.8322388370882314,0.6881501821830279,0.7053659705785421,0.9158468025298665,29,4,8,24.134927107797548,6,0,2,0,1,0,1,2
fold3_0001349,sa_0006278,1349,Bile Duct,20,0,"[10,25)",AVAILABLE,1,1,1,18,0.5416411238306127,0.631578947368421,0.8575984460651368,0.49814867559099973,0.49483655563320134,0.7267816330770829,12,6,8,10.291182210380088,2,0,5,1,0,0,4,2
fold3_0001350,sa_0006279,1350,Colon,77,0,"[50,+inf)",AVAILABLE,1,1,1,45,0.42510502351893764,0.5573770491803278,0.7626884245486824,0.3446713465220166,0.4458068422646079,0.859072348445189,34,11,43,25.931407197343624,23,10,9,1,0,3,1,7
fold3_0001351,sa_0006280,1351,Colon,60,0,"[50,+inf)",AVAILABLE,1,1,1,29,0.3585134095242125,0.47191011235955055,0.7597069868489266,0.20669344370698733,0.34388061763791494,0.8742031667694838,21,8,39,15.953847483534446,19,13,6,1,0,4,0,4
fold3_0001352,sa_0006281,1352,Colon,94,0,"[50,+inf)",AVAILABLE,1,1,1,65,0.4411764609220065,0.5911949685534591,0.7462452902829685,0.4732155184315891,0.48323118828736805,0.7990817790530846,47,18,47,35.07352938954481,25,7,14,1,2,5,0,11
fold3_0001353,sa_0006282,1353,Colon,66,0,"[50,+inf)",AVAILABLE,1,1,1,42,0.4063260239798481,0.5370370370370371,0.7566070791348896,0.4029525907279211,0.44067987816342646,0.8203695969931092,29,13,37,21.941606051518878,18,12,7,0,0,4,3,6
fold3_0001354,sa_0006283,1354,Colon,13,0,"[10,25)",AVAILABLE,1,1,1,8,0.2748716149240386,0.38095238095238093,0.7215379891756014,0.4635887672536887,0.4706984211934707,0.7765647743813683,4,4,9,2.886152678240395,4,1,4,0,0,1,1,2
fold3_0001355,sa_0006284,1355,Colon,106,0,"[50,+inf)",AVAILABLE,1,1,1,37,0.15004225041513194,0.2097902097902098,0.7152013936454622,0.2247218323388039,0.3303492549620119,0.8695767664246502,15,22,91,10.728021619883327,36,48,7,0,0,16,0,6
fold3_0001356,sa_0006285,1356,Colon,48,0,"[25,50)",AVAILABLE,1,1,1,18,0.23582230254842304,0.30303030303030304,0.778213598409796,0.22397628567489314,0.3317935220497395,0.8019682181172865,10,8,38,7.782136762311557,19,14,5,0,0,3,0,5
fold3_0001357,sa_0006286,1357,Colon,114,0,"[50,+inf)",AVAILABLE,1,1,1,34,0.1737277166478198,0.24324324324324326,0.7142139462188147,0.2289916455283796,0.3291834849000632,0.720035123664569,18,16,96,12.855851746152613,56,0,39,1,0,0,0,16
fold3_0001358,sa_0006287,1358,Colon,87,0,"[50,+inf)",AVAILABLE,1,1,1,30,0.2660258482147228,0.3418803418803419,0.7781256060280641,0.31168973851900683,0.41593419506462986,0.7610543088567255,20,10,67,15.562512898686888,12,20,34,1,0,4,1,5
fold3_0001359,sa_0006288,1359,Colon,5,0,"[1,10)",AVAILABLE,1,1,1,3,0.5919517126569876,0.75,0.7892689502093169,0.5840433772269559,0.6407322654462243,0.8412831241283124,3,0,2,2.367807639896901,1,0,1,0,0,0,0,0
fold3_0001360,sa_0006289,1360,Colon,75,0,"[50,+inf)",AVAILABLE,1,1,1,44,0.4260760858427274,0.5714285714285714,0.745633150224773,0.511466825744018,0.5535035750766087,0.8170532849402977,34,10,41,25.351527853275428,19,7,14,1,0,2,0,8
fold3_0001361,sa_0006290,1361,Colon,3,0,"[1,10)",AVAILABLE,1,1,1,2,0.379816133945334,0.4,0.9495403348633349,0.6294416243654822,0.6294416243654822,0.7725856697819314,1,1,2,0.9495412844036697,0,0,1,1,0,0,0,1
fold3_0001362,sa_0006291,1362,Colon,41,0,"[25,50)",AVAILABLE,1,1,1,32,0.4898948393193684,0.684931506849315,0.7152464654062779,0.5067859502871956,0.5470376679916714,0.815286104653534,25,7,16,17.881162350403415,8,1,4,3,0,0,2,5
fold3_0001363,sa_0006292,1363,Colon,36,0,"[25,50)",AVAILABLE,1,1,1,26,0.4163773694041734,0.5806451612903226,0.7170943584182986,0.510355847827423,0.6048844987166524,0.804885141029369,18,8,18,12.907699168623735,12,0,3,3,0,0,0,8
fold3_0001364,sa_0006293,1364,Colon,4,0,"[1,10)",AVAILABLE,1,1,1,2,0.28115913913071594,0.3333333333333333,0.8434774173921479,0.15721231766612642,0.15721231766612642,0.27170868347338933,1,1,3,0.8434782608695652,0,0,3,0,0,0,1,0
fold3_0001365,sa_0006294,1365,Colon,147,0,"[50,+inf)",AVAILABLE,1,1,1,60,0.32375654510012175,0.41545893719806765,0.7792744748340139,0.3446892894543348,0.4132256334629307,0.735396655994308,43,17,104,33.50880319713707,52,5,45,2,0,1,0,16
fold3_0001366,sa_0006295,1366,Colon,42,0,"[25,50)",AVAILABLE,1,1,1,34,0.46649102189030867,0.5789473684210527,0.8057572196287149,0.4256341605739196,0.5051899773089364,0.7961638387272669,22,12,20,17.72665963758895,9,3,5,3,1,2,4,5
fold3_0001367,sa_0006296,1367,Colon,45,0,"[25,50)",AVAILABLE,1,1,1,37,0.573456095105194,0.7073170731707317,0.8107482723901019,0.5040677625631926,0.5633189693078885,0.8484234804376565,29,8,16,23.51170071006123,10,0,2,4,0,0,1,7
fold3_0001368,sa_0006297,1368,Colon,83,0,"[50,+inf)",AVAILABLE,1,1,1,28,0.17321213701588672,0.23423423423423423,0.7394825849524395,0.23160236388558075,0.2891389926314727,0.8318521708491563,13,15,70,9.613274343864298,13,45,12,0,0,11,0,4
fold3_0001369,sa_0006298,1369,Colon,76,0,"[50,+inf)",AVAILABLE,1,1,1,40,0.3740190195847684,0.5,0.7480380391695368,0.25140877113156695,0.39947633434038265,0.8405963962926717,29,11,47,21.693103883954606,24,16,6,1,0,5,0,6
fold3_0001370,sa_0006299,1370,Colon,98,0,"[50,+inf)",AVAILABLE,1,1,1,31,0.26060411606646117,0.34108527131782945,0.7640438857403066,0.10178216744211357,0.2473144011912359,0.8122535121192095,22,9,76,16.80896625033063,8,49,19,0,0,5,1,3
fold3_0001371,sa_0006300,1371,Colon,56,0,"[50,+inf)",AVAILABLE,1,1,1,25,0.3774013860103177,0.49382716049382713,0.7642378066708934,0.3669420843401668,0.49778498783303177,0.7920849822953552,20,5,36,15.284756897655674,6,12,18,0,0,4,0,1
fold3_0001372,sa_0006301,1372,Colon,28,0,"[25,50)",AVAILABLE,1,1,1,18,0.4857098204701468,0.6521739130434783,0.7447550580542251,0.48519434911006465,0.5024793388429752,0.7039546059869145,15,3,13,11.171326615568434,5,0,8,0,0,0,2,1
fold3_0001373,sa_0006302,1373,Colon,22,0,"[10,25)",AVAILABLE,1,1,1,13,0.43465132309257243,0.5714285714285714,0.7606398154120018,0.5061911405650505,0.5124909298227428,0.7956959769721061,10,3,12,7.606398914759833,6,0,6,0,0,0,1,2
fold3_0001374,sa_0006303,1374,Colon,20,0,"[10,25)",AVAILABLE,1,1,1,12,0.4961540764323853,0.6875,0.721678656628924,0.5553481976230232,0.5645440652063168,0.7511070591299818,11,1,9,7.938465944596821,1,1,7,0,0,1,0,0
fold3_0001375,sa_0006304,1375,Colon,23,0,"[10,25)",AVAILABLE,1,1,1,8,0.34219871510341326,0.45161290322580644,0.7577257263004151,0.24770847306058574,0.38970907511940944,0.8654897672238713,7,1,16,5.3040808418286325,10,0,6,0,0,0,0,1
fold3_0001376,sa_0006305,1376,Colon,29,0,"[25,50)",AVAILABLE,1,1,1,19,0.3890371791930806,0.5,0.7780743583861612,0.3925791283044217,0.41306067111060896,0.7945150715599264,12,7,17,9.336893078708293,10,1,6,0,0,0,4,3
fold3_0001377,sa_0006306,1377,Colon,28,0,"[25,50)",AVAILABLE,1,1,1,14,0.43045070121536155,0.5714285714285714,0.7532887271268828,0.3629589149982612,0.499884617159736,0.8999938457751246,12,2,16,9.03946547881132,7,5,4,0,0,1,0,1
fold3_0001378,sa_0006307,1378,Colon,39,0,"[25,50)",AVAILABLE,1,1,1,16,0.2938426099305067,0.4,0.7346065248262668,0.29268672660909817,0.4276926837216881,0.7555568236938968,11,5,28,8.080672507695459,13,5,9,1,1,0,0,4
fold3_0001379,sa_0006308,1379,Colon,26,0,"[25,50)",AVAILABLE,1,1,1,16,0.5495427576031294,0.6666666666666666,0.8243141364046942,0.44087520327778834,0.6085809027542803,0.8868321413546487,14,2,12,11.540398733979854,1,5,5,1,0,1,0,1
fold3_0001380,sa_0006309,1380,Colon,30,0,"[25,50)",AVAILABLE,1,1,1,14,0.3406813642304205,0.4090909090909091,0.8327766681188057,0.45098652413714674,0.4901308954913775,0.9021751254880089,9,5,21,7.494990845845919,7,7,7,0,0,4,0,1
fold3_0001381,sa_0006310,1381,Colon,31,0,"[25,50)",AVAILABLE,1,1,1,16,0.4019180582873877,0.5106382978723404,0.787089530812801,0.5968858935626308,0.6185722169267045,0.8004835260205189,12,4,19,9.445075156843142,6,0,11,2,0,0,0,4
fold3_0001382,sa_0006311,1382,Colon,70,0,"[50,+inf)",AVAILABLE,1,1,1,33,0.3894117685401327,0.5242718446601942,0.742766891845068,0.36886400214592274,0.42924445227192676,0.6914759249561012,27,6,43,20.05470682258373,12,11,20,0,0,4,0,2
fold3_0001383,sa_0006312,1383,Colon,72,0,"[50,+inf)",AVAILABLE,1,1,1,33,0.4055286668728646,0.5523809523809524,0.7341467245112203,0.35763281139126735,0.47465199571687033,0.7674395312734739,29,4,43,21.290255744972114,14,10,19,0,0,1,0,3
fold3_0001384,sa_0006313,1384,Colon,50,0,"[50,+inf)",AVAILABLE,1,1,1,26,0.4027110837328467,0.5263157894736842,0.7651510590924088,0.4153296998541491,0.41923485653560044,0.6882565830525397,20,6,30,15.303021946999236,1,8,20,1,0,4,1,1
fold3_0001385,sa_0006314,1385,Colon,29,0,"[25,50)",AVAILABLE,1,1,1,17,0.38751840220294015,0.5217391304347826,0.742743604222302,0.3255773721996367,0.5015470297029703,0.7756027199670307,12,5,17,8.912923993411228,13,0,2,2,0,0,0,5
fold3_0001386,sa_0006315,1386,Colon,24,0,"[10,25)",AVAILABLE,1,1,1,17,0.4958823550120264,0.6341463414634146,0.7819683290574262,0.5312337130518948,0.6103610073733602,0.8505678777427603,13,4,11,10.165589059714868,9,0,1,1,0,0,0,4
fold3_0001387,sa_0006316,1387,Colon,31,0,"[25,50)",AVAILABLE,1,1,1,20,0.4281466828240856,0.5490196078431373,0.7798386008581558,0.4650273847558193,0.45881574594773405,0.7626303854875284,14,6,17,10.917741191852782,6,2,7,2,0,2,0,4
fold3_0001388,sa_0006317,1388,Colon,17,0,"[10,25)",AVAILABLE,1,1,1,12,0.44133416086809985,0.6206896551724138,0.7110383702874942,0.5555555555555556,0.5661005278861602,0.8119000512933245,9,3,8,6.399346043625817,5,0,2,1,0,0,0,3
fold3_0001389,sa_0006318,1389,Colon,13,0,"[10,25)",AVAILABLE,1,1,1,8,0.42652697886356633,0.5714285714285714,0.7464222130112411,0.40921091229099443,0.434526898460474,0.6728566260701797,6,2,7,4.47853402448966,4,0,3,0,0,0,0,2
fold3_0001390,sa_0006319,1390,Colon,26,0,"[25,50)",AVAILABLE,1,1,1,14,0.5285668183685385,0.65,0.8131797205669822,0.5584801762114537,0.5607622243528284,0.7792367350072947,13,1,13,10.571337180550488,3,0,10,0,0,0,0,1
fold3_0001391,sa_0006320,1391,Colon,9,0,"[1,10)",AVAILABLE,1,1,1,3,0.15277762500015277,0.16666666666666666,0.9166657500009167,0.2872277810476751,0.2560646900269542,0.698140200286123,1,2,8,0.9166666666666666,5,0,3,0,0,0,0,2
fold3_0001392,sa_0006321,1392,Colon,5,0,"[1,10)",AVAILABLE,1,1,1,2,0.21954865263179849,0.2857142857142857,0.7684202842112947,0.40088321884200195,0.37128072445019406,0.7707547169811321,1,1,4,0.7684210526315789,2,0,2,0,0,0,0,1
fold3_0001393,sa_0006322,1393,Colon,25,0,"[25,50)",AVAILABLE,1,1,1,15,0.4236113595346961,0.55,0.7702024718812656,0.43857026365860285,0.49042975803539185,0.7889508117276472,11,4,14,8.472227960896392,3,6,4,1,0,2,0,2
fold3_0001394,sa_0006323,1394,Colon,19,0,"[10,25)",AVAILABLE,1,1,1,8,0.16961630142953643,0.2962962962962963,0.5724550173246855,0.3790451313307212,0.36329918756623103,0.676771602539189,4,4,15,2.2898206417537597,9,0,5,1,0,0,0,4
fold3_0001395,sa_0006324,1395,Colon,22,0,"[10,25)",AVAILABLE,1,1,1,15,0.587181117686643,0.7567567567567568,0.7759179055144926,0.5634450223781299,0.5897543859649123,0.822459609781937,14,1,8,10.8628514531208,5,0,3,0,0,0,0,1
fold3_0001396,sa_0006325,1396,Colon,46,0,"[25,50)",AVAILABLE,1,1,1,16,0.280214019409175,0.3548387096774194,0.7896940546985841,0.3167615054407507,0.2996519721577726,0.5752030706060877,11,5,35,8.686635391378479,9,3,23,0,0,1,0,4
fold3_0001397,sa_0006326,1397,Colon,28,0,"[25,50)",AVAILABLE,1,1,1,11,0.42078455438574763,0.5128205128205128,0.8205298810522079,0.3271734565308694,0.33710437710437713,0.6277195809830781,10,1,18,8.20529963105196,7,0,11,0,0,0,0,1
fold3_0001398,sa_0006327,1398,Adrenal Gland,29,0,"[25,50)",AVAILABLE,1,1,1,25,0.7005747657694391,0.7777777777777778,0.9007389845607074,0.7587252512039955,0.7587252512039955,0.8637592968221771,21,4,8,18.91551957651384,0,0,7,1,0,0,3,1
fold3_0001399,sa_0006328,1399,Adrenal Gland,29,0,"[25,50)",AVAILABLE,1,1,1,26,0.7142334901473391,0.8363636363636363,0.8539748251761663,0.7233693249984214,0.7233693249984214,0.8415344593851903,23,3,6,19.64142183302665,0,0,6,0,1,0,2,0
fold3_0001400,sa_0006329,1400,Adrenal Gland,39,0,"[25,50)",AVAILABLE,1,1,1,32,0.7146781085578032,0.8450704225352113,0.8457024284600672,0.7152449754561452,0.7270585925998626,0.8780473944422345,30,2,9,25.371073699504443,2,0,6,1,0,0,1,1
fold3_0001401,sa_0006330,1401,Adrenal Gland,28,0,"[25,50)",AVAILABLE,1,1,1,25,0.7119626736175048,0.8301886792452831,0.8575914023119943,0.7032806092560047,0.7099774943735934,0.8544353777309819,22,3,6,18.867011708455276,1,0,5,0,2,0,1,0
fold3_0001402,sa_0006331,1402,Adrenal Gland,30,0,"[25,50)",AVAILABLE,1,1,1,24,0.714625480218361,0.8518518518518519,0.83890817243025,0.6881645459299285,0.6971150770805348,0.8928423353812521,23,1,7,19.29488880480392,2,0,4,1,0,0,0,1
fold3_0001403,sa_0006332,1403,Adrenal Gland,6,0,"[1,10)",AVAILABLE,1,1,1,4,0.6308922398588959,0.8,0.7886152998236198,0.5658852061438965,0.5778105056455571,0.8711885500933416,4,0,2,3.154461987909779,1,0,1,0,0,0,0,0
fold3_0001404,sa_0006333,1404,Adrenal Gland,17,0,"[10,25)",AVAILABLE,1,1,1,12,0.6079258444029367,0.6896551724137931,0.8814924743842582,0.6537027171017581,0.6886865256984103,0.8971757608993693,10,2,7,8.814925625335055,3,0,4,0,0,0,1,1
fold3_0001405,sa_0006334,1405,Adrenal Gland,1,0,"[1,10)",AVAILABLE,1,1,1,1,0.644268130435427,1.0,0.644268130435427,0.6442687747035574,0.6442687747035574,0.7836538461538461,1,0,0,0.6442687747035574,0,0,0,0,0,0,0,0
fold3_0001406,sa_0006335,1406,Adrenal Gland,17,0,"[10,25)",AVAILABLE,1,1,1,16,0.7020428981185701,0.8484848484848485,0.8274077013540291,0.6751238850346878,0.7124140893470791,0.8543835444625612,14,2,3,11.583708646364109,1,0,2,0,0,0,2,0
fold3_0001407,sa_0006336,1407,Adrenal Gland,3,0,"[1,10)",AVAILABLE,1,1,1,7,0.5483378096376699,0.6,0.9138963493961165,0.3441835645677695,0.3441835645677695,0.5121079793568877,3,4,0,2.741689962084699,0,0,0,0,0,0,4,0
fold3_0001408,sa_0006337,1408,Adrenal Gland,15,0,"[10,25)",AVAILABLE,1,1,1,13,0.8275148483312783,0.9285714285714286,0.8911698366644535,0.8828394210889042,0.8828394210889042,0.9377745241581259,13,0,2,11.585208767807732,0,0,2,0,0,0,0,0
fold3_0001409,sa_0006338,1409,Adrenal Gland,14,0,"[10,25)",AVAILABLE,1,1,1,15,0.8261948773640742,0.896551724137931,0.9215250555214674,0.839569397993311,0.839569397993311,0.9183569115391171,13,2,1,11.979826643304131,0,0,1,0,1,0,1,0
fold3_0001410,sa_0006339,1410,Adrenal Gland,18,0,"[10,25)",AVAILABLE,1,1,1,18,0.6862731655867839,0.7777777777777778,0.8823512128972936,0.6741078446785097,0.7126702647134413,0.8743497398959584,14,4,4,12.352917862913323,1,0,2,1,2,0,2,0
fold3_0001411,sa_0006340,1411,Adrenal Gland,16,0,"[10,25)",AVAILABLE,1,1,1,13,0.8249703959257112,0.896551724137931,0.9201592877632933,0.8732491389207807,0.8732491389207807,0.9323363569502329,13,0,3,11.9620716610821,0,0,3,0,0,0,0,0
fold3_0001412,sa_0006341,1412,Adrenal Gland,6,0,"[1,10)",AVAILABLE,1,1,1,10,0.6733621602113852,0.75,0.8978162136151803,0.682798833819242,0.682798833819242,0.8115038115038115,6,4,0,5.386898179507296,0,0,0,0,0,0,4,0
fold3_0001413,sa_0006342,1413,Adrenal Gland,8,0,"[1,10)",AVAILABLE,1,1,1,7,0.7467264890210208,0.8,0.933408111276276,0.7464081703306215,0.7464081703306215,0.8547923481018932,6,1,2,5.600449601065767,0,0,2,0,0,0,1,0
fold3_0001414,sa_0006343,1414,Adrenal Gland,9,0,"[1,10)",AVAILABLE,1,1,1,9,0.7634485717447195,0.8888888888888888,0.8588796432128094,0.843969465648855,0.843969465648855,0.9322735552243749,8,1,1,6.871038004582118,0,0,1,0,1,0,0,0
fold3_0001415,sa_0006344,1415,Adrenal Gland,24,0,"[10,25)",AVAILABLE,1,1,1,18,0.7408722258639255,0.8571428571428571,0.8643509301745799,0.7389898155794109,0.7647907647907648,0.9244738993846021,18,0,6,15.558317607493368,1,1,4,0,0,0,0,0
fold3_0001416,sa_0006345,1416,Adrenal Gland,19,0,"[10,25)",AVAILABLE,1,1,1,16,0.6323155281842765,0.6857142857142857,0.9221268119354032,0.6630321135175504,0.6739895238839809,0.8399028582103494,12,4,7,11.06552266535165,2,0,4,1,2,0,1,1
fold3_0001417,sa_0006346,1417,Adrenal Gland,23,0,"[10,25)",AVAILABLE,1,1,1,17,0.6517916558959005,0.75,0.869055541194534,0.5624180038348976,0.684387844484873,0.8962316985358829,15,2,8,13.03583398697355,5,0,3,0,1,0,0,1
fold3_0001418,sa_0006347,1418,Adrenal Gland,17,0,"[10,25)",AVAILABLE,1,1,1,13,0.628341834998055,0.7333333333333333,0.8568297749973477,0.6180035917390003,0.6715677744910388,0.8597303908811742,11,2,6,9.425128381800599,2,0,4,0,0,0,2,0
fold3_0001419,sa_0006348,1419,Adrenal Gland,16,0,"[10,25)",AVAILABLE,1,1,1,16,0.7928760653481173,0.875,0.9061440746835626,0.8191535587033979,0.8191535587033979,0.9005875889743468,14,2,2,12.68601795171395,0,0,2,0,0,0,2,0
fold3_0001420,sa_0006349,1420,Adrenal Gland,3,0,"[1,10)",AVAILABLE,1,1,1,2,0.7502525010718668,0.8,0.9378156263398335,0.9072476272648835,0.9072476272648835,0.9513684686722461,2,0,1,1.8756321904952935,0,0,1,0,0,0,0,0
fold3_0001421,sa_0006350,1421,Adrenal Gland,5,0,"[1,10)",AVAILABLE,1,1,1,4,0.8381401448154058,0.8888888888888888,0.9429076629173315,0.9140235387991222,0.9140235387991222,0.9552892131318395,4,0,1,3.771631594576989,0,0,1,0,0,0,0,0
fold3_0001422,sa_0006351,1422,Adrenal Gland,4,0,"[1,10)",AVAILABLE,1,1,1,4,0.9160403327752759,1.0,0.9160403327752759,0.9308176100628931,0.9308176100628931,0.9641693811074918,4,0,0,3.6641622471414363,0,0,0,0,0,0,0,0
fold3_0001423,sa_0006352,1423,Adrenal Gland,6,0,"[1,10)",AVAILABLE,1,1,1,5,0.7670838927903844,0.9090909090909091,0.8437922820694228,0.8415433147294346,0.8415433147294346,0.9139544076953485,5,0,1,4.218962254139396,0,0,1,0,0,0,0,0
fold3_0001424,sa_0006353,1424,Adrenal Gland,7,0,"[1,10)",AVAILABLE,1,1,1,6,0.8100075378801073,0.9230769230769231,0.8775081660367828,0.7245530828164903,0.8072387149247662,0.8937893789378938,6,0,1,5.265049873728863,1,0,0,0,0,0,0,0
fold3_0001425,sa_0006354,1425,Adrenal Gland,6,0,"[1,10)",AVAILABLE,1,1,1,6,0.8949966193232072,1.0,0.8949966193232072,0.910382076415283,0.910382076415283,0.9530890052356021,6,0,0,5.369980610935863,0,0,0,0,0,0,0,0
fold3_0001426,sa_0006355,1426,Adrenal Gland,4,0,"[1,10)",AVAILABLE,1,1,1,4,0.8944218260775975,1.0,0.8944218260775975,0.908499767765908,0.908499767765908,0.9520564614261378,4,0,0,3.577688198732216,0,0,0,0,0,0,0,0
fold3_0001427,sa_0006356,1427,Adrenal Gland,2,0,"[1,10)",AVAILABLE,1,1,1,2,0.7583514548011066,1.0,0.7583514548011066,0.7776934749620638,0.7776934749620638,0.8749466495945369,2,0,0,1.516703667953668,0,0,0,0,0,0,0,0
fold3_0001428,sa_0006357,1428,Adrenal Gland,3,0,"[1,10)",AVAILABLE,1,1,1,3,0.9050571511549295,1.0,0.9050571511549295,0.933264355923435,0.933264355923435,0.9654803318169655,3,0,0,2.7151723585219396,0,0,0,0,0,0,0,0
fold3_0001429,sa_0006358,1429,Adrenal Gland,7,0,"[1,10)",AVAILABLE,1,1,1,5,0.23750223929453207,0.3333333333333333,0.7125067178835962,0.3923985618900873,0.34465195246179964,0.6430976430976431,2,3,5,1.4250141482739105,2,0,3,0,0,0,2,1
fold3_0001430,sa_0006359,1430,Adrenal Gland,2,0,"[1,10)",AVAILABLE,1,1,1,2,0.4481977500004482,0.5,0.8963955000008964,0.5936183022275737,0.5936183022275737,0.7449943332074046,1,1,1,0.8963963963963963,0,0,0,1,0,0,0,1
fold3_0001431,sa_0006360,1431,Adrenal Gland,10,0,"[10,25)",AVAILABLE,1,1,1,10,0.5207920448907017,0.6,0.8679867414845029,0.5211611502984265,0.5147228637413395,0.7482370878597294,6,4,4,5.207921316893759,2,0,1,1,2,0,1,1
fold3_0001432,sa_0006361,1432,Adrenal Gland,4,0,"[1,10)",AVAILABLE,1,1,1,2,0.4815658925768867,0.6666666666666666,0.7223488388653301,0.5869918699186992,0.5869918699186992,0.7397540983606558,2,0,2,1.4446984000794991,0,0,2,0,0,0,0,0
fold3_0001433,sa_0006362,1433,Adrenal Gland,11,0,"[10,25)",AVAILABLE,1,1,1,7,0.6082532774896153,0.6666666666666666,0.912379916234423,0.5355124340617935,0.6158381347983385,0.9428642507670619,6,1,5,5.474280409786455,3,0,2,0,0,0,0,1
fold3_0001434,sa_0006363,1434,Adrenal Gland,8,0,"[1,10)",AVAILABLE,1,1,1,7,0.8506645630922764,0.9333333333333333,0.9114263175988676,0.8614136732329084,0.8614136732329084,0.9255478087649402,7,0,1,6.379985134618391,0,0,1,0,0,0,0,0
fold3_0001435,sa_0006364,1435,Adrenal Gland,9,0,"[1,10)",AVAILABLE,1,1,1,8,0.7078788103030613,0.8235294117647058,0.8595671267965745,0.7560708130972896,0.7724277749619868,0.9200266895434182,7,1,2,6.016970747143149,2,0,0,0,0,0,0,1
fold3_0001436,sa_0006365,1436,Adrenal Gland,19,0,"[10,25)",AVAILABLE,1,1,1,14,0.7248862001973164,0.8484848484848485,0.8543301645182658,0.756735022114998,0.7619530570849029,0.9285420606857989,14,0,5,11.960623157585886,2,0,3,0,0,0,0,0
fold3_0001437,sa_0006366,1437,Adrenal Gland,4,0,"[1,10)",AVAILABLE,1,1,1,4,0.8668581401537638,1.0,0.8668581401537638,0.8668866886688669,0.8668866886688669,0.928697701826753,4,0,0,3.4674334274731957,0,0,0,0,0,0,0,0
fold3_0001438,NOT_FOUND,1438,Adrenal Gland,0,1,"[0,1)",NOT_EVALUATED,0,0,0,NOT_EVALUATED,NOT_EVALUATED,NOT_EVALUATED,NOT_EVALUATED,NOT_EVALUATED,NOT_EVALUATED,NOT_EVALUATED,NOT_EVALUATED,NOT_EVALUATED,NOT_EVALUATED,NOT_EVALUATED,NOT_EVALUATED,NOT_EVALUATED,NOT_EVALUATED,NOT_EVALUATED,NOT_EVALUATED,NOT_EVALUATED,NOT_EVALUATED,NOT_EVALUATED
fold3_0001439,sa_0006367,1439,Adrenal Gland,17,0,"[10,25)",AVAILABLE,1,1,1,15,0.8199288328093648,0.875,0.9370615232107027,0.8679315246276497,0.8756129032258064,0.9661529994496423,14,1,3,13.11886226201136,2,0,1,0,0,0,0,1
fold3_0001440,sa_0006368,1440,Adrenal Gland,26,0,"[25,50)",AVAILABLE,1,1,1,20,0.7783772899803968,0.8695652173913043,0.8951338834774564,0.8498543177732316,0.854005822047842,0.9363416049424855,20,0,6,17.90267856468301,1,0,5,0,0,0,0,0
fold3_0001441,sa_0006369,1441,Adrenal Gland,14,0,"[10,25)",AVAILABLE,1,1,1,14,0.8286160239025245,0.9285714285714286,0.8923557180488726,0.8653729533050334,0.8653729533050334,0.9326397919375813,13,1,1,11.600625226991061,0,0,1,0,1,0,0,0
fold3_0001442,sa_0006370,1442,Adrenal Gland,8,0,"[1,10)",AVAILABLE,1,1,1,8,0.7678640337563517,0.875,0.8775588957215448,0.7322580645161291,0.7322580645161291,0.845437616387337,7,1,1,6.142913147609709,0,0,1,0,0,0,1,0
fold3_0001443,sa_0006371,1443,Adrenal Gland,18,0,"[10,25)",AVAILABLE,1,1,1,20,0.7016428053739435,0.8421052631578947,0.833200831381558,0.7322644410278937,0.7322644410278937,0.8600228223659186,16,4,2,13.33121413530576,0,0,1,1,1,0,2,1
fold3_0001444,sa_0006372,1444,Adrenal Gland,8,0,"[1,10)",AVAILABLE,1,1,1,6,0.6137807222129957,0.7142857142857143,0.859293011098194,0.6142255705738976,0.5782980866062437,0.8843515712234806,5,1,3,4.296465914783981,2,0,1,0,0,0,0,1
fold3_0001445,sa_0006373,1445,Adrenal Gland,12,0,"[10,25)",AVAILABLE,1,1,1,14,0.6636704236587717,0.8461538461538461,0.7843377734149121,0.5832986544597032,0.5717348032460573,0.8192888455918168,11,3,1,8.627716291901805,1,0,0,0,0,0,3,0
fold3_0001446,sa_0006374,1446,Adrenal Gland,16,0,"[10,25)",AVAILABLE,1,1,1,17,0.7664793215530588,0.9090909090909091,0.8431272537083647,0.7238946970651216,0.7238946970651216,0.8398363290954259,15,2,1,12.646909648752723,0,0,0,1,0,0,1,1
fold3_0001447,sa_0006375,1447,Adrenal Gland,17,0,"[10,25)",AVAILABLE,1,1,1,14,0.6862850021611016,0.7741935483870968,0.8864514611247561,0.6564674826013919,0.663861259882683,0.8385959534028203,12,2,5,10.637418419948535,2,0,3,0,0,0,1,1
fold3_0001448,sa_0006376,1448,Adrenal Gland,23,0,"[10,25)",AVAILABLE,1,1,1,16,0.6928551484860292,0.8205128205128205,0.8444172122173482,0.617787876328816,0.6118067978533095,0.8047143385656149,16,0,7,13.510676239894785,1,0,6,0,0,0,0,0
fold3_0001449,sa_0006377,1449,Adrenal Gland,20,0,"[10,25)",AVAILABLE,1,1,1,10,0.5819975039007882,0.6666666666666666,0.8729962558511823,0.6031689301882297,0.6230418157148143,0.77093783249734,10,0,10,8.729963431508079,1,0,9,0,0,0,0,0
fold3_0001450,sa_0006378,1450,Adrenal Gland,29,0,"[25,50)",AVAILABLE,1,1,1,17,0.5908039659875913,0.6956521739130435,0.8492807011071626,0.6060358284397532,0.6497080233581314,0.801532269795859,16,1,13,13.588492066995304,2,0,11,0,1,0,0,0
fold3_0001451,sa_0006379,1451,Adrenal Gland,16,0,"[10,25)",AVAILABLE,1,1,1,12,0.5732817098714391,0.6428571428571429,0.8917715486889053,0.6237440813026909,0.6345445617480973,0.8112654900488171,9,3,7,8.025944829971696,2,0,5,0,0,0,2,1
fold3_0001452,sa_0006380,1452,Adrenal Gland,15,0,"[10,25)",AVAILABLE,1,1,1,14,0.6816754343565269,0.8275862068965517,0.82369114984747,0.6113368761071168,0.6113368761071168,0.7692705638903259,12,2,3,9.88429462186079,0,0,3,0,2,0,0,0
fold3_0001453,sa_0006381,1453,Adrenal Gland,18,0,"[10,25)",AVAILABLE,1,1,1,11,0.3464433212283523,0.41379310344827586,0.8372380263018514,0.29829913812828923,0.2898158179848321,0.5475290494190116,6,5,12,5.023428995049135,3,0,9,0,0,0,4,1
fold3_0001454,sa_0006382,1454,Adrenal Gland,24,0,"[10,25)",AVAILABLE,1,1,1,15,0.5269578092891235,0.6666666666666666,0.7904367139336853,0.5803693259346857,0.5803693259346857,0.751050480630864,13,2,11,10.275678071574623,0,1,10,0,0,1,1,0
fold3_0001455,sa_0006383,1455,Adrenal Gland,12,0,"[10,25)",AVAILABLE,1,1,1,9,0.6011718086152253,0.7619047619047619,0.7890379988074834,0.6009595613433859,0.5972385428907168,0.8063270185764209,8,1,4,6.3123047794978655,1,0,2,1,0,0,0,1
fold3_0001456,sa_0006384,1456,Adrenal Gland,13,0,"[10,25)",AVAILABLE,1,1,1,9,0.690601502087782,0.8181818181818182,0.8440685025517335,0.7425099866844208,0.7425099866844208,0.8522303944980418,9,0,4,7.596617367034104,0,0,4,0,0,0,0,0
fold3_0001457,sa_0006385,1457,Adrenal Gland,4,0,"[1,10)",AVAILABLE,1,1,1,5,0.3840464868810084,0.4444444444444444,0.8641045954822689,0.3929106340489266,0.3929106340489266,0.5641577060931899,2,3,2,1.7282100550691335,0,0,2,0,0,0,3,0
fold3_0001458,sa_0006386,1458,Adrenal Gland,20,0,"[10,25)",AVAILABLE,1,1,1,16,0.42217682675176066,0.5,0.8443536535035213,0.39462287982677735,0.3632828081372158,0.6398946675444371,9,7,11,7.599183725885345,5,0,6,0,0,0,5,2
fold3_0001459,sa_0006387,1459,Adrenal Gland,11,0,"[10,25)",AVAILABLE,1,1,1,10,0.716109969858518,0.8571428571428571,0.8354616315016045,0.7411587659894657,0.7411587659894657,0.8513396715643907,9,1,2,7.5191555189760715,0,0,2,0,0,0,1,0
fold3_0001460,sa_0006388,1460,Adrenal Gland,1,0,"[1,10)",AVAILABLE,1,1,1,4,0.3863941714289578,0.4,0.9659854285723946,0.20897718910963944,0.20897718910963944,0.3457090687766281,1,3,0,0.9659863945578231,0,0,0,0,0,0,3,0
fold3_0001461,sa_0006389,1461,Adrenal Gland,1,0,"[1,10)",AVAILABLE,1,1,1,1,0.0,0.0,0.0,0.0562047857540345,0.0562047857540345,0.10642781875658588,0,1,1,0.0,0,0,0,1,0,0,0,1
fold3_0001462,sa_0006390,1462,Adrenal Gland,2,0,"[1,10)",AVAILABLE,1,1,1,2,0.48203544610826654,0.5,0.9640708922165331,0.33059548254620125,0.33059548254620125,0.49691358024691357,1,1,1,0.9640718562874252,0,0,1,0,0,0,1,0
fold3_0001463,sa_0006391,1463,Adrenal Gland,9,0,"[1,10)",AVAILABLE,1,1,1,7,0.4948677097185767,0.625,0.7917883355497227,0.6313038130381304,0.6313038130381304,0.8030160226201697,5,2,4,3.9589424695369493,0,1,3,0,0,2,0,0
fold3_0001464,sa_0006392,1464,Adrenal Gland,13,0,"[10,25)",AVAILABLE,1,1,1,9,0.38248777989243016,0.45454545454545453,0.8414731157633464,0.5376084860173578,0.5376084860173578,0.7547820633427407,5,4,8,4.207366420289848,0,0,6,2,4,0,0,0
fold3_0001465,sa_0006393,1465,Adrenal Gland,10,0,"[10,25)",AVAILABLE,1,1,1,9,0.4922950671718982,0.631578947368421,0.7794671896888389,0.5398705195010264,0.5466260962949705,0.8070825135979632,6,3,4,4.676803917600223,1,1,2,0,0,1,2,0
fold3_0001466,sa_0006394,1466,Adrenal Gland,1,0,"[1,10)",AVAILABLE,1,1,1,1,0.5464185517246845,1.0,0.5464185517246845,0.5464190981432361,0.5464190981432361,0.7066895368782161,1,0,0,0.5464190981432361,0,0,0,0,0,0,0,0
fold3_0001467,sa_0006395,1467,Adrenal Gland,18,0,"[10,25)",AVAILABLE,1,1,1,20,0.7142196228830107,0.8421052631578947,0.8481358021735752,0.658009075987255,0.658009075987255,0.7937339855578849,16,4,2,13.570173682913007,0,0,2,0,0,0,4,0
fold3_0001468,sa_0006396,1468,Bile Duct,3,0,"[1,10)",AVAILABLE,1,1,1,4,0.7007854756447843,0.8571428571428571,0.8175830549189151,0.7790834312573442,0.7790834312573442,0.8758256274768824,3,1,0,2.4527499823398005,0,0,0,0,0,0,1,0
fold3_0001469,sa_0006397,1469,Bile Duct,2,0,"[1,10)",AVAILABLE,1,1,1,3,0.28431344117675494,0.4,0.7107836029418874,0.15,0.15,0.2608695652173913,1,2,1,0.7107843137254902,0,0,1,0,0,0,2,0
fold3_0001470,sa_0006398,1470,Bile Duct,5,0,"[1,10)",AVAILABLE,1,1,1,6,0.737865041069969,0.9090909090909091,0.8116515451769659,0.6889424733034791,0.6889424733034791,0.8158270446665307,5,1,0,4.058258537536375,0,0,0,0,0,0,1,0
fold3_0001471,sa_0006399,1471,Bile Duct,2,0,"[1,10)",AVAILABLE,1,1,1,5,0.46591192436953893,0.5714285714285714,0.8153458676466931,0.5971223021582733,0.5971223021582733,0.7477477477477478,2,3,0,1.630692550639254,0,0,0,0,0,0,3,0
fold3_0001472,sa_0006400,1472,Bile Duct,2,0,"[1,10)",AVAILABLE,1,1,1,10,0.26130518014715953,0.3333333333333333,0.7839155404414786,0.1494661921708185,0.1494661921708185,0.26006191950464397,2,8,0,1.5678318647984977,0,0,0,0,0,0,8,0
fold3_0001473,sa_0006401,1473,Bile Duct,34,0,"[25,50)",AVAILABLE,1,1,1,31,0.7589204781777223,0.8615384615384616,0.880889840741999,0.700507614213198,0.7300006551791915,0.9127816701382314,28,3,6,24.664916421665815,4,0,2,0,0,0,2,1
fold3_0001474,sa_0006402,1474,Bile Duct,38,0,"[25,50)",AVAILABLE,1,1,1,26,0.6787684594689722,0.78125,0.8688236281202845,0.6979093092244667,0.7046404058490003,0.8648956190642917,25,1,13,21.72059157183074,3,0,10,0,0,0,0,1
fold3_0001475,sa_0006403,1475,Bile Duct,33,0,"[25,50)",AVAILABLE,1,1,1,25,0.7585688149051069,0.8620689655172413,0.879939825289924,0.7681367728269914,0.7800856191533218,0.9049612541195333,25,0,8,21.998496512187927,1,0,7,0,0,0,0,0
fold3_0001476,sa_0006404,1476,Bile Duct,6,0,"[1,10)",AVAILABLE,1,1,1,4,0.47525895444815697,0.6,0.792098257413595,0.6768935762224353,0.6768935762224353,0.8073184676958262,3,1,3,2.3762955643390424,0,0,3,0,0,0,1,0
fold3_0001477,sa_0006405,1477,Bile Duct,10,0,"[10,25)",AVAILABLE,1,1,1,10,0.5198532508149365,0.7,0.742647501164195,0.5561847988077496,0.5561847988077496,0.7148055927983145,7,3,3,5.198533250796866,0,0,3,0,0,0,3,0
fold3_0001478,sa_0006406,1478,Bile Duct,10,0,"[10,25)",AVAILABLE,1,1,1,10,0.5619198927061911,0.7,0.8027427038659873,0.55297565374211,0.55297565374211,0.7121498040354188,7,3,3,5.619199729804615,0,0,3,0,0,0,3,0
fold3_0001479,sa_0006407,1479,Bile Duct,22,0,"[10,25)",AVAILABLE,1,1,1,14,0.5478691141930359,0.6666666666666666,0.8218036712895538,0.6302433972035215,0.6439339554917445,0.7971615720524018,12,2,10,9.861644877278316,1,0,7,2,0,0,0,2
fold3_0001480,sa_0006408,1480,Bile Duct,4,0,"[1,10)",AVAILABLE,1,1,1,11,0.27928366827875756,0.4,0.6982091706968938,0.1997674418604651,0.1997674418604651,0.33301027330878075,3,8,1,2.0946282102998524,0,0,1,0,0,0,8,0
fold3_0001481,sa_0006409,1481,Bile Duct,18,0,"[10,25)",AVAILABLE,1,1,1,17,0.5697026338505692,0.7428571428571429,0.76690739172192,0.5337184309511016,0.5403283369022127,0.7364226135310473,13,4,5,9.969796859292352,1,0,4,0,0,0,4,0
fold3_0001482,sa_0006410,1482,Bile Duct,16,0,"[10,25)",AVAILABLE,1,1,1,11,0.5213094301231879,0.6666666666666666,0.7819641451847819,0.5948012232415902,0.6179017603634299,0.8191988768481552,9,2,7,7.037678088627181,2,0,3,2,0,0,0,2
fold3_0001483,sa_0006411,1483,Bile Duct,8,0,"[1,10)",AVAILABLE,1,1,1,8,0.7503826554178475,0.875,0.8575801776203972,0.788038538447555,0.788038538447555,0.8814558763725091,7,1,1,6.003062100922958,0,0,1,0,0,0,1,0
fold3_0001484,sa_0006412,1484,Bile Duct,24,0,"[10,25)",AVAILABLE,1,1,1,10,0.38907682316344716,0.47058823529411764,0.8267882492223252,0.4705202312138728,0.4597817812737884,0.7782026768642447,8,2,16,6.61430682056685,3,0,13,0,0,0,1,1
fold3_0001485,sa_0006413,1485,Bile Duct,23,0,"[10,25)",AVAILABLE,1,1,1,10,0.34154659394755793,0.42424242424242425,0.8050741143049579,0.3444619010212097,0.34612211221122113,0.5461231995096537,7,3,16,5.6355196052088194,1,0,14,1,2,0,1,0
fold3_0001486,sa_0006414,1486,Bile Duct,22,0,"[10,25)",AVAILABLE,1,1,1,14,0.6262069756775341,0.7222222222222222,0.8670558124765857,0.6632886097630603,0.6632886097630603,0.8080322663691754,13,1,9,11.271726429251427,0,0,9,0,1,0,0,0
fold3_0001487,sa_0006415,1487,Bile Duct,8,0,"[1,10)",AVAILABLE,1,1,1,5,0.6018074642081138,0.7692307692307693,0.7823497034705479,0.4943310657596372,0.4943310657596372,0.661608497723824,5,0,3,3.911749299702443,0,0,3,0,0,0,0,0
fold3_0001488,sa_0006416,1488,Bile Duct,13,0,"[10,25)",AVAILABLE,1,1,1,7,0.5950534651276972,0.7,0.8500763787538532,0.5965333333333334,0.5965333333333334,0.7472857858693837,7,0,6,5.950535501353351,0,0,6,0,0,0,0,0
fold3_0001489,sa_0006417,1489,Bile Duct,11,0,"[10,25)",AVAILABLE,1,1,1,9,0.5773739960397924,0.7,0.8248199943425607,0.6175152749490835,0.6175152749490835,0.7635356333417275,7,2,4,5.773740785217919,0,0,4,0,0,0,2,0
fold3_0001490,sa_0006418,1490,Bile Duct,12,0,"[10,25)",AVAILABLE,1,1,1,10,0.7884728781080124,0.9090909090909091,0.8673201659188137,0.8238176395398381,0.8238176395398381,0.9033991356149983,10,0,2,8.673202526508302,0,0,2,0,0,0,0,0
fold3_0001491,sa_0006419,1491,Bile Duct,21,0,"[10,25)",AVAILABLE,1,1,1,19,0.6585669319653183,0.8,0.8232086649566479,0.6087883259550746,0.6020522548935069,0.8001507077883632,16,3,5,13.171339462515032,1,0,4,0,0,0,3,0
fold3_0001492,sa_0006420,1492,Bile Duct,15,0,"[10,25)",AVAILABLE,1,1,1,12,0.7165655821193512,0.8148148148148148,0.8794213962373856,0.8142356767575681,0.8142356767575681,0.897607391574157,11,1,4,9.673636238032637,0,0,4,0,0,0,1,0
fold3_0001493,sa_0006421,1493,Bile Duct,20,0,"[10,25)",AVAILABLE,1,1,1,19,0.6644180470386951,0.7692307692307693,0.8637434611503036,0.6914231459014664,0.6914231459014664,0.8209318281045344,15,4,5,12.956152780998016,0,0,5,0,1,0,3,0
fold3_0001494,sa_0006422,1494,Bile Duct,17,0,"[10,25)",AVAILABLE,1,1,1,16,0.8344450907431823,0.9696969696969697,0.8605214998289067,0.8359107927722611,0.8359107927722611,0.910622450789147,16,0,1,13.768344857784008,0,0,1,0,0,0,0,0
fold3_0001495,sa_0006423,1495,Bile Duct,5,0,"[1,10)",AVAILABLE,1,1,1,2,0.5190282354179916,0.5714285714285714,0.9082994119814853,0.6499102333931778,0.6499102333931778,0.7878128400435256,2,0,3,1.8165997322623828,0,0,3,0,0,0,0,0
fold3_0001496,sa_0006424,1496,Bile Duct,4,0,"[1,10)",AVAILABLE,1,1,1,4,0.48576625088791436,0.75,0.6476883345172192,0.5141509433962265,0.5141509433962265,0.8481308411214953,3,1,1,1.9430656512399922,0,0,1,0,1,0,0,0
fold3_0001497,sa_0006425,1497,Bile Duct,9,0,"[1,10)",AVAILABLE,1,1,1,9,0.6400045740361867,0.7777777777777778,0.8228630237608114,0.7710236220472441,0.7710236220472441,0.8835141383603059,7,2,2,5.760041989188704,0,0,1,1,1,0,0,1
fold3_0001498,sa_0006426,1498,Bile Duct,4,0,"[1,10)",AVAILABLE,1,1,1,3,0.6975976187639182,0.8571428571428571,0.8138638885579046,0.4547432550043516,0.4547432550043516,0.6251869578223153,3,0,1,2.4415924795376025,0,0,1,0,0,0,0,0
fold3_0001499,sa_0006427,1499,Bile Duct,10,0,"[10,25)",AVAILABLE,1,1,1,11,0.6028134750713747,0.7619047619047619,0.7911926860311794,0.6578874410867757,0.6578874410867757,0.8518394648829432,8,3,2,6.329542279442121,0,0,1,1,3,0,0,0
fold3_0001500,sa_0006428,1500,Bile Duct,9,0,"[1,10)",AVAILABLE,1,1,1,10,0.7053838212803861,0.8421052631578947,0.8376432877704586,0.7666048237476809,0.7666048237476809,0.8678848981306448,8,2,1,6.701147139806956,0,0,1,0,0,0,2,0
fold3_0001501,sa_0006429,1501,Bile Duct,38,0,"[25,50)",AVAILABLE,1,1,1,27,0.6435109510540801,0.7384615384615385,0.8714210795524,0.6029751392473849,0.6395635900294656,0.8636584418107636,24,3,14,20.91410678067868,6,0,8,0,0,0,1,2
fold3_0001502,sa_0006430,1502,Bile Duct,41,0,"[25,50)",AVAILABLE,1,1,1,27,0.5995935371794333,0.6764705882352942,0.8863556636565535,0.6550804403048264,0.6862548851396435,0.8788897996099602,23,4,18,20.386181150456395,4,2,12,0,1,1,1,1
fold3_0001503,sa_0006431,1503,Bile Duct,29,0,"[25,50)",AVAILABLE,1,1,1,27,0.7441988259505755,0.8571428571428571,0.8682319636090048,0.7240694270179842,0.7537891935670484,0.9241324713022826,24,3,5,20.83756799484808,0,3,2,0,0,3,0,0
fold3_0001504,sa_0006432,1504,Bile Duct,38,0,"[25,50)",AVAILABLE,1,1,1,31,0.7597967692440192,0.8695652173913043,0.8737662846306221,0.7575807856639151,0.7868326150057173,0.899013020256467,30,1,8,26.212989412684948,2,0,6,0,0,0,1,0
fold3_0001505,sa_0006433,1505,Bile Duct,36,0,"[25,50)",AVAILABLE,1,1,1,26,0.6840670534289067,0.7741935483870968,0.8835866106790046,0.6594364403406829,0.6737357966866163,0.8587049464928873,24,2,12,21.206079539882722,4,1,7,0,0,0,0,2
fold3_0001506,NOT_FOUND,1506,Bile Duct,0,1,"[0,1)",NOT_EVALUATED,0,0,0,NOT_EVALUATED,NOT_EVALUATED,NOT_EVALUATED,NOT_EVALUATED,NOT_EVALUATED,NOT_EVALUATED,NOT_EVALUATED,NOT_EVALUATED,NOT_EVALUATED,NOT_EVALUATED,NOT_EVALUATED,NOT_EVALUATED,NOT_EVALUATED,NOT_EVALUATED,NOT_EVALUATED,NOT_EVALUATED,NOT_EVALUATED,NOT_EVALUATED,NOT_EVALUATED
fold3_0001507,NOT_FOUND,1507,Bile Duct,0,1,"[0,1)",NOT_EVALUATED,0,0,0,NOT_EVALUATED,NOT_EVALUATED,NOT_EVALUATED,NOT_EVALUATED,NOT_EVALUATED,NOT_EVALUATED,NOT_EVALUATED,NOT_EVALUATED,NOT_EVALUATED,NOT_EVALUATED,NOT_EVALUATED,NOT_EVALUATED,NOT_EVALUATED,NOT_EVALUATED,NOT_EVALUATED,NOT_EVALUATED,NOT_EVALUATED,NOT_EVALUATED,NOT_EVALUATED
fold3_0001508,NOT_FOUND,1508,Bile Duct,0,1,"[0,1)",NOT_EVALUATED,0,0,0,NOT_EVALUATED,NOT_EVALUATED,NOT_EVALUATED,NOT_EVALUATED,NOT_EVALUATED,NOT_EVALUATED,NOT_EVALUATED,NOT_EVALUATED,NOT_EVALUATED,NOT_EVALUATED,NOT_EVALUATED,NOT_EVALUATED,NOT_EVALUATED,NOT_EVALUATED,NOT_EVALUATED,NOT_EVALUATED,NOT_EVALUATED,NOT_EVALUATED,NOT_EVALUATED
fold3_0001509,NOT_FOUND,1509,Bile Duct,0,1,"[0,1)",NOT_EVALUATED,0,0,0,NOT_EVALUATED,NOT_EVALUATED,NOT_EVALUATED,NOT_EVALUATED,NOT_EVALUATED,NOT_EVALUATED,NOT_EVALUATED,NOT_EVALUATED,NOT_EVALUATED,NOT_EVALUATED,NOT_EVALUATED,NOT_EVALUATED,NOT_EVALUATED,NOT_EVALUATED,NOT_EVALUATED,NOT_EVALUATED,NOT_EVALUATED,NOT_EVALUATED,NOT_EVALUATED
fold3_0001510,NOT_FOUND,1510,Bile Duct,0,1,"[0,1)",NOT_EVALUATED,0,0,0,NOT_EVALUATED,NOT_EVALUATED,NOT_EVALUATED,NOT_EVALUATED,NOT_EVALUATED,NOT_EVALUATED,NOT_EVALUATED,NOT_EVALUATED,NOT_EVALUATED,NOT_EVALUATED,NOT_EVALUATED,NOT_EVALUATED,NOT_EVALUATED,NOT_EVALUATED,NOT_EVALUATED,NOT_EVALUATED,NOT_EVALUATED,NOT_EVALUATED,NOT_EVALUATED
fold3_0001511,NOT_FOUND,1511,Bile Duct,0,1,"[0,1)",NOT_EVALUATED,0,0,0,NOT_EVALUATED,NOT_EVALUATED,NOT_EVALUATED,NOT_EVALUATED,NOT_EVALUATED,NOT_EVALUATED,NOT_EVALUATED,NOT_EVALUATED,NOT_EVALUATED,NOT_EVALUATED,NOT_EVALUATED,NOT_EVALUATED,NOT_EVALUATED,NOT_EVALUATED,NOT_EVALUATED,NOT_EVALUATED,NOT_EVALUATED,NOT_EVALUATED,NOT_EVALUATED
fold3_0001512,sa_0006434,1512,Bile Duct,37,0,"[25,50)",AVAILABLE,1,1,1,34,0.4469787029140038,0.5633802816901409,0.7933871976723568,0.5836959515285045,0.6068429627772904,0.8547695187582872,20,14,17,15.867744746834333,10,2,3,2,3,1,5,5
fold3_0001513,sa_0006435,1513,Bile Duct,36,0,"[25,50)",AVAILABLE,1,1,1,29,0.49590372897185564,0.6153846153846154,0.8058435595792653,0.673672940380931,0.6840232475388447,0.8451894633046908,20,9,16,16.116871997428866,8,0,7,1,2,0,3,4
fold3_0001514,sa_0006436,1514,Bile Duct,40,0,"[25,50)",AVAILABLE,1,1,1,33,0.5405702614447021,0.7123287671232876,0.7588774824127549,0.5483475479744137,0.5751461800424083,0.8618748470261891,26,7,14,19.73081530160911,9,1,3,1,2,1,2,2
fold3_0001515,sa_0006437,1515,Bile Duct,31,0,"[25,50)",AVAILABLE,1,1,1,23,0.5948564608956244,0.7407407407407407,0.8030562222090929,0.5599035111230233,0.6245519296122154,0.8405880161618478,20,3,11,16.06112524723808,4,1,6,0,1,0,2,0
fold3_0001516,sa_0006438,1516,Bile Duct,32,0,"[25,50)",AVAILABLE,1,1,1,24,0.49581578096375656,0.5714285714285714,0.8676776166865741,0.5953010279001468,0.6269967146255806,0.8635588204574731,16,8,16,13.882842734662802,4,1,11,0,0,4,2,2
fold3_0001517,sa_0006439,1517,Bile Duct,28,0,"[25,50)",AVAILABLE,1,1,1,26,0.7775637032639814,0.9259259259259259,0.8397687995250999,0.7733298217891318,0.7952966813456213,0.8910355291440132,25,1,3,20.994220827896296,1,0,2,0,0,0,1,0
fold3_0001518,NOT_FOUND,1518,Bile Duct,0,1,"[0,1)",NOT_EVALUATED,0,0,0,NOT_EVALUATED,NOT_EVALUATED,NOT_EVALUATED,NOT_EVALUATED,NOT_EVALUATED,NOT_EVALUATED,NOT_EVALUATED,NOT_EVALUATED,NOT_EVALUATED,NOT_EVALUATED,NOT_EVALUATED,NOT_EVALUATED,NOT_EVALUATED,NOT_EVALUATED,NOT_EVALUATED,NOT_EVALUATED,NOT_EVALUATED,NOT_EVALUATED,NOT_EVALUATED
fold3_0001519,NOT_FOUND,1519,Bile Duct,0,1,"[0,1)",NOT_EVALUATED,0,0,0,NOT_EVALUATED,NOT_EVALUATED,NOT_EVALUATED,NOT_EVALUATED,NOT_EVALUATED,NOT_EVALUATED,NOT_EVALUATED,NOT_EVALUATED,NOT_EVALUATED,NOT_EVALUATED,NOT_EVALUATED,NOT_EVALUATED,NOT_EVALUATED,NOT_EVALUATED,NOT_EVALUATED,NOT_EVALUATED,NOT_EVALUATED,NOT_EVALUATED,NOT_EVALUATED
fold3_0001520,sa_0006440,1520,Bile Duct,33,0,"[25,50)",AVAILABLE,1,1,1,28,0.6900983260958888,0.819672131147541,0.8419199578369844,0.6493823983530623,0.6571930061432526,0.8332247026234316,25,3,8,21.047999787844567,0,2,6,0,1,1,1,0
fold3_0001521,sa_0006441,1521,Bile Duct,2,0,"[1,10)",AVAILABLE,1,1,1,1,0.0,0.0,0.0,0.0,0.0,0.0,0,1,2,0.0,0,0,2,0,0,0,1,0
fold3_0001522,sa_0006442,1522,Bile Duct,2,0,"[1,10)",AVAILABLE,1,1,1,6,0.2192026793480453,0.25,0.8768107173921812,0.11905542800918334,0.11905542800918334,0.21277842907385697,1,5,1,0.8768115942028986,0,0,1,0,0,0,5,0
fold3_0001523,NOT_FOUND,1523,Bile Duct,0,1,"[0,1)",NOT_EVALUATED,0,0,0,NOT_EVALUATED,NOT_EVALUATED,NOT_EVALUATED,NOT_EVALUATED,NOT_EVALUATED,NOT_EVALUATED,NOT_EVALUATED,NOT_EVALUATED,NOT_EVALUATED,NOT_EVALUATED,NOT_EVALUATED,NOT_EVALUATED,NOT_EVALUATED,NOT_EVALUATED,NOT_EVALUATED,NOT_EVALUATED,NOT_EVALUATED,NOT_EVALUATED,NOT_EVALUATED
fold3_0001524,sa_0006443,1524,Bile Duct,17,0,"[10,25)",AVAILABLE,1,1,1,15,0.7474635516634053,0.875,0.8542440590438918,0.7843854348863094,0.7843854348863094,0.8791659240777046,14,1,3,11.959417680858543,0,0,3,0,0,0,1,0
fold3_0001525,sa_0006444,1525,Bile Duct,36,0,"[25,50)",AVAILABLE,1,1,1,36,0.729935403408651,0.8888888888888888,0.8211773288347325,0.7458826130208909,0.7458826130208909,0.8641975308641975,32,4,4,26.277675343888767,0,0,4,0,1,0,3,0
fold3_0001526,sa_0006445,1526,Bile Duct,12,0,"[10,25)",AVAILABLE,1,1,1,10,0.6470306064042621,0.7272727272727273,0.8896670838058605,0.8058336209872282,0.8058336209872282,0.9161808276784861,8,2,4,7.117337560113967,0,0,3,1,2,0,0,0
fold3_0001527,sa_0006446,1527,Bile Duct,57,0,"[50,+inf)",AVAILABLE,1,1,1,44,0.6424690897597852,0.7722772277227723,0.8319151034069013,0.5865288779310707,0.6408547343658106,0.8905615292712067,39,5,18,32.44468986478425,10,0,7,1,0,0,1,4
fold3_0001528,sa_0006447,1528,Bile Duct,71,0,"[50,+inf)",AVAILABLE,1,1,1,54,0.6527400336551992,0.768,0.8499219188218738,0.653090909090909,0.6688124081301637,0.878568825173126,48,6,23,40.79625295337186,8,2,13,0,1,1,1,3
fold3_0001529,sa_0006448,1529,Bile Duct,69,0,"[50,+inf)",AVAILABLE,1,1,1,59,0.7434750695073153,0.875,0.8496857937226461,0.7108704974271012,0.7445398046759396,0.8999796430752528,56,3,13,47.58240529815397,7,0,6,0,0,0,1,2
fold3_0001530,sa_0006449,1530,Bile Duct,60,0,"[50,+inf)",AVAILABLE,1,1,1,49,0.7513016060714282,0.8623853211009175,0.8711901602317624,0.809623302402753,0.8100492487999501,0.9099362837954194,47,2,13,40.945938402082994,1,0,11,1,2,0,0,0
fold3_0001531,sa_0006450,1531,Bile Duct,50,0,"[50,+inf)",AVAILABLE,1,1,1,46,0.7097552047116832,0.8333333333333334,0.8517062456540198,0.7191424859246427,0.7257083518765762,0.8564428780194275,40,6,10,34.068250677867034,2,0,7,1,0,0,4,2
fold3_0001532,sa_0006451,1532,Bile Duct,18,0,"[10,25)",AVAILABLE,1,1,1,11,0.5233701045866008,0.6896551724137931,0.7588866516505711,0.546584213289773,0.5648435806661368,0.8651368945934715,10,1,8,7.588867275392363,4,0,3,1,0,0,0,1
fold3_0001533,sa_0006452,1533,Bile Duct,24,0,"[10,25)",AVAILABLE,1,1,1,18,0.620547969699116,0.7142857142857143,0.8687671575787623,0.5482581690521199,0.5722077449851524,0.7829472304667926,15,3,9,13.031508232448592,4,0,3,2,0,0,0,3
fold3_0001534,sa_0006453,1534,Bile Duct,20,0,"[10,25)",AVAILABLE,1,1,1,14,0.5337261781465938,0.6470588235294118,0.8248495480447359,0.4633506292121429,0.47718235182730545,0.6639319745331795,11,3,9,9.073345853341642,1,0,6,2,0,0,1,2
fold3_0001535,sa_0006454,1535,Bile Duct,18,0,"[10,25)",AVAILABLE,1,1,1,12,0.5632582911311013,0.6666666666666666,0.844887436696652,0.4663454725804166,0.45052316890881916,0.6793075020610058,10,2,8,8.448875211853956,2,0,5,1,0,0,0,2
fold3_0001536,sa_0006455,1536,Bile Duct,19,0,"[10,25)",AVAILABLE,1,1,1,13,0.6200127048301893,0.8125,0.7630925597910023,0.5608662026295437,0.5608662026295437,0.7186601922505202,13,0,6,9.92020404037559,0,0,6,0,0,0,0,0
fold3_0001537,sa_0006456,1537,Bile Duct,22,0,"[10,25)",AVAILABLE,1,1,1,18,0.6949129852920578,0.8,0.8686412316150722,0.5962191428833624,0.5899086977414705,0.7881279090854137,16,2,6,13.898260574482387,0,2,4,0,0,1,1,0
fold3_0001538,sa_0006457,1538,Bile Duct,30,0,"[25,50)",AVAILABLE,1,1,1,28,0.6296037320456145,0.7241379310344828,0.8694527728248962,0.5753899480069324,0.6161473087818697,0.8484708704276027,21,7,9,18.258509098775594,5,1,3,0,0,2,3,2
fold3_0001539,sa_0006458,1539,Bile Duct,35,0,"[25,50)",AVAILABLE,1,1,1,32,0.6903783813059299,0.8059701492537313,0.8565805842129129,0.7019912044954801,0.7084973961641051,0.8548806780165044,27,5,8,23.127676630329233,4,0,4,0,0,0,3,2
fold3_0001540,sa_0006459,1540,Bile Duct,47,0,"[25,50)",AVAILABLE,1,1,1,42,0.640904675480447,0.7640449438202247,0.8388311193788204,0.6159323542501113,0.6417445482866043,0.8477688682132583,34,8,13,28.52025889771101,7,1,5,0,0,0,6,2
fold3_0001541,sa_0006460,1541,Bile Duct,44,0,"[25,50)",AVAILABLE,1,1,1,31,0.5406517976918372,0.6666666666666666,0.810977696537756,0.5265920780529191,0.5473243647234679,0.7905251362108273,25,6,19,20.274443224421596,2,3,12,2,2,1,1,2
fold3_0001542,sa_0006461,1542,Bile Duct,66,0,"[50,+inf)",AVAILABLE,1,1,1,51,0.6955768847664686,0.8034188034188035,0.8657712289114555,0.686331584125943,0.6954213091922006,0.8609642142013657,47,4,19,40.691248624609635,4,1,13,1,0,0,2,2
fold3_0001543,sa_0006462,1543,Bile Duct,34,0,"[25,50)",AVAILABLE,1,1,1,30,0.7736123252274852,0.875,0.8841283716885545,0.7171450637147638,0.7485810384696238,0.8930832732227298,28,2,6,24.7555952914079,2,0,4,0,0,0,2,0
fold3_0001544,sa_0006463,1544,Bile Duct,35,0,"[25,50)",AVAILABLE,1,1,1,27,0.7459402381072661,0.8387096774193549,0.8893902838971248,0.730419731717871,0.730419731717871,0.8442110527631908,26,1,9,23.12414827071553,0,0,9,0,0,0,1,0
fold3_0001545,sa_0006464,1545,Bile Duct,27,0,"[25,50)",AVAILABLE,1,1,1,22,0.7813699860336705,0.8571428571428571,0.9115983170392823,0.7563683866753755,0.7754418292989362,0.874085955559749,21,1,6,19.143565569423245,1,0,5,0,0,0,1,0
fold3_0001546,sa_0006465,1546,Bile Duct,41,0,"[25,50)",AVAILABLE,1,1,1,33,0.7057383783313104,0.8108108108108109,0.8704106666086161,0.7398413208963225,0.740455477364659,0.8787647246099968,30,3,11,26.11232086866915,1,0,10,0,0,0,3,0
fold3_0001547,sa_0006466,1547,Bile Duct,22,0,"[10,25)",AVAILABLE,1,1,1,17,0.648215078394803,0.7692307692307693,0.8426796019132438,0.6618078859060402,0.6565232201657772,0.8651723901569676,15,2,7,12.640194871378258,2,0,5,0,0,0,2,0
fold3_0001548,sa_0006467,1548,Bile Duct,22,0,"[10,25)",AVAILABLE,1,1,1,18,0.6132258022706873,0.7,0.8760368603866963,0.706190823015295,0.7032025259359495,0.8559322033898306,14,4,8,12.264516921450607,2,0,5,1,0,0,2,2
fold3_0001549,sa_0006468,1549,Bile Duct,12,0,"[10,25)",AVAILABLE,1,1,1,10,0.6086552101214947,0.7272727272727273,0.8369009139170551,0.7261345852895149,0.7344057780695995,0.8782888510316108,8,2,4,6.695208148237354,2,0,2,0,0,0,1,1
fold3_0001550,sa_0006469,1550,Bile Duct,23,0,"[10,25)",AVAILABLE,1,1,1,17,0.3359628194242823,0.4,0.8399070485607057,0.474998246721369,0.4676400623410713,0.7881734853565839,8,9,15,6.719257228392694,4,3,7,1,3,2,2,2
fold3_0001551,sa_0006470,1551,Bile Duct,22,0,"[10,25)",AVAILABLE,1,1,1,16,0.512869129100476,0.5789473684210527,0.8858648593553675,0.5118642235554834,0.5247445933395251,0.8243125652627915,11,5,11,9.744514338773902,3,2,6,0,0,1,3,1
fold3_0001552,sa_0006471,1552,Bile Duct,13,0,"[10,25)",AVAILABLE,1,1,1,11,0.6491283192380937,0.75,0.8655044256507916,0.6089053206879923,0.7144251415186414,0.8625754298075828,9,2,4,7.7895406963615486,2,0,2,0,0,0,1,1
fold3_0001553,sa_0006472,1553,Bladder,19,0,"[10,25)",AVAILABLE,1,1,1,19,0.7488366828375806,0.8947368421052632,0.8369351161125901,0.8340024437074534,0.8340024437074534,0.9181498048919767,17,2,2,14.227897810849148,0,0,2,0,1,0,1,0
fold3_0001554,sa_0006473,1554,Bladder,30,0,"[25,50)",AVAILABLE,1,1,1,23,0.5708692969348029,0.6792452830188679,0.8404464649317933,0.518249430377026,0.5417902813299232,0.8440713953951298,18,5,12,15.128037209218745,5,0,5,2,2,0,1,2
fold3_0001555,sa_0006474,1555,Bladder,30,0,"[25,50)",AVAILABLE,1,1,1,23,0.5959931782688143,0.7547169811320755,0.7896909612061789,0.587397453319241,0.6380228136882129,0.8350117848725092,20,3,10,15.793820013814539,5,0,5,0,1,0,1,1
fold3_0001556,sa_0006475,1556,Bladder,24,0,"[10,25)",AVAILABLE,1,1,1,19,0.6721411393373607,0.7906976744186046,0.8500608526913681,0.7029657089898054,0.7510318115435901,0.893425680820974,17,2,7,14.45103534581411,2,2,3,0,0,2,0,0
fold3_0001557,sa_0006476,1557,Bladder,24,0,"[10,25)",AVAILABLE,1,1,1,21,0.5948432173172655,0.7111111111111111,0.8364982743524046,0.6172994171795849,0.6429276112960908,0.8684556201914055,16,5,8,13.38397322613675,2,3,2,1,1,1,1,2
fold3_0001558,sa_0006477,1558,Bladder,22,0,"[10,25)",AVAILABLE,1,1,1,21,0.5949018706236906,0.6976744186046512,0.8526926812272898,0.6702766333137139,0.6836970796072791,0.8549992571683257,15,6,7,12.790391071102027,3,0,1,3,0,0,2,4
fold3_0001559,sa_0006478,1559,Bladder,13,0,"[10,25)",AVAILABLE,1,1,1,11,0.5244620653153322,0.6666666666666666,0.7866930979729985,0.4835023199862519,0.4902018709995076,0.7436727681226458,8,3,5,6.293545570477085,2,0,3,0,0,0,3,0
fold3_0001560,sa_0006479,1560,Bladder,36,0,"[25,50)",AVAILABLE,1,1,1,28,0.6275067329991129,0.75,0.8366756439988172,0.6244081172491545,0.6119582410629547,0.8709031675628999,24,4,12,20.080216292647258,3,3,6,0,0,2,2,0
fold3_0001561,sa_0006480,1561,Bladder,38,0,"[25,50)",AVAILABLE,1,1,1,30,0.6969074338523067,0.8235294117647058,0.8462447411063725,0.6708074534161491,0.6792792792792792,0.9087157477715417,28,2,10,23.694853597223172,3,0,6,1,2,0,0,0
fold3_0001562,sa_0006481,1562,Bladder,37,0,"[25,50)",AVAILABLE,1,1,1,24,0.59355159848645,0.6885245901639344,0.862063035896987,0.6324429099279181,0.649559713813979,0.8708816415047127,21,3,16,18.103324615899762,6,0,10,0,0,0,1,2
fold3_0001563,sa_0006482,1563,Bladder,11,0,"[10,25)",AVAILABLE,1,1,1,8,0.5653275196106924,0.7368421052631579,0.7672302051859398,0.5438368860055607,0.553623188405797,0.7819829424307037,7,1,4,5.370612203531784,1,0,3,0,0,0,1,0
fold3_0001564,sa_0006483,1564,Bladder,10,0,"[10,25)",AVAILABLE,1,1,1,8,0.5707394514247643,0.6666666666666666,0.8561091771371466,0.633973179069156,0.6365258774538964,0.8945837877135587,6,2,4,5.136655918932057,2,0,2,0,1,0,0,1
fold3_0001565,sa_0006484,1565,Bladder,22,0,"[10,25)",AVAILABLE,1,1,1,11,0.3057244218489909,0.36363636363636365,0.8407421600847249,0.42247252747252745,0.4157123057845211,0.8340890354492992,6,5,16,5.044453801250509,8,0,7,1,2,0,0,3
fold3_0001566,NOT_FOUND,1566,Bladder,0,1,"[0,1)",NOT_EVALUATED,0,0,0,NOT_EVALUATED,NOT_EVALUATED,NOT_EVALUATED,NOT_EVALUATED,NOT_EVALUATED,NOT_EVALUATED,NOT_EVALUATED,NOT_EVALUATED,NOT_EVALUATED,NOT_EVALUATED,NOT_EVALUATED,NOT_EVALUATED,NOT_EVALUATED,NOT_EVALUATED,NOT_EVALUATED,NOT_EVALUATED,NOT_EVALUATED,NOT_EVALUATED,NOT_EVALUATED
fold3_0001567,NOT_FOUND,1567,Bladder,0,1,"[0,1)",NOT_EVALUATED,0,0,0,NOT_EVALUATED,NOT_EVALUATED,NOT_EVALUATED,NOT_EVALUATED,NOT_EVALUATED,NOT_EVALUATED,NOT_EVALUATED,NOT_EVALUATED,NOT_EVALUATED,NOT_EVALUATED,NOT_EVALUATED,NOT_EVALUATED,NOT_EVALUATED,NOT_EVALUATED,NOT_EVALUATED,NOT_EVALUATED,NOT_EVALUATED,NOT_EVALUATED,NOT_EVALUATED
fold3_0001568,NOT_FOUND,1568,Bladder,0,1,"[0,1)",NOT_EVALUATED,0,0,0,NOT_EVALUATED,NOT_EVALUATED,NOT_EVALUATED,NOT_EVALUATED,NOT_EVALUATED,NOT_EVALUATED,NOT_EVALUATED,NOT_EVALUATED,NOT_EVALUATED,NOT_EVALUATED,NOT_EVALUATED,NOT_EVALUATED,NOT_EVALUATED,NOT_EVALUATED,NOT_EVALUATED,NOT_EVALUATED,NOT_EVALUATED,NOT_EVALUATED,NOT_EVALUATED
fold3_0001569,NOT_FOUND,1569,Bladder,0,1,"[0,1)",NOT_EVALUATED,0,0,0,NOT_EVALUATED,NOT_EVALUATED,NOT_EVALUATED,NOT_EVALUATED,NOT_EVALUATED,NOT_EVALUATED,NOT_EVALUATED,NOT_EVALUATED,NOT_EVALUATED,NOT_EVALUATED,NOT_EVALUATED,NOT_EVALUATED,NOT_EVALUATED,NOT_EVALUATED,NOT_EVALUATED,NOT_EVALUATED,NOT_EVALUATED,NOT_EVALUATED,NOT_EVALUATED
fold3_0001570,NOT_FOUND,1570,Bladder,0,1,"[0,1)",NOT_EVALUATED,0,0,0,NOT_EVALUATED,NOT_EVALUATED,NOT_EVALUATED,NOT_EVALUATED,NOT_EVALUATED,NOT_EVALUATED,NOT_EVALUATED,NOT_EVALUATED,NOT_EVALUATED,NOT_EVALUATED,NOT_EVALUATED,NOT_EVALUATED,NOT_EVALUATED,NOT_EVALUATED,NOT_EVALUATED,NOT_EVALUATED,NOT_EVALUATED,NOT_EVALUATED,NOT_EVALUATED
fold3_0001571,NOT_FOUND,1571,Bladder,0,1,"[0,1)",NOT_EVALUATED,0,0,0,NOT_EVALUATED,NOT_EVALUATED,NOT_EVALUATED,NOT_EVALUATED,NOT_EVALUATED,NOT_EVALUATED,NOT_EVALUATED,NOT_EVALUATED,NOT_EVALUATED,NOT_EVALUATED,NOT_EVALUATED,NOT_EVALUATED,NOT_EVALUATED,NOT_EVALUATED,NOT_EVALUATED,NOT_EVALUATED,NOT_EVALUATED,NOT_EVALUATED,NOT_EVALUATED
fold3_0001572,NOT_FOUND,1572,Bladder,0,1,"[0,1)",NOT_EVALUATED,0,0,0,NOT_EVALUATED,NOT_EVALUATED,NOT_EVALUATED,NOT_EVALUATED,NOT_EVALUATED,NOT_EVALUATED,NOT_EVALUATED,NOT_EVALUATED,NOT_EVALUATED,NOT_EVALUATED,NOT_EVALUATED,NOT_EVALUATED,NOT_EVALUATED,NOT_EVALUATED,NOT_EVALUATED,NOT_EVALUATED,NOT_EVALUATED,NOT_EVALUATED,NOT_EVALUATED
fold3_0001573,sa_0006485,1573,Bladder,31,0,"[25,50)",AVAILABLE,1,1,1,29,0.7718114009105108,0.9,0.8575682232339009,0.8272353323230136,0.8272353323230136,0.9054502369668247,27,2,4,23.154342884883548,0,0,4,0,0,0,2,0
fold3_0001574,sa_0006486,1574,Bladder,14,0,"[10,25)",AVAILABLE,1,1,1,14,0.837994672024979,0.9285714285714286,0.902455800642285,0.8723404255319149,0.8723404255319149,0.9318181818181818,13,1,1,11.731926310805505,0,0,1,0,0,0,1,0
fold3_0001575,sa_0006487,1575,Bladder,22,0,"[10,25)",AVAILABLE,1,1,1,21,0.6382274437836647,0.7906976744186046,0.8071700024322819,0.6238000662032439,0.626890143924212,0.844120940649496,17,4,5,13.721890848518795,3,0,1,1,0,0,2,2
fold3_0001576,sa_0006488,1576,Bladder,20,0,"[10,25)",AVAILABLE,1,1,1,20,0.7537958557417898,0.85,0.8868186538138704,0.8046622059140945,0.8046622059140945,0.8917593589283579,17,3,3,15.07591800165445,0,0,2,1,0,0,2,1
fold3_0001577,sa_0006489,1577,Bladder,23,0,"[10,25)",AVAILABLE,1,1,1,19,0.7551335404986147,0.8571428571428571,0.8809891305817172,0.766497461928934,0.7723921857722079,0.9420817302693147,18,1,5,15.857805231460041,3,0,2,0,0,0,0,1
fold3_0001578,sa_0006490,1578,Bladder,26,0,"[25,50)",AVAILABLE,1,1,1,18,0.5852946167822582,0.7272727272727273,0.8047800980756051,0.605097596386514,0.6321014892443464,0.8453306297172468,16,2,10,12.87648237398978,3,1,6,0,0,0,1,1
fold3_0001579,sa_0006491,1579,Bladder,16,0,"[10,25)",AVAILABLE,1,1,1,13,0.6104335416563367,0.6896551724137931,0.8851286354016882,0.6618547681539807,0.6415001233654083,0.909664812866376,10,3,6,8.851287239145517,4,0,2,0,0,0,1,2
fold3_0001580,sa_0006492,1580,Bladder,31,0,"[25,50)",AVAILABLE,1,1,1,25,0.7321842812674356,0.8214285714285714,0.8913547771951391,0.7065051990869896,0.7355776199449195,0.9306190625326235,23,2,8,20.50116076684298,3,0,5,0,0,0,2,0
fold3_0001581,sa_0006493,1581,Bladder,29,0,"[25,50)",AVAILABLE,1,1,1,27,0.7514686889769456,0.8214285714285714,0.9148314474501947,0.792625071880391,0.8077679638986385,0.9442287177298911,23,4,6,21.041124206185927,4,0,2,0,1,0,1,2
fold3_0001582,sa_0006494,1582,Bladder,23,0,"[10,25)",AVAILABLE,1,1,1,18,0.7855586407558623,0.8780487804878049,0.8946640075275099,0.8331857100679066,0.8331857100679066,0.909003060074086,18,0,5,16.103953030159186,0,0,5,0,0,0,0,0
fold3_0001583,sa_0006495,1583,Bladder,26,0,"[25,50)",AVAILABLE,1,1,1,23,0.8098886220177657,0.8571428571428571,0.9448700590207267,0.8864153692069562,0.8864153692069562,0.9397881120737505,21,2,5,19.842272184305322,0,0,4,1,0,0,1,1
fold3_0001584,sa_0006496,1584,Bladder,29,0,"[25,50)",AVAILABLE,1,1,1,24,0.8152872914807495,0.9056603773584906,0.9002130510099943,0.8072892938496583,0.8182780148848365,0.9626382153249272,24,0,5,21.605114124452914,2,0,3,0,0,0,0,0
fold3_0001585,sa_0006497,1585,Bladder,23,0,"[10,25)",AVAILABLE,1,1,1,24,0.6866646601321805,0.7659574468085106,0.8964788618392358,0.7561341155311951,0.7791059814967481,0.934277255760072,18,6,5,16.136620409585106,1,0,3,1,4,0,2,0
fold3_0001586,sa_0006498,1586,Bladder,29,0,"[25,50)",AVAILABLE,1,1,1,24,0.8147057650435913,0.9056603773584906,0.8995709489022987,0.8249955702557439,0.8231086996732228,0.9448408806520342,24,0,5,21.58970367322612,1,0,4,0,0,0,0,0
fold3_0001587,sa_0006499,1587,Bladder,32,0,"[25,50)",AVAILABLE,1,1,1,30,0.7065343476139792,0.7741935483870968,0.9126068656680564,0.7565587232071419,0.7538890387555076,0.9210971545757498,24,6,8,21.90256568864022,4,0,3,1,0,0,3,3
fold3_0001588,sa_0006500,1588,Bladder,36,0,"[25,50)",AVAILABLE,1,1,1,27,0.6985024886819103,0.8253968253968254,0.8462626305184683,0.6817724508989108,0.6942746785312668,0.9028944102963669,26,1,10,22.002829239742805,3,0,7,0,1,0,0,0
fold3_0001589,sa_0006501,1589,Bladder,29,0,"[25,50)",AVAILABLE,1,1,1,20,0.6354088528721944,0.7346938775510204,0.864862049742709,0.6169969371563526,0.6613676055707313,0.9056064690026954,18,2,11,15.567517760230812,4,0,6,1,0,0,0,2
fold3_0001590,sa_0006502,1590,Bladder,31,0,"[25,50)",AVAILABLE,1,1,1,21,0.6886558213463139,0.8076923076923077,0.8526214930954362,0.7201635085574573,0.7334422142949242,0.9351383516810473,21,0,10,17.905052207625655,2,1,7,0,0,0,0,0
fold3_0001591,sa_0006503,1591,Bladder,32,0,"[25,50)",AVAILABLE,1,1,1,23,0.6374543071981625,0.7636363636363637,0.8347615927594985,0.5920778525087792,0.6109497206703911,0.9208859296250058,21,2,11,17.529994282711062,8,0,3,0,0,0,0,2
fold3_0001592,sa_0006504,1592,Bladder,29,0,"[25,50)",AVAILABLE,1,1,1,26,0.7889836520249692,0.8727272727272727,0.9040437679452773,0.7714476021314387,0.7999907766094816,0.8902154697548103,24,2,5,21.697051334730425,1,0,4,0,0,0,2,0
fold3_0001593,sa_0006505,1593,Bladder,27,0,"[25,50)",AVAILABLE,1,1,1,24,0.8301774114569338,0.9019607843137255,0.9204140866152961,0.8240896358543417,0.8459475095986956,0.9236686896315924,23,1,4,21.169524912565898,0,1,2,1,0,0,0,1
fold3_0001594,sa_0006506,1594,Bladder,32,0,"[25,50)",AVAILABLE,1,1,1,29,0.801959007848314,0.8852459016393442,0.9059166570138362,0.7908962222418827,0.8323894731832675,0.9286827342613755,27,2,5,24.459750645290235,2,0,3,0,0,0,2,0
fold3_0001595,sa_0006507,1595,Bladder,18,0,"[10,25)",AVAILABLE,1,1,1,16,0.7862936223349829,0.8823529411764706,0.8911327719796474,0.7907459867799811,0.7907459867799811,0.8831470153975954,15,1,3,13.366992470827482,0,0,2,1,0,0,0,1
fold3_0001596,sa_0006508,1596,Bladder,12,0,"[10,25)",AVAILABLE,1,1,1,8,0.571370017975673,0.7,0.81624288282239,0.5718710147567863,0.5933033891384238,0.8044592516658124,7,1,5,5.713700995999613,2,0,3,0,0,0,0,1
fold3_0001597,sa_0006509,1597,Bladder,15,0,"[10,25)",AVAILABLE,1,1,1,9,0.6440604240817156,0.75,0.8587472321089541,0.5170124481327801,0.5170124481327801,0.6816192560175055,9,0,6,7.728725947727819,0,0,6,0,0,0,0,0
fold3_0001598,sa_0006510,1598,Bladder,14,0,"[10,25)",AVAILABLE,1,1,1,12,0.7655128904259682,0.9230769230769231,0.8293056312947988,0.7476038338658147,0.7476038338658147,0.8555758683729433,12,0,2,9.951668404843216,0,0,2,0,0,0,0,0
fold3_0001599,sa_0006511,1599,Bladder,21,0,"[10,25)",AVAILABLE,1,1,1,17,0.6322765822204116,0.7894736842105263,0.8008836708125213,0.5564272782136391,0.5564272782136391,0.7150058162078325,15,2,6,12.01325586307149,0,0,6,0,0,0,2,0
fold3_0001600,sa_0006512,1600,Bladder,18,0,"[10,25)",AVAILABLE,1,1,1,7,0.43236529022791875,0.56,0.7720808754069977,0.42052221713238663,0.42052221713238663,0.5920670751370526,7,0,11,5.4045668999298595,0,0,11,0,0,0,0,0
fold3_0001601,sa_0006513,1601,Bladder,13,0,"[10,25)",AVAILABLE,1,1,1,8,0.6597911333814859,0.7619047619047619,0.8659758625632002,0.6351660939289805,0.6351660939289805,0.7768826619964974,8,0,5,6.927807766481464,0,0,5,0,0,0,0,0
fold3_0001602,sa_0006514,1602,Bladder,18,0,"[10,25)",AVAILABLE,1,1,1,15,0.6628187977363965,0.8484848484848485,0.7811792973321816,0.6485748938750758,0.6485748938750758,0.7868309729630311,14,1,4,10.93651094382984,0,0,4,0,0,0,1,0
fold3_0001603,sa_0006515,1603,Bladder,13,0,"[10,25)",AVAILABLE,1,1,1,10,0.745393110667502,0.8695652173913043,0.8572020772676273,0.7856435643564357,0.7856435643564357,0.8799556418075963,10,0,3,8.57202162987835,0,0,3,0,0,0,0,0
fold3_0001604,sa_0006516,1604,Bladder,9,0,"[1,10)",AVAILABLE,1,1,1,2,0.1540595267177113,0.18181818181818182,0.8473273969474122,0.06981132075471698,0.06981132075471698,0.13051146384479717,1,1,8,0.8473282442748091,0,0,8,0,0,0,1,0
fold3_0001605,sa_0006517,1605,Bladder,9,0,"[1,10)",AVAILABLE,1,1,1,4,0.3348381495413342,0.46153846153846156,0.7254826573395573,0.29450029568302777,0.29450029568302777,0.4550022841480128,3,1,6,2.1764486975013293,0,0,6,0,0,0,1,0
fold3_0001606,sa_0006518,1606,Bladder,10,0,"[10,25)",AVAILABLE,1,1,1,9,0.851902820517633,0.9473684210526315,0.8992307549908349,0.8847112588284172,0.8847112588284172,0.9388294941033837,9,0,1,8.093077694148269,0,0,1,0,0,0,0,0
fold3_0001607,sa_0006519,1607,Bladder,3,0,"[1,10)",AVAILABLE,1,1,1,2,0.5796178421126811,0.8,0.7245223026408514,0.6226666666666667,0.6226666666666667,0.7674609695973705,2,0,1,1.4490453298040056,0,0,1,0,0,0,0,0
fold3_0001608,sa_0006520,1608,Bladder,6,0,"[1,10)",AVAILABLE,1,1,1,3,0.5426137048339441,0.6666666666666666,0.8139205572509162,0.49650698602794413,0.49650698602794413,0.6635545181727243,3,0,3,2.441762485673306,0,0,3,0,0,0,0,0
fold3_0001609,sa_0006521,1609,Bladder,5,0,"[1,10)",AVAILABLE,1,1,1,3,0.6760491971638074,0.75,0.9013989295517432,0.8323970037453183,0.8323970037453183,0.9085334695963209,3,0,2,2.7041976900541593,0,0,2,0,0,0,0,0
fold3_0001610,sa_0006522,1610,Bladder,12,0,"[10,25)",AVAILABLE,1,1,1,11,0.7060964512385611,0.782608695652174,0.9022343543603837,0.763678516228748,0.8241086587436333,0.930379746835443,9,2,3,8.120110091477807,2,0,1,0,1,0,0,1
fold3_0001611,NOT_FOUND,1611,Breast,0,1,"[0,1)",NOT_EVALUATED,0,0,0,NOT_EVALUATED,NOT_EVALUATED,NOT_EVALUATED,NOT_EVALUATED,NOT_EVALUATED,NOT_EVALUATED,NOT_EVALUATED,NOT_EVALUATED,NOT_EVALUATED,NOT_EVALUATED,NOT_EVALUATED,NOT_EVALUATED,NOT_EVALUATED,NOT_EVALUATED,NOT_EVALUATED,NOT_EVALUATED,NOT_EVALUATED,NOT_EVALUATED,NOT_EVALUATED
fold3_0001612,sa_0006523,1612,Breast,1,0,"[1,10)",AVAILABLE,1,1,1,1,0.6902647964608672,1.0,0.6902647964608672,0.6902654867256637,0.6902654867256637,0.8167539267015707,1,0,0,0.6902654867256637,0,0,0,0,0,0,0,0
fold3_0001613,sa_0006524,1613,Breast,15,0,"[10,25)",AVAILABLE,1,1,1,13,0.8013229233798251,0.9285714285714286,0.8629631482551963,0.7819490871689381,0.8108108108108109,0.9443971850591601,13,0,2,11.218521790280699,1,0,1,0,0,0,0,0
fold3_0001614,sa_0006525,1614,Breast,36,0,"[25,50)",AVAILABLE,1,1,1,31,0.8096667519247543,0.9253731343283582,0.8749624577251378,0.7580420230568985,0.7684440472644226,0.9186412128017968,31,0,5,27.12383706444173,1,1,3,0,0,0,0,0
fold3_0001615,sa_0006526,1615,Breast,5,0,"[1,10)",AVAILABLE,1,1,1,6,0.8281033251863917,0.9090909090909091,0.910913657705031,0.7938144329896907,0.7938144329896907,0.8850574712643678,5,1,0,4.554569199438813,0,0,0,0,0,0,1,0
fold3_0001616,sa_0006527,1616,Breast,8,0,"[1,10)",AVAILABLE,1,1,1,8,0.8741032559994368,1.0,0.8741032559994368,0.8781512605042017,0.8781512605042017,0.9351230425055929,8,0,0,6.99282692209875,0,0,0,0,0,0,0,0
fold3_0001617,sa_0006528,1617,Breast,7,0,"[1,10)",AVAILABLE,1,1,1,7,0.6547755485909281,0.7142857142857143,0.9166857680272994,0.6015879478827362,0.6537299558447595,0.8305227655986509,5,2,2,4.583429756822265,2,0,0,0,0,0,1,1
fold3_0001618,sa_0006529,1618,Breast,20,0,"[10,25)",AVAILABLE,1,1,1,19,0.531958043274275,0.6153846153846154,0.8644318203206968,0.5750769128982103,0.6131931166347993,0.8241792106198886,12,7,8,10.373182708280181,3,0,2,3,0,0,3,4
fold3_0001619,sa_0006530,1619,Breast,27,0,"[25,50)",AVAILABLE,1,1,1,25,0.6581938411389646,0.7692307692307693,0.8556519934806539,0.6666666666666666,0.6799323909035033,0.8764901368944175,20,5,7,17.113040725265073,1,0,5,1,3,0,2,0
fold3_0001620,sa_0006531,1620,Breast,22,0,"[10,25)",AVAILABLE,1,1,1,19,0.7330499701924122,0.8780487804878049,0.8348624660524695,0.8037484054557943,0.816004789463181,0.9003296703296704,18,1,4,15.027525223806919,1,0,2,1,0,0,0,1
fold3_0001621,sa_0006532,1621,Breast,12,0,"[10,25)",AVAILABLE,1,1,1,8,0.6291837069698163,0.7,0.8988338670997376,0.49095902952620735,0.6084277148567622,0.8884746815781298,7,1,5,6.29183796853203,4,0,1,0,0,0,0,1
fold3_0001622,sa_0006533,1622,Breast,45,0,"[25,50)",AVAILABLE,1,1,1,33,0.7041141110922952,0.7948717948717948,0.8858209784709521,0.7077413542172015,0.7278827134158167,0.9173063973063973,31,2,14,27.460451218420495,7,0,7,0,0,0,0,2
fold3_0001623,sa_0006534,1623,Breast,27,0,"[25,50)",AVAILABLE,1,1,1,20,0.6719841323880635,0.7659574468085106,0.8773126172844163,0.5542053225314691,0.6426321316065803,0.9038283969031892,18,2,9,15.791627988432113,3,3,3,0,0,1,0,1
fold3_0001624,sa_0006535,1624,Breast,36,0,"[25,50)",AVAILABLE,1,1,1,21,0.5384146967302326,0.6666666666666666,0.8076220450953489,0.31903878313059814,0.49539072471989787,0.8819549822964087,19,2,17,15.344819664433674,7,6,4,0,0,1,0,1
fold3_0001625,sa_0006536,1625,Breast,43,0,"[25,50)",AVAILABLE,1,1,1,29,0.5023222097218455,0.5833333333333334,0.8611237880945922,0.548995791079348,0.5616996923957365,0.9046768356923641,21,8,22,18.083600411110226,6,8,8,0,0,5,0,3
fold3_0001626,sa_0006537,1626,Breast,30,0,"[25,50)",AVAILABLE,1,1,1,23,0.6200571392984575,0.7547169811320755,0.8215757095704561,0.34360566969262624,0.5328393918345296,0.8887770001510498,20,3,10,16.431515012984832,6,0,4,0,1,0,1,1
fold3_0001627,sa_0006538,1627,Breast,25,0,"[25,50)",AVAILABLE,1,1,1,21,0.48612519250556796,0.5652173913043478,0.8600676482790819,0.4614707177454866,0.5260063319764813,0.8355068168346177,13,8,12,11.180880287695713,9,0,1,2,2,0,2,4
fold3_0001628,sa_0006539,1628,Breast,18,0,"[10,25)",AVAILABLE,1,1,1,15,0.533807155969081,0.6060606060606061,0.8807818073489836,0.49227265332682607,0.6019385185537132,0.906572547158619,10,5,8,8.807818954271642,4,2,2,0,0,2,2,1
fold3_0001629,sa_0006540,1629,Breast,20,0,"[10,25)",AVAILABLE,1,1,1,14,0.7159513899244405,0.8235294117647058,0.8693695449082492,0.758931812289344,0.7494623062923951,0.9227374460170854,14,0,6,12.171174498085033,1,0,5,0,0,0,0,0
fold3_0001630,sa_0006541,1630,Breast,25,0,"[25,50)",AVAILABLE,1,1,1,20,0.5887863035913264,0.6666666666666666,0.8831794553869897,0.5515892571146975,0.6759274873524452,0.9010137599678012,15,5,10,13.2476927139843,5,0,5,0,0,0,4,1
fold3_0001631,sa_0006542,1631,Breast,16,0,"[10,25)",AVAILABLE,1,1,1,14,0.7989022981257772,0.9333333333333333,0.8559667479919041,0.748617545957256,0.7585556011489536,0.9366249766660444,14,0,2,11.983535327853405,0,1,1,0,0,0,0,0
fold3_0001632,sa_0006543,1632,Breast,16,0,"[10,25)",AVAILABLE,1,1,1,13,0.667947729140264,0.7586206896551724,0.8804765520485299,0.7120666186243895,0.7120666186243895,0.8319146946029371,11,2,5,9.68524295301038,0,0,5,0,0,0,2,0
fold3_0001633,sa_0006544,1633,Breast,26,0,"[25,50)",AVAILABLE,1,1,1,27,0.6795178079313843,0.7924528301886793,0.8574867576276992,0.6333516146723877,0.6405168435625288,0.8508492913556205,21,6,5,18.00722276766844,3,0,2,0,0,0,5,1
fold3_0001634,sa_0006545,1634,Breast,26,0,"[25,50)",AVAILABLE,1,1,1,22,0.6702151879843754,0.7916666666666666,0.8465876058750005,0.6431689013093855,0.6801903898458749,0.9210396150906066,19,3,7,16.085165358212617,6,0,1,0,0,0,2,1
fold3_0001635,NOT_FOUND,1635,Breast,0,1,"[0,1)",NOT_EVALUATED,0,0,0,NOT_EVALUATED,NOT_EVALUATED,NOT_EVALUATED,NOT_EVALUATED,NOT_EVALUATED,NOT_EVALUATED,NOT_EVALUATED,NOT_EVALUATED,NOT_EVALUATED,NOT_EVALUATED,NOT_EVALUATED,NOT_EVALUATED,NOT_EVALUATED,NOT_EVALUATED,NOT_EVALUATED,NOT_EVALUATED,NOT_EVALUATED,NOT_EVALUATED,NOT_EVALUATED
fold3_0001636,NOT_FOUND,1636,Breast,0,1,"[0,1)",NOT_EVALUATED,0,0,0,NOT_EVALUATED,NOT_EVALUATED,NOT_EVALUATED,NOT_EVALUATED,NOT_EVALUATED,NOT_EVALUATED,NOT_EVALUATED,NOT_EVALUATED,NOT_EVALUATED,NOT_EVALUATED,NOT_EVALUATED,NOT_EVALUATED,NOT_EVALUATED,NOT_EVALUATED,NOT_EVALUATED,NOT_EVALUATED,NOT_EVALUATED,NOT_EVALUATED,NOT_EVALUATED
fold3_0001637,sa_0006546,1637,Breast,21,0,"[10,25)",AVAILABLE,1,1,1,15,0.6815038328719291,0.8333333333333334,0.8178045994463148,0.6682885551089486,0.6773128598848368,0.8711493568911063,15,0,6,12.26706980949932,2,0,4,0,0,0,0,0
fold3_0001638,sa_0006547,1638,Breast,16,0,"[10,25)",AVAILABLE,1,1,1,8,0.5936049339431282,0.6666666666666666,0.8904074009146924,0.4687997453040433,0.5063694267515924,0.6731043940346266,8,0,8,7.123260097724939,1,0,7,0,0,0,0,0
fold3_0001639,sa_0006548,1639,Breast,23,0,"[10,25)",AVAILABLE,1,1,1,16,0.6504808623778819,0.7692307692307693,0.8456251210912464,0.5951929703652653,0.6240710531085735,0.77109375,15,1,8,12.684377661993818,2,0,6,0,0,0,0,1
fold3_0001640,sa_0006549,1640,Breast,7,0,"[1,10)",AVAILABLE,1,1,1,7,0.7545587756872073,0.8571428571428571,0.8803185716350752,0.8155418123151384,0.8155418123151384,0.8984004739336493,6,1,1,5.281912310129023,0,0,1,0,0,0,1,0
fold3_0001641,sa_0006550,1641,Breast,3,0,"[1,10)",AVAILABLE,1,1,1,3,0.749860157380584,1.0,0.749860157380584,0.7685656154628687,0.7685656154628687,0.8691400632729365,3,0,0,2.2495812220019094,0,0,0,0,0,0,0,0
fold3_0001642,sa_0006551,1642,Breast,12,0,"[10,25)",AVAILABLE,1,1,1,6,0.29120455034362336,0.3333333333333333,0.8736136510308702,0.5032212603180994,0.4917833231892879,0.8158302733578131,3,3,9,2.6208418267062616,4,0,4,1,0,0,0,3
fold3_0001643,sa_0006552,1643,Breast,7,0,"[1,10)",AVAILABLE,1,1,1,3,0.46283358409847136,0.6,0.7713893068307857,0.5458248472505092,0.5660071359065845,0.8881524440762221,3,0,4,2.314168691881664,1,0,3,0,0,0,0,0
fold3_0001644,sa_0006553,1644,Breast,10,0,"[10,25)",AVAILABLE,1,1,1,7,0.6613835014999633,0.7058823529411765,0.9369599604582812,0.736385665093738,0.7351002471848394,0.9139691333597151,6,1,4,5.621760699709648,2,0,2,0,0,0,0,1
fold3_0001645,NOT_FOUND,1645,Breast,0,1,"[0,1)",NOT_EVALUATED,0,0,0,NOT_EVALUATED,NOT_EVALUATED,NOT_EVALUATED,NOT_EVALUATED,NOT_EVALUATED,NOT_EVALUATED,NOT_EVALUATED,NOT_EVALUATED,NOT_EVALUATED,NOT_EVALUATED,NOT_EVALUATED,NOT_EVALUATED,NOT_EVALUATED,NOT_EVALUATED,NOT_EVALUATED,NOT_EVALUATED,NOT_EVALUATED,NOT_EVALUATED,NOT_EVALUATED
fold3_0001646,NOT_FOUND,1646,Breast,0,1,"[0,1)",NOT_EVALUATED,0,0,0,NOT_EVALUATED,NOT_EVALUATED,NOT_EVALUATED,NOT_EVALUATED,NOT_EVALUATED,NOT_EVALUATED,NOT_EVALUATED,NOT_EVALUATED,NOT_EVALUATED,NOT_EVALUATED,NOT_EVALUATED,NOT_EVALUATED,NOT_EVALUATED,NOT_EVALUATED,NOT_EVALUATED,NOT_EVALUATED,NOT_EVALUATED,NOT_EVALUATED,NOT_EVALUATED
fold3_0001647,NOT_FOUND,1647,Breast,0,1,"[0,1)",NOT_EVALUATED,0,0,0,NOT_EVALUATED,NOT_EVALUATED,NOT_EVALUATED,NOT_EVALUATED,NOT_EVALUATED,NOT_EVALUATED,NOT_EVALUATED,NOT_EVALUATED,NOT_EVALUATED,NOT_EVALUATED,NOT_EVALUATED,NOT_EVALUATED,NOT_EVALUATED,NOT_EVALUATED,NOT_EVALUATED,NOT_EVALUATED,NOT_EVALUATED,NOT_EVALUATED,NOT_EVALUATED
fold3_0001648,NOT_FOUND,1648,Breast,0,1,"[0,1)",NOT_EVALUATED,0,0,0,NOT_EVALUATED,NOT_EVALUATED,NOT_EVALUATED,NOT_EVALUATED,NOT_EVALUATED,NOT_EVALUATED,NOT_EVALUATED,NOT_EVALUATED,NOT_EVALUATED,NOT_EVALUATED,NOT_EVALUATED,NOT_EVALUATED,NOT_EVALUATED,NOT_EVALUATED,NOT_EVALUATED,NOT_EVALUATED,NOT_EVALUATED,NOT_EVALUATED,NOT_EVALUATED
fold3_0001649,sa_0006554,1649,Breast,88,0,"[50,+inf)",AVAILABLE,1,1,1,64,0.544371978490642,0.6973684210526315,0.7806088748167697,0.4674532289484324,0.5292046495924372,0.8040372181044,53,11,35,41.37227114589766,11,10,13,1,1,3,4,3
fold3_0001650,sa_0006555,1650,Breast,81,0,"[50,+inf)",AVAILABLE,1,1,1,57,0.5269936138084221,0.6666666666666666,0.7904904207126333,0.5528175477239354,0.5627775102979725,0.8354499709033649,46,11,35,36.36256014327155,18,3,14,0,0,3,1,7
fold3_0001651,sa_0006556,1651,Breast,91,0,"[50,+inf)",AVAILABLE,1,1,1,64,0.6032207012585517,0.7354838709677419,0.8201684973252237,0.5876737638571177,0.610134128166915,0.8259286683944218,57,7,34,46.74960516770624,10,3,20,1,0,1,3,3
fold3_0001652,sa_0006557,1652,Breast,27,0,"[25,50)",AVAILABLE,1,1,1,20,0.5457098825678081,0.6382978723404256,0.8549454826895659,0.5008839544586663,0.5760473588342441,0.8778635406777562,15,5,12,12.824183095288971,9,0,3,0,0,0,2,3
fold3_0001653,sa_0006558,1653,Breast,38,0,"[25,50)",AVAILABLE,1,1,1,32,0.7339616519492672,0.8571428571428571,0.8562885939408118,0.6938080131594407,0.7381872080488682,0.9184216646424972,30,2,8,25.68865867451295,1,2,5,0,0,0,2,0
fold3_0001654,sa_0006559,1654,Breast,37,0,"[25,50)",AVAILABLE,1,1,1,28,0.6092604389299241,0.7384615384615385,0.8250401777176055,0.6030560416577746,0.6215530605533894,0.818645344457964,24,4,13,19.80096509026271,3,0,8,2,0,0,2,2
fold3_0001655,sa_0006560,1655,Breast,30,0,"[25,50)",AVAILABLE,1,1,1,25,0.6436748652065216,0.7272727272727273,0.8850529396589671,0.6456503817341124,0.6699656300467929,0.8933247371553263,20,5,10,17.701059678232284,6,0,4,0,0,0,3,2
fold3_0001656,sa_0006561,1656,Breast,33,0,"[25,50)",AVAILABLE,1,1,1,28,0.7078651648387319,0.819672131147541,0.8635955011032528,0.7474036051092277,0.7576085572392716,0.9129505524361529,25,3,8,21.58988839117682,3,0,5,0,0,1,1,1
fold3_0001657,sa_0006562,1657,Breast,40,0,"[25,50)",AVAILABLE,1,1,1,34,0.5608502542409384,0.6486486486486487,0.86464414195478,0.6197926141531744,0.6577865427683257,0.8782159851600936,24,10,16,20.751460271558862,4,0,8,4,7,0,1,2
fold3_0001658,sa_0006563,1658,Breast,28,0,"[25,50)",AVAILABLE,1,1,1,26,0.6922772483590945,0.8518518518518519,0.8126732915519805,0.6393324528754952,0.6744090159428258,0.874907658212263,23,3,5,18.691486518368844,4,0,1,0,0,0,2,1
fold3_0001659,sa_0006564,1659,Breast,24,0,"[10,25)",AVAILABLE,1,1,1,19,0.6180877671218737,0.6976744186046512,0.8859257995413523,0.5918311215017534,0.6536527150285568,0.8873653281096964,15,4,9,13.288887879046083,6,0,3,0,0,0,2,2
fold3_0001660,sa_0006565,1660,Breast,39,0,"[25,50)",AVAILABLE,1,1,1,31,0.6133360563245549,0.7142857142857143,0.8586704788543769,0.641397109428768,0.6424723784060079,0.8989538697244631,25,6,14,21.4667628300299,4,2,7,1,0,2,2,2
fold3_0001661,sa_0006566,1661,Breast,19,0,"[10,25)",AVAILABLE,1,1,1,14,0.6633609459537348,0.7878787878787878,0.8419581237105097,0.6279052161405102,0.634902807775378,0.8853307968716974,13,1,6,10.945456450194749,2,0,4,0,1,0,0,0
fold3_0001662,sa_0006567,1662,Breast,29,0,"[25,50)",AVAILABLE,1,1,1,26,0.6232172737318383,0.7272727272727273,0.8569237513812777,0.5823183064407389,0.6611150548790476,0.8527284681130834,20,6,9,17.138475884549308,1,3,5,0,0,1,5,0
fold3_0001663,sa_0006568,1663,Breast,29,0,"[25,50)",AVAILABLE,1,1,1,20,0.5271858517855752,0.6530612244897959,0.807253335546662,0.5324503311258278,0.5307069677930605,0.8942055245349998,16,4,13,12.916054175999928,6,0,7,0,1,0,2,1
fold3_0001664,NOT_FOUND,1664,Cervix,0,1,"[0,1)",NOT_EVALUATED,0,0,0,NOT_EVALUATED,NOT_EVALUATED,NOT_EVALUATED,NOT_EVALUATED,NOT_EVALUATED,NOT_EVALUATED,NOT_EVALUATED,NOT_EVALUATED,NOT_EVALUATED,NOT_EVALUATED,NOT_EVALUATED,NOT_EVALUATED,NOT_EVALUATED,NOT_EVALUATED,NOT_EVALUATED,NOT_EVALUATED,NOT_EVALUATED,NOT_EVALUATED,NOT_EVALUATED
fold3_0001665,NOT_FOUND,1665,Cervix,0,1,"[0,1)",NOT_EVALUATED,0,0,0,NOT_EVALUATED,NOT_EVALUATED,NOT_EVALUATED,NOT_EVALUATED,NOT_EVALUATED,NOT_EVALUATED,NOT_EVALUATED,NOT_EVALUATED,NOT_EVALUATED,NOT_EVALUATED,NOT_EVALUATED,NOT_EVALUATED,NOT_EVALUATED,NOT_EVALUATED,NOT_EVALUATED,NOT_EVALUATED,NOT_EVALUATED,NOT_EVALUATED,NOT_EVALUATED
fold3_0001666,NOT_FOUND,1666,Cervix,0,1,"[0,1)",NOT_EVALUATED,0,0,0,NOT_EVALUATED,NOT_EVALUATED,NOT_EVALUATED,NOT_EVALUATED,NOT_EVALUATED,NOT_EVALUATED,NOT_EVALUATED,NOT_EVALUATED,NOT_EVALUATED,NOT_EVALUATED,NOT_EVALUATED,NOT_EVALUATED,NOT_EVALUATED,NOT_EVALUATED,NOT_EVALUATED,NOT_EVALUATED,NOT_EVALUATED,NOT_EVALUATED,NOT_EVALUATED
fold3_0001667,NOT_FOUND,1667,Cervix,0,1,"[0,1)",NOT_EVALUATED,0,0,0,NOT_EVALUATED,NOT_EVALUATED,NOT_EVALUATED,NOT_EVALUATED,NOT_EVALUATED,NOT_EVALUATED,NOT_EVALUATED,NOT_EVALUATED,NOT_EVALUATED,NOT_EVALUATED,NOT_EVALUATED,NOT_EVALUATED,NOT_EVALUATED,NOT_EVALUATED,NOT_EVALUATED,NOT_EVALUATED,NOT_EVALUATED,NOT_EVALUATED,NOT_EVALUATED
fold3_0001668,NOT_FOUND,1668,Cervix,0,1,"[0,1)",NOT_EVALUATED,0,0,0,NOT_EVALUATED,NOT_EVALUATED,NOT_EVALUATED,NOT_EVALUATED,NOT_EVALUATED,NOT_EVALUATED,NOT_EVALUATED,NOT_EVALUATED,NOT_EVALUATED,NOT_EVALUATED,NOT_EVALUATED,NOT_EVALUATED,NOT_EVALUATED,NOT_EVALUATED,NOT_EVALUATED,NOT_EVALUATED,NOT_EVALUATED,NOT_EVALUATED,NOT_EVALUATED
fold3_0001669,NOT_FOUND,1669,Cervix,0,1,"[0,1)",NOT_EVALUATED,0,0,0,NOT_EVALUATED,NOT_EVALUATED,NOT_EVALUATED,NOT_EVALUATED,NOT_EVALUATED,NOT_EVALUATED,NOT_EVALUATED,NOT_EVALUATED,NOT_EVALUATED,NOT_EVALUATED,NOT_EVALUATED,NOT_EVALUATED,NOT_EVALUATED,NOT_EVALUATED,NOT_EVALUATED,NOT_EVALUATED,NOT_EVALUATED,NOT_EVALUATED,NOT_EVALUATED
fold3_0001670,NOT_FOUND,1670,Cervix,0,1,"[0,1)",NOT_EVALUATED,0,0,0,NOT_EVALUATED,NOT_EVALUATED,NOT_EVALUATED,NOT_EVALUATED,NOT_EVALUATED,NOT_EVALUATED,NOT_EVALUATED,NOT_EVALUATED,NOT_EVALUATED,NOT_EVALUATED,NOT_EVALUATED,NOT_EVALUATED,NOT_EVALUATED,NOT_EVALUATED,NOT_EVALUATED,NOT_EVALUATED,NOT_EVALUATED,NOT_EVALUATED,NOT_EVALUATED
fold3_0001671,sa_0006569,1671,Cervix,38,0,"[25,50)",AVAILABLE,1,1,1,28,0.6231551399432669,0.7272727272727273,0.8568383174219919,0.6315733418537157,0.6737882141596895,0.9198305766908791,24,4,14,20.564120474966124,7,3,4,0,0,2,0,2
fold3_0001672,sa_0006570,1672,Cervix,46,0,"[25,50)",AVAILABLE,1,1,1,34,0.6174041623966333,0.75,0.8232055498621778,0.5262207666792628,0.6207377866400797,0.8869516310461192,30,4,16,24.696167319070884,6,5,5,0,0,1,2,1
fold3_0001673,sa_0006571,1673,Cervix,69,0,"[50,+inf)",AVAILABLE,1,1,1,55,0.5969887209815461,0.7741935483870968,0.7711104312678304,0.6157060732695531,0.6489174811332427,0.8802088804189613,48,7,21,37.01330147196629,10,5,5,1,0,2,2,3
fold3_0001674,sa_0006572,1674,Cervix,53,0,"[50,+inf)",AVAILABLE,1,1,1,53,0.5560190232090267,0.6981132075471698,0.7964596818940114,0.5734729919006151,0.5867343391503859,0.8512400315485058,37,16,16,29.4690090265381,7,5,1,3,3,3,5,5
fold3_0001675,sa_0006573,1675,Cervix,37,0,"[25,50)",AVAILABLE,1,1,1,34,0.5642897510493283,0.704225352112676,0.8012914464900462,0.5673116937161881,0.6076767843169556,0.8635106055948355,25,9,12,20.032286963542603,5,4,3,0,0,5,3,1
fold3_0001676,sa_0006574,1676,Cervix,36,0,"[25,50)",AVAILABLE,1,1,1,27,0.7096779106859574,0.8571428571428571,0.8279575624669504,0.7037666217561948,0.7475592747559274,0.9149089803519173,27,0,9,22.354855014565224,2,1,6,0,0,0,0,0
fold3_0001677,sa_0006575,1677,Cervix,37,0,"[25,50)",AVAILABLE,1,1,1,22,0.563847016362789,0.6779661016949152,0.8316743491351137,0.6282125744155656,0.6609129581151832,0.8523863468452938,20,2,17,16.633487814376625,6,0,11,0,0,0,0,2
fold3_0001678,sa_0006576,1678,Cervix,37,0,"[25,50)",AVAILABLE,1,1,1,31,0.6786760738566008,0.7941176470588235,0.8546291300416455,0.6743893311560183,0.6999887636241058,0.8737992420904204,27,4,10,23.07498736575356,4,0,6,0,0,0,3,1
fold3_0001679,sa_0006577,1679,Cervix,14,0,"[10,25)",AVAILABLE,1,1,1,8,0.4814273053503512,0.5454545454545454,0.8826167264756439,0.5500874890638671,0.580209545983702,0.7599823191395314,6,2,8,5.29570124147059,1,0,6,1,2,0,0,0
fold3_0001680,sa_0006578,1680,Cervix,3,0,"[1,10)",AVAILABLE,1,1,1,3,0.7934448900232496,1.0,0.7934448900232496,0.7549476135040745,0.7549476135040745,0.8603648424543947,3,0,0,2.3803354635146388,0,0,0,0,0,0,0,0
fold3_0001681,sa_0006579,1681,Cervix,23,0,"[10,25)",AVAILABLE,1,1,1,24,0.6460122438684966,0.8085106382978723,0.799015143732088,0.6172144334635716,0.6018554310011597,0.8760456885456885,19,5,4,15.181288529924817,2,2,0,0,0,3,2,0
fold3_0001682,sa_0006580,1682,Cervix,40,0,"[25,50)",AVAILABLE,1,1,1,34,0.6932473978684558,0.8108108108108109,0.8550051240377621,0.6863052208835342,0.7171228007819442,0.9012393593624674,30,4,10,25.650154576137986,3,2,5,0,0,3,0,1
fold3_0001683,sa_0006581,1683,Cervix,30,0,"[25,50)",AVAILABLE,1,1,1,26,0.6777814898155344,0.8214285714285714,0.8251252919493464,0.6471349021016706,0.6673560695593449,0.9126395463635674,23,3,7,18.97788253996026,3,0,4,0,1,0,2,0
fold3_0001684,sa_0006582,1684,Cervix,36,0,"[25,50)",AVAILABLE,1,1,1,33,0.7747790263063062,0.8985507246376812,0.8622540776634698,0.7742737852003198,0.7960504558983323,0.9176421074782334,31,2,5,26.729877269821642,4,0,1,0,0,0,1,1
fold3_0001685,sa_0006583,1685,Cervix,44,0,"[25,50)",AVAILABLE,1,1,1,38,0.7708292953025032,0.9024390243902439,0.854162192091963,0.7468826752314377,0.7636271013754458,0.9139225880993646,37,1,7,31.60400196156482,2,0,5,0,0,0,1,0
fold3_0001686,sa_0006584,1686,Cervix,31,0,"[25,50)",AVAILABLE,1,1,1,22,0.6561858708023802,0.7547169811320755,0.8694462788131537,0.688758461143004,0.739059107358263,0.8924587980689196,20,2,11,17.388926445709355,4,0,7,0,0,0,1,1
fold3_0001687,sa_0006585,1687,Cervix,43,0,"[25,50)",AVAILABLE,1,1,1,35,0.7780295477603104,0.8717948717948718,0.8924456577250619,0.8557754217281195,0.8557754217281195,0.9228847666188648,34,1,9,30.34315325509776,0,0,9,0,0,0,1,0
fold3_0001688,sa_0006586,1688,Cervix,35,0,"[25,50)",AVAILABLE,1,1,1,30,0.7531679035571991,0.8615384615384616,0.8742127452003203,0.7757172517931294,0.7879633320047827,0.9161279536335265,28,2,7,24.477957739821715,2,0,5,0,0,0,2,0
fold3_0001689,sa_0006587,1689,Cervix,32,0,"[25,50)",AVAILABLE,1,1,1,25,0.7141546001251591,0.8421052631578947,0.8480585876486264,0.7316789248108365,0.7774074514938698,0.9260648272167158,24,1,8,20.353406951625622,5,0,3,0,0,0,0,1
fold3_0001690,sa_0006588,1690,Cervix,39,0,"[25,50)",AVAILABLE,1,1,1,30,0.6685869946147097,0.782608695652174,0.8543056042299068,0.6473079472637548,0.6654259002770083,0.9148084619782733,27,3,12,23.06625216851309,5,0,5,2,0,0,0,3
fold3_0001691,sa_0006589,1691,Cervix,39,0,"[25,50)",AVAILABLE,1,1,1,36,0.7920191814500245,0.88,0.9000217971023006,0.8172613542325853,0.8130700611406234,0.9282989662225662,33,3,6,29.700720204397715,2,0,4,0,0,0,2,1
fold3_0001692,sa_0006590,1692,Cervix,48,0,"[25,50)",AVAILABLE,1,1,1,38,0.6888328896814319,0.8372093023255814,0.8227726182305991,0.7037981407702524,0.7234505862646566,0.8620209284996923,36,2,12,29.619815079074183,1,1,10,0,0,1,1,0
fold3_0001693,sa_0006591,1693,Cervix,30,0,"[25,50)",AVAILABLE,1,1,1,11,0.2966361691152679,0.43902439024390244,0.675671274095888,0.32981012066223925,0.30957372466806427,0.5375819484677542,9,2,21,6.081042142534265,2,0,17,2,0,0,0,2
fold3_0001694,sa_0006592,1694,Cervix,66,0,"[50,+inf)",AVAILABLE,1,1,1,53,0.6827227221316309,0.8235294117647058,0.8290204483026946,0.6419180483529325,0.6821175695702288,0.8603592579903089,49,4,17,40.62200279585248,9,0,8,0,0,0,3,1
fold3_0001695,sa_0006593,1695,Cervix,78,0,"[50,+inf)",AVAILABLE,1,1,1,62,0.6219217979463537,0.7571428571428571,0.8214061482310333,0.613782386516451,0.6590893194376443,0.866610455311973,53,9,25,43.53452667765091,13,1,8,3,0,1,2,6
fold3_0001696,sa_0006594,1696,Cervix,41,0,"[25,50)",AVAILABLE,1,1,1,34,0.6554307794891819,0.7733333333333333,0.8475398010635974,0.7045171045171045,0.7228343313373253,0.8678545774729476,29,5,12,24.578655078384127,3,0,8,1,1,0,2,2
fold3_0001697,sa_0006595,1697,Cervix,53,0,"[50,+inf)",AVAILABLE,1,1,1,36,0.641284026780821,0.7640449438202247,0.8393276232866628,0.6630620169104039,0.6719110798011819,0.858727966478616,34,2,19,28.537140031074156,5,0,14,0,1,0,0,1
fold3_0001698,sa_0006596,1698,Cervix,53,0,"[50,+inf)",AVAILABLE,1,1,1,31,0.5588894606478608,0.6666666666666666,0.8383341909717913,0.5425345256961739,0.560418648905804,0.8061816652649285,28,3,25,23.47335818554435,10,0,15,0,0,0,0,3
fold3_0001699,sa_0006597,1699,Cervix,42,0,"[25,50)",AVAILABLE,1,1,1,40,0.6739842071963276,0.7804878048780488,0.8635422654702947,0.6993933737750817,0.7403511100786513,0.876358643835094,32,8,10,27.63335335859169,3,0,6,1,4,0,3,1
fold3_0001700,sa_0006598,1700,Cervix,38,0,"[25,50)",AVAILABLE,1,1,1,26,0.5591650606371574,0.65625,0.8520610447804303,0.5804581274753992,0.5778379751121646,0.7629701164225549,21,5,17,17.893282792450083,2,0,15,0,0,0,4,1
fold3_0001701,sa_0006599,1701,Colon,7,0,"[1,10)",AVAILABLE,1,1,1,5,0.5552769345604895,0.6666666666666666,0.8329154018407344,0.467746147819274,0.5574643532039169,0.8038826384292963,4,1,3,3.3316624402783397,2,0,1,0,1,0,0,0
fold3_0001702,sa_0006600,1702,Colon,21,0,"[10,25)",AVAILABLE,1,1,1,22,0.6156839249333425,0.7906976744186046,0.7786590815333448,0.5719808729270526,0.6185567010309279,0.8261219708617029,17,5,4,13.237205164725944,2,1,1,0,0,0,5,0
fold3_0001703,sa_0006601,1703,Colon,19,0,"[10,25)",AVAILABLE,1,1,1,12,0.4482672396767512,0.5806451612903226,0.7720158016655159,0.4175335235815766,0.5105793340078301,0.7928945835760046,9,3,10,6.948142987005443,3,2,4,1,0,1,0,2
fold3_0001704,sa_0006602,1704,Colon,16,0,"[10,25)",AVAILABLE,1,1,1,14,0.5520096897847526,0.6666666666666666,0.8280145346771289,0.5041852181656278,0.584770469931314,0.8829160300583081,10,4,6,8.280146174785823,0,4,0,2,0,1,1,2
fold3_0001705,sa_0006603,1705,Colon,22,0,"[10,25)",AVAILABLE,1,1,1,15,0.45761265848061544,0.5945945945945946,0.7696212892628532,0.3714012683520111,0.4204474653072784,0.865260387590717,11,4,11,8.465834951512674,4,6,1,0,0,2,1,1
fold3_0001706,sa_0006604,1706,Colon,11,0,"[10,25)",AVAILABLE,1,1,1,15,0.3844040661922274,0.5384615384615384,0.7138932657855652,0.4697689660822546,0.48266379722620756,0.7222804612531247,7,8,4,4.997253574392222,2,1,0,1,3,1,3,1
fold3_0001707,sa_0006605,1707,Colon,30,0,"[25,50)",AVAILABLE,1,1,1,24,0.4219314253779098,0.5185185185185185,0.8137248918002546,0.47115215479331574,0.4838338801491826,0.8116035150713409,14,10,16,11.392149298928457,7,5,2,2,0,3,3,4
fold3_0001708,sa_0006606,1708,Colon,12,0,"[10,25)",AVAILABLE,1,1,1,12,0.6355867479628525,0.75,0.8474489972838033,0.7199660152931181,0.7199660152931181,0.8413357044062438,9,3,3,7.627041823003227,0,0,3,0,1,0,2,0
fold3_0001709,sa_0006607,1709,Colon,17,0,"[10,25)",AVAILABLE,1,1,1,22,0.5035853388596118,0.6153846153846154,0.818326175646869,0.5743373636327833,0.5861925383077948,0.7735076389982675,12,10,5,9.819914926088604,2,0,1,2,2,0,5,3
fold3_0001710,sa_0006608,1710,Colon,19,0,"[10,25)",AVAILABLE,1,1,1,18,0.3880122106021616,0.4864864864864865,0.7975806551266655,0.39424416431653697,0.3834661354581673,0.6513612244353785,9,9,10,7.178226693720644,4,3,2,1,0,4,2,3
fold3_0001711,sa_0006609,1711,Colon,24,0,"[10,25)",AVAILABLE,1,1,1,21,0.3082242490591587,0.4,0.7705606226478967,0.36773970402944883,0.3709677419354839,0.7614763552479815,9,12,15,6.935046374391693,7,4,3,1,2,5,2,3
fold3_0001712,sa_0006610,1712,Colon,20,0,"[10,25)",AVAILABLE,1,1,1,17,0.51046036083325,0.6486486486486487,0.7869597229512603,0.5234266059310216,0.5135362455974347,0.7822311753264796,12,5,8,9.443517462374846,3,0,4,1,0,0,3,2
fold3_0001713,sa_0006611,1713,Colon,24,0,"[10,25)",AVAILABLE,1,1,1,19,0.5504154240220189,0.6976744186046512,0.7889287744315604,0.5303841353487727,0.5533664553709097,0.8487040917613323,15,4,9,11.83393240540218,5,1,3,0,1,1,1,1
fold3_0001714,sa_0006612,1714,Colon,8,0,"[1,10)",AVAILABLE,1,1,1,10,0.327819856368464,0.4444444444444444,0.737594676829044,0.36539609448281746,0.38361286187373145,0.6616738727609636,4,6,4,2.950379444910853,3,0,1,0,0,0,5,1
fold3_0001715,sa_0006613,1715,Colon,21,0,"[10,25)",AVAILABLE,1,1,1,19,0.6787084796080555,0.8,0.8483855995100693,0.7365037982649346,0.779,0.8780748949383014,16,3,5,13.574170440546709,1,0,3,1,0,0,2,1
fold3_0001716,sa_0006614,1716,Colon,21,0,"[10,25)",AVAILABLE,1,1,1,18,0.5887830556645812,0.7692307692307693,0.7654179723639555,0.5763096383885604,0.5845699605046206,0.8425128254767206,15,3,6,11.481270350877304,2,0,3,1,0,0,2,1
fold3_0001717,sa_0006615,1717,Colon,10,0,"[10,25)",AVAILABLE,1,1,1,14,0.24017537077220275,0.3333333333333333,0.7205261123166082,0.4023350977962984,0.39220440971754456,0.7390252556204239,4,10,6,2.8821051697925455,0,5,0,1,0,4,5,1
fold3_0001718,sa_0006616,1718,Colon,17,0,"[10,25)",AVAILABLE,1,1,1,18,0.5641579689913941,0.6857142857142857,0.8227303714457831,0.41008152110438906,0.4946020128087832,0.8671890303623898,12,6,5,9.872765280079769,4,0,1,0,1,0,4,1
fold3_0001719,sa_0006617,1719,Colon,8,0,"[1,10)",AVAILABLE,1,1,1,11,0.341094980286937,0.42105263157894735,0.8101005781814755,0.4771828303545268,0.4761317053819368,0.7781062438412613,4,7,4,3.2404031228264802,4,0,0,0,0,0,5,2
fold3_0001720,sa_0006618,1720,Colon,19,0,"[10,25)",AVAILABLE,1,1,1,15,0.5726880913587505,0.7058823529411765,0.8113081294248966,0.46586921061736936,0.5679021282756623,0.8703079551225819,12,3,7,9.735698364406888,6,0,1,0,0,0,2,1
fold3_0001721,sa_0006619,1721,Colon,21,0,"[10,25)",AVAILABLE,1,1,1,21,0.4644241076556518,0.5714285714285714,0.8127421883973907,0.4026226427183222,0.4478821711294036,0.8304870610786791,12,9,9,9.752907073510876,7,0,1,1,1,0,5,3
fold3_0001722,sa_0006620,1722,Colon,25,0,"[25,50)",AVAILABLE,1,1,1,24,0.6235547154957658,0.7755102040816326,0.8040573962971717,0.5552401367244076,0.6052310999641706,0.8562117762599883,19,5,6,15.277091333703659,5,0,1,0,0,0,4,1
fold3_0001723,sa_0006621,1723,Colon,17,0,"[10,25)",AVAILABLE,1,1,1,16,0.48713171028523194,0.6060606060606061,0.8037673219706327,0.5326401543573802,0.5290216271884655,0.8250666810356441,10,6,7,8.037674023473649,3,0,2,2,2,0,2,2
fold3_0001724,sa_0006622,1724,Colon,22,0,"[10,25)",AVAILABLE,1,1,1,14,0.3501993128955486,0.5,0.7003986257910972,0.2532580194894139,0.31778603516166604,0.8250915365514919,9,5,13,6.3035883325185,12,0,1,0,1,0,2,2
fold3_0001725,sa_0006623,1725,Colon,22,0,"[10,25)",AVAILABLE,1,1,1,18,0.7919562750817566,0.9,0.8799514167575073,0.8297513979653709,0.8297513979653709,0.9069553370889945,18,0,4,15.83912638158655,0,0,4,0,0,0,0,0
fold3_0001726,sa_0006624,1726,Colon,25,0,"[25,50)",AVAILABLE,1,1,1,25,0.7081167055159893,0.8,0.8851458818949866,0.783954543527117,0.783954543527117,0.8965795916426993,20,5,5,17.702918523045614,0,0,3,2,4,0,1,0
fold3_0001727,sa_0006625,1727,Colon,28,0,"[25,50)",AVAILABLE,1,1,1,25,0.6556748188108744,0.7924528301886793,0.8273991761184843,0.6811712954976712,0.6872354132155347,0.871355714948046,21,4,7,17.375383525887347,2,0,5,0,1,0,2,1
fold3_0001728,sa_0006626,1728,Colon,23,0,"[10,25)",AVAILABLE,1,1,1,21,0.6863269731331575,0.8181818181818182,0.8388440782738591,0.7322723609991942,0.7322723609991942,0.8760902430515176,18,3,5,15.099194247773543,0,0,5,0,1,0,2,0
fold3_0001729,sa_0006627,1729,Colon,2,0,"[1,10)",AVAILABLE,1,1,1,3,0.0,0.0,0.0,0.33545715195922265,0.22895485969906465,0.6968894771674388,0,3,2,0.0,2,0,0,0,0,0,2,1
fold3_0001730,sa_0006628,1730,Colon,28,0,"[25,50)",AVAILABLE,1,1,1,26,0.548808876124876,0.7037037037037037,0.7798862976511397,0.6027951606174384,0.6092156949287196,0.8105869445968185,19,7,9,14.817840435257953,1,2,4,2,2,1,2,2
fold3_0001731,sa_0006629,1731,Colon,35,0,"[25,50)",AVAILABLE,1,1,1,29,0.48846315017881825,0.65625,0.7443248002724849,0.5318989541817746,0.5742892901841588,0.8119023282226008,21,8,14,15.630821550046985,5,4,4,1,0,2,3,3
fold3_0001732,sa_0006630,1732,Colon,23,0,"[10,25)",AVAILABLE,1,1,1,20,0.6564444937993437,0.7906976744186046,0.8302092127462288,0.7141027465490252,0.7141027465490252,0.8339283243392832,17,3,6,14.113557446895104,0,0,5,1,0,1,1,1
fold3_0001733,sa_0006631,1733,Colon,18,0,"[10,25)",AVAILABLE,1,1,1,17,0.815179219911859,0.9142857142857143,0.8916022717785959,0.8710347296813462,0.8710347296813462,0.931072754410808,16,1,2,14.265637240059807,0,0,2,0,0,0,1,0
fold3_0001734,sa_0006632,1734,Colon,23,0,"[10,25)",AVAILABLE,1,1,1,20,0.7469528614559086,0.9302325581395349,0.8029743260651017,0.7450480713541063,0.7528966947188681,0.8966740885054272,20,0,3,16.05948732427636,1,0,2,0,0,0,0,0
fold3_0001735,sa_0006633,1735,Colon,27,0,"[25,50)",AVAILABLE,1,1,1,20,0.5441059869931633,0.6382978723404256,0.8524327129559558,0.6263713833750064,0.6160978821463843,0.8338142929893058,15,5,12,12.78649154677205,1,2,8,1,0,1,3,1
fold3_0001736,sa_0006634,1736,Colon,15,0,"[10,25)",AVAILABLE,1,1,1,11,0.7369182507149022,0.8461538461538461,0.8709033872085208,0.6740181268882175,0.724566055930569,0.9356259173830992,11,0,4,9.579938130197116,2,0,2,0,0,0,0,0
fold3_0001737,sa_0006635,1737,Colon,22,0,"[10,25)",AVAILABLE,1,1,1,18,0.6692870530007076,0.8,0.8366088162508843,0.6552071668533035,0.6888580474476298,0.9020544427324089,16,2,6,13.385741896622967,3,1,2,0,0,0,1,1
fold3_0001738,sa_0006636,1738,Colon,25,0,"[25,50)",AVAILABLE,1,1,1,19,0.6316437200864561,0.7727272727272727,0.8174212848177668,0.6537387017255546,0.6716453578683236,0.853180843459614,17,2,8,13.89616265932332,3,0,5,0,0,0,1,1
fold3_0001739,sa_0006637,1739,Colon,13,0,"[10,25)",AVAILABLE,1,1,1,13,0.6879008449438677,0.8461538461538461,0.8129737258427527,0.6480681752749468,0.6811474890760559,0.8484574528195277,11,2,2,8.942711797244005,1,0,0,1,0,0,1,1
fold3_0001740,sa_0006638,1740,Colon,18,0,"[10,25)",AVAILABLE,1,1,1,16,0.7760907372046884,0.8823529411764706,0.8795695021653135,0.7910513416703324,0.7910513416703324,0.8833374267569559,15,1,3,13.193543412049204,0,0,3,0,0,0,1,0
fold3_0001741,sa_0006639,1741,Colon,11,0,"[10,25)",AVAILABLE,1,1,1,12,0.7858232909959666,0.8695652173913043,0.9036967846453616,0.820648928405547,0.820648928405547,0.901490579102737,10,2,1,9.0369687501504,0,0,0,1,0,0,1,1
fold3_0001742,sa_0006640,1742,Colon,21,0,"[10,25)",AVAILABLE,1,1,1,22,0.5954509639403927,0.7441860465116279,0.8001372327949026,0.6299524891551332,0.6724050399224627,0.8643338116789933,16,6,5,12.802196524855674,1,1,2,1,3,1,2,0
fold3_0001743,NOT_FOUND,1743,Colon,0,1,"[0,1)",NOT_EVALUATED,0,0,0,NOT_EVALUATED,NOT_EVALUATED,NOT_EVALUATED,NOT_EVALUATED,NOT_EVALUATED,NOT_EVALUATED,NOT_EVALUATED,NOT_EVALUATED,NOT_EVALUATED,NOT_EVALUATED,NOT_EVALUATED,NOT_EVALUATED,NOT_EVALUATED,NOT_EVALUATED,NOT_EVALUATED,NOT_EVALUATED,NOT_EVALUATED,NOT_EVALUATED,NOT_EVALUATED
fold3_0001744,sa_0006641,1744,Colon,1,0,"[1,10)",AVAILABLE,1,1,1,2,0.0,0.0,0.0,0.23173277661795408,0.23173277661795408,0.376271186440678,0,2,1,0.0,0,0,0,1,0,0,1,1
fold3_0001745,sa_0006642,1745,Colon,10,0,"[10,25)",AVAILABLE,1,1,1,11,0.7695151296570222,0.8571428571428571,0.8977676512665259,0.8495944035126889,0.8495944035126889,0.9186818492737295,9,2,1,8.079909759166384,0,0,1,0,0,0,2,0
fold3_0001746,sa_0006643,1746,Colon,16,0,"[10,25)",AVAILABLE,1,1,1,12,0.4924266757977931,0.5714285714285714,0.861746682646138,0.4511997000749813,0.48252536640360766,0.9167934093789607,8,4,8,6.893974322915786,8,0,0,0,0,0,1,3
fold3_0001747,sa_0006644,1747,Colon,5,0,"[1,10)",AVAILABLE,1,1,1,5,0.36072315753532364,0.4,0.9018078938383091,0.5041336647973637,0.4497764132683708,0.8028726636589633,2,3,3,1.803616689484512,2,0,0,1,0,0,1,2
fold3_0001748,sa_0006645,1748,Colon,14,0,"[10,25)",AVAILABLE,1,1,1,15,0.5473568913134099,0.7586206896551724,0.7215159021858586,0.5837571196094385,0.5837571196094385,0.7513084802363292,11,4,3,7.936675645560347,0,0,1,2,2,0,0,2
fold3_0001749,sa_0006646,1749,Colon,8,0,"[1,10)",AVAILABLE,1,1,1,7,0.7994455569740617,0.9333333333333333,0.8565488110436376,0.8505680724051607,0.8505680724051607,0.9192507804370448,7,0,1,5.995842533854274,0,0,1,0,0,0,0,0
fold3_0001750,sa_0006647,1750,Colon,9,0,"[1,10)",AVAILABLE,1,1,1,8,0.8125638440348673,0.9411764705882353,0.8633490842870465,0.8464454976303317,0.8464454976303317,0.9168377823408624,8,0,1,6.906793537645456,0,0,1,0,0,0,0,0
fold3_0001751,sa_0006648,1751,Colon,2,0,"[1,10)",AVAILABLE,1,1,1,2,0.8532876223930158,1.0,0.8532876223930158,0.8458549222797928,0.8458549222797928,0.9164912280701755,2,0,0,1.7065760980736542,0,0,0,0,0,0,0,0
fold3_0001752,sa_0006649,1752,Colon,1,0,"[1,10)",AVAILABLE,1,1,1,1,0.5790548624235771,1.0,0.5790548624235771,0.5790554414784395,0.5790554414784395,0.7334200260078023,1,0,0,0.5790554414784395,0,0,0,0,0,0,0,0
fold3_0001753,sa_0006650,1753,Colon,2,0,"[1,10)",AVAILABLE,1,1,1,1,0.6225889090915318,0.6666666666666666,0.9338833636372976,0.7520798668885191,0.7520798668885191,0.8584995251661919,1,0,1,0.9338842975206612,0,0,1,0,0,0,0,0
fold3_0001754,sa_0006651,1754,Colon,8,0,"[1,10)",AVAILABLE,1,1,1,6,0.6252106601497767,0.7142857142857143,0.8752949242096872,0.6549821486530347,0.7177653199304079,0.908395228449246,5,1,3,4.37647549634336,2,0,1,0,0,0,0,1
fold3_0001755,sa_0006652,1755,Colon,3,0,"[1,10)",AVAILABLE,1,1,1,4,0.7654415417164544,0.8571428571428571,0.8930151320025301,0.8125582841156357,0.8125582841156357,0.8965872063110959,3,1,0,2.6790462890227227,0,0,0,0,0,0,1,0
fold3_0001756,sa_0006653,1756,Colon,12,0,"[10,25)",AVAILABLE,1,1,1,8,0.5991787015068027,0.7,0.8559695735811469,0.4738129656399422,0.6101666386130281,0.8908634748066068,7,1,5,5.991787871037602,3,0,2,0,0,0,0,1
fold3_0001757,NOT_FOUND,1757,Colon,0,1,"[0,1)",NOT_EVALUATED,0,0,0,NOT_EVALUATED,NOT_EVALUATED,NOT_EVALUATED,NOT_EVALUATED,NOT_EVALUATED,NOT_EVALUATED,NOT_EVALUATED,NOT_EVALUATED,NOT_EVALUATED,NOT_EVALUATED,NOT_EVALUATED,NOT_EVALUATED,NOT_EVALUATED,NOT_EVALUATED,NOT_EVALUATED,NOT_EVALUATED,NOT_EVALUATED,NOT_EVALUATED,NOT_EVALUATED
fold3_0001758,sa_0006654,1758,Colon,7,0,"[1,10)",AVAILABLE,1,1,1,6,0.7135722321424518,0.9230769230769231,0.7730365848209894,0.7154277699859748,0.7109004739336493,0.9116254132785274,6,0,1,4.638220281962521,1,0,0,0,0,0,0,0
fold3_0001759,sa_0006655,1759,Colon,7,0,"[1,10)",AVAILABLE,1,1,1,8,0.8186506474329743,0.9333333333333333,0.8771256936781867,0.8325037870590781,0.8325037870590781,0.90859707132735,7,1,0,6.139880732873001,0,0,0,0,0,0,1,0
fold3_0001760,sa_0006656,1760,Colon,9,0,"[1,10)",AVAILABLE,1,1,1,10,0.5828134422724178,0.7368421052631579,0.7909611002268528,0.5736131934032983,0.5438988735058905,0.8526233708365824,7,3,2,5.53672849254907,2,0,0,0,0,0,2,1
fold3_0001761,sa_0006657,1761,Colon,11,0,"[10,25)",AVAILABLE,1,1,1,11,0.6693115699002739,0.8181818181818182,0.8180474743225569,0.6863476733977173,0.6863476733977173,0.8231159703240921,9,2,2,7.3624280869504855,0,0,1,1,2,0,0,0
fold3_0001762,sa_0006658,1762,Colon,25,0,"[25,50)",AVAILABLE,1,1,1,19,0.5145579719540871,0.6363636363636364,0.808591098784994,0.4520341022555621,0.5209476138233681,0.8002163965466718,14,5,11,11.320276191581014,6,3,2,0,0,2,1,2
fold3_0001763,sa_0006659,1763,Colon,21,0,"[10,25)",AVAILABLE,1,1,1,25,0.2883922202211848,0.391304347826087,0.73700234056525,0.3531102197210082,0.34160319734559985,0.6701141026361643,9,16,12,6.633021802089591,4,7,1,0,0,4,10,2
fold3_0001764,sa_0006660,1764,Colon,24,0,"[10,25)",AVAILABLE,1,1,1,19,0.5230176106388827,0.6976744186046512,0.7496585752490652,0.5636022033391691,0.5824409021368998,0.8440355527834087,15,4,9,11.244879378394552,3,0,6,0,2,0,2,0
fold3_0001765,sa_0006661,1765,Colon,14,0,"[10,25)",AVAILABLE,1,1,1,22,0.49257036977480373,0.6111111111111112,0.8060242414496788,0.5093197903722514,0.5093197903722514,0.675114547537228,11,11,3,8.866267461970708,0,0,3,0,0,0,11,0
fold3_0001766,sa_0006662,1766,Colon,15,0,"[10,25)",AVAILABLE,1,1,1,14,0.4766802634322896,0.6206896551724138,0.7679848688631332,0.5047252362618131,0.5110413761041376,0.7764018152449812,9,5,6,6.911864587753067,2,0,3,1,0,0,4,1
fold3_0001767,sa_0006663,1767,Colon,18,0,"[10,25)",AVAILABLE,1,1,1,21,0.5027508492964193,0.6153846153846154,0.8169701301066814,0.5459558006136334,0.5459558006136334,0.7580751862398252,12,9,6,9.803642378250306,0,2,2,2,0,2,5,2
fold3_0001768,sa_0006664,1768,Colon,24,0,"[10,25)",AVAILABLE,1,1,1,25,0.6113269001917662,0.7346938775510204,0.8320838363721261,0.6745491460647319,0.6745491460647319,0.8153484059624848,18,7,6,14.977509886782107,0,1,3,2,0,1,4,2
fold3_0001769,sa_0006665,1769,Colon,7,0,"[1,10)",AVAILABLE,1,1,1,9,0.7170893311420948,0.875,0.8195306641623941,0.7988735038723305,0.7988735038723305,0.9031963470319635,7,2,0,5.736715468667422,0,0,0,0,1,0,1,0
fold3_0001770,sa_0006666,1770,Colon,19,0,"[10,25)",AVAILABLE,1,1,1,15,0.6313944430035727,0.7647058823529411,0.8256696562354413,0.6181369297663792,0.737395636330089,0.9082702774459047,13,2,6,10.733706356730393,2,0,3,1,2,0,0,0
fold3_0001771,sa_0006667,1771,Colon,28,0,"[25,50)",AVAILABLE,1,1,1,28,0.5949107880824513,0.75,0.7932143841099352,0.627895752895753,0.662477120195241,0.8239870816206694,21,7,7,16.657502859523024,2,1,1,3,1,0,2,4
fold3_0001772,sa_0006668,1772,Colon,21,0,"[10,25)",AVAILABLE,1,1,1,20,0.5310015970879076,0.6341463414634146,0.8373486723309312,0.5312725399278723,0.5802432386460282,0.8326471300557036,13,7,8,10.885533577650778,3,1,3,1,0,0,5,2
fold3_0001773,sa_0006669,1773,Colon,16,0,"[10,25)",AVAILABLE,1,1,1,12,0.5543021906422798,0.7142857142857143,0.7760230668991916,0.4843384074941452,0.578197876352089,0.8325211431445908,10,2,6,7.760231445014982,4,1,1,0,0,0,1,1
fold3_0001774,sa_0006670,1774,Colon,16,0,"[10,25)",AVAILABLE,1,1,1,19,0.6378394464708741,0.8,0.7972993080885925,0.5937170474516696,0.6757045477668125,0.8229258371026987,14,5,2,11.162191110539602,0,1,1,0,0,1,4,0
fold3_0001775,sa_0006671,1775,Colon,9,0,"[1,10)",AVAILABLE,1,1,1,12,0.5088934376458308,0.6666666666666666,0.7633401564687463,0.5240853227857042,0.5240853227857042,0.6910742422838075,7,5,2,5.343381858621381,0,0,2,0,1,0,4,0
fold3_0001776,sa_0006672,1776,Colon,6,0,"[1,10)",AVAILABLE,1,1,1,4,0.5968826349237552,0.8,0.7461032936546939,0.5227397260273973,0.6235713225471278,0.8721886999451454,4,0,2,2.9844139207220692,1,0,1,0,0,0,0,0
fold3_0001777,NOT_FOUND,1777,Colon,0,1,"[0,1)",NOT_EVALUATED,0,0,0,NOT_EVALUATED,NOT_EVALUATED,NOT_EVALUATED,NOT_EVALUATED,NOT_EVALUATED,NOT_EVALUATED,NOT_EVALUATED,NOT_EVALUATED,NOT_EVALUATED,NOT_EVALUATED,NOT_EVALUATED,NOT_EVALUATED,NOT_EVALUATED,NOT_EVALUATED,NOT_EVALUATED,NOT_EVALUATED,NOT_EVALUATED,NOT_EVALUATED,NOT_EVALUATED
fold3_0001778,sa_0006673,1778,Colon,4,0,"[1,10)",AVAILABLE,1,1,1,5,0.5985670825881537,0.6666666666666666,0.8978506238822306,0.6848816029143898,0.6848816029143898,0.8133333333333334,3,2,1,2.6935527694973156,0,0,1,0,1,0,1,0
fold3_0001779,NOT_FOUND,1779,Colon,0,1,"[0,1)",NOT_EVALUATED,0,0,0,NOT_EVALUATED,NOT_EVALUATED,NOT_EVALUATED,NOT_EVALUATED,NOT_EVALUATED,NOT_EVALUATED,NOT_EVALUATED,NOT_EVALUATED,NOT_EVALUATED,NOT_EVALUATED,NOT_EVALUATED,NOT_EVALUATED,NOT_EVALUATED,NOT_EVALUATED,NOT_EVALUATED,NOT_EVALUATED,NOT_EVALUATED,NOT_EVALUATED,NOT_EVALUATED
fold3_0001780,NOT_FOUND,1780,Colon,0,1,"[0,1)",NOT_EVALUATED,0,0,0,NOT_EVALUATED,NOT_EVALUATED,NOT_EVALUATED,NOT_EVALUATED,NOT_EVALUATED,NOT_EVALUATED,NOT_EVALUATED,NOT_EVALUATED,NOT_EVALUATED,NOT_EVALUATED,NOT_EVALUATED,NOT_EVALUATED,NOT_EVALUATED,NOT_EVALUATED,NOT_EVALUATED,NOT_EVALUATED,NOT_EVALUATED,NOT_EVALUATED,NOT_EVALUATED
fold3_0001781,sa_0006674,1781,Colon,8,0,"[1,10)",AVAILABLE,1,1,1,11,0.5744835660145542,0.7368421052631579,0.7796562681626092,0.5710508162796045,0.5502398384246402,0.808891784056673,7,4,1,5.457594656794533,1,0,0,0,0,0,4,0
fold3_0001782,sa_0006675,1782,Colon,24,0,"[10,25)",AVAILABLE,1,1,1,25,0.5289118335035724,0.6530612244897959,0.8098962450523453,0.4888575536385755,0.5415771812080536,0.7885239121443653,16,9,8,12.95834073073377,1,5,2,0,0,2,7,0
fold3_0001783,sa_0006676,1783,Colon,51,0,"[50,+inf)",AVAILABLE,1,1,1,42,0.5444455349972877,0.6881720430107527,0.7911474180429335,0.5313164075606756,0.5940922902975054,0.8541537370334249,32,10,19,25.31671816852129,5,9,5,0,0,5,4,1
fold3_0001784,sa_0006677,1784,Colon,2,0,"[1,10)",AVAILABLE,1,1,1,6,0.41222834203670716,0.5,0.8244566840734143,0.4418762746430999,0.4418762746430999,0.6129184347006129,2,4,0,1.648914192603513,0,0,0,0,0,0,4,0
fold3_0001785,sa_0006678,1785,Colon,18,0,"[10,25)",AVAILABLE,1,1,1,19,0.5641699634853018,0.7027027027027027,0.8028572557290833,0.5388327205882353,0.5646837511949918,0.8319208482793962,13,6,5,10.437145127335338,4,0,1,0,0,0,5,1
fold3_0001786,sa_0006679,1786,Colon,19,0,"[10,25)",AVAILABLE,1,1,1,18,0.5763594555365606,0.7027027027027027,0.8202038405712593,0.6111965549061827,0.6252410800385728,0.8871912779055107,13,5,6,10.662650747630211,6,0,0,0,1,0,1,3
fold3_0001787,sa_0006680,1787,Colon,36,0,"[25,50)",AVAILABLE,1,1,1,27,0.4849507453969326,0.6031746031746031,0.8039972884212304,0.37329151188056353,0.48845370160742585,0.8164499201460187,19,8,17,15.275949284000667,5,7,4,1,1,2,2,3
fold3_0001788,sa_0006681,1788,Colon,24,0,"[10,25)",AVAILABLE,1,1,1,19,0.5583957471205495,0.6976744186046512,0.8003672375394543,0.5359382537385432,0.5603273519032961,0.8565585602925608,15,4,9,12.005509363459051,5,1,3,0,0,1,1,2
fold3_0001789,sa_0006682,1789,Colon,22,0,"[10,25)",AVAILABLE,1,1,1,21,0.5717209141317755,0.6976744186046512,0.8194666435888782,0.6448649102198355,0.6490661747751902,0.8628076062639821,15,6,7,12.292000473299817,4,0,2,1,0,1,2,3
fold3_0001790,sa_0006683,1790,Colon,20,0,"[10,25)",AVAILABLE,1,1,1,17,0.46047519820000665,0.5945945945945946,0.774435560609102,0.3768025078369906,0.4281562164907726,0.886329058900239,11,6,9,8.518791941135682,9,0,0,0,1,0,2,3
fold3_0001791,sa_0006684,1791,Colon,9,0,"[1,10)",AVAILABLE,1,1,1,9,0.5923419855649283,0.7777777777777778,0.7615825528691935,0.6391277161169298,0.6418252290345313,0.8774546625174375,7,2,2,5.331078631666908,1,0,1,0,0,0,2,0
fold3_0001792,sa_0006685,1792,Colon,23,0,"[10,25)",AVAILABLE,1,1,1,21,0.6719144922402043,0.8181818181818182,0.8212288238491385,0.7104939536790326,0.7281879194630873,0.8752658344891354,18,3,5,14.782119650513318,0,2,3,0,0,2,1,0
fold3_0001793,sa_0006686,1793,Colon,29,0,"[25,50)",AVAILABLE,1,1,1,23,0.4147812473148853,0.5384615384615384,0.7703080307276442,0.27424117844610946,0.3761229209285778,0.7732480165462859,14,9,15,10.784313200495049,6,4,2,3,2,1,2,4
fold3_0001794,sa_0006687,1794,Colon,30,0,"[25,50)",AVAILABLE,1,1,1,22,0.5732654435366692,0.6923076923076923,0.8280500851085222,0.5831981409216469,0.5852778201413248,0.853065674704977,18,4,12,14.904902360003485,3,0,8,1,0,0,3,1
fold3_0001795,sa_0006688,1795,Colon,27,0,"[25,50)",AVAILABLE,1,1,1,26,0.5836628860273985,0.7547169811320755,0.7733533239863029,0.5076192464252166,0.5628189393450036,0.8215259981813673,20,6,7,15.467067253079382,3,0,3,1,1,0,3,2
fold3_0001796,sa_0006689,1796,Colon,10,0,"[10,25)",AVAILABLE,1,1,1,14,0.2876357119853299,0.3333333333333333,0.8629071359559898,0.1836042308801029,0.2399140478109052,0.7205060439322386,4,10,6,3.451629406731095,5,0,1,0,1,0,8,1
fold3_0001797,NOT_FOUND,1797,Colon,0,1,"[0,1)",NOT_EVALUATED,0,0,0,NOT_EVALUATED,NOT_EVALUATED,NOT_EVALUATED,NOT_EVALUATED,NOT_EVALUATED,NOT_EVALUATED,NOT_EVALUATED,NOT_EVALUATED,NOT_EVALUATED,NOT_EVALUATED,NOT_EVALUATED,NOT_EVALUATED,NOT_EVALUATED,NOT_EVALUATED,NOT_EVALUATED,NOT_EVALUATED,NOT_EVALUATED,NOT_EVALUATED,NOT_EVALUATED
fold3_0001798,sa_0006690,1798,Colon,25,0,"[25,50)",AVAILABLE,1,1,1,27,0.6376266233611737,0.7692307692307693,0.8289146103695257,0.6470022134539505,0.6582515430537286,0.8391860145833969,20,7,5,16.578293036305126,2,2,1,0,0,2,4,1
fold3_0001799,sa_0006691,1799,Colon,17,0,"[10,25)",AVAILABLE,1,1,1,17,0.766633332734022,0.8823529411764706,0.8688511104318917,0.8115433039560003,0.8115433039560003,0.895968980905699,15,2,2,13.032767525329485,0,0,2,0,0,0,2,0
fold3_0001800,sa_0006692,1800,Colon,9,0,"[1,10)",AVAILABLE,1,1,1,8,0.5959720126650578,0.8235294117647058,0.7236803010932845,0.5202712052027121,0.5202712052027121,0.6857194866660599,7,1,2,5.065762831333293,0,0,1,1,0,0,0,1
fold3_0001801,sa_0006693,1801,Colon,16,0,"[10,25)",AVAILABLE,1,1,1,15,0.7343579026560866,0.8387096774193549,0.8755805762437955,0.7473717146433041,0.7716162231701537,0.9206191477164151,13,2,3,11.382548366749917,2,1,0,0,0,1,0,1
fold3_0001802,sa_0006694,1802,Colon,27,0,"[25,50)",AVAILABLE,1,1,1,24,0.6504110188637543,0.8235294117647058,0.7897848086202731,0.6004555808656037,0.6381265724791949,0.8757354504855746,21,3,6,16.585481770810546,0,4,2,0,0,1,2,0
fold3_0001803,NOT_FOUND,1803,Colon,0,1,"[0,1)",NOT_EVALUATED,0,0,0,NOT_EVALUATED,NOT_EVALUATED,NOT_EVALUATED,NOT_EVALUATED,NOT_EVALUATED,NOT_EVALUATED,NOT_EVALUATED,NOT_EVALUATED,NOT_EVALUATED,NOT_EVALUATED,NOT_EVALUATED,NOT_EVALUATED,NOT_EVALUATED,NOT_EVALUATED,NOT_EVALUATED,NOT_EVALUATED,NOT_EVALUATED,NOT_EVALUATED,NOT_EVALUATED
fold3_0001804,NOT_FOUND,1804,Colon,0,1,"[0,1)",NOT_EVALUATED,0,0,0,NOT_EVALUATED,NOT_EVALUATED,NOT_EVALUATED,NOT_EVALUATED,NOT_EVALUATED,NOT_EVALUATED,NOT_EVALUATED,NOT_EVALUATED,NOT_EVALUATED,NOT_EVALUATED,NOT_EVALUATED,NOT_EVALUATED,NOT_EVALUATED,NOT_EVALUATED,NOT_EVALUATED,NOT_EVALUATED,NOT_EVALUATED,NOT_EVALUATED,NOT_EVALUATED
fold3_0001805,NOT_FOUND,1805,Colon,0,1,"[0,1)",NOT_EVALUATED,0,0,0,NOT_EVALUATED,NOT_EVALUATED,NOT_EVALUATED,NOT_EVALUATED,NOT_EVALUATED,NOT_EVALUATED,NOT_EVALUATED,NOT_EVALUATED,NOT_EVALUATED,NOT_EVALUATED,NOT_EVALUATED,NOT_EVALUATED,NOT_EVALUATED,NOT_EVALUATED,NOT_EVALUATED,NOT_EVALUATED,NOT_EVALUATED,NOT_EVALUATED,NOT_EVALUATED
fold3_0001806,sa_0006695,1806,Colon,12,0,"[10,25)",AVAILABLE,1,1,1,13,0.7484161748040588,0.88,0.8504729259137032,0.7635150812064965,0.7635150812064965,0.865901391310068,11,2,1,9.35520303552366,0,0,0,1,0,0,1,1
fold3_0001807,sa_0006696,1807,Colon,24,0,"[10,25)",AVAILABLE,1,1,1,21,0.5304422033416043,0.6222222222222222,0.8524963982275784,0.4889010687859688,0.5211840036808405,0.8109089075969148,14,7,10,11.934950427682494,0,5,4,1,0,3,3,1
fold3_0001808,sa_0006697,1808,Colon,24,0,"[10,25)",AVAILABLE,1,1,1,22,0.6431711348010175,0.8260869565217391,0.7785755842328107,0.6167067601018025,0.628591396179531,0.8434177275544747,19,3,5,14.792936878998988,2,0,2,1,0,0,2,1
fold3_0001809,sa_0006698,1809,Colon,1,0,"[1,10)",AVAILABLE,1,1,1,0,0.0,0.0,0.0,0.0,0.0,0.0,0,0,1,0.0,0,0,1,0,0,0,0,0
fold3_0001810,sa_0006699,1810,Colon,17,0,"[10,25)",AVAILABLE,1,1,1,18,0.5334468065296487,0.6857142857142857,0.7779432595224043,0.5083815756355399,0.534871010056843,0.7210312655793747,12,6,5,9.33531989221211,2,0,2,1,0,0,5,1
fold3_0001811,sa_0006700,1811,Colon,30,0,"[25,50)",AVAILABLE,1,1,1,23,0.4876368752358022,0.6037735849056604,0.8076485746092974,0.5117512456961998,0.5444107753468072,0.8616481261475322,16,7,14,12.922378001397334,10,0,4,0,1,0,2,4
fold3_0001812,sa_0006701,1812,Colon,17,0,"[10,25)",AVAILABLE,1,1,1,13,0.5647466122250171,0.7333333333333333,0.7701090166704779,0.6695919508105087,0.6761976568843522,0.8327739524583925,11,2,6,8.471199953484273,0,1,4,1,0,0,1,1
fold3_0001813,sa_0006702,1813,Colon,21,0,"[10,25)",AVAILABLE,1,1,1,22,0.6429171189075948,0.7441860465116279,0.8639198785320805,0.6786266028116793,0.6760707979138434,0.8757779193414025,16,6,5,13.822718920433168,0,3,1,1,2,2,2,0
fold3_0001814,sa_0006703,1814,Colon,21,0,"[10,25)",AVAILABLE,1,1,1,17,0.5679483001699444,0.6842105263157895,0.8300782848637648,0.5899723308844576,0.6237940349523127,0.859509744007605,13,4,8,10.791018533307227,5,1,2,0,0,2,0,2
fold3_0001815,sa_0006704,1815,Colon,22,0,"[10,25)",AVAILABLE,1,1,1,21,0.70454121509941,0.8837209302325582,0.7972440065598587,0.7029768957345972,0.7073827568960874,0.869625957638576,19,2,3,15.147636921881324,1,0,2,0,1,1,0,0
fold3_0001816,sa_0006705,1816,Colon,22,0,"[10,25)",AVAILABLE,1,1,1,18,0.5753687206735921,0.7,0.8219553152479888,0.6799283342994151,0.6913806955124526,0.8755513333785709,14,4,8,11.507375235427158,3,0,4,1,0,0,2,2
fold3_0001817,sa_0006706,1817,Colon,23,0,"[10,25)",AVAILABLE,1,1,1,24,0.5483467881854173,0.6808510638297872,0.8053843451473317,0.5097464414155761,0.5487612018977333,0.8204317806087718,16,8,7,12.886150327741653,2,3,1,1,0,1,6,1
fold3_0001818,sa_0006707,1818,Colon,22,0,"[10,25)",AVAILABLE,1,1,1,22,0.5747108452070661,0.6818181818181818,0.8429092396370303,0.6435724769058102,0.644142896704514,0.8370669810791084,15,7,7,12.643639437464694,4,0,1,2,0,0,3,4
fold3_0001819,sa_0006708,1819,Colon,24,0,"[10,25)",AVAILABLE,1,1,1,27,0.6800853722639357,0.8235294117647058,0.8258179520347791,0.6672259934406224,0.6742331044882733,0.8704638649885041,21,6,3,17.342177818548315,1,0,2,0,2,0,4,0
fold3_0001820,sa_0006709,1820,Colon,21,0,"[10,25)",AVAILABLE,1,1,1,23,0.6180844371617848,0.7272727272727273,0.8498661010974542,0.6444012751544133,0.6415329490574856,0.8264211824997627,16,7,5,13.59785846742537,2,0,1,2,3,0,2,2
fold3_0001821,sa_0006710,1821,Colon,16,0,"[10,25)",AVAILABLE,1,1,1,13,0.6254824233222177,0.7586206896551724,0.8244995580156507,0.6016270083384178,0.63659973102073,0.8382544630206857,11,2,5,9.069495962671715,2,0,3,0,0,0,1,1
fold3_0001822,sa_0006711,1822,Colon,18,0,"[10,25)",AVAILABLE,1,1,1,22,0.3613733996287341,0.45,0.8030519991749646,0.4913094310210444,0.4884318766066838,0.7385722510074841,9,13,9,7.22746879562668,4,0,4,1,2,0,8,3
fold3_0001823,sa_0006712,1823,Colon,2,0,"[1,10)",AVAILABLE,1,1,1,2,0.8209978132453125,1.0,0.8209978132453125,0.82,0.82,0.9010989010989011,2,0,0,1.6419964474884383,0,0,0,0,0,0,0,0
fold3_0001824,sa_0006713,1824,Colon,5,0,"[1,10)",AVAILABLE,1,1,1,5,0.6841134844386516,0.8,0.8551418555483145,0.7524004085801839,0.7524004085801839,0.871531825600373,4,1,1,3.4205682773351134,0,0,0,1,0,0,0,1
fold3_0001825,sa_0006714,1825,Colon,16,0,"[10,25)",AVAILABLE,1,1,1,14,0.6133290320888598,0.7333333333333333,0.8363577710302634,0.6182432432432432,0.6178375685102142,0.9113797351401294,11,3,5,9.199936317690668,3,0,2,0,2,0,0,1
fold3_0001826,sa_0006715,1826,Colon,17,0,"[10,25)",AVAILABLE,1,1,1,18,0.5874872872521208,0.7428571428571429,0.7908482713009319,0.6525974025974026,0.6525974025974026,0.7897838899803536,13,5,4,10.281028317760386,0,0,3,1,0,0,4,1
fold3_0001827,sa_0006716,1827,Colon,28,0,"[25,50)",AVAILABLE,1,1,1,23,0.6907552227992587,0.8235294117647058,0.8387741991133857,0.7461812933488353,0.749771878888428,0.8823571242325835,21,2,7,17.6142590201553,2,0,5,0,0,0,1,1
fold3_0001828,sa_0006717,1828,Colon,23,0,"[10,25)",AVAILABLE,1,1,1,21,0.6485747581958643,0.7727272727272727,0.8393320400181773,0.5391683092770395,0.6076379066478076,0.8526180840099545,17,4,6,14.268645519641055,5,0,1,0,0,0,2,2
fold3_0001829,sa_0006718,1829,Colon,15,0,"[10,25)",AVAILABLE,1,1,1,18,0.614563573121767,0.7272727272727273,0.8450249130424297,0.6735145385587863,0.6735145385587863,0.8607491344035253,12,6,3,10.140299801534068,0,0,2,1,2,1,3,0
fold3_0001830,sa_0006719,1830,Colon,14,0,"[10,25)",AVAILABLE,1,1,1,14,0.6662220414829625,0.8571428571428571,0.7772590483967896,0.6559097978227061,0.6768736739491943,0.8159901514892453,12,2,2,9.327109358020524,0,2,0,0,0,1,1,0
fold3_0001831,sa_0006720,1831,Colon,10,0,"[10,25)",AVAILABLE,1,1,1,10,0.3397288393960989,0.4,0.8493220984902472,0.469152381704716,0.469152381704716,0.7352403484245618,4,6,6,3.3972892432830872,0,4,2,0,0,6,0,0
fold3_0001832,NOT_FOUND,1832,Colon,0,1,"[0,1)",NOT_EVALUATED,0,0,0,NOT_EVALUATED,NOT_EVALUATED,NOT_EVALUATED,NOT_EVALUATED,NOT_EVALUATED,NOT_EVALUATED,NOT_EVALUATED,NOT_EVALUATED,NOT_EVALUATED,NOT_EVALUATED,NOT_EVALUATED,NOT_EVALUATED,NOT_EVALUATED,NOT_EVALUATED,NOT_EVALUATED,NOT_EVALUATED,NOT_EVALUATED,NOT_EVALUATED,NOT_EVALUATED
fold3_0001833,NOT_FOUND,1833,Colon,0,1,"[0,1)",NOT_EVALUATED,0,0,0,NOT_EVALUATED,NOT_EVALUATED,NOT_EVALUATED,NOT_EVALUATED,NOT_EVALUATED,NOT_EVALUATED,NOT_EVALUATED,NOT_EVALUATED,NOT_EVALUATED,NOT_EVALUATED,NOT_EVALUATED,NOT_EVALUATED,NOT_EVALUATED,NOT_EVALUATED,NOT_EVALUATED,NOT_EVALUATED,NOT_EVALUATED,NOT_EVALUATED,NOT_EVALUATED
fold3_0001834,NOT_FOUND,1834,Colon,0,1,"[0,1)",NOT_EVALUATED,0,0,0,NOT_EVALUATED,NOT_EVALUATED,NOT_EVALUATED,NOT_EVALUATED,NOT_EVALUATED,NOT_EVALUATED,NOT_EVALUATED,NOT_EVALUATED,NOT_EVALUATED,NOT_EVALUATED,NOT_EVALUATED,NOT_EVALUATED,NOT_EVALUATED,NOT_EVALUATED,NOT_EVALUATED,NOT_EVALUATED,NOT_EVALUATED,NOT_EVALUATED,NOT_EVALUATED
fold3_0001835,NOT_FOUND,1835,Colon,0,1,"[0,1)",NOT_EVALUATED,0,0,0,NOT_EVALUATED,NOT_EVALUATED,NOT_EVALUATED,NOT_EVALUATED,NOT_EVALUATED,NOT_EVALUATED,NOT_EVALUATED,NOT_EVALUATED,NOT_EVALUATED,NOT_EVALUATED,NOT_EVALUATED,NOT_EVALUATED,NOT_EVALUATED,NOT_EVALUATED,NOT_EVALUATED,NOT_EVALUATED,NOT_EVALUATED,NOT_EVALUATED,NOT_EVALUATED
fold3_0001836,NOT_FOUND,1836,Colon,0,1,"[0,1)",NOT_EVALUATED,0,0,0,NOT_EVALUATED,NOT_EVALUATED,NOT_EVALUATED,NOT_EVALUATED,NOT_EVALUATED,NOT_EVALUATED,NOT_EVALUATED,NOT_EVALUATED,NOT_EVALUATED,NOT_EVALUATED,NOT_EVALUATED,NOT_EVALUATED,NOT_EVALUATED,NOT_EVALUATED,NOT_EVALUATED,NOT_EVALUATED,NOT_EVALUATED,NOT_EVALUATED,NOT_EVALUATED
fold3_0001837,NOT_FOUND,1837,Colon,0,1,"[0,1)",NOT_EVALUATED,0,0,0,NOT_EVALUATED,NOT_EVALUATED,NOT_EVALUATED,NOT_EVALUATED,NOT_EVALUATED,NOT_EVALUATED,NOT_EVALUATED,NOT_EVALUATED,NOT_EVALUATED,NOT_EVALUATED,NOT_EVALUATED,NOT_EVALUATED,NOT_EVALUATED,NOT_EVALUATED,NOT_EVALUATED,NOT_EVALUATED,NOT_EVALUATED,NOT_EVALUATED,NOT_EVALUATED
fold3_0001838,NOT_FOUND,1838,Colon,0,1,"[0,1)",NOT_EVALUATED,0,0,0,NOT_EVALUATED,NOT_EVALUATED,NOT_EVALUATED,NOT_EVALUATED,NOT_EVALUATED,NOT_EVALUATED,NOT_EVALUATED,NOT_EVALUATED,NOT_EVALUATED,NOT_EVALUATED,NOT_EVALUATED,NOT_EVALUATED,NOT_EVALUATED,NOT_EVALUATED,NOT_EVALUATED,NOT_EVALUATED,NOT_EVALUATED,NOT_EVALUATED,NOT_EVALUATED
fold3_0001839,NOT_FOUND,1839,Colon,0,1,"[0,1)",NOT_EVALUATED,0,0,0,NOT_EVALUATED,NOT_EVALUATED,NOT_EVALUATED,NOT_EVALUATED,NOT_EVALUATED,NOT_EVALUATED,NOT_EVALUATED,NOT_EVALUATED,NOT_EVALUATED,NOT_EVALUATED,NOT_EVALUATED,NOT_EVALUATED,NOT_EVALUATED,NOT_EVALUATED,NOT_EVALUATED,NOT_EVALUATED,NOT_EVALUATED,NOT_EVALUATED,NOT_EVALUATED
fold3_0001840,NOT_FOUND,1840,Colon,0,1,"[0,1)",NOT_EVALUATED,0,0,0,NOT_EVALUATED,NOT_EVALUATED,NOT_EVALUATED,NOT_EVALUATED,NOT_EVALUATED,NOT_EVALUATED,NOT_EVALUATED,NOT_EVALUATED,NOT_EVALUATED,NOT_EVALUATED,NOT_EVALUATED,NOT_EVALUATED,NOT_EVALUATED,NOT_EVALUATED,NOT_EVALUATED,NOT_EVALUATED,NOT_EVALUATED,NOT_EVALUATED,NOT_EVALUATED
fold3_0001841,NOT_FOUND,1841,Colon,0,1,"[0,1)",NOT_EVALUATED,0,0,0,NOT_EVALUATED,NOT_EVALUATED,NOT_EVALUATED,NOT_EVALUATED,NOT_EVALUATED,NOT_EVALUATED,NOT_EVALUATED,NOT_EVALUATED,NOT_EVALUATED,NOT_EVALUATED,NOT_EVALUATED,NOT_EVALUATED,NOT_EVALUATED,NOT_EVALUATED,NOT_EVALUATED,NOT_EVALUATED,NOT_EVALUATED,NOT_EVALUATED,NOT_EVALUATED
fold3_0001842,NOT_FOUND,1842,Colon,0,1,"[0,1)",NOT_EVALUATED,0,0,0,NOT_EVALUATED,NOT_EVALUATED,NOT_EVALUATED,NOT_EVALUATED,NOT_EVALUATED,NOT_EVALUATED,NOT_EVALUATED,NOT_EVALUATED,NOT_EVALUATED,NOT_EVALUATED,NOT_EVALUATED,NOT_EVALUATED,NOT_EVALUATED,NOT_EVALUATED,NOT_EVALUATED,NOT_EVALUATED,NOT_EVALUATED,NOT_EVALUATED,NOT_EVALUATED
fold3_0001843,NOT_FOUND,1843,Colon,0,1,"[0,1)",NOT_EVALUATED,0,0,0,NOT_EVALUATED,NOT_EVALUATED,NOT_EVALUATED,NOT_EVALUATED,NOT_EVALUATED,NOT_EVALUATED,NOT_EVALUATED,NOT_EVALUATED,NOT_EVALUATED,NOT_EVALUATED,NOT_EVALUATED,NOT_EVALUATED,NOT_EVALUATED,NOT_EVALUATED,NOT_EVALUATED,NOT_EVALUATED,NOT_EVALUATED,NOT_EVALUATED,NOT_EVALUATED
fold3_0001844,NOT_FOUND,1844,Colon,0,1,"[0,1)",NOT_EVALUATED,0,0,0,NOT_EVALUATED,NOT_EVALUATED,NOT_EVALUATED,NOT_EVALUATED,NOT_EVALUATED,NOT_EVALUATED,NOT_EVALUATED,NOT_EVALUATED,NOT_EVALUATED,NOT_EVALUATED,NOT_EVALUATED,NOT_EVALUATED,NOT_EVALUATED,NOT_EVALUATED,NOT_EVALUATED,NOT_EVALUATED,NOT_EVALUATED,NOT_EVALUATED,NOT_EVALUATED
fold3_0001845,NOT_FOUND,1845,Colon,0,1,"[0,1)",NOT_EVALUATED,0,0,0,NOT_EVALUATED,NOT_EVALUATED,NOT_EVALUATED,NOT_EVALUATED,NOT_EVALUATED,NOT_EVALUATED,NOT_EVALUATED,NOT_EVALUATED,NOT_EVALUATED,NOT_EVALUATED,NOT_EVALUATED,NOT_EVALUATED,NOT_EVALUATED,NOT_EVALUATED,NOT_EVALUATED,NOT_EVALUATED,NOT_EVALUATED,NOT_EVALUATED,NOT_EVALUATED
fold3_0001846,NOT_FOUND,1846,Colon,0,1,"[0,1)",NOT_EVALUATED,0,0,0,NOT_EVALUATED,NOT_EVALUATED,NOT_EVALUATED,NOT_EVALUATED,NOT_EVALUATED,NOT_EVALUATED,NOT_EVALUATED,NOT_EVALUATED,NOT_EVALUATED,NOT_EVALUATED,NOT_EVALUATED,NOT_EVALUATED,NOT_EVALUATED,NOT_EVALUATED,NOT_EVALUATED,NOT_EVALUATED,NOT_EVALUATED,NOT_EVALUATED,NOT_EVALUATED
fold3_0001847,NOT_FOUND,1847,Colon,0,1,"[0,1)",NOT_EVALUATED,0,0,0,NOT_EVALUATED,NOT_EVALUATED,NOT_EVALUATED,NOT_EVALUATED,NOT_EVALUATED,NOT_EVALUATED,NOT_EVALUATED,NOT_EVALUATED,NOT_EVALUATED,NOT_EVALUATED,NOT_EVALUATED,NOT_EVALUATED,NOT_EVALUATED,NOT_EVALUATED,NOT_EVALUATED,NOT_EVALUATED,NOT_EVALUATED,NOT_EVALUATED,NOT_EVALUATED
fold3_0001848,NOT_FOUND,1848,Colon,0,1,"[0,1)",NOT_EVALUATED,0,0,0,NOT_EVALUATED,NOT_EVALUATED,NOT_EVALUATED,NOT_EVALUATED,NOT_EVALUATED,NOT_EVALUATED,NOT_EVALUATED,NOT_EVALUATED,NOT_EVALUATED,NOT_EVALUATED,NOT_EVALUATED,NOT_EVALUATED,NOT_EVALUATED,NOT_EVALUATED,NOT_EVALUATED,NOT_EVALUATED,NOT_EVALUATED,NOT_EVALUATED,NOT_EVALUATED
fold3_0001849,NOT_FOUND,1849,Colon,0,1,"[0,1)",NOT_EVALUATED,0,0,0,NOT_EVALUATED,NOT_EVALUATED,NOT_EVALUATED,NOT_EVALUATED,NOT_EVALUATED,NOT_EVALUATED,NOT_EVALUATED,NOT_EVALUATED,NOT_EVALUATED,NOT_EVALUATED,NOT_EVALUATED,NOT_EVALUATED,NOT_EVALUATED,NOT_EVALUATED,NOT_EVALUATED,NOT_EVALUATED,NOT_EVALUATED,NOT_EVALUATED,NOT_EVALUATED
fold3_0001850,NOT_FOUND,1850,Colon,0,1,"[0,1)",NOT_EVALUATED,0,0,0,NOT_EVALUATED,NOT_EVALUATED,NOT_EVALUATED,NOT_EVALUATED,NOT_EVALUATED,NOT_EVALUATED,NOT_EVALUATED,NOT_EVALUATED,NOT_EVALUATED,NOT_EVALUATED,NOT_EVALUATED,NOT_EVALUATED,NOT_EVALUATED,NOT_EVALUATED,NOT_EVALUATED,NOT_EVALUATED,NOT_EVALUATED,NOT_EVALUATED,NOT_EVALUATED
fold3_0001851,NOT_FOUND,1851,Colon,0,1,"[0,1)",NOT_EVALUATED,0,0,0,NOT_EVALUATED,NOT_EVALUATED,NOT_EVALUATED,NOT_EVALUATED,NOT_EVALUATED,NOT_EVALUATED,NOT_EVALUATED,NOT_EVALUATED,NOT_EVALUATED,NOT_EVALUATED,NOT_EVALUATED,NOT_EVALUATED,NOT_EVALUATED,NOT_EVALUATED,NOT_EVALUATED,NOT_EVALUATED,NOT_EVALUATED,NOT_EVALUATED,NOT_EVALUATED
fold3_0001852,NOT_FOUND,1852,Colon,0,1,"[0,1)",NOT_EVALUATED,0,0,0,NOT_EVALUATED,NOT_EVALUATED,NOT_EVALUATED,NOT_EVALUATED,NOT_EVALUATED,NOT_EVALUATED,NOT_EVALUATED,NOT_EVALUATED,NOT_EVALUATED,NOT_EVALUATED,NOT_EVALUATED,NOT_EVALUATED,NOT_EVALUATED,NOT_EVALUATED,NOT_EVALUATED,NOT_EVALUATED,NOT_EVALUATED,NOT_EVALUATED,NOT_EVALUATED
fold3_0001853,NOT_FOUND,1853,Colon,0,1,"[0,1)",NOT_EVALUATED,0,0,0,NOT_EVALUATED,NOT_EVALUATED,NOT_EVALUATED,NOT_EVALUATED,NOT_EVALUATED,NOT_EVALUATED,NOT_EVALUATED,NOT_EVALUATED,NOT_EVALUATED,NOT_EVALUATED,NOT_EVALUATED,NOT_EVALUATED,NOT_EVALUATED,NOT_EVALUATED,NOT_EVALUATED,NOT_EVALUATED,NOT_EVALUATED,NOT_EVALUATED,NOT_EVALUATED
fold3_0001854,NOT_FOUND,1854,Colon,0,1,"[0,1)",NOT_EVALUATED,0,0,0,NOT_EVALUATED,NOT_EVALUATED,NOT_EVALUATED,NOT_EVALUATED,NOT_EVALUATED,NOT_EVALUATED,NOT_EVALUATED,NOT_EVALUATED,NOT_EVALUATED,NOT_EVALUATED,NOT_EVALUATED,NOT_EVALUATED,NOT_EVALUATED,NOT_EVALUATED,NOT_EVALUATED,NOT_EVALUATED,NOT_EVALUATED,NOT_EVALUATED,NOT_EVALUATED
fold3_0001855,NOT_FOUND,1855,Colon,0,1,"[0,1)",NOT_EVALUATED,0,0,0,NOT_EVALUATED,NOT_EVALUATED,NOT_EVALUATED,NOT_EVALUATED,NOT_EVALUATED,NOT_EVALUATED,NOT_EVALUATED,NOT_EVALUATED,NOT_EVALUATED,NOT_EVALUATED,NOT_EVALUATED,NOT_EVALUATED,NOT_EVALUATED,NOT_EVALUATED,NOT_EVALUATED,NOT_EVALUATED,NOT_EVALUATED,NOT_EVALUATED,NOT_EVALUATED
fold3_0001856,NOT_FOUND,1856,Colon,0,1,"[0,1)",NOT_EVALUATED,0,0,0,NOT_EVALUATED,NOT_EVALUATED,NOT_EVALUATED,NOT_EVALUATED,NOT_EVALUATED,NOT_EVALUATED,NOT_EVALUATED,NOT_EVALUATED,NOT_EVALUATED,NOT_EVALUATED,NOT_EVALUATED,NOT_EVALUATED,NOT_EVALUATED,NOT_EVALUATED,NOT_EVALUATED,NOT_EVALUATED,NOT_EVALUATED,NOT_EVALUATED,NOT_EVALUATED
fold3_0001857,NOT_FOUND,1857,Colon,0,1,"[0,1)",NOT_EVALUATED,0,0,0,NOT_EVALUATED,NOT_EVALUATED,NOT_EVALUATED,NOT_EVALUATED,NOT_EVALUATED,NOT_EVALUATED,NOT_EVALUATED,NOT_EVALUATED,NOT_EVALUATED,NOT_EVALUATED,NOT_EVALUATED,NOT_EVALUATED,NOT_EVALUATED,NOT_EVALUATED,NOT_EVALUATED,NOT_EVALUATED,NOT_EVALUATED,NOT_EVALUATED,NOT_EVALUATED
fold3_0001858,NOT_FOUND,1858,Colon,0,1,"[0,1)",NOT_EVALUATED,0,0,0,NOT_EVALUATED,NOT_EVALUATED,NOT_EVALUATED,NOT_EVALUATED,NOT_EVALUATED,NOT_EVALUATED,NOT_EVALUATED,NOT_EVALUATED,NOT_EVALUATED,NOT_EVALUATED,NOT_EVALUATED,NOT_EVALUATED,NOT_EVALUATED,NOT_EVALUATED,NOT_EVALUATED,NOT_EVALUATED,NOT_EVALUATED,NOT_EVALUATED,NOT_EVALUATED
fold3_0001859,NOT_FOUND,1859,Colon,0,1,"[0,1)",NOT_EVALUATED,0,0,0,NOT_EVALUATED,NOT_EVALUATED,NOT_EVALUATED,NOT_EVALUATED,NOT_EVALUATED,NOT_EVALUATED,NOT_EVALUATED,NOT_EVALUATED,NOT_EVALUATED,NOT_EVALUATED,NOT_EVALUATED,NOT_EVALUATED,NOT_EVALUATED,NOT_EVALUATED,NOT_EVALUATED,NOT_EVALUATED,NOT_EVALUATED,NOT_EVALUATED,NOT_EVALUATED
fold3_0001860,NOT_FOUND,1860,Colon,0,1,"[0,1)",NOT_EVALUATED,0,0,0,NOT_EVALUATED,NOT_EVALUATED,NOT_EVALUATED,NOT_EVALUATED,NOT_EVALUATED,NOT_EVALUATED,NOT_EVALUATED,NOT_EVALUATED,NOT_EVALUATED,NOT_EVALUATED,NOT_EVALUATED,NOT_EVALUATED,NOT_EVALUATED,NOT_EVALUATED,NOT_EVALUATED,NOT_EVALUATED,NOT_EVALUATED,NOT_EVALUATED,NOT_EVALUATED
fold3_0001861,NOT_FOUND,1861,Colon,0,1,"[0,1)",NOT_EVALUATED,0,0,0,NOT_EVALUATED,NOT_EVALUATED,NOT_EVALUATED,NOT_EVALUATED,NOT_EVALUATED,NOT_EVALUATED,NOT_EVALUATED,NOT_EVALUATED,NOT_EVALUATED,NOT_EVALUATED,NOT_EVALUATED,NOT_EVALUATED,NOT_EVALUATED,NOT_EVALUATED,NOT_EVALUATED,NOT_EVALUATED,NOT_EVALUATED,NOT_EVALUATED,NOT_EVALUATED
fold3_0001862,NOT_FOUND,1862,Colon,0,1,"[0,1)",NOT_EVALUATED,0,0,0,NOT_EVALUATED,NOT_EVALUATED,NOT_EVALUATED,NOT_EVALUATED,NOT_EVALUATED,NOT_EVALUATED,NOT_EVALUATED,NOT_EVALUATED,NOT_EVALUATED,NOT_EVALUATED,NOT_EVALUATED,NOT_EVALUATED,NOT_EVALUATED,NOT_EVALUATED,NOT_EVALUATED,NOT_EVALUATED,NOT_EVALUATED,NOT_EVALUATED,NOT_EVALUATED
fold3_0001863,sa_0006721,1863,Colon,24,0,"[10,25)",AVAILABLE,1,1,1,20,0.5649352624093393,0.7272727272727273,0.7767859858128415,0.4223842288031404,0.5104099314625631,0.8402397260273973,16,4,8,12.428576549791451,6,0,1,1,0,0,1,3
fold3_0001864,sa_0006722,1864,Colon,27,0,"[25,50)",AVAILABLE,1,1,1,24,0.6043050351231392,0.7450980392156863,0.8110409681915814,0.49244055250489854,0.587021042451729,0.8558100441269174,19,5,8,15.409779206681018,4,1,2,1,0,1,3,1
fold3_0001865,sa_0006723,1865,Colon,9,0,"[1,10)",AVAILABLE,1,1,1,8,0.29931604802439793,0.35294117647058826,0.8480621360691274,0.41876330559318753,0.48426258992805754,0.7491236421863504,3,5,6,2.5441872562695185,3,0,3,0,0,0,4,1
fold3_0001866,sa_0006724,1866,Colon,18,0,"[10,25)",AVAILABLE,1,1,1,19,0.5633140375100046,0.7027027027027027,0.8016392072257759,0.4383885199875217,0.4720146555464494,0.6493744678063798,13,6,5,10.421310495574293,1,0,4,0,1,0,5,0
fold3_0001867,sa_0006725,1867,Colon,25,0,"[25,50)",AVAILABLE,1,1,1,21,0.6079142490275453,0.6956521739130435,0.8738767329770963,0.519478479421929,0.5720017138628131,0.8560384558204074,16,5,9,13.982028601510276,0,5,3,1,0,4,0,1
fold3_0001868,sa_0006726,1868,Colon,21,0,"[10,25)",AVAILABLE,1,1,1,22,0.33891543645007266,0.46511627906976744,0.7286681883676562,0.24182511638342027,0.3414793555170356,0.7492797830876122,10,12,11,7.28668261234475,5,3,1,2,4,1,5,2
fold3_0001869,sa_0006727,1869,Colon,24,0,"[10,25)",AVAILABLE,1,1,1,20,0.5950463667759804,0.6818181818181818,0.872734671271438,0.6714338250316676,0.6574202496532594,0.9029018760966392,15,5,9,13.09102094180624,4,0,4,1,2,0,1,2
fold3_0001870,sa_0006728,1870,Colon,10,0,"[10,25)",AVAILABLE,1,1,1,10,0.4703486516110127,0.6,0.7839144193516878,0.42052268356148886,0.42052268356148886,0.5920675374323032,6,4,4,4.7034873000245465,0,0,3,1,0,0,3,1
fold3_0001871,sa_0006729,1871,Colon,21,0,"[10,25)",AVAILABLE,1,1,1,21,0.537327645130672,0.6666666666666666,0.805991467696008,0.4139627659574468,0.5096886971398817,0.7669187750979282,14,7,7,11.28388135373558,5,0,2,0,0,0,6,1
fold3_0001872,sa_0006730,1872,Colon,36,0,"[25,50)",AVAILABLE,1,1,1,38,0.7420459941001956,0.8648648648648649,0.857990680678351,0.7597640358014646,0.7877096945082112,0.8907722396728501,32,6,4,27.45570263969791,0,2,2,0,0,1,5,0
fold3_0001873,sa_0006731,1873,Colon,34,0,"[25,50)",AVAILABLE,1,1,1,28,0.6470660606365608,0.8064516129032258,0.8023619151893354,0.616642075017473,0.6821113597472687,0.8284946657276261,25,3,9,20.059048682095302,4,0,4,1,0,0,1,2
fold3_0001874,sa_0006732,1874,Colon,34,0,"[25,50)",AVAILABLE,1,1,1,29,0.6394174865792664,0.7301587301587301,0.8757239490107345,0.5928378252354751,0.6418472871511546,0.879014305682583,23,6,11,20.141651702970844,5,1,4,1,0,1,2,3
fold3_0001875,sa_0006733,1875,Colon,18,0,"[10,25)",AVAILABLE,1,1,1,14,0.624067791570604,0.75,0.8320903887608053,0.5461688578471652,0.577906201378084,0.7490491618537822,12,2,6,9.985085497220052,1,0,5,0,0,0,2,0
fold3_0001876,sa_0006734,1876,Colon,27,0,"[25,50)",AVAILABLE,1,1,1,22,0.5834919441103896,0.6938775510204082,0.8409148606296791,0.44658917802216147,0.5214614126577591,0.875836612177017,17,5,10,14.295553471619407,3,5,2,0,0,3,1,1
fold3_0001877,sa_0006735,1877,Colon,29,0,"[25,50)",AVAILABLE,1,1,1,25,0.6025393794646708,0.7777777777777778,0.7746934878831482,0.5459185169976242,0.6389682791715183,0.8034445640473628,21,4,8,16.2685640202396,5,0,2,1,0,0,2,2
fold3_0001878,sa_0006736,1878,Colon,2,0,"[1,10)",AVAILABLE,1,1,1,2,0.8446525034567898,1.0,0.8446525034567898,0.8699472759226714,0.8699472759226714,0.9304511278195489,2,0,0,1.689305851566083,0,0,0,0,0,0,0,0
fold3_0001879,sa_0006737,1879,Colon,20,0,"[10,25)",AVAILABLE,1,1,1,21,0.7418190379425784,0.8780487804878049,0.8448494598790477,0.6042500769941485,0.6042500769941485,0.7534212763623399,18,3,2,15.20729112267232,0,0,2,0,0,0,3,0
fold3_0001880,sa_0006738,1880,Colon,28,0,"[25,50)",AVAILABLE,1,1,1,23,0.6287157368429631,0.7843137254901961,0.8016125644747779,0.6523512896999474,0.6612887690233096,0.878967966371938,20,3,8,16.032252091108123,2,1,4,1,0,1,1,1
fold3_0001881,sa_0006739,1881,Colon,15,0,"[10,25)",AVAILABLE,1,1,1,10,0.6632901155737596,0.8,0.8291126444671995,0.7699914015477214,0.7699914015477214,0.8700510080155452,10,0,5,8.291127273784639,0,0,5,0,0,0,0,0
fold3_0001882,sa_0006740,1882,Colon,17,0,"[10,25)",AVAILABLE,1,1,1,16,0.5964617980282535,0.7272727272727273,0.8201349722888485,0.6629046201133416,0.67171642160503,0.8180768205644564,12,4,5,9.841620487601153,2,1,2,0,0,1,2,1
fold3_0001883,sa_0006741,1883,Colon,22,0,"[10,25)",AVAILABLE,1,1,1,16,0.594032877679344,0.7894736842105263,0.7524416450605024,0.627785320661289,0.6193563009972801,0.8801612406572796,15,1,7,11.286625428349181,4,0,3,0,0,0,1,0
fold3_0001884,sa_0006742,1884,Colon,13,0,"[10,25)",AVAILABLE,1,1,1,11,0.5463987595846882,0.6666666666666666,0.8195981393770324,0.5235686657882433,0.5957073281232302,0.9009475813606842,8,3,5,6.556785934614398,3,0,1,1,2,0,0,1
fold3_0001885,sa_0006743,1885,Colon,4,0,"[1,10)",AVAILABLE,1,1,1,5,0.5890524071808086,0.6666666666666666,0.883578610771213,0.37802863436123346,0.37802863436123346,0.5486513486513487,3,2,1,2.65073671589225,0,0,1,0,0,0,2,0
fold3_0001886,sa_0006744,1886,Colon,14,0,"[10,25)",AVAILABLE,1,1,1,14,0.7044672181258307,0.8571428571428571,0.8218784211468025,0.7879822465005121,0.7879822465005121,0.8814970402902425,12,2,2,9.862541875640051,0,0,1,1,0,0,1,1
fold3_0001887,sa_0006745,1887,Colon,17,0,"[10,25)",AVAILABLE,1,1,1,13,0.6697113068200113,0.8,0.8371391335250141,0.6828185039173611,0.6839743225586548,0.9231859123570488,12,1,5,10.045670439439302,3,0,2,0,0,0,0,1
fold3_0001888,sa_0006746,1888,Colon,11,0,"[10,25)",AVAILABLE,1,1,1,7,0.3726717368299954,0.4444444444444444,0.8385114078674897,0.3674216426447037,0.4223988666771604,0.888618381010347,4,3,7,3.3540464699813666,6,0,1,0,0,0,1,2
fold3_0001889,sa_0006747,1889,Colon,7,0,"[1,10)",AVAILABLE,1,1,1,6,0.7923780322268116,0.9230769230769231,0.8584095349123791,0.860529217199559,0.860529217199559,0.925037037037037,6,0,1,5.15045806788381,0,0,1,0,0,0,0,0
fold3_0001890,sa_0006748,1890,Colon,17,0,"[10,25)",AVAILABLE,1,1,1,12,0.663618348812379,0.7586206896551724,0.8747696416163179,0.7901441501843781,0.7901441501843781,0.8827715355805243,11,1,6,9.622466932549138,0,0,6,0,0,0,1,0
fold3_0001891,sa_0006749,1891,Colon,13,0,"[10,25)",AVAILABLE,1,1,1,10,0.4820274687595827,0.6086956521739131,0.7919022701050287,0.5386998648039657,0.5479950563032134,0.8483477489465513,7,3,6,5.543316682637471,2,0,4,0,0,0,3,0
fold3_0001892,sa_0006750,1892,Colon,11,0,"[10,25)",AVAILABLE,1,1,1,7,0.5868206600673307,0.6666666666666666,0.880230990100996,0.6209494674824383,0.703535680852596,0.9266601851460455,6,1,5,5.281386820836967,3,0,2,0,0,0,0,1
fold3_0001893,sa_0006751,1893,Colon,13,0,"[10,25)",AVAILABLE,1,1,1,10,0.6810123894751762,0.8695652173913043,0.7831642478964526,0.6200969341749324,0.6669942439983153,0.9266464544382685,10,0,3,7.831643262128773,3,0,0,0,0,0,0,0
fold3_0001894,NOT_FOUND,1894,Colon,0,1,"[0,1)",NOT_EVALUATED,0,0,0,NOT_EVALUATED,NOT_EVALUATED,NOT_EVALUATED,NOT_EVALUATED,NOT_EVALUATED,NOT_EVALUATED,NOT_EVALUATED,NOT_EVALUATED,NOT_EVALUATED,NOT_EVALUATED,NOT_EVALUATED,NOT_EVALUATED,NOT_EVALUATED,NOT_EVALUATED,NOT_EVALUATED,NOT_EVALUATED,NOT_EVALUATED,NOT_EVALUATED,NOT_EVALUATED
fold3_0001895,sa_0006752,1895,Colon,18,0,"[10,25)",AVAILABLE,1,1,1,16,0.6119017400978801,0.7647058823529411,0.8001791985895356,0.552734932876321,0.5639462992404168,0.8742870051392104,13,3,5,10.40233038184316,4,0,1,0,0,0,2,1
fold3_0001896,NOT_FOUND,1896,Colon,0,1,"[0,1)",NOT_EVALUATED,0,0,0,NOT_EVALUATED,NOT_EVALUATED,NOT_EVALUATED,NOT_EVALUATED,NOT_EVALUATED,NOT_EVALUATED,NOT_EVALUATED,NOT_EVALUATED,NOT_EVALUATED,NOT_EVALUATED,NOT_EVALUATED,NOT_EVALUATED,NOT_EVALUATED,NOT_EVALUATED,NOT_EVALUATED,NOT_EVALUATED,NOT_EVALUATED,NOT_EVALUATED,NOT_EVALUATED
fold3_0001897,NOT_FOUND,1897,Colon,0,1,"[0,1)",NOT_EVALUATED,0,0,0,NOT_EVALUATED,NOT_EVALUATED,NOT_EVALUATED,NOT_EVALUATED,NOT_EVALUATED,NOT_EVALUATED,NOT_EVALUATED,NOT_EVALUATED,NOT_EVALUATED,NOT_EVALUATED,NOT_EVALUATED,NOT_EVALUATED,NOT_EVALUATED,NOT_EVALUATED,NOT_EVALUATED,NOT_EVALUATED,NOT_EVALUATED,NOT_EVALUATED,NOT_EVALUATED
fold3_0001898,sa_0006753,1898,Colon,17,0,"[10,25)",AVAILABLE,1,1,1,14,0.5386834081264499,0.7096774193548387,0.7590538932690885,0.5571987820791648,0.5571987820791648,0.7156424581005587,11,3,6,8.349593585013865,0,0,6,0,0,0,3,0
fold3_0001899,sa_0006754,1899,Colon,29,0,"[25,50)",AVAILABLE,1,1,1,23,0.5465658767991421,0.6923076923076923,0.7894840442654276,0.5971612296110415,0.5932821578523262,0.8157474446337308,18,5,11,14.210713586261742,4,0,7,0,2,0,1,2
fold3_0001900,sa_0006755,1900,Colon,4,0,"[1,10)",AVAILABLE,1,1,1,4,0.5181020804978195,0.75,0.6908027739970927,0.4609053497942387,0.4609053497942387,0.6309859154929578,3,1,1,2.072409012794052,0,0,1,0,0,0,1,0
fold3_0001901,sa_0006756,1901,Colon,6,0,"[1,10)",AVAILABLE,1,1,1,5,0.3683656122402966,0.5454545454545454,0.6753369557738772,0.533816425120773,0.533816425120773,0.6960629921259842,3,2,3,2.0260115426585874,0,0,3,0,0,0,2,0
fold3_0001902,sa_0006757,1902,Colon,14,0,"[10,25)",AVAILABLE,1,1,1,11,0.5959284161738142,0.8,0.7449105202172678,0.5759691538140892,0.5841037204058624,0.7867055725571134,10,1,4,7.449105947083198,1,0,3,0,0,0,1,0
fold3_0001903,sa_0006758,1903,Colon,11,0,"[10,25)",AVAILABLE,1,1,1,7,0.5829233618687084,0.6666666666666666,0.8743850428030627,0.7340052585451359,0.7340052585451359,0.8466009603234774,6,1,5,5.246311131203419,0,0,4,1,0,0,0,1
fold3_0001904,sa_0006759,1904,Colon,12,0,"[10,25)",AVAILABLE,1,1,1,12,0.6164761240800931,0.75,0.8219681654401242,0.7004878048780487,0.7004878048780487,0.8238668961560528,9,3,3,7.397714310929283,0,0,3,0,0,0,3,0
fold3_0001905,sa_0006760,1905,Colon,10,0,"[10,25)",AVAILABLE,1,1,1,8,0.4958880146005601,0.6666666666666666,0.7438320219008402,0.5174704397502325,0.5174704397502325,0.6820171598669235,6,2,4,4.462992875237063,0,0,3,1,0,0,1,1
fold3_0001906,sa_0006761,1906,Colon,6,0,"[1,10)",AVAILABLE,1,1,1,4,0.49748218978083275,0.6,0.8291369829680546,0.5819484240687679,0.5819484240687679,0.735736279659482,3,1,3,2.487411778041147,0,0,2,1,0,0,0,1
fold3_0001907,sa_0006762,1907,Colon,8,0,"[1,10)",AVAILABLE,1,1,1,11,0.6463418056684707,0.7368421052631579,0.8771781648357817,0.6713327843783085,0.6713327843783085,0.8353040540540541,7,4,1,6.140248031028637,0,0,0,1,2,0,2,0
fold3_0001908,sa_0006763,1908,Colon,14,0,"[10,25)",AVAILABLE,1,1,1,13,0.5875304989514277,0.7407407407407407,0.7931661735844275,0.647238017871649,0.647238017871649,0.7858463814572803,10,3,4,7.931662529010448,0,0,2,2,0,0,1,2
fold3_0001909,sa_0006764,1909,Colon,13,0,"[10,25)",AVAILABLE,1,1,1,13,0.5017763711930273,0.6153846153846154,0.8153866031886693,0.6252656434474616,0.6252656434474616,0.7694319337498184,8,5,5,6.523093640895957,0,0,3,2,0,0,3,2
fold3_0001910,sa_0006765,1910,Colon,8,0,"[1,10)",AVAILABLE,1,1,1,6,0.6987360958007868,0.8571428571428571,0.8151921117675847,0.6186803770351328,0.6186803770351328,0.764425622022234,6,0,2,4.89115348579762,0,0,2,0,0,0,0,0
fold3_0001911,sa_0006766,1911,Colon,8,0,"[1,10)",AVAILABLE,1,1,1,11,0.40738523557716116,0.5263157894736842,0.7740319475966062,0.4860264964703607,0.4860264964703607,0.716079911498666,5,6,3,3.8701605120149787,0,0,1,2,2,0,3,1
fold3_0001912,sa_0006767,1912,Colon,16,0,"[10,25)",AVAILABLE,1,1,1,12,0.4736706309521256,0.5714285714285714,0.8289236041662198,0.5936842105263158,0.5779597678301662,0.7957270986596795,8,4,8,6.631389662253362,2,0,6,0,0,0,3,1
fold3_0001913,sa_0006768,1913,Colon,21,0,"[10,25)",AVAILABLE,1,1,1,15,0.6407003496453991,0.7777777777777778,0.8237575924012275,0.6679775280898876,0.6817053426875337,0.8394198061741865,14,1,7,11.532607117374777,1,0,5,1,0,0,0,1
fold3_0001914,sa_0006769,1914,Colon,25,0,"[25,50)",AVAILABLE,1,1,1,19,0.4666230462149406,0.6363636363636364,0.7332647869091924,0.5062718486530948,0.5195034158524939,0.7380227217790669,14,5,11,10.26570774999348,3,0,8,0,2,0,2,1
fold3_0001915,sa_0006770,1915,Colon,13,0,"[10,25)",AVAILABLE,1,1,1,10,0.4711282292300711,0.6086956521739131,0.7739963765922596,0.5201587633173177,0.523814690246284,0.7091491634033464,7,3,6,5.417975410142194,1,0,4,1,0,0,2,1
fold3_0001916,sa_0006771,1916,Colon,15,0,"[10,25)",AVAILABLE,1,1,1,17,0.7103301849484737,0.8125,0.8742525353211984,0.770541434908118,0.770541434908118,0.8704020360281545,13,4,2,11.365283833428114,0,0,1,1,0,0,3,1
fold3_0001917,sa_0006772,1917,Colon,16,0,"[10,25)",AVAILABLE,1,1,1,14,0.6372487459325284,0.8,0.7965609324156605,0.5766096979332274,0.598017736045905,0.7712998628974342,12,2,4,9.558731985548858,0,1,2,1,0,1,0,1
fold3_0001918,sa_0006773,1918,Colon,9,0,"[1,10)",AVAILABLE,1,1,1,8,0.3358197301567596,0.47058823529411764,0.7136169265831142,0.28635714285714287,0.28635714285714287,0.4452218335276806,4,4,5,2.8544684199493835,0,0,3,2,0,0,2,2
fold3_0001919,sa_0006774,1919,Colon,11,0,"[10,25)",AVAILABLE,1,1,1,8,0.6060224975301141,0.8421052631578947,0.7196517158170105,0.5545111656588637,0.5356136557237402,0.790441647109025,8,0,3,5.757214446187799,1,0,2,0,0,0,0,0
fold3_0001920,sa_0006775,1920,Colon,20,0,"[10,25)",AVAILABLE,1,1,1,20,0.7023926934168192,0.85,0.8263443451962579,0.7938630616611554,0.7938630616611554,0.9011358399522893,17,3,3,14.04785469468073,0,0,2,1,3,0,0,0
fold3_0001921,sa_0006776,1921,Colon,14,0,"[10,25)",AVAILABLE,1,1,1,13,0.4121488252060129,0.5185185185185185,0.7948584486115964,0.33833553769457725,0.33833553769457725,0.5917366680603596,7,6,7,5.564009935139623,0,0,5,2,5,0,1,0
fold3_0001922,sa_0006777,1922,Colon,13,0,"[10,25)",AVAILABLE,1,1,1,9,0.6130933667882038,0.7272727272727273,0.8430033793337802,0.6372751870125736,0.6372751870125736,0.7784582482745213,8,1,5,6.744027877673621,0,0,5,0,0,0,1,0
fold3_0001923,sa_0006778,1923,Colon,18,0,"[10,25)",AVAILABLE,1,1,1,17,0.6986593885110508,0.9142857142857143,0.7641587061839619,0.6459876274287706,0.7147338448916558,0.842363006951676,16,1,2,12.226540063102096,0,1,1,0,1,0,0,0
fold3_0001924,sa_0006779,1924,Colon,21,0,"[10,25)",AVAILABLE,1,1,1,13,0.5908389334186445,0.7058823529411765,0.8370218223430796,0.6182345511531084,0.6184803605924019,0.8763344605795371,12,1,9,10.044262705138777,3,0,6,0,0,0,0,1
fold3_0001925,sa_0006780,1925,Colon,15,0,"[10,25)",AVAILABLE,1,1,1,16,0.5924576534466918,0.7096774193548387,0.8348266934930656,0.6330935251798561,0.6269552174844654,0.8685192501865754,11,5,4,9.183094463250415,1,0,2,1,3,0,2,0
fold3_0001926,sa_0006781,1926,Colon,18,0,"[10,25)",AVAILABLE,1,1,1,16,0.6961188344808041,0.8823529411764706,0.7889346790782447,0.7345245692405871,0.7345245692405871,0.8483361949145614,15,1,3,11.834020975108348,0,0,3,0,0,0,1,0
fold3_0001927,sa_0006782,1927,Colon,23,0,"[10,25)",AVAILABLE,1,1,1,20,0.7112471769004219,0.8837209302325582,0.8048323317557406,0.7144872786855401,0.7144872786855401,0.8350633146619236,19,1,4,15.291815108191406,0,0,4,0,1,0,0,0
fold3_0001928,sa_0006783,1928,Colon,16,0,"[10,25)",AVAILABLE,1,1,1,13,0.7365109747321877,0.896551724137931,0.8214930102782094,0.7111436950146628,0.7115724069759232,0.8803267191947527,13,0,3,10.679409955109731,1,0,2,0,0,0,0,0
fold3_0001929,sa_0006784,1929,Colon,6,0,"[1,10)",AVAILABLE,1,1,1,5,0.6418101021738186,0.7272727272727273,0.8824888904890006,0.7160869565217391,0.7160869565217391,0.8363313909298201,4,1,2,3.5299564444448928,0,1,1,0,0,1,0,0
fold3_0001930,sa_0006785,1930,Colon,25,0,"[25,50)",AVAILABLE,1,1,1,19,0.6392976554465531,0.7727272727272727,0.8273263776367159,0.6335142246341062,0.6493302114919587,0.8967186409122644,17,2,8,14.064549247150548,5,0,3,0,0,0,1,1
fold3_0001931,sa_0006786,1931,Colon,24,0,"[10,25)",AVAILABLE,1,1,1,17,0.6280375726284727,0.7317073170731707,0.8583180159255794,0.6628126687061364,0.6510532712173385,0.904707866891581,15,2,9,12.874771097201707,2,2,5,0,0,1,0,1
fold3_0001932,sa_0006787,1932,Colon,21,0,"[10,25)",AVAILABLE,1,1,1,15,0.6618903363244496,0.7777777777777778,0.8510018609885781,0.6984902696570381,0.7208693121179781,0.9028020522072504,14,1,7,11.914026904841954,0,3,4,0,0,1,0,0
fold3_0001933,sa_0006788,1933,Colon,25,0,"[25,50)",AVAILABLE,1,1,1,20,0.6429432188202426,0.8,0.8036790235253033,0.5911355087933313,0.6761205056640945,0.8842471288292479,18,2,7,14.466223227134483,3,2,2,0,0,2,0,0
fold3_0001934,sa_0006789,1934,Colon,19,0,"[10,25)",AVAILABLE,1,1,1,11,0.4943758826250446,0.6,0.8239598043750744,0.46208319988612506,0.547167939688523,0.8325318971597102,9,2,10,7.415639063335473,5,0,4,1,0,0,0,2
fold3_0001935,sa_0006790,1935,Colon,21,0,"[10,25)",AVAILABLE,1,1,1,15,0.5795639026700701,0.7222222222222222,0.8024730960047124,0.6580975012601714,0.6718273704476175,0.8770212561777266,13,2,8,10.432151050534356,3,0,4,1,0,0,0,2
fold3_0001936,sa_0006791,1936,Colon,14,0,"[10,25)",AVAILABLE,1,1,1,15,0.3888342848625676,0.4827586206896552,0.8054424472153185,0.5308730229648825,0.561445069588392,0.7860168152222011,7,8,7,5.638097935949677,2,0,2,3,4,0,2,2
fold3_0001937,sa_0006792,1937,Colon,8,0,"[1,10)",AVAILABLE,1,1,1,7,0.5580666377898184,0.6666666666666666,0.8370999566847276,0.6068774840158977,0.6068774840158977,0.7553500376384558,5,2,3,4.1855006205235945,0,0,3,0,0,0,2,0
fold3_0001938,sa_0006793,1938,Colon,4,0,"[1,10)",AVAILABLE,1,1,1,3,0.7490086243835793,0.8571428571428571,0.8738433951141759,0.7806014400677679,0.7806014400677679,0.8767840152235966,3,0,1,2.621531059185923,0,0,1,0,0,0,0,0
fold3_0001939,sa_0006794,1939,Colon,27,0,"[25,50)",AVAILABLE,1,1,1,23,0.5450005936414523,0.68,0.8014714612374297,0.5128392550689633,0.5398419304341185,0.8266798909000744,17,6,10,13.625015642507767,2,5,3,0,0,3,2,1
fold3_0001940,sa_0006795,1940,Colon,27,0,"[25,50)",AVAILABLE,1,1,1,17,0.4601297127546666,0.5909090909090909,0.778681052354051,0.3978915662650602,0.49026872790767,0.8323378961506587,13,4,14,10.122854459283715,4,4,5,1,0,2,0,2
fold3_0001941,sa_0006796,1941,Colon,32,0,"[25,50)",AVAILABLE,1,1,1,21,0.36498231931962366,0.4528301886792453,0.8060026218308356,0.3980371610396913,0.4273672814445347,0.8456495828367103,12,9,20,9.672032267972648,14,1,4,1,1,1,1,6
fold3_0001942,sa_0006797,1942,Colon,22,0,"[10,25)",AVAILABLE,1,1,1,16,0.5322256560912225,0.631578947368421,0.8426906221444357,0.48824175824175825,0.5789097152668479,0.8052560036248301,12,4,10,10.11228830842385,6,0,4,0,0,0,2,2
fold3_0001943,sa_0006798,1943,Colon,18,0,"[10,25)",AVAILABLE,1,1,1,16,0.5005367221860438,0.5882352941176471,0.8509124277162745,0.45206240649711477,0.5311471485847645,0.8266697932543869,10,6,8,8.509125128075173,5,0,3,0,0,0,5,1
fold3_0001944,sa_0006799,1944,Colon,28,0,"[25,50)",AVAILABLE,1,1,1,10,0.24261874661356483,0.3157894736842105,0.768292697609622,0.3710415871804655,0.41352221506761105,0.7088192419825073,6,4,22,4.60975695395043,10,0,12,0,0,0,0,4
fold3_0001945,sa_0006800,1945,Colon,34,0,"[25,50)",AVAILABLE,1,1,1,27,0.39173438908998154,0.4918032786885246,0.7965265911496291,0.423602164390621,0.46488185562540646,0.7372549019607844,15,12,19,11.947899663771027,12,2,2,3,0,1,3,8
fold3_0001946,sa_0006801,1946,Colon,18,0,"[10,25)",AVAILABLE,1,1,1,17,0.5926369141428537,0.7428571428571429,0.7977804613461491,0.5232569974554707,0.6338255033557046,0.8549950706539599,13,4,5,10.3711467952804,3,1,1,0,0,2,2,0
fold3_0001947,sa_0006802,1947,Esophagus,37,0,"[25,50)",AVAILABLE,1,1,1,24,0.5528676018044998,0.6557377049180327,0.8431230927518623,0.5516862745098039,0.5867389225374562,0.8478784956605593,20,4,17,16.86246269816034,10,0,7,0,0,0,1,3
fold3_0001948,sa_0006803,1948,Esophagus,25,0,"[25,50)",AVAILABLE,1,1,1,16,0.3973604372189041,0.4878048780487805,0.8145888962987534,0.5655158885837583,0.5682666847715392,0.7801203515303693,10,6,15,8.14588977757643,1,0,10,4,2,0,1,3
fold3_0001949,sa_0006804,1949,Esophagus,19,0,"[10,25)",AVAILABLE,1,1,1,12,0.4389257158728229,0.5161290322580645,0.8504185745035945,0.578970363358334,0.5728912341497991,0.7962545691252316,8,4,11,6.80334944644733,4,0,7,0,0,0,2,2
fold3_0001950,sa_0006805,1950,Esophagus,13,0,"[10,25)",AVAILABLE,1,1,1,12,0.5432291055710211,0.64,0.8487954774547205,0.5771235385265531,0.5541132311542071,0.824594948173493,8,4,5,6.790364668433241,2,0,3,0,0,0,3,1
fold3_0001951,sa_0006806,1951,Esophagus,33,0,"[25,50)",AVAILABLE,1,1,1,28,0.4279730361724824,0.5573770491803278,0.767833976662395,0.5221259124087592,0.5270593757333959,0.7330177660293846,17,11,16,13.053178371094692,4,1,7,4,2,1,3,5
fold3_0001952,sa_0006807,1952,Esophagus,27,0,"[25,50)",AVAILABLE,1,1,1,23,0.608742616479748,0.76,0.8009771269470369,0.6259092483546934,0.6455472135750473,0.8131607255461998,19,4,8,15.21856621297083,1,0,5,2,2,0,1,1
fold3_0001953,sa_0006808,1953,Esophagus,25,0,"[25,50)",AVAILABLE,1,1,1,15,0.35857653680395407,0.45,0.7968367484532313,0.3948045397225725,0.4132877919788453,0.6615732439385671,9,6,16,7.17153153291583,5,0,10,1,2,0,2,2
fold3_0001954,sa_0006809,1954,Esophagus,25,0,"[25,50)",AVAILABLE,1,1,1,18,0.6209830308254524,0.7441860465116279,0.8344459476717017,0.6656683480453972,0.6656683480453972,0.8050534683448471,16,2,9,13.351135997193175,0,0,9,0,0,0,2,0
fold3_0001955,sa_0006810,1955,Esophagus,23,0,"[10,25)",AVAILABLE,1,1,1,18,0.41408998488803267,0.5365853658536586,0.77171315365497,0.44861163126638487,0.44861163126638487,0.6365046535677352,11,7,12,8.488845461917823,0,0,10,2,2,0,3,2
fold3_0001956,sa_0006811,1956,Esophagus,34,0,"[25,50)",AVAILABLE,1,1,1,29,0.6317522403340221,0.7619047619047619,0.8291748154384041,0.6172690501043842,0.6559450807975625,0.8816638330577358,24,5,10,19.900196399696515,5,1,4,0,0,0,4,1
fold3_0001957,sa_0006812,1957,Esophagus,50,0,"[50,+inf)",AVAILABLE,1,1,1,31,0.6237703643650334,0.7407407407407407,0.8420899918927952,0.611826006851484,0.6736367915013783,0.859111361079865,30,1,20,25.26270059887385,5,1,14,0,0,0,0,1
fold3_0001958,sa_0006813,1958,Esophagus,31,0,"[25,50)",AVAILABLE,1,1,1,25,0.6016000818609624,0.75,0.8021334424812832,0.6739778908580453,0.6801763711041314,0.8565265844627387,21,4,10,16.84480309424039,1,1,7,1,2,1,1,0
fold3_0001959,sa_0006814,1959,Esophagus,23,0,"[10,25)",AVAILABLE,1,1,1,14,0.4418060345341623,0.5405405405405406,0.8173411638882002,0.44047239067985955,0.44706687190011973,0.6918803923886065,10,4,13,8.173412456223165,1,0,11,1,2,0,2,0
fold3_0001960,sa_0006815,1960,Esophagus,51,0,"[50,+inf)",AVAILABLE,1,1,1,44,0.5872175151946102,0.6947368421052632,0.8452373324770904,0.5451172250776462,0.6401857736494745,0.8622099212263147,33,11,18,27.892832816981315,0,7,10,1,3,3,5,0
fold3_0001961,sa_0006816,1961,Esophagus,25,0,"[25,50)",AVAILABLE,1,1,1,17,0.4771960486145548,0.6190476190476191,0.7708551554542807,0.4680880908963389,0.4700528240552621,0.7565924042235613,13,4,12,10.021117791760805,5,0,6,1,2,0,0,2
fold3_0001962,sa_0006817,1962,Esophagus,19,0,"[10,25)",AVAILABLE,1,1,1,14,0.5474912000443435,0.7272727272727273,0.7528004000609723,0.5234766398695095,0.5419816414686826,0.7866584960168082,12,2,7,9.033605553532066,4,0,3,0,0,0,1,1
fold3_0001963,sa_0006818,1963,Esophagus,14,0,"[10,25)",AVAILABLE,1,1,1,7,0.5067017277055389,0.5714285714285714,0.8867280234846932,0.4185264445123815,0.4185264445123815,0.5900862068965518,6,1,8,5.320369027636183,0,0,8,0,0,0,1,0
fold3_0001964,sa_0006819,1964,Esophagus,23,0,"[10,25)",AVAILABLE,1,1,1,20,0.5789080551899625,0.6976744186046512,0.8297682124389462,0.6605029112547188,0.6648358920063525,0.8206208513851901,15,5,8,12.446524016352404,2,0,4,2,0,0,2,3
fold3_0001965,sa_0006820,1965,Esophagus,25,0,"[25,50)",AVAILABLE,1,1,1,19,0.5035531616957548,0.6363636363636364,0.7912978255219004,0.6626244574929793,0.6842765542235851,0.8684929239427295,14,5,11,11.07817034860443,5,0,6,0,1,0,2,2
fold3_0001966,sa_0006821,1966,Esophagus,25,0,"[25,50)",AVAILABLE,1,1,1,15,0.5981446954643778,0.7,0.8544924220919683,0.48074466143456834,0.5719582850521436,0.7766475011057055,14,1,11,11.962894763779978,4,0,7,0,0,0,0,1
fold3_0001967,sa_0006822,1967,Esophagus,34,0,"[25,50)",AVAILABLE,1,1,1,18,0.5559951632060758,0.6923076923076923,0.8031041246309983,0.6261754277786342,0.631570408825438,0.8077955652779159,18,0,16,14.455875046462095,1,0,15,0,0,0,0,0
fold3_0001968,sa_0006823,1968,Esophagus,29,0,"[25,50)",AVAILABLE,1,1,1,24,0.7368756639704565,0.8679245283018868,0.8490089171833519,0.7484437934822409,0.7385341233267501,0.9032502366677185,23,1,6,19.52720594422601,0,2,4,0,0,1,0,0
fold3_0001969,sa_0006824,1969,Esophagus,26,0,"[25,50)",AVAILABLE,1,1,1,21,0.6296994054409805,0.7659574468085106,0.8221075571035023,0.6137196786522112,0.6164074721634306,0.9005152144829353,18,3,8,14.797936849970599,4,0,4,0,1,0,1,1
fold3_0001970,sa_0006825,1970,Esophagus,24,0,"[10,25)",AVAILABLE,1,1,1,16,0.5860747480311925,0.7,0.8372496400445608,0.6548377957217736,0.6548377957217736,0.8058040491375251,14,2,10,11.72149579787349,0,0,10,0,0,2,0,0
fold3_0001971,sa_0006826,1971,Esophagus,19,0,"[10,25)",AVAILABLE,1,1,1,16,0.7038917415884154,0.8,0.8798646769855192,0.6333074232413525,0.6734443336146705,0.8965612104539202,14,2,5,12.318106357661945,3,0,2,0,0,0,1,1
fold3_0001972,sa_0006827,1972,Esophagus,24,0,"[10,25)",AVAILABLE,1,1,1,14,0.5793028927128433,0.631578947368421,0.9172295801286686,0.4981353692556159,0.5624317742883533,0.9126672757564358,12,2,12,11.006755878773603,7,0,5,0,0,0,0,2
fold3_0001973,sa_0006828,1973,Esophagus,19,0,"[10,25)",AVAILABLE,1,1,1,15,0.699897887395673,0.8235294117647058,0.8498760061233174,0.7022649371597554,0.7515289320997334,0.9354939791396213,14,1,5,11.898264935602448,4,0,1,0,0,0,0,1
fold3_0001974,sa_0006829,1974,Esophagus,19,0,"[10,25)",AVAILABLE,1,1,1,12,0.6718492294618282,0.7741935483870968,0.8678052547215281,0.6949028771724843,0.7362286444196072,0.8751149530991356,12,0,7,10.413663924463592,1,0,6,0,0,0,0,0
fold3_0001975,sa_0006830,1975,Esophagus,23,0,"[10,25)",AVAILABLE,1,1,1,17,0.5752716064082004,0.7,0.8218165805831434,0.5476959700731168,0.5561536072870303,0.8571238526007716,14,3,9,11.505432949980587,7,0,2,0,0,0,0,3
fold3_0001976,sa_0006831,1976,Esophagus,22,0,"[10,25)",AVAILABLE,1,1,1,19,0.7489284057272619,0.8292682926829268,0.9031195480828748,0.7734065538350738,0.7954136264569317,0.9068454108829894,17,2,5,15.35303322052842,2,0,3,0,0,0,1,1
fold3_0001977,sa_0006832,1977,Esophagus,18,0,"[10,25)",AVAILABLE,1,1,1,16,0.6858007119231375,0.8235294117647058,0.8327580073352384,0.6269473684210526,0.6392374517374517,0.8767849256587664,14,2,4,11.658612935451345,2,0,2,0,0,0,2,0
fold3_0001978,sa_0006833,1978,Esophagus,13,0,"[10,25)",AVAILABLE,1,1,1,10,0.7542020626874428,0.8695652173913043,0.8673323720905592,0.8038312764781728,0.8038312764781728,0.8912488512202593,10,0,3,8.673324588237964,0,0,3,0,0,0,0,0
fold3_0001979,sa_0006834,1979,Esophagus,22,0,"[10,25)",AVAILABLE,1,1,1,19,0.7625065791725225,0.8780487804878049,0.8684102707242618,0.7696065826690666,0.7696065826690666,0.8698052891601279,18,1,4,15.631385741446984,0,0,4,0,0,0,1,0
fold3_0001980,sa_0006835,1980,Esophagus,25,0,"[25,50)",AVAILABLE,1,1,1,20,0.7614252221699216,0.8888888888888888,0.8566033749411618,0.8109605911330049,0.8249947000211999,0.918510774234768,20,0,5,17.13206835542661,1,0,4,0,0,0,0,0
fold3_0001981,sa_0006836,1981,Esophagus,17,0,"[10,25)",AVAILABLE,1,1,1,18,0.6976897897116787,0.8,0.8721122371395983,0.7708692247454972,0.7708692247454972,0.912178296630406,14,4,3,12.209572192066613,0,0,2,1,4,0,0,0
fold3_0001982,sa_0006837,1982,Esophagus,22,0,"[10,25)",AVAILABLE,1,1,1,18,0.7084851673554858,0.8,0.8856064591943572,0.7455089820359282,0.7455089820359282,0.8648207138773176,16,2,6,14.169704232716175,0,0,6,0,1,0,1,0
fold3_0001983,sa_0006838,1983,Esophagus,9,0,"[1,10)",AVAILABLE,1,1,1,8,0.8691412380267779,0.9411764705882353,0.9234625654034515,0.8539901477832512,0.9224376731301939,0.9607625803591221,8,0,1,7.387701446690177,1,0,0,0,0,0,0,0
fold3_0001984,sa_0006839,1984,Esophagus,6,0,"[1,10)",AVAILABLE,1,1,1,7,0.8392699673181799,0.9230769230769231,0.9092091312613616,0.8585710802243355,0.8585710802243355,0.9244292836525846,6,1,0,5.455255696777301,0,0,0,0,0,0,1,0
fold3_0001985,sa_0006840,1985,Esophagus,17,0,"[10,25)",AVAILABLE,1,1,1,14,0.7552502271673301,0.8387096774193549,0.9004906554687397,0.7949244712990936,0.7949244712990936,0.885746987140645,13,1,4,11.706379421584272,0,0,4,0,0,0,1,0
fold3_0001986,sa_0006841,1986,Esophagus,25,0,"[25,50)",AVAILABLE,1,1,1,22,0.7991832002011461,0.9361702127659575,0.8536729638512242,0.7990336258751602,0.8158904677937974,0.9256868681098989,22,0,3,18.780806058399897,1,0,2,0,0,0,0,0
fold3_0001987,NOT_FOUND,1987,Head & Neck,0,1,"[0,1)",NOT_EVALUATED,0,0,0,NOT_EVALUATED,NOT_EVALUATED,NOT_EVALUATED,NOT_EVALUATED,NOT_EVALUATED,NOT_EVALUATED,NOT_EVALUATED,NOT_EVALUATED,NOT_EVALUATED,NOT_EVALUATED,NOT_EVALUATED,NOT_EVALUATED,NOT_EVALUATED,NOT_EVALUATED,NOT_EVALUATED,NOT_EVALUATED,NOT_EVALUATED,NOT_EVALUATED,NOT_EVALUATED
fold3_0001988,NOT_FOUND,1988,Head & Neck,0,1,"[0,1)",NOT_EVALUATED,0,0,0,NOT_EVALUATED,NOT_EVALUATED,NOT_EVALUATED,NOT_EVALUATED,NOT_EVALUATED,NOT_EVALUATED,NOT_EVALUATED,NOT_EVALUATED,NOT_EVALUATED,NOT_EVALUATED,NOT_EVALUATED,NOT_EVALUATED,NOT_EVALUATED,NOT_EVALUATED,NOT_EVALUATED,NOT_EVALUATED,NOT_EVALUATED,NOT_EVALUATED,NOT_EVALUATED
fold3_0001989,NOT_FOUND,1989,Head & Neck,0,1,"[0,1)",NOT_EVALUATED,0,0,0,NOT_EVALUATED,NOT_EVALUATED,NOT_EVALUATED,NOT_EVALUATED,NOT_EVALUATED,NOT_EVALUATED,NOT_EVALUATED,NOT_EVALUATED,NOT_EVALUATED,NOT_EVALUATED,NOT_EVALUATED,NOT_EVALUATED,NOT_EVALUATED,NOT_EVALUATED,NOT_EVALUATED,NOT_EVALUATED,NOT_EVALUATED,NOT_EVALUATED,NOT_EVALUATED
fold3_0001990,NOT_FOUND,1990,Head & Neck,0,1,"[0,1)",NOT_EVALUATED,0,0,0,NOT_EVALUATED,NOT_EVALUATED,NOT_EVALUATED,NOT_EVALUATED,NOT_EVALUATED,NOT_EVALUATED,NOT_EVALUATED,NOT_EVALUATED,NOT_EVALUATED,NOT_EVALUATED,NOT_EVALUATED,NOT_EVALUATED,NOT_EVALUATED,NOT_EVALUATED,NOT_EVALUATED,NOT_EVALUATED,NOT_EVALUATED,NOT_EVALUATED,NOT_EVALUATED
fold3_0001991,NOT_FOUND,1991,Head & Neck,0,1,"[0,1)",NOT_EVALUATED,0,0,0,NOT_EVALUATED,NOT_EVALUATED,NOT_EVALUATED,NOT_EVALUATED,NOT_EVALUATED,NOT_EVALUATED,NOT_EVALUATED,NOT_EVALUATED,NOT_EVALUATED,NOT_EVALUATED,NOT_EVALUATED,NOT_EVALUATED,NOT_EVALUATED,NOT_EVALUATED,NOT_EVALUATED,NOT_EVALUATED,NOT_EVALUATED,NOT_EVALUATED,NOT_EVALUATED
fold3_0001992,NOT_FOUND,1992,Head & Neck,0,1,"[0,1)",NOT_EVALUATED,0,0,0,NOT_EVALUATED,NOT_EVALUATED,NOT_EVALUATED,NOT_EVALUATED,NOT_EVALUATED,NOT_EVALUATED,NOT_EVALUATED,NOT_EVALUATED,NOT_EVALUATED,NOT_EVALUATED,NOT_EVALUATED,NOT_EVALUATED,NOT_EVALUATED,NOT_EVALUATED,NOT_EVALUATED,NOT_EVALUATED,NOT_EVALUATED,NOT_EVALUATED,NOT_EVALUATED
fold3_0001993,sa_0006842,1993,Head & Neck,18,0,"[10,25)",AVAILABLE,1,1,1,16,0.7160614862378917,0.8823529411764706,0.8115363510696105,0.7642737009825618,0.7642737009825618,0.8736139681902564,15,1,3,12.173046077580508,0,0,3,0,1,0,0,0
fold3_0001994,sa_0006843,1994,Head & Neck,24,0,"[10,25)",AVAILABLE,1,1,1,19,0.6671694904214012,0.7906976744186046,0.8437731790623604,0.6620756547041707,0.6862469222652128,0.8543178973717146,17,2,7,14.344144887833306,2,0,5,0,0,0,1,1
fold3_0001995,sa_0006844,1995,Head & Neck,20,0,"[10,25)",AVAILABLE,1,1,1,19,0.6142308158018809,0.7692307692307693,0.798500060542445,0.704361712745783,0.704361712745783,0.8434059498711642,15,4,5,11.977501706636735,0,2,3,0,1,2,1,0
fold3_0001996,sa_0006845,1996,Head & Neck,22,0,"[10,25)",AVAILABLE,1,1,1,20,0.6746617460434462,0.8095238095238095,0.8334056862889629,0.648472976582673,0.6782977006857603,0.8786203581300325,17,3,5,14.167897500318057,2,0,3,0,1,0,2,0
fold3_0001997,sa_0006846,1997,Head & Neck,20,0,"[10,25)",AVAILABLE,1,1,1,17,0.6708696569355079,0.8108108108108109,0.8274059102204597,0.6921988682295878,0.7097550764077873,0.8613406795224977,15,2,5,12.411089480712805,1,0,3,1,2,0,0,0
fold3_0001998,sa_0006847,1998,Head & Neck,20,0,"[10,25)",AVAILABLE,1,1,1,16,0.6701278970983652,0.8333333333333334,0.8041534765180381,0.6190509179078628,0.6650888492279041,0.8328828408984994,15,1,5,12.062302951924048,2,0,3,0,0,0,1,0
fold3_0001999,sa_0006848,1999,Head & Neck,18,0,"[10,25)",AVAILABLE,1,1,1,16,0.5478896985966295,0.7058823529411765,0.7761770730118918,0.5896234600034704,0.5976263399693721,0.8142822909178049,12,4,6,9.314125652319774,2,0,2,2,0,0,2,2
fold3_0002000,sa_0006849,2000,Head & Neck,22,0,"[10,25)",AVAILABLE,1,1,1,16,0.4844276371869562,0.5789473684210527,0.836738646050197,0.48977777777777776,0.5003058103975535,0.7300244598450877,11,5,11,9.204125943290812,3,0,6,2,0,0,2,3
fold3_0002001,sa_0006850,2001,Head & Neck,12,0,"[10,25)",AVAILABLE,1,1,1,8,0.49213832730142043,0.6,0.8202305455023674,0.53966649823143,0.560546875,0.7698909350974432,6,2,6,4.92138409324475,2,1,3,0,0,1,0,1
fold3_0002002,sa_0006851,2002,Head & Neck,24,0,"[10,25)",AVAILABLE,1,1,1,24,0.5103854051380922,0.625,0.8166166482209475,0.5910648015986297,0.5910648015986297,0.7609222212254418,15,9,9,12.249250539930859,0,1,7,1,1,2,5,1
fold3_0002003,sa_0006852,2003,Head & Neck,13,0,"[10,25)",AVAILABLE,1,1,1,8,0.3423980731318803,0.38095238095238093,0.8987949419711858,0.49376146788990827,0.5254163962794722,0.7793533749290982,4,4,9,3.5951806666796853,4,0,4,1,2,0,0,2
fold3_0002004,sa_0006853,2004,Head & Neck,26,0,"[25,50)",AVAILABLE,1,1,1,22,0.5594795680242717,0.7083333333333334,0.7898535077989718,0.5212603242581829,0.5234080319502995,0.7445383046897757,17,5,9,13.427510422436029,2,0,7,0,0,0,5,0
fold3_0002005,sa_0006854,2005,Head & Neck,25,0,"[25,50)",AVAILABLE,1,1,1,23,0.4985812934493679,0.6666666666666666,0.7478719401740519,0.562239360182805,0.5581223433746073,0.7830625074131182,16,7,9,11.96595179065677,3,0,5,1,2,0,4,1
fold3_0002006,sa_0006855,2006,Head & Neck,31,0,"[25,50)",AVAILABLE,1,1,1,23,0.5744523025395333,0.7037037037037037,0.8163269562403894,0.5434086817363473,0.5409597168731134,0.7552012969467712,19,4,12,15.510212984894356,2,0,9,1,2,0,1,1
fold3_0002007,sa_0006856,2007,Head & Neck,23,0,"[10,25)",AVAILABLE,1,1,1,26,0.33783573806790446,0.4489795918367347,0.7524523256966963,0.3544834307992203,0.3370809695719443,0.5875183213762246,11,15,12,8.276976335115984,2,0,7,3,2,0,11,2
fold3_0002008,sa_0006857,2008,Head & Neck,29,0,"[25,50)",AVAILABLE,1,1,1,30,0.6150236889753133,0.7457627118644068,0.8246908556714428,0.6027910731791708,0.6295631728746443,0.7938641454987281,22,8,7,18.1431996494626,1,0,6,0,0,0,8,0
fold3_0002009,sa_0006858,2009,Head & Neck,33,0,"[25,50)",AVAILABLE,1,1,1,32,0.613716231285303,0.7076923076923077,0.8672077181205367,0.6064352512284039,0.6560458523357574,0.8543038963938819,23,9,10,19.945778383980063,7,0,3,0,0,0,6,3
fold3_0002010,sa_0006859,2010,Head & Neck,34,0,"[25,50)",AVAILABLE,1,1,1,32,0.6444648089455421,0.7878787878787878,0.8179745652001112,0.6554304943142261,0.6597331716191631,0.8258979136979795,26,6,8,21.267339513177458,3,1,4,0,0,0,5,1
fold3_0002011,sa_0006860,2011,Head & Neck,1,0,"[1,10)",AVAILABLE,1,1,1,3,0.44597204911635957,0.5,0.8919440982327191,0.4407766990291262,0.4407766990291262,0.6118598382749326,1,2,0,0.8919449901768173,0,0,0,0,0,0,2,0
fold3_0002012,sa_0006861,2012,Head & Neck,53,0,"[50,+inf)",AVAILABLE,1,1,1,39,0.5081069621693127,0.6521739130434783,0.7790973419929461,0.4697109628869506,0.5154681511224676,0.8290729533616356,30,9,23,23.372921038885725,8,9,5,1,0,5,2,2
fold3_0002013,sa_0006862,2013,Head & Neck,61,0,"[50,+inf)",AVAILABLE,1,1,1,51,0.5586765310486269,0.6964285714285714,0.8022021984287976,0.5395760059372076,0.5682591157162066,0.8441810616567899,39,12,22,31.2858865409253,14,2,3,3,1,1,3,7
fold3_0002014,sa_0006863,2014,Head & Neck,48,0,"[25,50)",AVAILABLE,1,1,1,42,0.6262150618611634,0.7555555555555555,0.8288140524633045,0.6327091692673503,0.6328451474321422,0.8168576143892463,34,8,14,28.179678612566406,5,0,6,3,0,0,3,5
fold3_0002015,sa_0006864,2015,Head & Neck,10,0,"[10,25)",AVAILABLE,1,1,1,11,0.5007039766602435,0.5714285714285714,0.8762319591554261,0.49720348741569337,0.5174429935685052,0.7763935268430516,6,5,4,5.257392631164516,2,0,2,0,0,0,4,1
fold3_0002016,sa_0006865,2016,Head & Neck,5,0,"[1,10)",AVAILABLE,1,1,1,3,0.3177541953041515,0.5,0.635508390608303,0.35336647085404427,0.35336647085404427,0.5542570951585977,2,1,3,1.2710174167249968,0,0,3,0,1,0,0,0
fold3_0002017,sa_0006866,2017,Head & Neck,18,0,"[10,25)",AVAILABLE,1,1,1,15,0.47853974207686156,0.6060606060606061,0.7895905744268216,0.5261176189337796,0.5538858195211787,0.8537972883284346,10,5,8,7.895906533858789,1,3,2,2,2,2,0,1
fold3_0002018,sa_0006867,2018,Head & Neck,13,0,"[10,25)",AVAILABLE,1,1,1,10,0.5720147768627496,0.782608695652174,0.7309077704357355,0.5348726331562458,0.6200387629560967,0.8169570871261378,9,1,4,6.57817066482939,2,0,1,1,0,0,0,1
fold3_0002019,sa_0006868,2019,Head & Neck,19,0,"[10,25)",AVAILABLE,1,1,1,17,0.3667807492181191,0.4444444444444444,0.825256685740768,0.3701185639665036,0.442320819112628,0.7042120208234738,8,9,11,6.60205431118283,9,0,2,0,0,0,5,4
fold3_0002020,sa_0006869,2020,Head & Neck,10,0,"[10,25)",AVAILABLE,1,1,1,8,0.554141991677238,0.6666666666666666,0.831212987515857,0.5961563265832581,0.5961563265832581,0.746989898989899,6,2,4,4.98727875630813,0,0,3,1,0,0,1,1
fold3_0002021,sa_0006870,2021,Head & Neck,9,0,"[1,10)",AVAILABLE,1,1,1,9,0.5218858650554377,0.6666666666666666,0.7828287975831565,0.6186956521739131,0.6186956521739131,0.7644372817620199,6,3,3,4.696973568327737,0,0,1,2,0,0,1,2
fold3_0002022,sa_0006871,2022,Head & Neck,14,0,"[10,25)",AVAILABLE,1,1,1,13,0.6259648933060938,0.7407407407407407,0.8450526059632267,0.6548150510204082,0.6694934810199608,0.8515152562286188,10,3,4,8.450526904684873,2,0,2,0,0,0,2,1
fold3_0002023,NOT_FOUND,2023,Head & Neck,0,1,"[0,1)",NOT_EVALUATED,0,0,0,NOT_EVALUATED,NOT_EVALUATED,NOT_EVALUATED,NOT_EVALUATED,NOT_EVALUATED,NOT_EVALUATED,NOT_EVALUATED,NOT_EVALUATED,NOT_EVALUATED,NOT_EVALUATED,NOT_EVALUATED,NOT_EVALUATED,NOT_EVALUATED,NOT_EVALUATED,NOT_EVALUATED,NOT_EVALUATED,NOT_EVALUATED,NOT_EVALUATED,NOT_EVALUATED
fold3_0002024,sa_0006872,2024,Head & Neck,15,0,"[10,25)",AVAILABLE,1,1,1,11,0.638066545872202,0.7692307692307693,0.8294865096338626,0.6585987261146496,0.6585987261146496,0.794162826420891,10,1,5,8.294865925825135,0,0,5,0,0,0,1,0
fold3_0002025,NOT_FOUND,2025,Head & Neck,0,1,"[0,1)",NOT_EVALUATED,0,0,0,NOT_EVALUATED,NOT_EVALUATED,NOT_EVALUATED,NOT_EVALUATED,NOT_EVALUATED,NOT_EVALUATED,NOT_EVALUATED,NOT_EVALUATED,NOT_EVALUATED,NOT_EVALUATED,NOT_EVALUATED,NOT_EVALUATED,NOT_EVALUATED,NOT_EVALUATED,NOT_EVALUATED,NOT_EVALUATED,NOT_EVALUATED,NOT_EVALUATED,NOT_EVALUATED
fold3_0002026,NOT_FOUND,2026,Head & Neck,0,1,"[0,1)",NOT_EVALUATED,0,0,0,NOT_EVALUATED,NOT_EVALUATED,NOT_EVALUATED,NOT_EVALUATED,NOT_EVALUATED,NOT_EVALUATED,NOT_EVALUATED,NOT_EVALUATED,NOT_EVALUATED,NOT_EVALUATED,NOT_EVALUATED,NOT_EVALUATED,NOT_EVALUATED,NOT_EVALUATED,NOT_EVALUATED,NOT_EVALUATED,NOT_EVALUATED,NOT_EVALUATED,NOT_EVALUATED
fold3_0002027,sa_0006873,2027,Head & Neck,12,0,"[10,25)",AVAILABLE,1,1,1,12,0.773267008486553,0.9166666666666666,0.8435640092580579,0.8015714918105357,0.8015714918105357,0.9007924319675655,11,1,1,9.279204945402645,0,0,1,0,1,0,0,0
fold3_0002028,sa_0006874,2028,Head & Neck,8,0,"[1,10)",AVAILABLE,1,1,1,9,0.5612133240404369,0.7058823529411765,0.7950522090572856,0.6557377049180327,0.6557377049180327,0.7920792079207921,6,3,2,4.770314049395923,0,0,2,0,0,0,3,0
fold3_0002029,sa_0006875,2029,Head & Neck,12,0,"[10,25)",AVAILABLE,1,1,1,11,0.8125251810033702,0.9565217391304348,0.8494581437762506,0.8354644892928671,0.8354644892928671,0.9103575625314756,11,0,1,9.3440404309969,0,0,1,0,0,0,0,0
fold3_0002030,sa_0006876,2030,Head & Neck,68,0,"[50,+inf)",AVAILABLE,1,1,1,58,0.6015064417729815,0.7142857142857143,0.8421090184821741,0.5388406608793055,0.5783891739265177,0.844801256599328,45,13,23,37.89490667380685,15,3,4,1,0,2,5,6
fold3_0002031,sa_0006877,2031,Head & Neck,73,0,"[50,+inf)",AVAILABLE,1,1,1,64,0.6144391207160459,0.7299270072992701,0.8417815953809828,0.5833086233388145,0.6081675260177775,0.8560357206081946,50,14,23,42.089080610830734,13,6,2,2,0,4,4,6
fold3_0002032,sa_0006878,2032,Head & Neck,99,0,"[50,+inf)",AVAILABLE,1,1,1,83,0.5948121729883953,0.7252747252747253,0.8201198142718784,0.5564499096519842,0.5797912527632426,0.8449262270400482,66,17,33,54.12790856206379,10,12,10,1,0,4,9,4
fold3_0002033,sa_0006879,2033,Head & Neck,96,0,"[50,+inf)",AVAILABLE,1,1,1,79,0.6464843304508876,0.7771428571428571,0.8318732193301863,0.6003798458272819,0.6367619172170274,0.8627302145339779,68,11,28,56.567379746325884,16,2,6,4,0,1,3,7
fold3_0002034,sa_0006880,2034,Head & Neck,55,0,"[50,+inf)",AVAILABLE,1,1,1,48,0.4751179636154873,0.6019417475728155,0.7893088750386322,0.4708560038786834,0.5247921051723543,0.8025345100701516,31,17,24,24.468575915506474,9,4,7,4,1,3,7,6
fold3_0002035,sa_0006881,2035,Head & Neck,97,0,"[50,+inf)",AVAILABLE,1,1,1,75,0.6116038627230029,0.7674418604651163,0.7969383665784583,0.5608309871171402,0.6150797988631395,0.9020795614138987,66,9,31,52.597932991116615,17,6,7,1,1,2,2,4
fold3_0002036,sa_0006882,2036,Head & Neck,99,0,"[50,+inf)",AVAILABLE,1,1,1,84,0.6802004847613808,0.7978142076502732,0.8525800596666623,0.6514082596190373,0.683260410611021,0.8769404151670483,73,11,26,62.2383452082464,14,4,8,0,1,3,3,4
fold3_0002037,sa_0006883,2037,Head & Neck,25,0,"[25,50)",AVAILABLE,1,1,1,24,0.5195976337775764,0.6530612244897959,0.795633876721914,0.5176294489411243,0.5766310461192351,0.83269419423883,16,8,9,12.7301428231845,6,0,3,0,0,0,7,1
fold3_0002038,sa_0006884,2038,Head & Neck,90,0,"[50,+inf)",AVAILABLE,1,1,1,65,0.536724370265952,0.6580645161290323,0.8156105626590447,0.540264742341066,0.5525286353530521,0.8881194938911648,51,14,39,41.59613951122184,15,15,8,1,0,5,3,6
fold3_0002039,sa_0006885,2039,Head & Neck,26,0,"[25,50)",AVAILABLE,1,1,1,25,0.47995669083470854,0.6274509803921569,0.7649309760178168,0.5102071907373553,0.5396337790627636,0.7869019208951137,16,9,10,12.238896381216046,6,1,2,1,0,1,5,3
fold3_0002040,sa_0006886,2040,Head & Neck,26,0,"[25,50)",AVAILABLE,1,1,1,26,0.7061908963077024,0.8076923076923077,0.8743315859047743,0.7368084084724964,0.7569538670284939,0.8888888888888888,21,5,5,18.360964178331848,2,0,3,0,0,0,4,1
fold3_0002041,sa_0006887,2041,Head & Neck,29,0,"[25,50)",AVAILABLE,1,1,1,27,0.68280748809829,0.8214285714285714,0.8312438985544399,0.7479674796747967,0.7479674796747967,0.8608071135430917,23,4,6,19.118610497996016,0,0,6,0,1,0,3,0
fold3_0002042,sa_0006888,2042,Head & Neck,25,0,"[25,50)",AVAILABLE,1,1,1,26,0.5237187731325734,0.6666666666666666,0.7855781596988602,0.5282038345105954,0.5517204301075269,0.7257986279537108,17,9,8,13.354829500458784,4,0,2,2,1,0,4,4
fold3_0002043,sa_0006889,2043,Head & Neck,26,0,"[25,50)",AVAILABLE,1,1,1,21,0.726307010415584,0.8085106382978723,0.8983270918298013,0.7820055025463911,0.7808643851437602,0.9119705089258285,19,2,7,17.068215643093318,2,0,5,0,0,0,1,1
fold3_0002044,sa_0006890,2044,Head & Neck,31,0,"[25,50)",AVAILABLE,1,1,1,26,0.6744489265422745,0.7719298245614035,0.8737179275661284,0.745445725989005,0.7511201860359594,0.8985554187989895,22,4,9,19.221795280172753,2,2,4,1,0,1,1,2
fold3_0002045,sa_0006891,2045,Head & Neck,30,0,"[25,50)",AVAILABLE,1,1,1,24,0.6265703047441957,0.7777777777777778,0.8055903918139659,0.5919626096617248,0.6577898034747935,0.8935085760100793,21,3,9,16.917399033683676,3,2,3,1,0,1,1,1
fold3_0002046,sa_0006892,2046,Head & Neck,29,0,"[25,50)",AVAILABLE,1,1,1,28,0.6448742310691159,0.7719298245614035,0.8354052538849911,0.6666339644854312,0.6912235746316464,0.8579545454545454,22,6,7,18.378916420875058,4,0,2,1,0,0,4,2
fold3_0002047,sa_0006893,2047,Head & Neck,31,0,"[25,50)",AVAILABLE,1,1,1,28,0.5334589596948414,0.6779661016949152,0.786851965549891,0.6432742546870198,0.6438530456449133,0.809984520123839,20,8,11,15.737040097849786,1,0,7,3,0,0,5,3
fold3_0002048,sa_0006894,2048,Head & Neck,31,0,"[25,50)",AVAILABLE,1,1,1,30,0.7454680415817195,0.8852459016393442,0.8421027877126832,0.7252378794743997,0.7356762314234975,0.8632202477113624,27,3,4,22.736776110345236,1,0,3,0,0,0,3,0
fold3_0002049,sa_0006895,2049,Head & Neck,10,0,"[10,25)",AVAILABLE,1,1,1,10,0.7733260695205697,0.9,0.8592511883561885,0.8408163265306122,0.8408163265306122,0.9135254988913526,9,1,1,7.733261554456885,0,0,1,0,0,0,1,0
fold3_0002050,sa_0006896,2050,Head & Neck,6,0,"[1,10)",AVAILABLE,1,1,1,6,0.7067608763546448,0.8333333333333334,0.8481130516255737,0.6638468388245771,0.6638468388245771,0.797966283114798,5,1,1,4.24056610624092,0,0,1,0,0,0,1,0
fold3_0002051,sa_0006897,2051,Head & Neck,27,0,"[25,50)",AVAILABLE,1,1,1,24,0.5784369494814151,0.7843137254901961,0.7375071105888042,0.5892132551848512,0.5824340340590106,0.8423210343740145,20,4,7,14.750142949283196,3,2,2,0,0,1,2,1
fold3_0002052,sa_0006898,2052,Head & Neck,7,0,"[1,10)",AVAILABLE,1,1,1,5,0.4249291790211331,0.5,0.8498583580422662,0.5605358062854199,0.5605358062854199,0.718388907230109,3,2,4,2.5495759239851568,0,0,3,1,0,0,1,1
fold3_0002053,sa_0006899,2053,Head & Neck,10,0,"[10,25)",AVAILABLE,1,1,1,5,0.5489457266172046,0.6666666666666666,0.8234185899258071,0.4510150044130627,0.4510150044130627,0.621654501216545,5,0,5,4.117093773047626,0,0,5,0,0,0,0,0
fold3_0002054,sa_0006900,2054,Head & Neck,9,0,"[1,10)",AVAILABLE,1,1,1,8,0.7649942021714027,0.9411764705882353,0.8128063398071154,0.7231663685152058,0.7846385542168675,0.909704641350211,8,0,1,6.5024515312632625,1,0,0,0,0,0,0,0
fold3_0002055,sa_0006901,2055,Head & Neck,10,0,"[10,25)",AVAILABLE,1,1,1,3,0.14541608219192625,0.15384615384615385,0.9452045342475206,0.08430054978619425,0.08430054978619425,0.15549295774647887,1,2,9,0.9452054794520548,0,0,9,0,0,0,2,0
fold3_0002056,sa_0006902,2056,Head & Neck,7,0,"[1,10)",AVAILABLE,1,1,1,7,0.7461023698724417,0.8571428571428571,0.8704527648511821,0.6946842344388914,0.6946842344388914,0.8198391420911528,6,1,1,5.222717459559857,0,0,1,0,0,0,1,0
fold3_0002057,sa_0006903,2057,Head & Neck,10,0,"[10,25)",AVAILABLE,1,1,1,4,0.4728313572290621,0.5714285714285714,0.8274548751508587,0.566006600660066,0.566006600660066,0.7228661749209695,4,0,6,3.30982032805831,0,0,6,0,0,0,0,0
fold3_0002058,sa_0006904,2058,Head & Neck,16,0,"[10,25)",AVAILABLE,1,1,1,10,0.6901209267235687,0.7692307692307693,0.8971572047406393,0.7244582043343654,0.7244582043343654,0.8402154398563735,10,0,6,8.971572944563597,0,0,6,0,0,0,0,0
fold3_0002059,sa_0006905,2059,Head & Neck,18,0,"[10,25)",AVAILABLE,1,1,1,5,0.13514062345842714,0.17391304347826086,0.7770585848859561,0.14412006578947367,0.14412006578947367,0.3018867924528302,2,3,16,1.5541179468304973,0,0,15,1,3,0,0,0
fold3_0002060,sa_0006906,2060,Head & Neck,14,0,"[10,25)",AVAILABLE,1,1,1,1,0.10116540000010117,0.13333333333333333,0.7587405000007588,0.05212587076627432,0.05212587076627432,0.09908675799086758,1,0,13,0.7587412587412588,0,0,13,0,0,0,0,0
fold3_0002061,sa_0006907,2061,Head & Neck,1,0,"[1,10)",AVAILABLE,1,1,1,1,0.0,0.0,0.0,0.0,0.0,0.0,0,1,1,0.0,0,0,1,0,0,0,1,0
fold3_0002062,sa_0006908,2062,Head & Neck,15,0,"[10,25)",AVAILABLE,1,1,1,5,0.05027168885874592,0.1,0.5027168885874592,0.1411543287327478,0.1411543287327478,0.3402968664101155,1,4,14,0.5027173913043478,0,0,12,2,3,0,0,1
fold3_0002063,NOT_FOUND,2063,Head & Neck,0,1,"[0,1)",NOT_EVALUATED,0,0,0,NOT_EVALUATED,NOT_EVALUATED,NOT_EVALUATED,NOT_EVALUATED,NOT_EVALUATED,NOT_EVALUATED,NOT_EVALUATED,NOT_EVALUATED,NOT_EVALUATED,NOT_EVALUATED,NOT_EVALUATED,NOT_EVALUATED,NOT_EVALUATED,NOT_EVALUATED,NOT_EVALUATED,NOT_EVALUATED,NOT_EVALUATED,NOT_EVALUATED,NOT_EVALUATED
fold3_0002064,NOT_FOUND,2064,Head & Neck,0,1,"[0,1)",NOT_EVALUATED,0,0,0,NOT_EVALUATED,NOT_EVALUATED,NOT_EVALUATED,NOT_EVALUATED,NOT_EVALUATED,NOT_EVALUATED,NOT_EVALUATED,NOT_EVALUATED,NOT_EVALUATED,NOT_EVALUATED,NOT_EVALUATED,NOT_EVALUATED,NOT_EVALUATED,NOT_EVALUATED,NOT_EVALUATED,NOT_EVALUATED,NOT_EVALUATED,NOT_EVALUATED,NOT_EVALUATED
fold3_0002065,NOT_FOUND,2065,Head & Neck,0,1,"[0,1)",NOT_EVALUATED,0,0,0,NOT_EVALUATED,NOT_EVALUATED,NOT_EVALUATED,NOT_EVALUATED,NOT_EVALUATED,NOT_EVALUATED,NOT_EVALUATED,NOT_EVALUATED,NOT_EVALUATED,NOT_EVALUATED,NOT_EVALUATED,NOT_EVALUATED,NOT_EVALUATED,NOT_EVALUATED,NOT_EVALUATED,NOT_EVALUATED,NOT_EVALUATED,NOT_EVALUATED,NOT_EVALUATED
fold3_0002066,NOT_FOUND,2066,Head & Neck,0,1,"[0,1)",NOT_EVALUATED,0,0,0,NOT_EVALUATED,NOT_EVALUATED,NOT_EVALUATED,NOT_EVALUATED,NOT_EVALUATED,NOT_EVALUATED,NOT_EVALUATED,NOT_EVALUATED,NOT_EVALUATED,NOT_EVALUATED,NOT_EVALUATED,NOT_EVALUATED,NOT_EVALUATED,NOT_EVALUATED,NOT_EVALUATED,NOT_EVALUATED,NOT_EVALUATED,NOT_EVALUATED,NOT_EVALUATED
fold3_0002067,NOT_FOUND,2067,Head & Neck,0,1,"[0,1)",NOT_EVALUATED,0,0,0,NOT_EVALUATED,NOT_EVALUATED,NOT_EVALUATED,NOT_EVALUATED,NOT_EVALUATED,NOT_EVALUATED,NOT_EVALUATED,NOT_EVALUATED,NOT_EVALUATED,NOT_EVALUATED,NOT_EVALUATED,NOT_EVALUATED,NOT_EVALUATED,NOT_EVALUATED,NOT_EVALUATED,NOT_EVALUATED,NOT_EVALUATED,NOT_EVALUATED,NOT_EVALUATED
fold3_0002068,sa_0006909,2068,Head & Neck,2,0,"[1,10)",AVAILABLE,1,1,1,0,0.0,0.0,0.0,0.0,0.0,0.0,0,0,2,0.0,0,0,2,0,0,0,0,0
fold3_0002069,sa_0006910,2069,Head & Neck,10,0,"[10,25)",AVAILABLE,1,1,1,2,0.1846210285522173,0.3333333333333333,0.5538630856566519,0.12184571016582552,0.12184571016582552,0.21722365038560412,2,0,8,1.1077267251763896,0,0,8,0,0,0,0,0
fold3_0002070,sa_0006911,2070,Head & Neck,12,0,"[10,25)",AVAILABLE,1,1,1,0,0.0,0.0,0.0,0.0,0.0,0.0,0,0,12,0.0,0,0,12,0,0,0,0,0
fold3_0002071,sa_0006912,2071,Head & Neck,2,0,"[1,10)",AVAILABLE,1,1,1,0,0.0,0.0,0.0,0.0,0.0,0.0,0,0,2,0.0,0,0,2,0,0,0,0,0
fold3_0002072,sa_0006913,2072,Head & Neck,1,0,"[1,10)",AVAILABLE,1,1,1,1,0.0,0.0,0.0,0.140625,0.140625,0.2465753424657534,0,1,1,0.0,0,0,0,1,0,0,0,1
fold3_0002073,sa_0006914,2073,Head & Neck,2,0,"[1,10)",AVAILABLE,1,1,1,0,0.0,0.0,0.0,0.0,0.0,0.0,0,0,2,0.0,0,0,2,0,0,0,0,0
fold3_0002074,NOT_FOUND,2074,Head & Neck,0,1,"[0,1)",NOT_EVALUATED,0,0,0,NOT_EVALUATED,NOT_EVALUATED,NOT_EVALUATED,NOT_EVALUATED,NOT_EVALUATED,NOT_EVALUATED,NOT_EVALUATED,NOT_EVALUATED,NOT_EVALUATED,NOT_EVALUATED,NOT_EVALUATED,NOT_EVALUATED,NOT_EVALUATED,NOT_EVALUATED,NOT_EVALUATED,NOT_EVALUATED,NOT_EVALUATED,NOT_EVALUATED,NOT_EVALUATED
fold3_0002075,sa_0006915,2075,Head & Neck,18,0,"[10,25)",AVAILABLE,1,1,1,13,0.4777184630029922,0.5806451612903226,0.8227373529495976,0.4551946556093066,0.4551946556093066,0.6256134240937153,9,4,9,7.40463699928373,0,0,8,1,0,0,3,1
fold3_0002076,sa_0006916,2076,Head & Neck,12,0,"[10,25)",AVAILABLE,1,1,1,10,0.6836684936215107,0.8181818181818182,0.8355948255374019,0.7004366812227074,0.7004366812227074,0.8238315356959425,9,1,3,7.520354265431442,0,0,3,0,0,0,1,0
fold3_0002077,sa_0006917,2077,Head & Neck,23,0,"[10,25)",AVAILABLE,1,1,1,14,0.5305875170116401,0.7027027027027027,0.7550668511319493,0.5293174530462667,0.5336059289547662,0.7795367438760207,13,1,10,9.815869819782192,2,0,8,0,1,0,0,0
fold3_0002078,sa_0006918,2078,Head & Neck,16,0,"[10,25)",AVAILABLE,1,1,1,7,0.5030409110943252,0.6086956521739131,0.8264243539406771,0.42420327304048233,0.42420327304048233,0.595706078016329,7,0,9,5.784971304009094,0,0,9,0,0,0,0,0
fold3_0002079,sa_0006919,2079,Head & Neck,10,0,"[10,25)",AVAILABLE,1,1,1,9,0.7491563153243829,0.8421052631578947,0.8896231244477047,0.8177542621987066,0.8177542621987066,0.8997412677878396,8,1,2,7.116985885204762,0,0,2,0,0,0,1,0
fold3_0002080,sa_0006920,2080,Head & Neck,26,0,"[25,50)",AVAILABLE,1,1,1,11,0.3995561114119552,0.5405405405405406,0.7391788061121171,0.3534167970787689,0.3457534246575342,0.5529315960912052,10,1,16,7.391788800299976,1,0,15,0,0,0,1,0
fold3_0002081,sa_0006921,2081,Head & Neck,22,0,"[10,25)",AVAILABLE,1,1,1,18,0.7680990545990605,0.9,0.8534433939989561,0.7189103829451243,0.7189103829451243,0.8364722094625632,18,0,4,15.361981945424604,0,0,4,0,0,0,0,0
fold3_0002082,sa_0006922,2082,Head & Neck,10,0,"[10,25)",AVAILABLE,1,1,1,9,0.5385873641953984,0.631578947368421,0.8527633266427143,0.546148507980569,0.546148507980569,0.7064631956912029,6,3,4,5.116580812619612,0,0,3,1,0,0,2,1
fold3_0002083,sa_0006923,2083,Head & Neck,23,0,"[10,25)",AVAILABLE,1,1,1,8,0.423153022470327,0.5161290322580645,0.8198589810362585,0.3186515748031496,0.3186515748031496,0.4832991229707035,8,0,15,6.558872668149049,0,0,15,0,0,0,0,0
fold3_0002084,sa_0006924,2084,Head & Neck,16,0,"[10,25)",AVAILABLE,1,1,1,6,0.4642529241129619,0.5454545454545454,0.8511303608737635,0.4111594776414721,0.4111594776414721,0.5827257431295569,6,0,10,5.106783016372942,0,0,10,0,0,0,0,0
fold3_0002085,sa_0006925,2085,Head & Neck,51,0,"[50,+inf)",AVAILABLE,1,1,1,19,0.3980705745768601,0.5142857142857142,0.7740261172327837,0.37110481586402266,0.3561665862678887,0.5904671567465023,18,1,33,13.932470884216224,4,0,29,0,0,0,0,1
fold3_0002086,sa_0006926,2086,Head & Neck,32,0,"[25,50)",AVAILABLE,1,1,1,19,0.5818958178697037,0.7058823529411765,0.8243524086487468,0.5538679366713862,0.6075835088775203,0.8056907525271434,18,1,14,14.838344180029852,4,0,10,0,0,0,0,1
fold3_0002087,sa_0006927,2087,Head & Neck,10,0,"[10,25)",AVAILABLE,1,1,1,7,0.6393230586174361,0.8235294117647058,0.776320856892601,0.6386441976254309,0.6516901112744069,0.8483538833100293,7,0,3,5.434246774569064,0,1,2,0,0,0,0,0
fold3_0002088,sa_0006928,2088,Head & Neck,9,0,"[1,10)",AVAILABLE,1,1,1,7,0.5124967623008966,0.625,0.8199948196814345,0.5890211318921544,0.5890211318921544,0.7933353714460409,5,2,4,4.099974918401992,0,0,3,1,2,0,0,0
fold3_0002089,sa_0006929,2089,Head & Neck,4,0,"[1,10)",AVAILABLE,1,1,1,3,0.6081233072644038,0.8571428571428571,0.7094771918084711,0.6500920810313076,0.6500920810313076,0.7879464285714286,3,0,1,2.128432284902605,0,0,1,0,0,0,0,0
fold3_0002090,sa_0006930,2090,Head & Neck,39,0,"[25,50)",AVAILABLE,1,1,1,36,0.7759274158820613,0.9066666666666666,0.8558022969287441,0.7960543679070995,0.8127856996656887,0.9111780203236733,34,2,5,29.097278951379593,1,0,3,1,0,0,1,1
fold3_0002091,sa_0006931,2091,Head & Neck,11,0,"[10,25)",AVAILABLE,1,1,1,10,0.679489044304173,0.8571428571428571,0.7927372183548685,0.5924725822532403,0.6091772151898734,0.8344804981973124,9,1,2,7.134635757931035,1,0,1,0,1,0,0,0
fold3_0002092,sa_0006932,2092,Head & Neck,12,0,"[10,25)",AVAILABLE,1,1,1,10,0.7435326220986208,0.9090909090909091,0.8178858843084829,0.7410666666666667,0.7587731417518652,0.8732128829536527,10,0,2,8.178859660970712,1,0,1,0,0,0,0,0
fold3_0002093,sa_0006933,2093,Head & Neck,14,0,"[10,25)",AVAILABLE,1,1,1,10,0.5678296612435434,0.6666666666666666,0.8517444918653152,0.49906287272107686,0.53786000381461,0.7632394890239365,8,2,6,6.8139567866670125,0,1,5,0,0,1,1,0
fold3_0002094,sa_0006934,2094,Head & Neck,15,0,"[10,25)",AVAILABLE,1,1,1,9,0.6088024917297564,0.75,0.8117366556396752,0.6563344460340168,0.6563344460340168,0.7925143953934741,9,0,6,7.305630712493732,0,0,6,0,0,0,0,0
fold3_0002095,sa_0006935,2095,Head & Neck,14,0,"[10,25)",AVAILABLE,1,1,1,13,0.5914088253236718,0.6666666666666666,0.8871132379855078,0.5283975659229209,0.5283975659229209,0.6914399469143995,9,4,5,7.984020028982807,0,0,5,0,0,0,4,0
fold3_0002096,sa_0006936,2096,Head & Neck,38,0,"[25,50)",AVAILABLE,1,1,1,31,0.6237816324250477,0.7246376811594203,0.8608186527465658,0.6526739221638163,0.7006697433588474,0.8753205923719699,25,6,13,21.520467179482797,6,1,6,0,0,1,3,2
fold3_0002097,sa_0006937,2097,Head & Neck,38,0,"[25,50)",AVAILABLE,1,1,1,35,0.609744543420465,0.7123287671232876,0.8559875321094991,0.5969226191741228,0.6196139036592713,0.9114697891059645,26,9,12,22.25567669083451,11,0,1,0,1,0,5,3
fold3_0002098,sa_0006938,2098,Head & Neck,50,0,"[50,+inf)",AVAILABLE,1,1,1,40,0.7532426969794759,0.8444444444444444,0.8919979306335899,0.7599776864952584,0.799306410112988,0.9323551355384233,38,2,12,33.89592225607434,6,0,6,0,0,0,0,2
fold3_0002099,sa_0006939,2099,Head & Neck,8,0,"[1,10)",AVAILABLE,1,1,1,6,0.6179472383445019,0.7142857142857143,0.8651261336823027,0.7382082054144572,0.7382082054144572,0.8493898522800257,5,1,3,4.325631533537647,0,0,3,0,0,0,1,0
fold3_0002100,sa_0006940,2100,Head & Neck,18,0,"[10,25)",AVAILABLE,1,1,1,15,0.6458259954360106,0.7878787878787878,0.819702224976475,0.6881167930837615,0.6881167930837615,0.8281959609624119,13,2,5,10.6561297443964,0,0,5,0,1,0,1,0
fold3_0002101,sa_0006941,2101,Head & Neck,31,0,"[25,50)",AVAILABLE,1,1,1,22,0.6234239362158044,0.7547169811320755,0.8260367154859407,0.5835483570118445,0.6418664283771708,0.8883577851396119,20,2,11,16.52073513575553,5,0,6,0,0,0,2,0
fold3_0002102,sa_0006942,2102,Head & Neck,26,0,"[25,50)",AVAILABLE,1,1,1,24,0.6413704323142257,0.76,0.8439084635713496,0.6302505526897568,0.7068946497517926,0.893039488140632,19,5,7,16.03426165176411,7,0,0,0,0,1,2,2
fold3_0002103,sa_0006943,2103,Head & Neck,24,0,"[10,25)",AVAILABLE,1,1,1,15,0.3563865589397454,0.46153846153846156,0.7721708777027817,0.4811800610376399,0.5036201022146508,0.8708398243874805,9,6,15,6.949538671495913,13,0,1,1,0,0,1,5
fold3_0002104,sa_0006944,2104,Head & Neck,44,0,"[25,50)",AVAILABLE,1,1,1,32,0.5821979692600571,0.6842105263157895,0.8509047243031603,0.5921193275677776,0.6073013198539736,0.8517716122719966,26,6,18,22.123523682786892,7,2,7,2,0,1,1,4
fold3_0002105,sa_0006945,2105,Head & Neck,26,0,"[25,50)",AVAILABLE,1,1,1,19,0.7046948529537574,0.8,0.8808685661921968,0.7265154639175258,0.7488290935806777,0.9251693535682403,18,1,8,15.85563507232811,4,0,4,0,0,0,0,1
fold3_0002106,sa_0006946,2106,Head & Neck,41,0,"[25,50)",AVAILABLE,1,1,1,22,0.3758589797001015,0.47619047619047616,0.7893038573702132,0.4492015861108134,0.5058442584109936,0.8928515235747627,15,7,26,11.839558649857056,20,1,5,0,0,1,0,6
fold3_0002107,sa_0006947,2107,Head & Neck,5,0,"[1,10)",AVAILABLE,1,1,1,7,0.4795060570658225,0.5,0.959012114131645,0.5329586101175269,0.5329586101175269,0.812,3,4,2,2.877037301407049,0,0,1,1,2,0,2,0
fold3_0002108,sa_0006948,2108,Head & Neck,14,0,"[10,25)",AVAILABLE,1,1,1,13,0.4469156727664847,0.5185185185185185,0.8619087974782206,0.41931799641050743,0.45332246229107215,0.7208976157082749,7,6,7,6.033362444256341,6,0,1,0,0,0,4,2
fold3_0002109,sa_0006949,2109,Head & Neck,27,0,"[25,50)",AVAILABLE,1,1,1,23,0.7714962313856886,0.88,0.8767002629382825,0.8105833525478441,0.8166345536287732,0.932163691002298,22,1,5,19.28740666134248,2,0,3,0,0,0,0,1
fold3_0002110,sa_0006950,2110,Head & Neck,30,0,"[25,50)",AVAILABLE,1,1,1,27,0.5538778138323645,0.6666666666666666,0.8308167207485467,0.6329292857900131,0.6418396578110898,0.8571906594325868,19,8,11,15.78551852503911,5,0,6,0,1,0,5,2
fold3_0002111,sa_0006951,2111,Head & Neck,44,0,"[25,50)",AVAILABLE,1,1,1,37,0.7590483335241207,0.8888888888888888,0.8539293752146359,0.7902540341907653,0.8183491149998326,0.9122090348698132,36,1,8,30.741458361656264,3,0,5,0,0,0,0,1
fold3_0002112,sa_0006952,2112,Head & Neck,31,0,"[25,50)",AVAILABLE,1,1,1,23,0.5441243004709309,0.6296296296296297,0.8641974183950077,0.5238502496758353,0.5799292376970087,0.8636898298950416,17,6,14,14.691356976912552,7,3,4,0,0,2,2,2
fold3_0002113,sa_0006953,2113,Head & Neck,27,0,"[25,50)",AVAILABLE,1,1,1,21,0.6717865405473589,0.7916666666666666,0.848572472270348,0.6223300179357574,0.639027639027639,0.8862831601555697,19,2,8,16.122877821709086,3,2,3,0,0,0,1,1
fold3_0002114,sa_0006954,2114,Head & Neck,56,0,"[50,+inf)",AVAILABLE,1,1,1,41,0.6214135013651083,0.7422680412371134,0.8371820782279931,0.5158489566471437,0.5858597414483468,0.8519694127831482,36,5,20,30.138555653389826,6,7,7,0,0,3,2,0
fold3_0002115,sa_0006955,2115,Head & Neck,34,0,"[25,50)",AVAILABLE,1,1,1,27,0.6851888421316944,0.7868852459016393,0.8707608202090283,0.7259500925844282,0.7651949541284404,0.8916680201396784,24,3,10,20.8982605557775,5,0,5,0,0,0,1,2
fold3_0002116,sa_0006956,2116,Head & Neck,63,0,"[50,+inf)",AVAILABLE,1,1,1,51,0.6205474196362767,0.7719298245614035,0.8038909754379039,0.5216464688675303,0.5997113507088887,0.8850324612145978,44,7,19,35.37120372315874,10,4,5,0,1,1,3,2
fold3_0002117,sa_0006957,2117,Head & Neck,22,0,"[10,25)",AVAILABLE,1,1,1,18,0.7136503193535452,0.85,0.8395886110041708,0.6687319289549772,0.6945388624518468,0.866006953730944,17,1,5,14.273007226659516,1,0,4,0,0,0,1,0
fold3_0002118,sa_0006958,2118,Head & Neck,23,0,"[10,25)",AVAILABLE,1,1,1,14,0.6014101736252453,0.7567567567567568,0.7947205865762169,0.607833076791517,0.6180124223602484,0.8194648300779045,14,0,9,11.126089006787623,1,0,8,0,0,0,0,0
fold3_0002119,sa_0006959,2119,Head & Neck,32,0,"[25,50)",AVAILABLE,1,1,1,22,0.5958448574342927,0.7037037037037037,0.8467269026697843,0.541095890410959,0.5478612575070474,0.8006968089318236,19,3,13,16.087811997452807,3,0,10,0,0,0,3,0
fold3_0002120,sa_0006960,2120,Head & Neck,32,0,"[25,50)",AVAILABLE,1,1,1,24,0.6743622917108956,0.7857142857142857,0.8582792803593217,0.6407042123698037,0.6407042123698037,0.7810112359550562,22,2,10,18.882145026184357,0,0,10,0,0,0,2,0
fold3_0002121,sa_0006961,2121,Head & Neck,4,0,"[1,10)",AVAILABLE,1,1,1,4,0.8218558897891421,1.0,0.8218558897891421,0.8231488138030194,0.8231488138030194,0.9029968454258676,4,0,0,3.2874243810124586,0,0,0,0,0,0,0,0
fold3_0002122,sa_0006962,2122,Head & Neck,7,0,"[1,10)",AVAILABLE,1,1,1,6,0.7514609198234938,0.9230769230769231,0.8140826631421183,0.7122955784373107,0.7122955784373107,0.8319773611602406,6,0,1,4.884496792935373,0,0,1,0,0,0,0,0
fold3_0002123,NOT_FOUND,2123,Head & Neck,0,1,"[0,1)",NOT_EVALUATED,0,0,0,NOT_EVALUATED,NOT_EVALUATED,NOT_EVALUATED,NOT_EVALUATED,NOT_EVALUATED,NOT_EVALUATED,NOT_EVALUATED,NOT_EVALUATED,NOT_EVALUATED,NOT_EVALUATED,NOT_EVALUATED,NOT_EVALUATED,NOT_EVALUATED,NOT_EVALUATED,NOT_EVALUATED,NOT_EVALUATED,NOT_EVALUATED,NOT_EVALUATED,NOT_EVALUATED
fold3_0002124,NOT_FOUND,2124,Head & Neck,0,1,"[0,1)",NOT_EVALUATED,0,0,0,NOT_EVALUATED,NOT_EVALUATED,NOT_EVALUATED,NOT_EVALUATED,NOT_EVALUATED,NOT_EVALUATED,NOT_EVALUATED,NOT_EVALUATED,NOT_EVALUATED,NOT_EVALUATED,NOT_EVALUATED,NOT_EVALUATED,NOT_EVALUATED,NOT_EVALUATED,NOT_EVALUATED,NOT_EVALUATED,NOT_EVALUATED,NOT_EVALUATED,NOT_EVALUATED
fold3_0002125,sa_0006963,2125,Head & Neck,32,0,"[25,50)",AVAILABLE,1,1,1,19,0.599079177192395,0.7058823529411765,0.8486955010225595,0.610379016064257,0.6132734185966126,0.834933150497086,18,1,14,15.276519867101573,1,1,11,1,0,0,0,1
fold3_0002126,sa_0006964,2126,Head & Neck,33,0,"[25,50)",AVAILABLE,1,1,1,24,0.7193516309566833,0.8421052631578947,0.8542300617610615,0.7180265654648956,0.7215772247267338,0.8822885839834992,24,0,9,20.50152233649554,1,0,8,0,0,0,0,0
fold3_0002127,sa_0006965,2127,Head & Neck,30,0,"[25,50)",AVAILABLE,1,1,1,22,0.5497764974364563,0.6538461538461539,0.8408346431381096,0.6040026984483922,0.5979795998430757,0.8528816055974958,17,5,13,14.294189774182508,2,0,9,2,3,0,1,1
fold3_0002128,sa_0006966,2128,Head & Neck,36,0,"[25,50)",AVAILABLE,1,1,1,24,0.6722922011565284,0.7666666666666667,0.8769028710737327,0.7309937640971209,0.737567446815823,0.8777245935361367,23,1,13,20.168766911598723,1,0,12,0,1,0,0,0
fold3_0002129,sa_0006967,2129,Head & Neck,39,0,"[25,50)",AVAILABLE,1,1,1,21,0.5834405112339767,0.6666666666666666,0.875160766850965,0.6032553702044002,0.6393767796013693,0.8144100542523711,20,1,19,17.503216212180067,3,0,15,1,0,0,0,1
fold3_0002130,sa_0006968,2130,Head & Neck,36,0,"[25,50)",AVAILABLE,1,1,1,27,0.6700099127298628,0.7301587301587301,0.9176222717822035,0.6321821279231842,0.6786322188449848,0.8869936806272294,23,4,13,21.105313168612952,8,0,5,0,0,0,1,3
fold3_0002131,sa_0006969,2131,Head & Neck,29,0,"[25,50)",AVAILABLE,1,1,1,20,0.5131335803704593,0.6122448979591837,0.8381181812717502,0.5801555326524875,0.6032538073704454,0.8045388231479981,15,5,14,12.571773557194433,4,0,9,1,0,0,2,3
fold3_0002132,sa_0006970,2132,Kidney,2,0,"[1,10)",AVAILABLE,1,1,1,5,0.45620647609068654,0.5714285714285714,0.7983613331587015,0.5457330415754923,0.5457330415754923,0.7061155152887882,2,3,0,1.5967234646787363,0,0,0,0,0,0,3,0
fold3_0002133,sa_0006971,2133,Kidney,17,0,"[10,25)",AVAILABLE,1,1,1,14,0.5160373847246518,0.5806451612903226,0.8887310514702336,0.5071775874044918,0.5458095524181436,0.8513408472600078,9,5,8,7.998580351963152,7,0,1,0,0,0,2,3
fold3_0002134,sa_0006972,2134,Kidney,21,0,"[10,25)",AVAILABLE,1,1,1,15,0.6530082416266028,0.7222222222222222,0.9041652576368345,0.6731407869578343,0.7038546640270176,0.9143599207162874,13,2,8,11.754149253444107,5,0,3,0,0,0,0,2
fold3_0002135,sa_0006973,2135,Kidney,16,0,"[10,25)",AVAILABLE,1,1,1,13,0.6751549169374711,0.8275862068965517,0.8158121912994443,0.6940474538642986,0.7162203286670724,0.8869580636581257,12,1,4,9.789747111405521,3,0,1,0,0,0,0,1
fold3_0002136,sa_0006974,2136,Kidney,14,0,"[10,25)",AVAILABLE,1,1,1,16,0.7973459584191053,0.9333333333333333,0.8542992411633271,0.8015402843601895,0.8015402843601895,0.8898388687931601,14,2,0,11.96019023058582,0,0,0,0,0,0,2,0
fold3_0002137,sa_0006975,2137,Kidney,1,0,"[1,10)",AVAILABLE,1,1,1,1,0.8358200597023284,1.0,0.8358200597023284,0.835820895522388,0.835820895522388,0.9105691056910569,1,0,0,0.835820895522388,0,0,0,0,0,0,0,0
fold3_0002138,NOT_FOUND,2138,Kidney,0,1,"[0,1)",NOT_EVALUATED,0,0,0,NOT_EVALUATED,NOT_EVALUATED,NOT_EVALUATED,NOT_EVALUATED,NOT_EVALUATED,NOT_EVALUATED,NOT_EVALUATED,NOT_EVALUATED,NOT_EVALUATED,NOT_EVALUATED,NOT_EVALUATED,NOT_EVALUATED,NOT_EVALUATED,NOT_EVALUATED,NOT_EVALUATED,NOT_EVALUATED,NOT_EVALUATED,NOT_EVALUATED,NOT_EVALUATED
fold3_0002139,sa_0006976,2139,Kidney,1,0,"[1,10)",AVAILABLE,1,1,1,1,0.8192082203398023,1.0,0.8192082203398023,0.8192090395480226,0.8192090395480226,0.9006211180124224,1,0,0,0.8192090395480226,0,0,0,0,0,0,0,0
fold3_0002140,sa_0006977,2140,Kidney,4,0,"[1,10)",AVAILABLE,1,1,1,3,0.6786091507669056,0.8571428571428571,0.7917106758947233,0.6403812824956673,0.6391213389121339,0.9432035737077218,3,0,1,2.375132819394846,1,0,0,0,0,0,0,0
fold3_0002141,sa_0006978,2141,Kidney,2,0,"[1,10)",AVAILABLE,1,1,1,1,0.6261974568696358,0.6666666666666666,0.9392961853044537,0.5345454545454545,0.5345454545454545,0.6966824644549763,1,0,1,0.939297124600639,0,0,1,0,0,0,0,0
fold3_0002142,NOT_FOUND,2142,Kidney,0,1,"[0,1)",NOT_EVALUATED,0,0,0,NOT_EVALUATED,NOT_EVALUATED,NOT_EVALUATED,NOT_EVALUATED,NOT_EVALUATED,NOT_EVALUATED,NOT_EVALUATED,NOT_EVALUATED,NOT_EVALUATED,NOT_EVALUATED,NOT_EVALUATED,NOT_EVALUATED,NOT_EVALUATED,NOT_EVALUATED,NOT_EVALUATED,NOT_EVALUATED,NOT_EVALUATED,NOT_EVALUATED,NOT_EVALUATED
fold3_0002143,NOT_FOUND,2143,Kidney,0,1,"[0,1)",NOT_EVALUATED,0,0,0,NOT_EVALUATED,NOT_EVALUATED,NOT_EVALUATED,NOT_EVALUATED,NOT_EVALUATED,NOT_EVALUATED,NOT_EVALUATED,NOT_EVALUATED,NOT_EVALUATED,NOT_EVALUATED,NOT_EVALUATED,NOT_EVALUATED,NOT_EVALUATED,NOT_EVALUATED,NOT_EVALUATED,NOT_EVALUATED,NOT_EVALUATED,NOT_EVALUATED,NOT_EVALUATED
fold3_0002144,sa_0006979,2144,Kidney,3,0,"[1,10)",AVAILABLE,1,1,1,2,0.35821620229335194,0.4,0.8955405057333797,0.7357980162308386,0.7357980162308386,0.8477922077922078,1,1,2,0.8955414012738854,0,0,1,1,0,0,0,1
fold3_0002145,sa_0006980,2145,Kidney,14,0,"[10,25)",AVAILABLE,1,1,1,12,0.5330703148967092,0.6153846153846154,0.8662392617071525,0.6057202408522464,0.6113143454402926,0.8581853563609827,8,4,6,6.929914959896481,3,0,1,2,2,0,0,2
fold3_0002146,sa_0006981,2146,Kidney,16,0,"[10,25)",AVAILABLE,1,1,1,11,0.6005335362687073,0.7407407407407407,0.8107202739627549,0.6044203282159873,0.6212792906903103,0.8919921875,10,1,6,8.107203550347823,4,0,2,0,0,0,0,1
fold3_0002147,sa_0006982,2147,Kidney,12,0,"[10,25)",AVAILABLE,1,1,1,10,0.7729212505280854,0.9090909090909091,0.8502133755808939,0.8421709295071741,0.8421709295071741,0.9143244158482898,10,0,2,8.502134606022315,0,0,2,0,0,0,0,0
fold3_0002148,sa_0006983,2148,Kidney,11,0,"[10,25)",AVAILABLE,1,1,1,10,0.6155338767917933,0.8571428571428571,0.7181228562570922,0.5473862599400339,0.5532346063912704,0.8518667201926937,9,1,2,6.463106424436686,2,0,0,0,0,0,1,0
fold3_0002149,sa_0006984,2149,Kidney,4,0,"[1,10)",AVAILABLE,1,1,1,3,0.45955665921313127,0.5714285714285714,0.8042241536229797,0.3646322378716745,0.3646322378716745,0.5344036697247706,2,1,2,1.6084491114701132,0,0,1,1,0,0,0,1
fold3_0002150,sa_0006985,2150,Kidney,24,0,"[10,25)",AVAILABLE,1,1,1,23,0.8033522338680527,0.8936170212765957,0.8989894045666305,0.7713561010961137,0.7713561010961137,0.8710238314411374,21,2,3,18.878778394888645,0,0,3,0,0,0,2,0
fold3_0002151,sa_0006986,2151,Kidney,29,0,"[25,50)",AVAILABLE,1,1,1,24,0.6354834608486074,0.7547169811320755,0.8420155856244048,0.631578947368421,0.6780995712660776,0.8722039730955733,20,4,9,16.840312554503683,4,0,5,0,1,0,2,1
fold3_0002152,sa_0006987,2152,Kidney,47,0,"[25,50)",AVAILABLE,1,1,1,39,0.693447099251087,0.813953488372093,0.8519492933656212,0.6934647302904564,0.6991319800423758,0.8604987932421561,35,4,12,29.818226119746033,3,0,9,0,0,0,3,1
fold3_0002153,sa_0006988,2153,Kidney,34,0,"[25,50)",AVAILABLE,1,1,1,37,0.6629092033250572,0.7887323943661971,0.8404741685014119,0.6333107014153654,0.6519359069396133,0.8391439420089748,28,9,6,23.533277558513703,4,0,1,1,0,0,7,2
fold3_0002154,sa_0006989,2154,Kidney,26,0,"[25,50)",AVAILABLE,1,1,1,22,0.7232691282605929,0.8333333333333334,0.8679229539127113,0.6153960968692862,0.6625415169024979,0.9034235516269395,20,2,6,17.35845994617718,3,2,1,0,0,1,0,1
fold3_0002155,sa_0006990,2155,Kidney,29,0,"[25,50)",AVAILABLE,1,1,1,23,0.6063604670209704,0.6923076923076923,0.8758540079191794,0.6529609067777007,0.6465262617182483,0.8821120773700425,18,5,11,15.76537301839924,5,2,4,0,0,1,2,2
fold3_0002156,sa_0006991,2156,Kidney,19,0,"[10,25)",AVAILABLE,1,1,1,18,0.7688518336294533,0.918918918918919,0.8366917013026404,0.7846153846153846,0.7943984220907297,0.8969398522687302,17,1,2,14.223759758836588,1,0,1,0,0,0,1,0
fold3_0002157,sa_0006992,2157,Kidney,12,0,"[10,25)",AVAILABLE,1,1,1,11,0.7669298582921967,0.8695652173913043,0.8819693370360263,0.7467285774588434,0.7467285774588434,0.8550024166263895,10,1,2,8.8196942523296,0,0,2,0,0,0,1,0
fold3_0002158,sa_0006993,2158,Kidney,1,0,"[1,10)",AVAILABLE,1,1,1,1,0.9152533220348137,1.0,0.9152533220348137,0.9152542372881356,0.9152542372881356,0.9557522123893806,1,0,0,0.9152542372881356,0,0,0,0,0,0,0,0
fold3_0002159,sa_0006994,2159,Kidney,4,0,"[1,10)",AVAILABLE,1,1,1,4,0.44730202924246804,0.5,0.8946040584849361,0.7387706855791962,0.7387706855791962,0.849762066621346,2,2,2,1.7892090115739308,0,0,0,2,0,0,0,2
fold3_0002160,sa_0006995,2160,Kidney,12,0,"[10,25)",AVAILABLE,1,1,1,6,0.5820035702510926,0.6666666666666666,0.8730053553766389,0.5939226519337016,0.5939226519337016,0.7452339688041595,6,0,6,5.238033005265189,0,0,6,0,0,0,0,0
fold3_0002161,sa_0006996,2161,Kidney,25,0,"[25,50)",AVAILABLE,1,1,1,22,0.7709621016848252,0.851063829787234,0.9058804694796696,0.8129819040125885,0.8272519954389966,0.9353242701136617,20,2,5,18.117610295473863,2,1,2,0,0,1,0,1
fold3_0002162,sa_0006997,2162,Kidney,12,0,"[10,25)",AVAILABLE,1,1,1,11,0.6760338757853838,0.782608695652174,0.8638210635035458,0.6973856209150326,0.6973856209150326,0.8217173661917597,9,2,3,7.774390435352975,0,0,3,0,0,0,2,0
fold3_0002163,sa_0006998,2163,Liver,20,0,"[10,25)",AVAILABLE,1,1,1,19,0.674461729779278,0.8205128205128205,0.8220002331684951,0.6717968086110849,0.6912982031092267,0.8493494090963352,16,3,4,13.152004552696155,2,0,2,0,0,0,2,1
fold3_0002164,sa_0006999,2164,Liver,36,0,"[25,50)",AVAILABLE,1,1,1,29,0.6795532737627368,0.8,0.8494415922034209,0.697602557272243,0.746288641788438,0.8730497399653288,26,3,10,22.085482246730535,4,0,5,1,0,0,1,2
fold3_0002165,sa_0007000,2165,Liver,16,0,"[10,25)",AVAILABLE,1,1,1,16,0.45773756595928483,0.5625,0.8137556728165064,0.3648981302047871,0.42023259281347847,0.7325599706052176,9,7,7,7.32380186910423,3,3,1,0,0,1,5,1
fold3_0002166,sa_0007001,2166,Liver,36,0,"[25,50)",AVAILABLE,1,1,1,25,0.6378728658874059,0.7540983606557377,0.8458748873724297,0.6300231920725279,0.6791114333057167,0.9244148394856139,23,2,13,19.45512325544077,6,1,6,0,1,0,0,1
fold3_0002167,sa_0007002,2167,Liver,24,0,"[10,25)",AVAILABLE,1,1,1,20,0.7218660079964777,0.8181818181818182,0.8822806764401394,0.7552131312285403,0.7552131312285403,0.8605372393721075,18,2,6,15.881053058203186,0,0,6,0,0,0,2,0
fold3_0002168,sa_0007003,2168,Liver,10,0,"[10,25)",AVAILABLE,1,1,1,11,0.4957469872966674,0.5714285714285714,0.867557227769168,0.563128285529835,0.5546860087803016,0.7496623695518723,6,5,4,5.205344234172236,2,0,2,0,0,0,4,1
fold3_0002169,sa_0007004,2169,Liver,13,0,"[10,25)",AVAILABLE,1,1,1,18,0.7230860184090429,0.8387096774193549,0.8621410219492434,0.6782193628722631,0.6782193628722631,0.8082606813825511,13,5,0,11.207834147481185,0,0,0,0,0,0,5,0
fold3_0002170,sa_0007005,2170,Liver,9,0,"[1,10)",AVAILABLE,1,1,1,9,0.8271574922213978,0.8888888888888888,0.9305521787490726,0.8700701139351447,0.8700701139351447,0.9305213825424722,8,1,1,7.444418360544759,0,0,1,0,0,0,1,0
fold3_0002171,sa_0007006,2171,Liver,15,0,"[10,25)",AVAILABLE,1,1,1,10,0.6783624995566074,0.8,0.8479531244457592,0.6506006657982342,0.6463242224316682,0.8577835026954821,10,0,5,8.479532092410716,1,0,4,0,0,0,0,0
fold3_0002172,sa_0007007,2172,Liver,15,0,"[10,25)",AVAILABLE,1,1,1,12,0.5420519691919998,0.6666666666666666,0.8130779537879997,0.5913220684384818,0.5809995497523638,0.8087942131343624,9,3,6,7.317702397169951,2,0,4,0,1,0,1,1
fold3_0002173,sa_0007008,2173,Liver,14,0,"[10,25)",AVAILABLE,1,1,1,8,0.39260707366514797,0.45454545454545453,0.8637355620633256,0.43739898047992043,0.46520455504006747,0.6751103435041259,5,3,9,4.31867867405219,1,0,7,1,0,0,2,1
fold3_0002174,sa_0007009,2174,Liver,15,0,"[10,25)",AVAILABLE,1,1,1,11,0.583616262276724,0.7692307692307693,0.7587011409597412,0.7196368692238488,0.7196368692238488,0.8517074098734899,10,1,5,7.5870121682985525,0,0,5,0,1,0,0,0
fold3_0002175,sa_0007010,2175,Liver,3,0,"[1,10)",AVAILABLE,1,1,1,1,0.4516662150004517,0.5,0.9033324300009034,0.364247311827957,0.364247311827957,0.5339901477832513,1,0,2,0.9033333333333333,0,0,2,0,0,0,0,0
fold3_0002176,sa_0007011,2176,Liver,33,0,"[25,50)",AVAILABLE,1,1,1,27,0.7507633646471459,0.9,0.8341815162746065,0.7174679971777038,0.7459637561779242,0.8976536453418884,27,0,6,22.52290177359589,1,1,4,0,0,0,0,0
fold3_0002177,sa_0007012,2177,Liver,12,0,"[10,25)",AVAILABLE,1,1,1,6,0.25557823184071826,0.3333333333333333,0.7667346955221548,0.4234150856085146,0.4030823947836396,0.7731305449936628,3,3,9,2.30020485330116,5,0,3,1,0,0,0,3
fold3_0002178,sa_0007013,2178,Liver,16,0,"[10,25)",AVAILABLE,1,1,1,14,0.7389899158173645,0.8666666666666667,0.852680672096959,0.6902006737952249,0.7022799134631387,0.9213021800762538,13,1,3,11.084849589941138,2,0,1,0,0,0,0,1
fold3_0002179,sa_0007014,2179,Liver,22,0,"[10,25)",AVAILABLE,1,1,1,17,0.6151200675350325,0.7692307692307693,0.7996560877955422,0.7020264317180617,0.7061499272197962,0.8734136717500267,15,2,7,11.99484211658922,1,0,5,1,2,0,0,0
fold3_0002180,sa_0007015,2180,Liver,26,0,"[25,50)",AVAILABLE,1,1,1,16,0.5335338095434357,0.6666666666666666,0.8003007143151536,0.5074872922104685,0.5059914407988588,0.7007672634271099,14,2,12,11.204210800712865,1,0,10,1,0,0,1,1
fold3_0002181,sa_0007016,2181,Liver,39,0,"[25,50)",AVAILABLE,1,1,1,28,0.6226856720452784,0.746268656716418,0.834398800540673,0.6807385575589459,0.6808999081726355,0.8674132750614586,25,3,14,20.859970847915626,4,0,10,0,1,0,0,2
fold3_0002182,sa_0007017,2182,Liver,62,0,"[50,+inf)",AVAILABLE,1,1,1,49,0.7237093919605361,0.8468468468468469,0.8545930054002074,0.69386212110798,0.7547448662103298,0.8952524491333835,47,2,15,40.16587210840275,6,0,9,0,0,0,0,2
fold3_0002183,sa_0007018,2183,Liver,30,0,"[25,50)",AVAILABLE,1,1,1,22,0.6827734602313672,0.8076923076923077,0.8453385698102641,0.6699380945191001,0.6699380945191001,0.8023508137432188,21,1,9,17.752110811354118,0,0,9,0,0,0,1,0
fold3_0002184,sa_0007019,2184,Liver,17,0,"[10,25)",AVAILABLE,1,1,1,14,0.5624780105788915,0.7096774193548387,0.7925826512702562,0.5375483406781185,0.5414141414141415,0.746052549460151,11,3,6,8.718409956555469,3,0,3,0,0,0,2,1
fold3_0002185,sa_0007020,2185,Liver,73,0,"[50,+inf)",AVAILABLE,1,1,1,71,0.7834660367915599,0.9166666666666666,0.854690221954429,0.7954529307282415,0.7968704932218056,0.8989124764236125,66,5,7,56.40955550368253,1,0,5,1,0,0,4,1
fold3_0002186,sa_0007021,2186,Liver,74,0,"[50,+inf)",AVAILABLE,1,1,1,65,0.7256225809707169,0.8345323741007195,0.8694960237493935,0.7295298468040148,0.7432518986183548,0.8698299391140037,58,7,16,50.43077024696085,3,0,12,1,0,0,5,2
fold3_0002187,sa_0007022,2187,Liver,65,0,"[50,+inf)",AVAILABLE,1,1,1,56,0.7753468420127977,0.8925619834710744,0.8686756285513751,0.7794980286566016,0.7938613861386139,0.8950215255546969,54,2,11,46.908484810449885,1,0,10,0,0,0,2,0
fold3_0002188,sa_0007023,2188,Liver,59,0,"[50,+inf)",AVAILABLE,1,1,1,48,0.7873948087111066,0.897196261682243,0.8776171305425875,0.8019914007694049,0.8084813753581662,0.8984092781545091,48,0,11,42.12562314366133,1,0,10,0,0,0,0,0
fold3_0002189,sa_0007024,2189,Liver,57,0,"[50,+inf)",AVAILABLE,1,1,1,41,0.5967371623270922,0.7346938775510204,0.8122255820563199,0.5805611459689831,0.5968725152398622,0.813941908713693,36,5,21,29.240121766253097,8,0,13,0,0,0,2,3
fold3_0002190,sa_0007025,2190,Liver,17,0,"[10,25)",AVAILABLE,1,1,1,14,0.6569376947101757,0.7741935483870968,0.848544522333977,0.6495168451292765,0.6540316099651755,0.8055713013199449,12,2,5,10.182535116552247,1,0,4,0,0,0,2,0
fold3_0002191,sa_0007026,2191,Liver,17,0,"[10,25)",AVAILABLE,1,1,1,12,0.7721698731804335,0.8275862068965517,0.9330385967596905,0.8542024013722127,0.8542024013722127,0.9213691026827012,12,0,5,11.196464094154882,0,0,5,0,0,0,0,0
fold3_0002192,sa_0007027,2192,Liver,11,0,"[10,25)",AVAILABLE,1,1,1,9,0.8046288604620482,0.9,0.8940320671800536,0.8785476454732837,0.8785476454732837,0.9353477380148548,9,0,2,8.046289498652548,0,0,2,0,0,0,0,0
fold3_0002193,sa_0007028,2193,Liver,17,0,"[10,25)",AVAILABLE,1,1,1,14,0.7666770904304694,0.9032258064516129,0.8488210644051626,0.7895082685357573,0.8008337193144974,0.9328703703703703,14,0,3,11.88349575049334,1,0,2,0,0,0,0,0
fold3_0002194,sa_0007029,2194,Liver,12,0,"[10,25)",AVAILABLE,1,1,1,9,0.7673094825959824,0.8571428571428571,0.8951943963619795,0.8612873980054397,0.8612873980054397,0.9254749147588894,9,0,3,8.05675046245221,0,0,3,0,0,0,0,0
fold3_0002195,sa_0007030,2195,Liver,15,0,"[10,25)",AVAILABLE,1,1,1,13,0.8573470746610639,0.9285714285714286,0.9232968496349918,0.8213206231109045,0.8701650652870165,0.9307074166776446,13,0,2,12.002859968551743,1,0,1,0,0,0,0,0
fold3_0002196,sa_0007031,2196,Liver,18,0,"[10,25)",AVAILABLE,1,1,1,14,0.6670999436908629,0.75,0.8894665915878172,0.7462132611094393,0.7540488015547397,0.9320448110304075,12,2,6,10.673599988520397,1,0,4,1,2,0,0,0
fold3_0002197,sa_0007032,2197,Liver,12,0,"[10,25)",AVAILABLE,1,1,1,9,0.7493475398356921,0.8571428571428571,0.8742387964749742,0.7665556018325698,0.7810597519729425,0.932016710976073,9,0,3,7.868150042513563,1,0,2,0,0,0,0,0
fold3_0002198,sa_0007033,2198,Liver,20,0,"[10,25)",AVAILABLE,1,1,1,16,0.7584785910788717,0.8888888888888888,0.8532884149637308,0.7866162631705944,0.8148179437357439,0.9118331626477981,16,0,4,13.652615492708108,1,0,3,0,0,0,0,0
fold3_0002199,sa_0007034,2199,Liver,35,0,"[25,50)",AVAILABLE,1,1,1,31,0.6082447465404265,0.7272727272727273,0.8363365264930864,0.6441439513885917,0.663184552073441,0.8220131600413291,24,7,11,20.0720774721706,2,0,7,2,1,0,4,2
fold3_0002200,sa_0007035,2200,Liver,26,0,"[25,50)",AVAILABLE,1,1,1,23,0.8465191412956112,0.9387755102040817,0.9017269113801075,0.8795414804740626,0.8795414804740626,0.9360485149197161,23,0,3,20.739719863469386,0,0,3,0,0,0,0,0
fold3_0002201,sa_0007036,2201,Liver,28,0,"[25,50)",AVAILABLE,1,1,1,23,0.693156629429593,0.8235294117647058,0.8416901928787915,0.6948799881102772,0.7132514951211835,0.8589932022781555,21,2,7,17.675494892144815,1,0,6,0,0,0,2,0
fold3_0002202,sa_0007037,2202,Liver,29,0,"[25,50)",AVAILABLE,1,1,1,25,0.7107367489763058,0.8148148148148148,0.8722678282891027,0.7880106696616594,0.7880106696616594,0.8951005025125628,22,3,7,19.189893094628086,0,0,5,2,2,0,0,1
fold3_0002203,sa_0007038,2203,Liver,31,0,"[25,50)",AVAILABLE,1,1,1,25,0.7981529510760509,0.8928571428571429,0.8939313052051769,0.7992052360916316,0.7992052360916316,0.8885539820709367,25,0,6,22.34828352406073,0,0,6,0,0,0,0,0
fold3_0002204,sa_0007039,2204,Liver,36,0,"[25,50)",AVAILABLE,1,1,1,25,0.6762950089731082,0.7868852459016393,0.8594582405699918,0.6579696394686907,0.7094637377624081,0.8713565261988204,24,1,12,20.626998633138044,4,0,8,0,0,0,0,1
fold3_0002205,sa_0007040,2205,Liver,33,0,"[25,50)",AVAILABLE,1,1,1,25,0.6248489826611926,0.7586206896551724,0.8236645680533903,0.5891179748447699,0.6728177795655672,0.8932639995190718,22,3,11,18.120621320839156,6,0,4,1,2,0,1,0
fold3_0002206,sa_0007041,2206,Liver,25,0,"[25,50)",AVAILABLE,1,1,1,23,0.8039808606990262,0.9166666666666666,0.8770700298534831,0.8017926501344488,0.8017926501344488,0.8901933472622956,22,1,3,19.29554153384666,0,0,3,0,0,0,1,0
fold3_0002207,sa_0007042,2207,Liver,33,0,"[25,50)",AVAILABLE,1,1,1,27,0.8137766035062366,0.9,0.9041962261180406,0.848282962873236,0.848282962873236,0.9179146049742767,27,0,6,24.413299009383323,0,0,6,0,0,0,0,0
fold3_0002208,sa_0007043,2208,Liver,29,0,"[25,50)",AVAILABLE,1,1,1,31,0.7490400036457836,0.9,0.8322666707175373,0.7056451612903226,0.7056451612903226,0.8274231678486997,27,4,2,22.47120094164018,0,0,2,0,0,0,4,0
fold3_0002209,sa_0007044,2209,Liver,26,0,"[25,50)",AVAILABLE,1,1,1,23,0.6370464240905857,0.7346938775510204,0.8670909661232971,0.6307728557964185,0.6772932533531038,0.8834686168930322,18,5,8,15.607638257310315,3,1,4,0,0,2,2,1
fold3_0002210,sa_0007045,2210,Liver,27,0,"[25,50)",AVAILABLE,1,1,1,24,0.6426782598969023,0.7450980392156863,0.86254187512479,0.6424355389872631,0.6424355389872631,0.8048672845343925,19,5,8,16.388296489912886,0,0,6,2,2,0,2,1
fold3_0002211,sa_0007046,2211,Liver,30,0,"[25,50)",AVAILABLE,1,1,1,21,0.692655480097664,0.8235294117647058,0.8410816544043063,0.7397844796412816,0.7547818290496114,0.8710721280763007,21,0,9,17.662715583572087,1,0,8,0,0,0,0,0
fold3_0002212,sa_0007047,2212,Liver,20,0,"[10,25)",AVAILABLE,1,1,1,18,0.612673519323214,0.7894736842105263,0.776053124476071,0.5676026781253123,0.5669212886084357,0.8123498657623287,15,3,5,11.640797643194189,1,2,2,0,0,2,1,0
fold3_0002213,sa_0007048,2213,Liver,34,0,"[25,50)",AVAILABLE,1,1,1,28,0.6485416435593845,0.7419354838709677,0.8741213456669964,0.6866317589228468,0.7123240249249942,0.8777545656715412,23,5,11,20.104791824462264,5,0,6,0,2,0,1,2
fold3_0002214,sa_0007049,2214,Liver,23,0,"[10,25)",AVAILABLE,1,1,1,19,0.7498390687046292,0.8571428571428571,0.8748122468220675,0.7658483949285136,0.7658483949285136,0.867399938893981,18,1,5,15.746621317609463,0,0,5,0,0,0,1,0
fold3_0002215,sa_0007050,2215,Liver,8,0,"[1,10)",AVAILABLE,1,1,1,4,0.43719898562165344,0.5,0.8743979712433069,0.35111317254174396,0.35111317254174396,0.5197391005835909,3,1,5,2.623194788127892,0,0,4,1,0,0,0,1
fold3_0002216,sa_0007051,2216,Liver,13,0,"[10,25)",AVAILABLE,1,1,1,10,0.7587545731211687,0.8695652173913043,0.872567759089344,0.8067872182313599,0.8067872182313599,0.8936111872772141,10,0,3,8.725678463461199,0,0,3,0,0,0,0,0
fold3_0002217,sa_0007052,2217,Liver,15,0,"[10,25)",AVAILABLE,1,1,1,13,0.7181750637753784,0.8571428571428571,0.8378709077379416,0.7281840966051493,0.7281840966051493,0.8427158866183256,12,1,3,10.054451730726207,0,0,2,1,0,0,0,1
fold3_0002218,sa_0007053,2218,Liver,22,0,"[10,25)",AVAILABLE,1,1,1,13,0.5381128595155044,0.6857142857142857,0.7847479201267772,0.4469026548672566,0.4469026548672566,0.617737003058104,12,1,10,9.416975826269246,0,0,9,1,0,0,0,1
fold3_0002219,sa_0007054,2219,Liver,11,0,"[10,25)",AVAILABLE,1,1,1,6,0.490532370988446,0.5882352941176471,0.8339050306803582,0.3746259724715739,0.3993537964458804,0.6072500577233895,5,1,6,4.169525987306821,1,0,5,0,1,0,0,0
fold3_0002220,sa_0007055,2220,Liver,20,0,"[10,25)",AVAILABLE,1,1,1,14,0.5879756570776173,0.7058823529411765,0.8329655141932912,0.5545419992398327,0.5545419992398327,0.7245313773431132,12,2,8,9.995587003285008,0,0,7,1,0,1,0,1
fold3_0002221,sa_0007056,2221,Liver,15,0,"[10,25)",AVAILABLE,1,1,1,11,0.48371589690016586,0.6923076923076923,0.6987007399669063,0.4893191947133856,0.5143776012107454,0.8359775140537165,9,2,6,6.288307358402896,3,1,2,0,1,0,0,1
fold3_0002222,sa_0007057,2222,Liver,13,0,"[10,25)",AVAILABLE,1,1,1,6,0.26510275090130814,0.3157894736842105,0.8394920445208092,0.21035127832051548,0.2133304572907679,0.43448888888888887,3,3,10,2.5184769730544723,0,2,8,0,1,2,0,0
fold3_0002223,sa_0007058,2223,Liver,17,0,"[10,25)",AVAILABLE,1,1,1,9,0.42975988225863243,0.5384615384615384,0.7981254956231746,0.5029496818970504,0.5168474331164136,0.829059014205358,7,2,10,5.586879267487718,5,0,5,0,0,0,0,2
fold3_0002224,sa_0007059,2224,Liver,18,0,"[10,25)",AVAILABLE,1,1,1,17,0.7693734187821026,0.8571428571428571,0.8976023219124531,0.7438163754710517,0.7782297551789077,0.9197661611454715,15,2,3,13.464035726289119,1,0,2,0,0,0,2,0
fold3_0002225,sa_0007060,2225,Liver,22,0,"[10,25)",AVAILABLE,1,1,1,25,0.7354953274291777,0.8085106382978723,0.9096915891887198,0.7628687901609894,0.7827427915650552,0.8884329108831222,19,6,3,17.284141104277268,1,0,2,0,0,0,6,0
fold3_0002226,sa_0007061,2226,Liver,16,0,"[10,25)",AVAILABLE,1,1,1,16,0.7958774141157573,0.875,0.9095741875608655,0.7640897755610973,0.7640897755610973,0.8662708510036754,14,2,2,12.734039535426303,0,0,2,0,0,0,2,0
fold3_0002227,sa_0007062,2227,Liver,18,0,"[10,25)",AVAILABLE,1,1,1,19,0.8539022352236321,0.918918918918919,0.9292465500963054,0.8402777777777778,0.8402777777777778,0.9132861635220125,17,2,1,15.797192280883744,0,0,1,0,0,0,2,0
fold3_0002228,sa_0007063,2228,Liver,16,0,"[10,25)",AVAILABLE,1,1,1,11,0.6408989538696102,0.7407407407407407,0.8652135877239737,0.6615397004348527,0.6549473501000783,0.8639638218436136,10,1,6,8.652136742453324,1,0,5,0,0,0,1,0
fold3_0002229,sa_0007064,2229,Liver,19,0,"[10,25)",AVAILABLE,1,1,1,19,0.6898264646126726,0.7894736842105263,0.8737801885093853,0.7246640316205534,0.7256341244596689,0.8665280272237451,15,4,4,13.106703701420967,2,0,2,0,0,0,3,1
fold3_0002230,sa_0007065,2230,Liver,19,0,"[10,25)",AVAILABLE,1,1,1,18,0.6669418243856298,0.7567567567567568,0.8813159822238679,0.6884398122364548,0.6884398122364548,0.8154745075864669,14,4,5,12.338424632450131,0,0,5,0,0,0,4,0
fold3_0002231,sa_0007066,2231,Liver,7,0,"[1,10)",AVAILABLE,1,1,1,7,0.6448037728239117,0.7142857142857143,0.9027252819534762,0.7075636110142907,0.7075636110142907,0.8287405592978159,5,2,2,4.513627312492663,0,0,1,1,0,0,1,1
fold3_0002232,sa_0007067,2232,Liver,19,0,"[10,25)",AVAILABLE,1,1,1,20,0.6849764081295465,0.8205128205128205,0.8348149974078849,0.6018042256864762,0.614586818333891,0.7888520513883133,16,4,3,13.357040793341156,1,0,1,1,0,0,3,1
fold3_0002233,sa_0007068,2233,Liver,17,0,"[10,25)",AVAILABLE,1,1,1,13,0.5888785445789595,0.6666666666666666,0.8833178168684394,0.6313714951177999,0.661484966250767,0.870614305059707,10,3,7,8.83317905200221,0,2,4,1,0,1,1,1
fold3_0002234,sa_0007069,2234,Liver,14,0,"[10,25)",AVAILABLE,1,1,1,8,0.5743141257808934,0.7272727272727273,0.7896819229487284,0.47734375,0.5567970204841713,0.797303175293606,8,0,6,6.31745617327175,2,0,4,0,0,0,0,0
fold3_0002235,sa_0007070,2235,Liver,15,0,"[10,25)",AVAILABLE,1,1,1,13,0.7623009174971396,0.8571428571428571,0.8893510704133295,0.7838939857288482,0.7838939857288482,0.8788571428571429,12,1,3,10.672213734311024,0,0,3,0,0,0,1,0
fold3_0002236,sa_0007071,2236,Liver,18,0,"[10,25)",AVAILABLE,1,1,1,10,0.6080205692048433,0.7142857142857143,0.8512287968867805,0.6123968060630667,0.6511344601796863,0.8346398598173937,10,0,8,8.512288820096602,1,0,7,0,0,0,0,0
fold3_0002237,sa_0007072,2237,Liver,17,0,"[10,25)",AVAILABLE,1,1,1,15,0.6983528736563597,0.8125,0.8595112291155196,0.687448896156991,0.6919673247106876,0.9033728961308926,13,2,4,11.173646838012983,1,2,1,0,0,1,1,0
fold3_0002238,sa_0007073,2238,Liver,10,0,"[10,25)",AVAILABLE,1,1,1,9,0.6869919576876343,0.8421052631578947,0.8158029497540659,0.694849168889801,0.7090173150438498,0.8910526315789473,8,1,2,6.526424413835476,1,0,1,0,0,0,1,0
fold3_0002239,sa_0007074,2239,Liver,20,0,"[10,25)",AVAILABLE,1,1,1,16,0.76438955849883,0.8888888888888888,0.8599382533111837,0.7617866004962779,0.7748464544946957,0.9178136059771923,16,0,4,13.759012912917193,0,1,3,0,0,0,0,0
fold3_0002240,sa_0007075,2240,Liver,13,0,"[10,25)",AVAILABLE,1,1,1,11,0.7611401258316208,0.9166666666666666,0.8303346827254046,0.7402417962003455,0.7357277882797731,0.9335656719668918,11,0,2,9.133682340314133,1,0,1,0,0,0,0,0
fold3_0002241,sa_0007076,2241,Liver,17,0,"[10,25)",AVAILABLE,1,1,1,12,0.59841325838736,0.6896551724137931,0.867699224661672,0.6872498570611778,0.7249521378430122,0.8893821679615243,10,2,7,8.676993114315945,5,0,2,0,0,0,0,2
fold3_0002242,sa_0007077,2242,Liver,13,0,"[10,25)",AVAILABLE,1,1,1,11,0.7599615818223189,0.8333333333333334,0.9119538981867826,0.7105206770944933,0.7354867354867355,0.8493763991045731,10,1,3,9.119539893821724,0,1,2,0,0,0,1,0
fold3_0002243,sa_0007078,2243,Liver,16,0,"[10,25)",AVAILABLE,1,1,1,9,0.43269711727696125,0.56,0.7726734237088593,0.5093818984547461,0.4632718239886444,0.7838001697587001,7,2,9,5.408714738635439,0,1,7,1,0,0,1,1
fold3_0002244,sa_0007079,2244,Liver,21,0,"[10,25)",AVAILABLE,1,1,1,18,0.7594968377589593,0.8717948717948718,0.8711875491941004,0.8078983204720835,0.8078983204720835,0.8940443908807874,17,1,4,14.810189207487257,0,0,4,0,0,0,1,0
fold3_0002245,sa_0007080,2245,Liver,17,0,"[10,25)",AVAILABLE,1,1,1,15,0.8280717492391696,0.9375,0.8832765325217808,0.8362324442726453,0.8362324442726453,0.910813276261315,15,0,2,13.249148871103245,0,0,2,0,0,0,0,0
fold3_0002246,sa_0007081,2246,Liver,14,0,"[10,25)",AVAILABLE,1,1,1,9,0.5760669508229939,0.6956521739130435,0.8280962418080536,0.6260747850429914,0.5952215263279982,0.9105714701177839,8,1,6,6.62477076256067,3,0,3,0,0,0,0,1
fold3_0002247,sa_0007082,2247,Liver,21,0,"[10,25)",AVAILABLE,1,1,1,17,0.7694660274201164,0.8947368421052632,0.8599914424107183,0.7756817012519294,0.7756817012519294,0.8736720108170756,17,0,4,14.619855380973656,0,0,4,0,0,0,0,0
fold3_0002248,sa_0007083,2248,Liver,18,0,"[10,25)",AVAILABLE,1,1,1,12,0.600427657820264,0.7333333333333333,0.8187649879367237,0.48842660416056255,0.6426239240130602,0.9036863028550777,11,1,7,9.006415686068948,5,0,1,1,0,0,0,1
fold3_0002249,sa_0007084,2249,Liver,19,0,"[10,25)",AVAILABLE,1,1,1,11,0.5125446299122833,0.6,0.8542410498538056,0.5101591322063763,0.5508574807806031,0.8832221163012393,9,2,10,7.6881703029252995,7,0,3,0,0,0,0,2
fold3_0002250,sa_0007085,2250,Liver,18,0,"[10,25)",AVAILABLE,1,1,1,17,0.6859711600750539,0.8,0.8574639500938173,0.6584313725490196,0.671505422252583,0.8577266922094509,14,3,4,12.00449615877739,1,0,2,1,0,0,2,1
fold3_0002251,sa_0007086,2251,Liver,22,0,"[10,25)",AVAILABLE,1,1,1,22,0.7035670965703356,0.7727272727272727,0.9104985955616107,0.7388578522656735,0.7386990077177509,0.8879853780446865,17,5,5,15.478477035045978,2,0,2,1,0,0,3,2
fold3_0002252,sa_0007087,2252,Liver,19,0,"[10,25)",AVAILABLE,1,1,1,14,0.7278946491871492,0.8484848484848485,0.8578758365419972,0.7369050466395599,0.7499575479707931,0.8968997137450876,14,0,5,12.010262569463796,1,0,4,0,0,0,0,0
fold3_0002253,sa_0007088,2253,Liver,21,0,"[10,25)",AVAILABLE,1,1,1,18,0.7808583138870119,0.8717948717948718,0.895690418870396,0.7256339958875943,0.7733157779240728,0.873406756589531,17,1,4,15.226738016487152,1,0,3,0,0,0,1,0
fold3_0002254,sa_0007089,2254,Liver,21,0,"[10,25)",AVAILABLE,1,1,1,12,0.5854277647504481,0.6666666666666666,0.8781416471256722,0.612760834670947,0.6234982332155476,0.8308847535096311,11,1,10,9.65955899652404,1,0,8,1,0,0,0,1
fold3_0002255,sa_0007090,2255,Liver,18,0,"[10,25)",AVAILABLE,1,1,1,16,0.5845624238362702,0.6470588235294118,0.9034146550196902,0.6855744544287549,0.6779477798104108,0.8469200654145399,11,5,7,9.937562108631246,2,0,3,2,0,0,2,3
fold3_0002256,sa_0007091,2256,Lung,23,0,"[10,25)",AVAILABLE,1,1,1,21,0.7230847959848251,0.8636363636363636,0.8372560795613765,0.738710025929127,0.736659192825112,0.8827706410173649,19,2,4,15.907866348922234,1,0,2,1,0,0,1,1
fold3_0002257,sa_0007092,2257,Lung,28,0,"[25,50)",AVAILABLE,1,1,1,22,0.7001997117208673,0.8,0.875249639651084,0.707408397967371,0.708936970837253,0.8738302323021029,20,2,8,17.50499366827132,3,0,5,0,0,0,1,1
fold3_0002258,sa_0007093,2258,Lung,13,0,"[10,25)",AVAILABLE,1,1,1,11,0.5881207174878278,0.6666666666666666,0.8821810762317417,0.6272048568381328,0.6272048568381328,0.7709992941413734,8,3,5,7.057449492035009,0,0,4,1,0,0,2,1
fold3_0002259,sa_0007094,2259,Lung,26,0,"[25,50)",AVAILABLE,1,1,1,19,0.6312715267218825,0.7111111111111111,0.8877255844526473,0.4713793880111973,0.5882658359293873,0.8708133971291866,16,3,10,14.203610238967942,6,0,4,0,0,0,1,2
fold3_0002260,sa_0007095,2260,Lung,8,0,"[1,10)",AVAILABLE,1,1,1,5,0.6504924115130009,0.7692307692307693,0.845640134966901,0.7416592855033953,0.7416592855033953,0.8516697745380573,5,0,3,4.228201520474641,0,0,3,0,0,0,0,0
fold3_0002261,sa_0007096,2261,Lung,16,0,"[10,25)",AVAILABLE,1,1,1,16,0.8546988416669348,0.9375,0.9116787644447304,0.8204774796948068,0.8918441614042599,0.9433962264150944,15,1,1,13.675182378349719,1,0,0,0,0,0,1,0
fold3_0002262,sa_0007097,2262,Lung,15,0,"[10,25)",AVAILABLE,1,1,1,11,0.6338589895607042,0.7692307692307693,0.8240166864289155,0.6575938566552901,0.6944444444444444,0.8527901970524921,10,1,5,8.24016768830584,0,1,4,0,0,0,1,0
fold3_0002263,sa_0007098,2263,Lung,13,0,"[10,25)",AVAILABLE,1,1,1,11,0.7022656183924084,0.8333333333333334,0.84271874207089,0.7183964584358091,0.7183964584358091,0.8361242307141835,10,1,3,8.427188263427642,0,0,3,0,0,0,1,0
fold3_0002264,sa_0007099,2264,Lung,9,0,"[1,10)",AVAILABLE,1,1,1,7,0.6370922271945101,0.75,0.8494563029260134,0.7089552238805971,0.7692533372451225,0.8821822402785838,6,1,3,5.096738667012383,1,0,2,0,0,0,1,0
fold3_0002265,sa_0007100,2265,Ovarian,13,0,"[10,25)",AVAILABLE,1,1,1,16,0.5945909164628795,0.6896551724137931,0.8621568288711753,0.5855225585379783,0.5855225585379783,0.7385862224223323,10,6,3,8.62156915086858,0,0,2,1,0,0,5,1
fold3_0002266,sa_0007101,2266,Ovarian,21,0,"[10,25)",AVAILABLE,1,1,1,22,0.5976921320697729,0.7441860465116279,0.8031488024687573,0.6729819520517195,0.6729819520517195,0.8136539287247746,16,6,5,12.85038164264892,0,0,4,1,1,0,4,1
fold3_0002267,sa_0007102,2267,Ovarian,23,0,"[10,25)",AVAILABLE,1,1,1,17,0.6319429483740858,0.8,0.7899286854676072,0.6169566208311176,0.6510220918507654,0.9115540503025928,16,1,7,12.638859757410401,4,1,2,0,0,0,0,1
fold3_0002268,sa_0007103,2268,Ovarian,11,0,"[10,25)",AVAILABLE,1,1,1,9,0.7351589105776191,0.9,0.8168432339751323,0.8131970260223048,0.8131970260223048,0.8969759097898513,9,0,2,7.351589922619423,0,0,2,0,0,0,0,0
fold3_0002269,sa_0007104,2269,Ovarian,14,0,"[10,25)",AVAILABLE,1,1,1,15,0.554055673210511,0.6896551724137931,0.8033807261552409,0.5461818828340297,0.5364520611394163,0.7408657904256601,10,5,4,8.033808064933135,2,0,2,0,0,0,4,1
fold3_0002270,sa_0007105,2270,Ovarian,4,0,"[1,10)",AVAILABLE,1,1,1,4,0.6181112049258183,0.75,0.8241482732344244,0.5037526268387872,0.5037526268387872,0.669994010780595,3,1,1,2.4724456438515467,0,0,0,1,0,0,0,1
fold3_0002271,sa_0007106,2271,Ovarian,47,0,"[25,50)",AVAILABLE,1,1,1,33,0.5991202373060185,0.75,0.7988269830746914,0.6072468611256981,0.6228179862952034,0.8012328556017876,30,3,17,23.964810291067725,2,1,12,2,0,1,0,2
fold3_0002272,sa_0007107,2272,Ovarian,46,0,"[25,50)",AVAILABLE,1,1,1,28,0.5149582044619087,0.6216216216216216,0.8284110245691574,0.4478719982847341,0.4968532626697582,0.8282560055076098,23,5,23,19.053454393501646,6,7,10,0,0,2,1,2
fold3_0002273,sa_0007108,2273,Ovarian,37,0,"[25,50)",AVAILABLE,1,1,1,28,0.6686627189555694,0.7692307692307693,0.8692615346422402,0.532787179763573,0.6263725393213968,0.9073657320114348,25,3,12,21.73153923531754,2,4,6,0,1,1,1,0
fold3_0002274,sa_0007109,2274,Ovarian,33,0,"[25,50)",AVAILABLE,1,1,1,19,0.426236174035342,0.5,0.852472348070684,0.43514957264957266,0.45622351104171316,0.9361620648719029,13,6,20,11.082141377391238,10,6,4,0,0,2,1,3
fold3_0002275,sa_0007110,2275,Ovarian,19,0,"[10,25)",AVAILABLE,1,1,1,13,0.5347452895014964,0.6875,0.7778113301839947,0.49764415526138656,0.4819337332190803,0.8558762588541415,11,2,8,8.555925409835272,4,2,2,0,0,0,2,0
fold3_0002276,sa_0007111,2276,Ovarian,28,0,"[25,50)",AVAILABLE,1,1,1,19,0.4829481275058981,0.5957446808510638,0.8106629283134719,0.47780298814161565,0.48147703392374663,0.9046769879225095,14,5,14,11.349281807051534,11,0,3,0,0,0,2,3
fold3_0002277,sa_0007112,2277,Ovarian,29,0,"[25,50)",AVAILABLE,1,1,1,14,0.4942760667034108,0.6511627906976745,0.7590668167230951,0.4928437740834526,0.5428809325562032,0.8784771623411667,14,0,15,10.626936193190147,8,0,7,0,0,0,0,0
fold3_0002278,sa_0007113,2278,Ovarian,37,0,"[25,50)",AVAILABLE,1,1,1,27,0.7370144234738967,0.84375,0.8734985759690628,0.760715054921387,0.7669374673921144,0.8939131901969882,27,0,10,23.584462424663272,1,0,9,0,0,0,0,0
fold3_0002279,sa_0007114,2279,Ovarian,14,0,"[10,25)",AVAILABLE,1,1,1,8,0.5303230457743962,0.6363636363636364,0.8333647862169082,0.5037418147801683,0.6116052520118593,0.8491458607095926,7,1,7,5.833554336883144,4,0,3,0,0,0,0,1
fold3_0002280,sa_0007115,2280,Ovarian,33,0,"[25,50)",AVAILABLE,1,1,1,22,0.6096473286411266,0.6909090909090909,0.8823842914542622,0.5738772097467749,0.6213498928069786,0.8763450665693964,19,3,14,16.765302420015274,6,0,8,0,0,0,1,2
fold3_0002281,sa_0007116,2281,Ovarian,28,0,"[25,50)",AVAILABLE,1,1,1,24,0.595846377471297,0.6923076923076923,0.8606669896807624,0.5408209547567752,0.5632336655592469,0.9018607726456975,18,6,10,15.492006674920713,6,0,3,1,0,0,3,3
fold3_0002282,sa_0007117,2282,Ovarian,22,0,"[10,25)",AVAILABLE,1,1,1,20,0.737452578883146,0.8571428571428571,0.860361342030337,0.7460838634653533,0.7520756624070464,0.899291247733641,18,2,4,15.486505016907408,1,0,3,0,0,0,2,0
fold3_0002283,sa_0007118,2283,Ovarian,28,0,"[25,50)",AVAILABLE,1,1,1,23,0.3774145088277268,0.5098039215686274,0.7403130750082334,0.353306249106833,0.4269824922760041,0.8594591993841416,13,10,15,9.624070715420109,2,11,2,0,1,6,2,1
fold3_0002284,sa_0007119,2284,Ovarian,9,0,"[1,10)",AVAILABLE,1,1,1,6,0.6365798205041417,0.8,0.7957247756301772,0.5978962467128854,0.6892128279883382,0.8662409389023127,6,0,3,4.774349449505839,1,0,2,0,0,0,0,0
fold3_0002285,sa_0007120,2285,Ovarian,18,0,"[10,25)",AVAILABLE,1,1,1,16,0.426279905450436,0.47058823529411764,0.9058447990821765,0.44955931061584237,0.512630014858841,0.8998596688184114,8,8,10,7.2467592985022105,4,5,1,0,1,3,3,1
fold3_0002286,sa_0007121,2286,Ovarian,33,0,"[25,50)",AVAILABLE,1,1,1,17,0.28999640513311087,0.4,0.7249910128327771,0.15920792497911976,0.24348654598022143,0.800147960262101,10,7,23,7.2499108533187835,10,12,1,0,0,3,2,2
fold3_0002287,sa_0007122,2287,Ovarian,39,0,"[25,50)",AVAILABLE,1,1,1,15,0.22561337561417774,0.2962962962962963,0.7614451426978499,0.20172476116705396,0.2791504834311214,0.8444559295389452,8,7,31,6.091561903027942,5,16,9,1,0,3,1,3
fold3_0002288,sa_0007123,2288,Ovarian,26,0,"[25,50)",AVAILABLE,1,1,1,22,0.31952974017811864,0.4166666666666667,0.7668713764274847,0.29240939676543504,0.3783314794215795,0.8513783975724708,10,12,16,7.6687145311462235,0,14,1,1,3,8,1,0
fold3_0002289,sa_0007124,2289,Ovarian,25,0,"[25,50)",AVAILABLE,1,1,1,12,0.13013583102743828,0.16216216216216217,0.8025042913358694,0.2469682748263563,0.2876893247534212,0.865379159847245,3,9,22,2.4075136765118996,16,6,0,0,0,3,2,4
fold3_0002290,sa_0007125,2290,Ovarian,16,0,"[10,25)",AVAILABLE,1,1,1,13,0.5351998200120415,0.6896551724137931,0.77603973901746,0.5640508132494361,0.6109148017275225,0.7942156145909497,10,3,6,7.760398166214339,1,0,4,1,1,0,1,1
fold3_0002291,sa_0007126,2291,Ovarian,46,0,"[25,50)",AVAILABLE,1,1,1,36,0.7146736534112229,0.8536585365853658,0.8371891368531469,0.6503058103975535,0.721108821876756,0.9261435774658106,35,1,11,29.301620627049275,4,1,5,1,0,0,0,1
fold3_0002292,sa_0007127,2292,Ovarian,43,0,"[25,50)",AVAILABLE,1,1,1,30,0.596405865097463,0.7123287671232876,0.8372620798483615,0.616345337698557,0.6388319088319089,0.884967752029623,26,4,17,21.76881491331948,6,2,8,1,0,0,2,2
fold3_0002293,sa_0007128,2293,Ovarian,28,0,"[25,50)",AVAILABLE,1,1,1,19,0.562646106860687,0.6808510638297872,0.826386469451634,0.5808350815456452,0.5868731971391314,0.8569436489952439,16,3,12,13.222184337612614,2,2,7,1,0,0,1,2
fold3_0002294,sa_0007129,2294,Ovarian,39,0,"[25,50)",AVAILABLE,1,1,1,29,0.6403780493498115,0.7647058823529411,0.8374174491497535,0.5521387094135929,0.6118994453648346,0.9053087854142461,26,3,13,21.77285451531104,7,2,3,1,0,0,1,2
fold3_0002295,sa_0007130,2295,Ovarian,32,0,"[25,50)",AVAILABLE,1,1,1,27,0.4642846614800013,0.5423728813559322,0.8560248446037524,0.4143620928206617,0.4521196063588191,0.9112099942283703,16,11,16,13.696398369684884,9,7,0,0,0,3,6,2
fold3_0002296,sa_0007131,2296,Ovarian,29,0,"[25,50)",AVAILABLE,1,1,1,19,0.5298610234284399,0.625,0.8477776374855038,0.5808163075347885,0.5592203072518033,0.8815905639721722,15,4,14,12.716665410060195,6,2,6,0,0,1,1,2
fold3_0002297,sa_0007132,2297,Ovarian,39,0,"[25,50)",AVAILABLE,1,1,1,27,0.5156595337155503,0.6363636363636364,0.8103221244101504,0.4748093135287033,0.5335296385880044,0.8657507943401833,21,6,18,17.016765422935283,11,0,7,0,0,0,3,3
fold3_0002298,sa_0007133,2298,Ovarian,30,0,"[25,50)",AVAILABLE,1,1,1,23,0.5084579028492064,0.6415094339622641,0.7925961426767042,0.5274393921119286,0.534243405830634,0.7916151410043734,17,6,13,13.474135218100114,4,2,7,0,0,1,4,1
fold3_0002299,sa_0007134,2299,Ovarian,32,0,"[25,50)",AVAILABLE,1,1,1,28,0.636753833063343,0.7333333333333333,0.8683006814500133,0.7255386359954641,0.7468431330006509,0.8934320349761526,22,6,10,19.102615860200974,2,0,8,0,1,0,5,0
fold3_0002300,sa_0007135,2300,Ovarian,28,0,"[25,50)",AVAILABLE,1,1,1,22,0.6578510486163925,0.76,0.8655934850215691,0.6471259992386753,0.6565649242369318,0.8928180664361679,19,3,9,16.4462770810033,4,0,5,0,0,0,2,1
fold3_0002301,sa_0007136,2301,Ovarian,24,0,"[10,25)",AVAILABLE,1,1,1,22,0.7349934522674756,0.8695652173913043,0.845242470107597,0.6645790251107828,0.7353039523841369,0.867118853090797,20,2,4,16.90485024739441,2,0,2,0,0,0,2,0
fold3_0002302,sa_0007137,2302,Ovarian,26,0,"[25,50)",AVAILABLE,1,1,1,24,0.5988242690399558,0.76,0.7879266697894155,0.6134619105979487,0.6098978449987366,0.8736967196573914,19,5,7,14.970607513925565,2,1,3,1,1,2,1,1
fold3_0002303,sa_0007138,2303,Ovarian,22,0,"[10,25)",AVAILABLE,1,1,1,20,0.7028135157104481,0.8095238095238095,0.8681814017599653,0.7315582508172644,0.7315582508172644,0.8457371128379118,17,3,5,14.759084698100812,0,0,5,0,0,0,3,0
fold3_0002304,sa_0007139,2304,Ovarian,24,0,"[10,25)",AVAILABLE,1,1,1,21,0.7672047806212188,0.8444444444444444,0.9085319770514433,0.8143312736695236,0.8143312736695236,0.8976654765174402,19,2,5,17.2621084725094,0,0,4,1,0,0,1,1
fold3_0002305,sa_0007140,2305,Ovarian,26,0,"[25,50)",AVAILABLE,1,1,1,21,0.6405480696196888,0.723404255319149,0.8854635080036874,0.757646132651053,0.7565868987188784,0.882895280033026,17,4,9,15.052880521526195,2,0,5,2,0,0,1,3
fold3_0002306,sa_0007141,2306,Ovarian,26,0,"[25,50)",AVAILABLE,1,1,1,18,0.5756054126832408,0.6818181818181818,0.84422127193542,0.5864621692418663,0.6119000539277368,0.8613806178208988,15,3,11,12.66331992325257,5,0,6,0,0,0,1,2
fold3_0002307,sa_0007142,2307,Ovarian,23,0,"[10,25)",AVAILABLE,1,1,1,24,0.7117097499269998,0.8085106382978723,0.880272585436026,0.715542388331814,0.715542388331814,0.8341879433566248,19,5,4,16.72518000355708,0,0,2,2,0,0,3,2
fold3_0002308,sa_0007143,2308,Ovarian,41,0,"[25,50)",AVAILABLE,1,1,1,29,0.6109696084810741,0.7714285714285715,0.7919976406236146,0.5760999601222916,0.638386260947772,0.9079217367437362,27,2,14,21.383937088835236,6,5,3,0,0,1,0,1
fold3_0002309,sa_0007144,2309,Ovarian,39,0,"[25,50)",AVAILABLE,1,1,1,27,0.4418539584412692,0.5757575757575758,0.7674305593979938,0.4348411381072497,0.47601219145093315,0.8484825309420927,19,8,20,14.581181395992441,13,2,4,1,0,1,3,4
fold3_0002310,sa_0007145,2310,Ovarian,37,0,"[25,50)",AVAILABLE,1,1,1,24,0.43256911526901703,0.5245901639344263,0.8245848759815637,0.39146455280414044,0.44755396250196944,0.8816478687364798,16,8,21,13.193358840289896,14,4,3,0,1,1,2,4
fold3_0002311,sa_0007146,2311,Ovarian,32,0,"[25,50)",AVAILABLE,1,1,1,26,0.5930486648792926,0.7241379310344828,0.8189719657856898,0.5597791121595539,0.592772396270502,0.902593610687784,21,5,11,17.19841210047145,10,0,1,0,0,0,1,4
fold3_0002312,sa_0007147,2312,Ovarian,24,0,"[10,25)",AVAILABLE,1,1,1,22,0.42012820069813095,0.5217391304347826,0.805245718004751,0.3899009011898271,0.45934906917752266,0.7273959284683146,12,10,12,9.662949421302729,8,0,2,2,2,0,2,6
fold3_0002313,sa_0007148,2313,Pancreatic,14,0,"[10,25)",AVAILABLE,1,1,1,12,0.8062488900808559,0.9230769230769231,0.8734362975875938,0.7625,0.7967124427798585,0.932484076433121,12,0,2,10.481236444487422,1,0,1,0,0,0,0,0
fold3_0002314,sa_0007149,2314,Pancreatic,8,0,"[1,10)",AVAILABLE,1,1,1,8,0.534000395575254,0.625,0.8544006329204065,0.5042961004626569,0.5124770160231154,0.7992358457797847,5,3,3,4.272004019002665,1,0,2,0,0,0,3,0
fold3_0002315,sa_0007150,2315,Pancreatic,13,0,"[10,25)",AVAILABLE,1,1,1,6,0.44875912674685386,0.5263157894736842,0.8526423408190223,0.44486256544502617,0.47365805168986086,0.9170320404721753,5,1,8,4.263212556737453,4,0,4,0,0,0,0,1
fold3_0002316,sa_0007151,2316,Pancreatic,21,0,"[10,25)",AVAILABLE,1,1,1,16,0.5342911954125991,0.7027027027027027,0.7603374703948524,0.6384007367047809,0.6379694593479158,0.8454948599072768,13,3,8,9.884387875470551,3,0,4,1,2,0,0,1
fold3_0002317,sa_0007152,2317,Pancreatic,36,0,"[25,50)",AVAILABLE,1,1,1,27,0.7383943291542011,0.8571428571428571,0.8614600506799014,0.7479898587468309,0.7479898587468309,0.8564087688036136,27,0,9,23.25942222981739,0,0,9,0,0,0,0,0
fold3_0002318,sa_0007153,2318,Pancreatic,26,0,"[25,50)",AVAILABLE,1,1,1,18,0.6797997352592782,0.7727272727272727,0.8797408338649483,0.7138516934848655,0.7427400891673696,0.877273041554311,17,1,9,14.955595055444956,2,0,7,0,0,0,0,1
fold3_0002319,sa_0007154,2319,Pancreatic,25,0,"[25,50)",AVAILABLE,1,1,1,19,0.5994122659338169,0.7272727272727273,0.8241918656589983,0.5795545746388443,0.6162317452717261,0.8557250777662568,16,3,9,13.187070674735839,4,0,5,0,0,0,2,1
fold3_0002320,sa_0007155,2320,Pancreatic,25,0,"[25,50)",AVAILABLE,1,1,1,22,0.705972387068187,0.8085106382978723,0.8731763734790735,0.7656213883966407,0.767862788491938,0.8885411543792194,19,3,6,16.59035196927877,2,0,4,0,0,0,2,1
fold3_0002321,sa_0007156,2321,Pancreatic,30,0,"[25,50)",AVAILABLE,1,1,1,28,0.6676962789240785,0.8275862068965517,0.8067996703665948,0.6966445394198417,0.7230246389124894,0.8394696471619548,24,4,6,19.363192895597948,1,0,3,2,0,0,2,2
fold3_0002322,sa_0007157,2322,Pancreatic,22,0,"[10,25)",AVAILABLE,1,1,1,21,0.6712402187192622,0.7906976744186046,0.8489214530861258,0.6290192926045016,0.6290192926045016,0.77226745620528,17,4,5,14.431665551385592,0,0,3,2,0,0,2,2
fold3_0002323,sa_0007158,2323,Pancreatic,47,0,"[25,50)",AVAILABLE,1,1,1,36,0.6224712854000055,0.7710843373493976,0.8072674482531321,0.6673911414224687,0.672685332484887,0.8469256740691427,32,4,15,25.832559151367676,4,0,9,2,0,0,0,4
fold3_0002324,sa_0007159,2324,Pancreatic,61,0,"[50,+inf)",AVAILABLE,1,1,1,54,0.5938827138053867,0.7478260869565218,0.7941454893909241,0.5492529053680133,0.5887439816762492,0.8300576674120278,43,11,18,34.14825683795522,9,2,6,1,0,2,5,4
fold3_0002325,sa_0007160,2325,Pancreatic,47,0,"[25,50)",AVAILABLE,1,1,1,35,0.46874041916283954,0.5853658536585366,0.8007648827365176,0.42344463127552245,0.46604707957397734,0.8159733469066679,24,11,23,19.218357986441305,17,2,3,1,0,1,3,7
fold3_0002326,sa_0007161,2326,Pancreatic,9,0,"[1,10)",AVAILABLE,1,1,1,9,0.8909000612948449,1.0,0.8909000612948449,0.9064863625945451,0.9064863625945451,0.9509497475354652,9,0,0,8.018101442553665,0,0,0,0,0,0,0,0
fold3_0002327,sa_0007162,2327,Pancreatic,16,0,"[10,25)",AVAILABLE,1,1,1,12,0.692909927770225,0.8571428571428571,0.8083949157319291,0.6493821367120288,0.7238667900092507,0.8911188623557821,12,0,4,9.700739797178064,2,0,2,0,0,0,0,0
fold3_0002328,sa_0007163,2328,Pancreatic,12,0,"[10,25)",AVAILABLE,1,1,1,9,0.655570737931618,0.7619047619047619,0.8604365935352487,0.6673040152963671,0.6818954124976402,0.8618251206644966,8,1,4,6.883493608718583,2,0,2,0,0,0,0,1
fold3_0002329,sa_0007164,2329,Pancreatic,13,0,"[10,25)",AVAILABLE,1,1,1,9,0.4974196578594988,0.6363636363636364,0.781659462350641,0.5192714951291826,0.5078804347826087,0.8837628401513786,7,2,6,5.47161701811395,5,0,1,0,0,0,0,2
fold3_0002330,sa_0007165,2330,Pancreatic,26,0,"[25,50)",AVAILABLE,1,1,1,17,0.6708357103790035,0.7906976744186046,0.8484098690087397,0.6820106999554169,0.7110362257792755,0.860800450165295,17,0,9,14.422968621558445,1,0,8,0,0,0,0,0
fold3_0002331,sa_0007166,2331,Pancreatic,24,0,"[10,25)",AVAILABLE,1,1,1,14,0.6304231960034163,0.7368421052631579,0.855574337433208,0.5976903870162297,0.6492351816443594,0.8880644600313026,14,0,10,11.978041579639248,3,0,7,0,0,0,0,0
fold3_0002332,sa_0007167,2332,Pancreatic,26,0,"[25,50)",AVAILABLE,1,1,1,22,0.5217071573388277,0.6666666666666666,0.7825607360082416,0.5192970704702614,0.5788761520590263,0.880261306857688,16,6,10,12.520972558692602,4,5,1,0,0,4,1,1
fold3_0002333,sa_0007168,2333,Prostate,30,0,"[25,50)",AVAILABLE,1,1,1,21,0.618114022881246,0.7450980392156863,0.8295740833406196,0.6265392232842504,0.6196971038880524,0.7966972878390202,19,2,11,15.761908413045855,2,0,8,1,0,0,0,2
fold3_0002334,sa_0007169,2334,Prostate,25,0,"[25,50)",AVAILABLE,1,1,1,17,0.6790402234940444,0.8095238095238095,0.8388143937279372,0.6247969680563076,0.6836643177450352,0.8781675671562286,17,0,8,14.259845532189328,2,0,6,0,0,0,0,0
fold3_0002335,sa_0007170,2335,Prostate,25,0,"[25,50)",AVAILABLE,1,1,1,18,0.6044939080090154,0.7441860465116279,0.8122886888871145,0.5651506696428571,0.6081934390882489,0.8046351273702356,16,2,9,12.996619834482521,2,0,6,1,2,0,0,0
fold3_0002336,sa_0007171,2336,Prostate,38,0,"[25,50)",AVAILABLE,1,1,1,25,0.6443301301128442,0.7936507936507936,0.8118559639421838,0.621783610623127,0.621783610623127,0.766789855995922,25,0,13,20.29639991041056,0,0,13,0,0,0,0,0
fold3_0002337,sa_0007172,2337,Prostate,43,0,"[25,50)",AVAILABLE,1,1,1,34,0.6469011703774373,0.8051948051948052,0.803409518049398,0.6441558441558441,0.6576362655153805,0.8073967964578721,31,3,12,24.905695862940856,3,0,9,0,0,0,2,1
fold3_0002338,sa_0007173,2338,Prostate,22,0,"[10,25)",AVAILABLE,1,1,1,18,0.6585630125333676,0.8,0.8232037656667094,0.6318088203962787,0.731396083385976,0.8669001751313485,16,2,6,13.171261073871117,3,0,2,1,0,0,1,1
fold3_0002339,sa_0007174,2339,Prostate,12,0,"[10,25)",AVAILABLE,1,1,1,11,0.6825373651331758,0.8695652173913043,0.7849179699031521,0.7089406633765638,0.7589967956618191,0.865580662112454,10,1,2,7.84918048394949,2,0,0,0,0,0,1,0
fold3_0002340,sa_0007175,2340,Prostate,12,0,"[10,25)",AVAILABLE,1,1,1,15,0.24875046751129856,0.2962962962962963,0.8395328278506327,0.3476747480471122,0.3476747480471122,0.5291167372435955,4,11,8,3.3581321509353588,0,0,4,4,2,0,6,3
fold3_0002341,sa_0007176,2341,Prostate,14,0,"[10,25)",AVAILABLE,1,1,1,13,0.5081855173133645,0.5925925925925926,0.8575630604663026,0.5459651329978433,0.5988621618924044,0.7585367376240714,8,5,6,6.86050534129348,2,0,3,1,0,0,3,2
fold3_0002342,sa_0007177,2342,Prostate,9,0,"[1,10)",AVAILABLE,1,1,1,13,0.4567338045952277,0.5454545454545454,0.8373453084245842,0.5626668181043785,0.5626668181043785,0.7201366428026311,6,7,3,5.024072687892814,0,0,3,0,0,0,7,0
fold3_0002343,sa_0007178,2343,Prostate,15,0,"[10,25)",AVAILABLE,1,1,1,14,0.4669542662900598,0.5517241379310345,0.8463546076507334,0.47767894604346733,0.48694004601434565,0.690816419404751,8,6,7,6.770837707560474,2,0,3,2,0,0,3,3
fold3_0002344,sa_0007179,2344,Prostate,12,0,"[10,25)",AVAILABLE,1,1,1,12,0.5930074385016558,0.75,0.7906765846688745,0.6493691031033307,0.6493691031033307,0.7878975843412936,9,3,3,7.116090052696454,0,0,3,0,0,0,3,0
fold3_0002345,sa_0007180,2345,Prostate,10,0,"[10,25)",AVAILABLE,1,1,1,12,0.7557906740723567,0.9090909090909091,0.8313697414795923,0.8009343664539653,0.8009343664539653,0.8894653590635875,10,2,0,8.313698246165664,0,0,0,0,0,0,2,0
fold3_0002346,sa_0007181,2346,Prostate,32,0,"[25,50)",AVAILABLE,1,1,1,19,0.6333363402028888,0.7450980392156863,0.850004035535456,0.5890695573622403,0.6183865644112222,0.782316597684602,19,0,13,16.1500775251777,2,0,11,0,0,0,0,0
fold3_0002347,sa_0007182,2347,Prostate,15,0,"[10,25)",AVAILABLE,1,1,1,12,0.6127614921599082,0.7407407407407407,0.827228014415876,0.5278675904541955,0.5678240016682307,0.9120170246724746,10,2,5,8.272280971386774,5,0,0,0,0,0,1,1
fold3_0002348,sa_0007183,2348,Prostate,21,0,"[10,25)",AVAILABLE,1,1,1,15,0.6907381541639817,0.8333333333333334,0.8288857849967779,0.7652984134978594,0.7652984134978594,0.8718972895863053,15,0,6,12.433287603837453,0,0,6,0,0,0,0,0
fold3_0002349,sa_0007184,2349,Prostate,8,0,"[1,10)",AVAILABLE,1,1,1,8,0.883568552581508,1.0,0.883568552581508,0.8951415588954911,0.8951415588954911,0.9446698635189967,8,0,0,7.068549304220616,0,0,0,0,0,0,0,0
fold3_0002350,sa_0007185,2350,Prostate,16,0,"[10,25)",AVAILABLE,1,1,1,10,0.45501385213843226,0.5384615384615384,0.8450257253999457,0.5505101020204041,0.5578383206788745,0.8027522935779816,7,3,9,5.915180922825345,2,0,6,1,2,0,0,1
fold3_0002351,sa_0007186,2351,Prostate,27,0,"[25,50)",AVAILABLE,1,1,1,21,0.6957865692069132,0.8333333333333334,0.8349438830482958,0.6889493272258803,0.722528810258075,0.9077974087161367,20,1,7,16.6988784959098,4,0,3,0,0,0,0,1
fold3_0002352,sa_0007187,2352,Prostate,10,0,"[10,25)",AVAILABLE,1,1,1,10,0.7054175829293806,0.8,0.8817719786617257,0.6720674011665586,0.6720674011665586,0.8046511627906977,8,2,2,7.054176711065784,0,1,1,0,0,1,1,0
fold3_0002353,sa_0007188,2353,Prostate,23,0,"[10,25)",AVAILABLE,1,1,1,20,0.6651976219493703,0.7906976744186046,0.8412793454065566,0.6747267307055317,0.7146872803935348,0.8616803278688525,17,3,6,14.301749713190809,1,0,5,0,2,0,1,0
fold3_0002354,sa_0007189,2354,Prostate,55,0,"[50,+inf)",AVAILABLE,1,1,1,51,0.6735145110058236,0.7735849056603774,0.8706407093489914,0.6165867244313786,0.6706698031447319,0.8859493108048021,41,10,14,35.696269953949354,10,0,3,1,0,0,6,4
fold3_0002355,sa_0007190,2355,Prostate,35,0,"[25,50)",AVAILABLE,1,1,1,30,0.590502330785349,0.7076923076923077,0.83440546741408,0.5295878497605243,0.6244952350185754,0.8483929503591936,23,7,12,19.191326584929307,6,0,4,2,2,0,2,3
fold3_0002356,sa_0007191,2356,Prostate,44,0,"[25,50)",AVAILABLE,1,1,1,43,0.6531245488034381,0.8045977011494253,0.8117405106557015,0.5622201594408649,0.6690764185210001,0.8718360447918867,35,8,9,28.41091868469006,8,0,1,0,1,0,6,1
fold3_0002357,sa_0007192,2357,Prostate,33,0,"[25,50)",AVAILABLE,1,1,1,28,0.6965515249963796,0.8524590163934426,0.8171085197072915,0.7219286151960784,0.7332027104253408,0.8885539331135186,26,2,7,21.2448223294981,3,0,4,0,0,0,1,1
fold3_0002358,sa_0007193,2358,Prostate,33,0,"[25,50)",AVAILABLE,1,1,1,27,0.6693983147154857,0.7666666666666667,0.8731282365854162,0.6409646460503651,0.7067665467448623,0.9025179025179025,23,4,10,20.08195031459281,8,0,2,0,0,0,2,2
fold3_0002359,sa_0007194,2359,Prostate,26,0,"[25,50)",AVAILABLE,1,1,1,26,0.7920025415001539,0.8846153846153846,0.895307220826261,0.8158308972340904,0.8183665176757415,0.9280127693535515,23,3,3,20.592066974311226,2,0,1,0,0,0,2,1
fold3_0002360,sa_0007195,2360,Prostate,4,0,"[1,10)",AVAILABLE,1,1,1,4,0.7972867396791103,1.0,0.7972867396791103,0.7980132450331126,0.7980132450331126,0.8876611418047882,4,0,0,3.189147756003181,0,0,0,0,0,0,0,0
fold3_0002361,sa_0007196,2361,Prostate,2,0,"[1,10)",AVAILABLE,1,1,1,2,0.804053652027228,1.0,0.804053652027228,0.8116666666666666,0.8116666666666666,0.8960441582336707,2,0,0,1.6081081081081081,0,0,0,0,0,0,0,0
fold3_0002362,sa_0007197,2362,Prostate,5,0,"[1,10)",AVAILABLE,1,1,1,8,0.49143330043030176,0.6153846153846154,0.7985791131992404,0.37478608100399313,0.37478608100399313,0.5452282157676348,4,4,1,3.194317251376075,0,0,0,1,0,0,3,1
fold3_0002363,sa_0007198,2363,Prostate,8,0,"[1,10)",AVAILABLE,1,1,1,10,0.4423656290321347,0.5555555555555556,0.7962581322578425,0.47417609444171177,0.47417609444171177,0.64330997664331,5,5,3,3.9812914575473446,0,0,1,2,0,0,3,2
fold3_0002364,sa_0007199,2364,Prostate,10,0,"[10,25)",AVAILABLE,1,1,1,10,0.7562104770661806,0.9,0.8402338634068673,0.7799607072691552,0.7799607072691552,0.8774834437086093,9,1,1,7.562105610895669,0,0,0,1,0,0,0,1
fold3_0002365,sa_0007200,2365,Prostate,24,0,"[10,25)",AVAILABLE,1,1,1,18,0.641299935699589,0.7619047619047619,0.8417061656057107,0.6223858231806633,0.6717680535261094,0.8789217039286042,16,2,8,13.467299491397537,5,0,2,1,0,0,0,2
fold3_0002366,sa_0007201,2366,Prostate,25,0,"[25,50)",AVAILABLE,1,1,1,21,0.714581852296506,0.8260869565217391,0.8650201369905072,0.7482115397472755,0.7599330519575025,0.9291709737440562,19,2,6,16.435383467839774,3,0,2,1,0,0,0,2
fold3_0002367,sa_0007202,2367,Prostate,35,0,"[25,50)",AVAILABLE,1,1,1,27,0.639969798257874,0.7419354838709677,0.862567988956265,0.5980883322346737,0.6636345011268183,0.9057904977709909,23,4,12,19.839064608562083,6,0,5,1,2,0,1,1
fold3_0002368,sa_0007203,2368,Prostate,19,0,"[10,25)",AVAILABLE,1,1,1,18,0.699141717967072,0.8108108108108109,0.8622747854927222,0.6508517205899166,0.7043266144562845,0.8577024482109228,15,3,4,12.934122644665617,3,0,1,0,0,0,2,1
fold3_0002369,sa_0007204,2369,Prostate,34,0,"[25,50)",AVAILABLE,1,1,1,22,0.5340468541213179,0.6428571428571429,0.8307395508553834,0.520802871195002,0.5786816269284712,0.9348495617152334,18,4,16,14.953312746136454,11,1,4,0,0,2,0,2
fold3_0002370,sa_0007205,2370,Prostate,20,0,"[10,25)",AVAILABLE,1,1,1,16,0.7653694519471004,0.8888888888888888,0.861040633440488,0.7703968330597664,0.7853862212943633,0.9333489242282507,16,0,4,13.776650996088442,1,0,3,0,0,0,0,0
fold3_0002371,sa_0007206,2371,Prostate,22,0,"[10,25)",AVAILABLE,1,1,1,18,0.6545138425948075,0.75,0.8726851234597434,0.6467387307890287,0.6540150564617315,0.8339654845439028,15,3,7,13.090277724581274,1,0,6,0,0,0,3,0
fold3_0002372,sa_0007207,2372,Prostate,16,0,"[10,25)",AVAILABLE,1,1,1,12,0.5265831200863897,0.6428571428571429,0.8191292979121618,0.5127713920817369,0.596795890913538,0.8609941027801179,9,3,7,7.372164500338754,4,0,2,1,0,0,1,2
fold3_0002373,NOT_FOUND,2373,Prostate,0,1,"[0,1)",NOT_EVALUATED,0,0,0,NOT_EVALUATED,NOT_EVALUATED,NOT_EVALUATED,NOT_EVALUATED,NOT_EVALUATED,NOT_EVALUATED,NOT_EVALUATED,NOT_EVALUATED,NOT_EVALUATED,NOT_EVALUATED,NOT_EVALUATED,NOT_EVALUATED,NOT_EVALUATED,NOT_EVALUATED,NOT_EVALUATED,NOT_EVALUATED,NOT_EVALUATED,NOT_EVALUATED,NOT_EVALUATED
fold3_0002374,sa_0007208,2374,Prostate,17,0,"[10,25)",AVAILABLE,1,1,1,14,0.5762610171034209,0.7096774193548387,0.8120041604639112,0.45854145854145856,0.5648642376421443,0.7532255672549311,11,3,6,8.932046577107183,4,0,2,0,0,0,3,0
fold3_0002375,NOT_FOUND,2375,Prostate,0,1,"[0,1)",NOT_EVALUATED,0,0,0,NOT_EVALUATED,NOT_EVALUATED,NOT_EVALUATED,NOT_EVALUATED,NOT_EVALUATED,NOT_EVALUATED,NOT_EVALUATED,NOT_EVALUATED,NOT_EVALUATED,NOT_EVALUATED,NOT_EVALUATED,NOT_EVALUATED,NOT_EVALUATED,NOT_EVALUATED,NOT_EVALUATED,NOT_EVALUATED,NOT_EVALUATED,NOT_EVALUATED,NOT_EVALUATED
fold3_0002376,sa_0007209,2376,Skin,99,0,"[50,+inf)",AVAILABLE,1,1,1,69,0.4359991646784526,0.5595238095238095,0.7792325496380855,0.4195484619057363,0.48228669185259104,0.8009938286447063,47,22,52,36.623930612222566,18,20,12,2,5,6,4,7
fold3_0002377,sa_0007210,2377,Skin,80,0,"[50,+inf)",AVAILABLE,1,1,1,50,0.4136381234807147,0.5076923076923077,0.8147417583711047,0.3726751649401439,0.4792213309343529,0.8630604453154036,33,17,47,26.88647884098821,19,20,7,1,0,8,2,7
fold3_0002378,sa_0007211,2378,Skin,62,0,"[50,+inf)",AVAILABLE,1,1,1,40,0.4027569914871615,0.5294117647058824,0.7607632061424161,0.39156052335152935,0.4204624117402741,0.6809454191033139,27,13,35,20.54060732660844,11,1,21,2,4,3,2,4
fold3_0002379,sa_0007212,2379,Skin,99,0,"[50,+inf)",AVAILABLE,1,1,1,55,0.32251003479511536,0.42857142857142855,0.7525234145219358,0.3494282881277221,0.45003615012159587,0.8503565816511544,33,22,66,24.833273431747294,37,22,5,2,0,8,0,14
fold3_0002380,sa_0007213,2380,Skin,84,0,"[50,+inf)",AVAILABLE,1,1,1,56,0.4218375052735558,0.5285714285714286,0.7980709559229434,0.4351279125630555,0.49787026355488506,0.8699902248289345,37,19,47,29.528626167219862,33,9,4,1,0,6,2,11
fold3_0002381,sa_0007214,2381,Skin,79,0,"[50,+inf)",AVAILABLE,1,1,1,52,0.3710711971243352,0.4732824427480916,0.7840375294078694,0.390621804854262,0.4347263490846353,0.8361225239669974,31,21,48,24.30516419568148,29,12,6,1,0,6,5,10
fold3_0002382,sa_0007215,2382,Skin,4,0,"[1,10)",AVAILABLE,1,1,1,2,0.509949993781222,0.6666666666666666,0.7649249906718331,0.32389162561576357,0.32389162561576357,0.48930232558139536,2,0,2,1.5298507462686568,0,0,2,0,0,0,0,0
fold3_0002383,sa_0007216,2383,Skin,11,0,"[10,25)",AVAILABLE,1,1,1,6,0.5428942280539159,0.7058823529411765,0.7691001564097141,0.5431547619047619,0.564340239912759,0.7633321714883234,6,0,5,4.614601707558441,1,0,4,0,0,0,0,0
fold3_0002384,sa_0007217,2384,Skin,10,0,"[10,25)",AVAILABLE,1,1,1,6,0.41957990862150973,0.5,0.8391598172430195,0.3355614973262032,0.4328507239141288,0.6996515679442509,4,2,6,3.356640108131895,3,0,2,1,0,0,0,2
fold3_0002385,sa_0007218,2385,Skin,7,0,"[1,10)",AVAILABLE,1,1,1,2,0.3704151330232857,0.4444444444444444,0.8334340493023928,0.47674418604651164,0.47674418604651164,0.6456692913385826,2,0,5,1.666868932038835,0,0,5,0,0,0,0,0
fold3_0002386,sa_0007219,2386,Skin,1,0,"[1,10)",AVAILABLE,1,1,1,1,0.0,0.0,0.0,0.4044943820224719,0.4044943820224719,0.576,0,1,1,0.0,0,0,0,1,0,0,0,1
fold3_0002387,sa_0007220,2387,Skin,66,0,"[50,+inf)",AVAILABLE,1,1,1,52,0.6284136470955612,0.7627118644067796,0.8239201150808471,0.6082815262647578,0.6165125334631297,0.8093642967367985,45,7,21,37.07640600255823,4,2,14,1,0,1,4,2
fold3_0002388,sa_0007221,2388,Skin,22,0,"[10,25)",AVAILABLE,1,1,1,17,0.7187349551761208,0.8717948717948718,0.8244312721137856,0.7340193599023285,0.7256514507484754,0.9055957161981258,17,0,5,14.015332450365628,1,0,4,0,0,0,0,0
fold3_0002389,sa_0007222,2389,Skin,17,0,"[10,25)",AVAILABLE,1,1,1,20,0.6828498603200446,0.7567567567567568,0.9023373154229161,0.6357510528778662,0.6357510528778662,0.7773200595033757,14,6,3,12.63272331825814,0,0,3,0,0,0,6,0
fold3_0002390,sa_0007223,2390,Skin,36,0,"[25,50)",AVAILABLE,1,1,1,31,0.7718163068906568,0.8656716417910447,0.8915809062357588,0.789723968297349,0.7987691265315341,0.9076527088957248,29,2,7,25.855847172417914,1,0,6,0,0,0,2,0
fold3_0002391,sa_0007224,2391,Skin,17,0,"[10,25)",AVAILABLE,1,1,1,17,0.7390424463356845,0.8235294117647058,0.8974086848361884,0.706087120143005,0.7199960127591707,0.8701246015647638,14,3,3,12.563722485115322,1,0,2,0,0,0,3,0
fold3_0002392,sa_0007225,2392,Skin,113,0,"[50,+inf)",AVAILABLE,1,1,1,97,0.7592122324538848,0.8666666666666667,0.8760141143698671,0.6991910044848823,0.7445066462798096,0.9255280047499223,91,6,22,79.71728528367201,11,4,7,0,1,1,2,2
fold3_0002393,sa_0007226,2393,Skin,73,0,"[50,+inf)",AVAILABLE,1,1,1,59,0.6872352044823666,0.7878787878787878,0.8722600672276192,0.6714558034453544,0.693273013375295,0.8930139627814047,52,7,21,45.357524368096264,8,2,11,0,1,3,2,1
fold3_0002394,sa_0007227,2394,Skin,112,0,"[50,+inf)",AVAILABLE,1,1,1,90,0.6764188138449804,0.7821782178217822,0.8647886101056078,0.6657606313020605,0.6965157596053069,0.9180905885543803,79,11,33,68.31830106313163,20,4,8,1,0,3,1,7
fold3_0002395,sa_0007228,2395,Skin,18,0,"[10,25)",AVAILABLE,1,1,1,12,0.6476389007500225,0.8,0.8095486259375281,0.6381634769491845,0.6381634769491845,0.7791206261510129,12,0,6,9.714584320798963,0,0,6,0,0,0,0,0
fold3_0002396,sa_0007229,2396,Skin,21,0,"[10,25)",AVAILABLE,1,1,1,11,0.5939211583942872,0.6875,0.8638853213007813,0.6276612398246713,0.6276612398246713,0.7712430872805963,11,0,10,9.502739398193915,0,0,10,0,0,0,0,0
fold3_0002397,sa_0007230,2397,Skin,12,0,"[10,25)",AVAILABLE,1,1,1,8,0.4341340001183057,0.5,0.8682680002366114,0.6255261575466026,0.6255261575466026,0.7849810413391288,5,3,7,4.341340869451058,0,0,6,1,2,0,1,0
fold3_0002398,sa_0007231,2398,Skin,47,0,"[25,50)",AVAILABLE,1,1,1,43,0.6839004364447981,0.8222222222222222,0.8317708010815112,0.7157663316582915,0.7315801629986471,0.8696049848510833,37,6,10,30.775520471786717,5,1,4,0,0,1,3,2
fold3_0002399,sa_0007232,2399,Skin,41,0,"[25,50)",AVAILABLE,1,1,1,34,0.5130650221596188,0.6666666666666666,0.7695975332394283,0.5071630507290111,0.5302631104053127,0.78968843604802,25,9,16,19.23993910058324,6,4,6,0,2,3,2,2
fold3_0002400,sa_0007233,2400,Skin,35,0,"[25,50)",AVAILABLE,1,1,1,30,0.5796841089259935,0.7076923076923077,0.8191188495693387,0.5770334241859131,0.6112211487934032,0.843452082288008,23,7,12,18.83973435921364,5,2,4,1,0,2,2,3
fold3_0002401,sa_0007234,2401,Skin,8,0,"[1,10)",AVAILABLE,1,1,1,10,0.35715877575016797,0.4444444444444444,0.803607245437878,0.4928167578088794,0.522020725388601,0.6961702127659575,4,6,4,3.2144297853587576,1,0,1,2,0,0,4,2
fold3_0002402,sa_0007235,2402,Skin,7,0,"[1,10)",AVAILABLE,1,1,1,13,0.3473802353333671,0.4,0.8684505883334177,0.2922724469116222,0.2922724469116222,0.45233874267012136,4,9,3,3.473803221784259,0,0,3,0,0,0,9,0
fold3_0002403,sa_0007236,2403,Skin,20,0,"[10,25)",AVAILABLE,1,1,1,23,0.4358680953261738,0.5581395348837209,0.7809303374593948,0.4196791955949246,0.4196771714066103,0.6859772604223064,12,11,8,9.371164830443075,3,1,3,1,1,0,8,2
fold3_0002404,sa_0007237,2404,Skin,17,0,"[10,25)",AVAILABLE,1,1,1,20,0.5903167245003713,0.7027027027027027,0.8400661079428361,0.5805171062940716,0.5953372640233677,0.7589597531617672,13,7,4,10.920860243322977,1,0,3,0,0,1,6,0
fold3_0002405,sa_0007238,2405,Skin,31,0,"[25,50)",AVAILABLE,1,1,1,28,0.6379539053142007,0.8135593220338984,0.7841516752820383,0.6024693397200314,0.6131496180919574,0.9102218921177235,24,4,7,18.819640990920597,6,0,1,0,1,0,2,1
fold3_0002406,sa_0007239,2406,Skin,28,0,"[25,50)",AVAILABLE,1,1,1,24,0.7328037690239574,0.8076923076923077,0.9072808568868044,0.8097031215891727,0.8077653631284916,0.9182607620754659,21,3,7,19.05289890190375,2,0,3,2,0,0,0,3
fold3_0002407,sa_0007240,2407,Skin,38,0,"[25,50)",AVAILABLE,1,1,1,23,0.5054665269199121,0.5901639344262295,0.8564849483920733,0.5487106451319657,0.6217163577759871,0.9047725522347271,18,5,20,15.416729927542269,9,0,10,1,1,0,0,4
fold3_0002408,sa_0007241,2408,Skin,35,0,"[25,50)",AVAILABLE,1,1,1,26,0.623184015897866,0.7540983606557377,0.8263961949949963,0.5607018849206349,0.6674230009664271,0.9280044351485522,23,3,12,19.00711331128111,7,3,2,0,0,2,0,1
fold3_0002409,sa_0007242,2409,Skin,1,0,"[1,10)",AVAILABLE,1,1,1,6,0.20817823048347955,0.2857142857142857,0.7286238066921785,0.1882804995196926,0.1882804995196926,0.31689571544058204,1,5,0,0.7286245353159851,0,0,0,0,0,0,5,0
fold3_0002410,sa_0007243,2410,Skin,1,0,"[1,10)",AVAILABLE,1,1,1,7,0.19605243552651186,0.25,0.7842097421060474,0.06825469537333945,0.06825469537333945,0.12778730703259006,1,6,0,0.7842105263157895,0,0,0,0,0,0,6,0
fold3_0002411,sa_0007244,2411,Skin,13,0,"[10,25)",AVAILABLE,1,1,1,12,0.19065490208976849,0.32,0.5957965690305265,0.17385159010600706,0.18214285714285713,0.3316549177576368,4,8,9,2.383186871918675,0,3,6,0,0,2,6,0
fold3_0002412,sa_0007245,2412,Stomach,19,0,"[10,25)",AVAILABLE,1,1,1,9,0.4703000032919849,0.5714285714285714,0.8230250057609736,0.4597974985110185,0.5044751830756713,0.8350459707950243,8,1,11,6.584200869112794,4,0,7,0,0,0,0,1
fold3_0002413,sa_0007246,2413,Stomach,9,0,"[1,10)",AVAILABLE,1,1,1,8,0.8230316659573096,0.9411764705882353,0.8744711450796414,0.8409211222869243,0.8409211222869243,0.913587347232207,8,0,1,6.995770035108276,0,0,1,0,0,0,0,0
fold3_0002414,sa_0007247,2414,Stomach,23,0,"[10,25)",AVAILABLE,1,1,1,17,0.7200711966685283,0.85,0.8471425843159156,0.7473897617840851,0.8016127250635149,0.9041079092581239,17,0,6,14.40142478051315,2,0,4,0,0,0,0,0
fold3_0002415,sa_0007248,2415,Stomach,15,0,"[10,25)",AVAILABLE,1,1,1,13,0.7979848157375927,0.9285714285714286,0.8593682631020229,0.836274042282626,0.836274042282626,0.9108379501385041,13,0,2,11.17178827969456,0,0,2,0,0,0,0,0
fold3_0002416,sa_0007249,2416,Stomach,21,0,"[10,25)",AVAILABLE,1,1,1,13,0.4941977588537847,0.6470588235294118,0.7637601727740309,0.5522695035460993,0.5596925704526046,0.8527157249233465,11,2,10,8.401362664274512,5,0,4,1,0,0,0,2
fold3_0002417,sa_0007250,2417,Stomach,22,0,"[10,25)",AVAILABLE,1,1,1,17,0.5534304698098728,0.6666666666666666,0.8301457047148092,0.570608972143499,0.6079460925877308,0.8985523021661043,13,4,9,10.791894991438223,5,0,3,1,0,0,2,2
fold3_0002418,sa_0007251,2418,Stomach,23,0,"[10,25)",AVAILABLE,1,1,1,21,0.5796772796535665,0.7272727272727273,0.797056259523654,0.6133399577692212,0.640912644821949,0.8557567356839643,16,5,7,12.752900949434725,1,4,2,0,0,3,2,0
fold3_0002419,sa_0007252,2419,Stomach,47,0,"[25,50)",AVAILABLE,1,1,1,27,0.42261594712960937,0.5135135135135135,0.8229889496734498,0.48151365437863075,0.5137981602453007,0.7810656098634963,19,8,28,15.636790866784496,19,0,7,2,0,0,0,8
fold3_0002420,sa_0007253,2420,Stomach,61,0,"[50,+inf)",AVAILABLE,1,1,1,45,0.53969890034577,0.6415094339622641,0.8412953446566414,0.5539075547001048,0.595260663507109,0.8484848484848485,34,11,27,28.60404255962115,8,10,9,0,1,4,3,3
fold3_0002421,sa_0007254,2421,Stomach,46,0,"[25,50)",AVAILABLE,1,1,1,29,0.47799279608502904,0.56,0.8535585644375517,0.5350520925304609,0.5656898254856767,0.8497020679985979,21,8,25,17.92473070674715,15,0,9,1,0,0,2,6
fold3_0002422,sa_0007255,2422,Stomach,45,0,"[25,50)",AVAILABLE,1,1,1,31,0.5451622192664579,0.6578947368421053,0.8286465732850159,0.44255526564784814,0.5190391996205097,0.8809652235628105,25,6,20,20.716165160771972,16,1,3,0,0,0,1,5
fold3_0002423,sa_0007256,2423,Stomach,16,0,"[10,25)",AVAILABLE,1,1,1,21,0.51964614500202,0.6486486486486487,0.8011211402114475,0.5164311107257435,0.5156608799485625,0.721895642688322,12,9,4,9.61345448365851,1,0,1,2,0,0,7,2
fold3_0002424,sa_0007257,2424,Stomach,33,0,"[25,50)",AVAILABLE,1,1,1,27,0.5236192370735758,0.6666666666666666,0.7854288556103638,0.5487702860967041,0.5578871201157742,0.883285780638312,20,7,13,15.708577897636133,4,3,4,2,2,1,2,2
fold3_0002425,sa_0007258,2425,Stomach,37,0,"[25,50)",AVAILABLE,1,1,1,39,0.7763959131497375,0.868421052631579,0.8940316575663644,0.8097891470904831,0.8097891470904831,0.8960884472745084,33,6,4,29.50304559372168,0,0,3,1,0,0,5,1
fold3_0002426,sa_0007259,2426,Stomach,41,0,"[25,50)",AVAILABLE,1,1,1,36,0.6927328176755578,0.7792207792207793,0.8890071160169658,0.7388144000785816,0.736013537767294,0.8886985289773734,30,6,11,26.670214369516092,4,0,6,1,0,0,3,3
fold3_0002427,sa_0007260,2427,Stomach,50,0,"[50,+inf)",AVAILABLE,1,1,1,33,0.6630439533981534,0.7469879518072289,0.8876233569684957,0.6387315482320631,0.7176743450529756,0.9135825201006568,31,2,19,27.516324953646723,8,0,11,0,0,0,1,1
fold3_0002428,sa_0007261,2428,Stomach,34,0,"[25,50)",AVAILABLE,1,1,1,29,0.697159852438882,0.7936507936507936,0.8784214140729913,0.7063943526831609,0.7202616258175807,0.8667168045458343,25,4,9,21.9605362302462,2,0,6,1,1,0,1,2
fold3_0002429,sa_0007262,2429,Stomach,45,0,"[25,50)",AVAILABLE,1,1,1,44,0.7623722541956922,0.8764044943820225,0.8698862900438026,0.755000665276977,0.7670148484706544,0.9082812002968932,39,5,6,33.92556618159459,3,0,3,0,1,0,3,1
fold3_0002430,sa_0007263,2430,Stomach,37,0,"[25,50)",AVAILABLE,1,1,1,34,0.700666117437677,0.8169014084507042,0.8577119713461219,0.6443407993925918,0.6997833488084184,0.8696285506190823,29,5,8,24.873648026749507,2,2,4,0,1,1,3,0
fold3_0002431,sa_0007264,2431,Stomach,34,0,"[25,50)",AVAILABLE,1,1,1,30,0.7583048018012115,0.84375,0.898731616949584,0.6402377156109581,0.654122813659423,0.8091183740730569,27,3,7,24.265754556370386,1,0,6,0,0,0,3,0
fold3_0002432,sa_0007265,2432,Stomach,33,0,"[25,50)",AVAILABLE,1,1,1,33,0.7568740251500384,0.8484848484848485,0.8920301010696882,0.7170331215205533,0.735161735581828,0.8820253865043406,28,5,5,24.97684372198137,2,0,3,0,0,0,5,0
fold3_0002433,sa_0007266,2433,Stomach,42,0,"[25,50)",AVAILABLE,1,1,1,36,0.682355777612705,0.8205128205128205,0.8316211039654843,0.6817340546697038,0.6868560235063663,0.8904475462758669,32,4,10,26.611876158516598,5,0,5,0,0,0,3,1
fold3_0002434,sa_0007267,2434,Stomach,28,0,"[25,50)",AVAILABLE,1,1,1,26,0.6946212642058367,0.8148148148148148,0.852489733343527,0.6636856368563686,0.6631311403294393,0.8679245283018868,22,4,6,18.754774986047327,2,0,4,0,0,0,4,0
fold3_0002435,sa_0007268,2435,Stomach,27,0,"[25,50)",AVAILABLE,1,1,1,20,0.4774021458874489,0.5957446808510638,0.8013536020253607,0.5000770534751118,0.516970041714069,0.8251984250984313,14,6,13,11.21895122970865,7,2,4,0,0,2,2,2
fold3_0002436,sa_0007269,2436,Stomach,25,0,"[25,50)",AVAILABLE,1,1,1,18,0.5736830859376855,0.6976744186046512,0.8222790898440159,0.5337843648768741,0.5686184637714373,0.9067887406253043,15,3,10,12.334187169939327,8,0,2,0,0,0,0,3
fold3_0002437,sa_0007270,2437,Stomach,16,0,"[10,25)",AVAILABLE,1,1,1,10,0.5201822199756916,0.6153846153846154,0.8452961074604988,0.5382909773153676,0.5630057803468208,0.7781065088757396,8,2,8,6.762369704980097,3,0,5,0,0,0,1,1
fold3_0002438,sa_0007271,2438,Stomach,16,0,"[10,25)",AVAILABLE,1,1,1,17,0.6574675889858578,0.7878787878787878,0.8344780937128196,0.5794127278681367,0.5873716877536405,0.7982555079329273,13,4,3,10.848216052744748,1,0,2,0,0,0,4,0
fold3_0002439,sa_0007272,2439,Stomach,9,0,"[1,10)",AVAILABLE,1,1,1,8,0.8718708832302192,0.9411764705882353,0.9263628134321079,0.9241818451058789,0.9241818451058789,0.9605971987070956,8,0,1,7.410903433819676,0,0,1,0,0,0,0,0
fold3_0002440,sa_0007273,2440,Stomach,10,0,"[10,25)",AVAILABLE,1,1,1,8,0.6796694989772382,0.7777777777777778,0.8738607843993061,0.7540956478570247,0.7540956478570247,0.859811320754717,7,1,3,6.117026364655928,0,0,2,1,0,0,0,1
fold3_0002441,sa_0007274,2441,Stomach,34,0,"[25,50)",AVAILABLE,1,1,1,29,0.709584525398505,0.7936507936507936,0.8940765020021164,0.7089317949925438,0.7160942592128353,0.8796533002215567,25,4,9,22.351913444129412,3,0,5,1,0,0,2,2
fold3_0002442,sa_0007275,2442,Stomach,29,0,"[25,50)",AVAILABLE,1,1,1,26,0.7506952500829795,0.8363636363636363,0.8975704077079104,0.7978687415426252,0.7978687415426252,0.8876344591839935,23,3,6,20.644120274852348,0,0,6,0,0,0,3,0
fold3_0002443,sa_0007276,2443,Stomach,28,0,"[25,50)",AVAILABLE,1,1,1,27,0.6379328766023005,0.7272727272727273,0.8771577053281631,0.6422814337189455,0.6703362581067088,0.8881203301902183,20,7,8,17.543154983720967,2,3,3,0,1,1,4,1
fold3_0002444,sa_0007277,2444,Stomach,36,0,"[25,50)",AVAILABLE,1,1,1,26,0.6973406067085939,0.7741935483870968,0.9007316169986004,0.6060065038576803,0.662216181643748,0.9143860324178731,24,2,12,21.61755970869803,6,0,6,0,0,0,0,2
fold3_0002445,sa_0007278,2445,Stomach,21,0,"[10,25)",AVAILABLE,1,1,1,25,0.7829968058477459,0.8695652173913043,0.9004463267249078,0.7794807274390941,0.7794807274390941,0.8760766165316879,20,5,1,18.008927434944482,0,0,0,1,0,0,4,1
fold3_0002446,sa_0007279,2446,Stomach,20,0,"[10,25)",AVAILABLE,1,1,1,17,0.6789696733933752,0.8108108108108109,0.837395930518496,0.6928141765566574,0.6996497373029772,0.8889232354456466,15,2,5,12.56093979517337,1,1,3,0,0,1,1,0
fold3_0002447,sa_0007280,2447,Stomach,12,0,"[10,25)",AVAILABLE,1,1,1,13,0.7987177269695639,0.96,0.8319976322599624,0.7994955863808323,0.7994955863808323,0.8885774351786966,12,1,0,9.98397241911718,0,0,0,0,0,0,1,0
fold3_0002448,sa_0007281,2448,Stomach,10,0,"[10,25)",AVAILABLE,1,1,1,10,0.7973116327079423,0.9,0.8859018141199358,0.8287876121766673,0.8287876121766673,0.9063792937554123,9,1,1,7.973117212981236,0,0,1,0,0,0,1,0
fold3_0002449,sa_0007282,2449,Stomach,16,0,"[10,25)",AVAILABLE,1,1,1,16,0.775944323853336,0.9375,0.8276739454435584,0.7077338129496403,0.7077338129496403,0.8288572933122696,15,1,1,12.415110009327321,0,0,1,0,0,0,1,0
fold3_0002450,sa_0007283,2450,Stomach,39,0,"[25,50)",AVAILABLE,1,1,1,33,0.5535764570048646,0.6666666666666666,0.8303646855072969,0.5530029254861469,0.6022675736961451,0.8334748561185017,24,9,15,19.928753282539812,2,4,8,1,4,2,2,1
fold3_0002451,sa_0007284,2451,Stomach,28,0,"[25,50)",AVAILABLE,1,1,1,22,0.7211293833926674,0.84,0.858487361181747,0.6468571428571429,0.7117462311557788,0.872408351987083,21,1,7,18.028235443304048,2,1,3,1,0,0,0,1
fold3_0002452,sa_0007285,2452,Stomach,78,0,"[50,+inf)",AVAILABLE,1,1,1,52,0.5689334311220668,0.6923076923076923,0.8217927338429855,0.5635207399913282,0.6102348197343453,0.8649604124470631,45,7,33,36.98067384472708,21,0,12,0,1,0,0,6
fold3_0002453,sa_0007286,2453,Stomach,30,0,"[25,50)",AVAILABLE,1,1,1,22,0.6099245314409876,0.7307692307692307,0.8346335693402989,0.6383911857517248,0.6514323071437061,0.8623457012271926,19,3,11,15.858038652099248,4,0,6,1,0,0,1,2
fold3_0002454,sa_0007287,2454,Stomach,56,0,"[50,+inf)",AVAILABLE,1,1,1,32,0.4922132174026101,0.5909090909090909,0.8329762140659555,0.5068809486659385,0.5572290463995833,0.9057056052624244,26,6,30,21.657382398691055,19,1,10,0,0,1,0,5
fold3_0002455,sa_0007288,2455,Testis,4,0,"[1,10)",AVAILABLE,1,1,1,3,0.6707636489458264,0.8571428571428571,0.7825575904367975,0.5870174681906405,0.6727171181234292,0.9088480801335559,3,0,1,2.347673553867983,1,0,0,0,0,0,0,0
fold3_0002456,sa_0007289,2456,Testis,4,0,"[1,10)",AVAILABLE,1,1,1,4,0.8816034224290259,1.0,0.8816034224290259,0.8784511784511785,0.8784511784511785,0.935293063272988,4,0,0,3.5264145713195263,0,0,0,0,0,0,0,0
fold3_0002457,sa_0007290,2457,Testis,2,0,"[1,10)",AVAILABLE,1,1,1,2,0.9173230558128245,1.0,0.9173230558128245,0.9138668295662797,0.9138668295662797,0.9549952122566231,2,0,0,1.834647028948705,0,0,0,0,0,0,0,0
fold3_0002458,sa_0007291,2458,Testis,4,0,"[1,10)",AVAILABLE,1,1,1,4,0.9319647836186803,1.0,0.9319647836186803,0.9293652753766362,0.9293652753766362,0.963389656938044,4,0,0,3.7278600664395047,0,0,0,0,0,0,0,0
fold3_0002459,sa_0007292,2459,Testis,4,0,"[1,10)",AVAILABLE,1,1,1,4,0.9172628794279943,1.0,0.9172628794279943,0.9218843172331544,0.9218843172331544,0.9593546385355259,4,0,0,3.669052434974857,0,0,0,0,0,0,0,0
fold3_0002460,sa_0007293,2460,Testis,2,0,"[1,10)",AVAILABLE,1,1,1,4,0.5079120405956938,0.6666666666666666,0.7618680608935409,0.3731419784725782,0.3731419784725782,0.5434863755132512,2,2,0,1.5237368836551428,0,0,0,0,0,0,2,0
fold3_0002461,sa_0007294,2461,Testis,3,0,"[1,10)",AVAILABLE,1,1,1,3,0.6024694116709075,0.6666666666666666,0.9037041175063613,0.628234398782344,0.628234398782344,0.7716756251460621,2,1,1,1.80740913871684,0,0,0,1,0,0,0,1
fold3_0002462,sa_0007295,2462,Testis,1,0,"[1,10)",AVAILABLE,1,1,1,2,0.6064419705888418,0.6666666666666666,0.9096629558832626,0.4278656126482213,0.4278656126482213,0.5993079584775086,1,1,0,0.9096638655462185,0,0,0,0,0,0,1,0
fold3_0002463,sa_0007296,2463,Testis,1,0,"[1,10)",AVAILABLE,1,1,1,2,0.0,0.0,0.0,0.0,0.0,0.0,0,2,1,0.0,0,0,1,0,0,0,2,0
fold3_0002464,sa_0007297,2464,Testis,11,0,"[10,25)",AVAILABLE,1,1,1,11,0.6088886966558906,0.7272727272727273,0.8372219579018496,0.6117057617854703,0.6117057617854703,0.7590787056662428,8,3,3,6.697776500436754,0,0,3,0,0,0,3,0
fold3_0002465,sa_0007298,2465,Testis,16,0,"[10,25)",AVAILABLE,1,1,1,14,0.6686468647689201,0.8,0.8358085809611501,0.7482324258431532,0.7427258805513017,0.8999218902558094,12,2,4,10.029703807342381,0,2,2,0,0,1,1,0
fold3_0002466,sa_0007299,2466,Testis,23,0,"[10,25)",AVAILABLE,1,1,1,18,0.7869296456003977,0.8780487804878049,0.896225429711564,0.8449809402795425,0.8449809402795425,0.9159779614325069,18,0,5,16.132058631033583,0,0,5,0,0,0,0,0
fold3_0002467,sa_0007300,2467,Testis,23,0,"[10,25)",AVAILABLE,1,1,1,18,0.7807409233808779,0.8780487804878049,0.8891771627393331,0.8416418798334325,0.8416418798334325,0.9143355513922088,18,0,5,16.00518981848516,0,0,5,0,0,0,0,0
fold3_0002468,sa_0007301,2468,Testis,26,0,"[25,50)",AVAILABLE,1,1,1,19,0.7221696383707152,0.8,0.902712047963394,0.7953060335438902,0.7953060335438902,0.885983802966423,18,1,8,16.24881776605314,0,0,7,1,0,0,0,1
fold3_0002469,sa_0007302,2469,Testis,29,0,"[25,50)",AVAILABLE,1,1,1,20,0.7183186643816092,0.8163265306122449,0.8799403638674712,0.766350027353658,0.766350027353658,0.8677215902691745,20,0,9,17.59880815728979,0,0,9,0,0,0,0,0
fold3_0002470,sa_0007303,2470,Testis,27,0,"[25,50)",AVAILABLE,1,1,1,14,0.5205469037993973,0.5853658536585366,0.8892676273239705,0.5658033386944706,0.5658033386944706,0.7227003860730351,12,2,15,10.671212417155273,0,0,15,0,0,0,2,0
fold3_0002471,sa_0007304,2471,Testis,30,0,"[25,50)",AVAILABLE,1,1,1,25,0.6734927407397465,0.7636363636363637,0.8819547795401442,0.7649124366610366,0.770831448475527,0.8867317222704746,21,4,9,18.52105125229781,2,0,6,1,0,1,1,2
fold3_0002472,sa_0007305,2472,Testis,89,0,"[50,+inf)",AVAILABLE,1,1,1,77,0.7254299375104477,0.8313253012048193,0.8726186204835821,0.7044377423524343,0.7208669174279061,0.885049335942379,69,8,20,60.21068568598578,10,0,9,1,0,0,3,5
fold3_0002473,sa_0007306,2473,Testis,79,0,"[50,+inf)",AVAILABLE,1,1,1,65,0.7310917565297784,0.8333333333333334,0.877310107835734,0.6969043432097947,0.7140149444140697,0.8963933310649881,60,5,19,52.63860734745415,9,0,9,1,1,0,0,4
fold3_0002474,sa_0007307,2474,Testis,50,0,"[50,+inf)",AVAILABLE,1,1,1,38,0.6279455318192848,0.75,0.8372607090923798,0.5201197893359953,0.6093784857002632,0.848326910814782,33,5,17,27.62960423730924,9,0,7,1,1,0,1,3
fold3_0002475,sa_0007308,2475,Testis,69,0,"[50,+inf)",AVAILABLE,1,1,1,51,0.6972340952192848,0.7833333333333333,0.8900860790033424,0.6568118532778714,0.7030882645945408,0.8944055780434732,47,4,22,41.834046603243166,8,2,11,1,0,1,0,3
fold3_0002476,sa_0007309,2476,Testis,56,0,"[50,+inf)",AVAILABLE,1,1,1,36,0.6422063883802553,0.717391304347826,0.8951967838027802,0.6502026773852914,0.6866144225441304,0.8958558220303187,33,3,23,29.54149476068853,9,0,14,0,0,0,0,3
fold3_0002477,sa_0007310,2477,Testis,21,0,"[10,25)",AVAILABLE,1,1,1,16,0.6323277165338328,0.8108108108108109,0.7798708503917271,0.6165728160355427,0.6733481365900498,0.859807050891224,15,1,6,11.698063535746757,4,0,2,0,0,0,0,1
fold3_0002478,sa_0007311,2478,Testis,24,0,"[10,25)",AVAILABLE,1,1,1,27,0.6100598269865463,0.6666666666666666,0.9150897404798195,0.5765923846288823,0.5631121053939846,0.8484193117486165,17,10,7,15.556526503246673,2,2,1,2,0,2,5,3
fold3_0002479,sa_0007312,2479,Testis,20,0,"[10,25)",AVAILABLE,1,1,1,18,0.6068408646296972,0.6842105263157895,0.8869212636895575,0.5497167138810198,0.5497167138810198,0.7356426895774305,13,5,7,11.52997731488551,0,2,4,1,0,3,1,1
fold3_0002480,sa_0007313,2480,Testis,24,0,"[10,25)",AVAILABLE,1,1,1,17,0.5134887381871819,0.6829268292682927,0.7518942237740878,0.4728569977655901,0.578889983117614,0.8299213650843154,14,3,10,10.526519884731451,9,0,1,0,0,0,1,2
fold3_0002481,sa_0007314,2481,Testis,23,0,"[10,25)",AVAILABLE,1,1,1,22,0.5221339659833019,0.6222222222222222,0.8391438739017351,0.6055830706888788,0.6055830706888788,0.7627033090297252,14,8,9,11.748015073768164,0,0,6,3,2,0,4,2
fold3_0002482,sa_0007315,2482,Testis,22,0,"[10,25)",AVAILABLE,1,1,1,17,0.5177263722935554,0.6666666666666666,0.7765895584403333,0.5350891759938888,0.5639986232743126,0.7878817517177299,13,4,9,10.095665036313891,4,0,4,1,0,0,2,2
fold3_0002483,sa_0007316,2483,Thyroid,5,0,"[1,10)",AVAILABLE,1,1,1,4,0.8438697767525489,0.8888888888888888,0.9493534988466176,0.9081289081289081,0.9081289081289081,0.9518527854802118,4,0,1,3.797414944739969,0,0,1,0,0,0,0,0
fold3_0002484,sa_0007317,2484,Thyroid,14,0,"[10,25)",AVAILABLE,1,1,1,12,0.782261450953607,0.9230769230769231,0.8474499051997408,0.712959478108142,0.712959478108142,0.8324300571261168,12,0,2,10.169399709846795,0,0,2,0,0,0,0,0
fold3_0002485,sa_0007318,2485,Thyroid,15,0,"[10,25)",AVAILABLE,1,1,1,13,0.6811335552064316,0.7857142857142857,0.866897252080913,0.7390184207136417,0.7380431811970484,0.9106061797311109,11,2,4,9.535870639787294,2,1,1,0,0,1,0,1
fold3_0002486,sa_0007319,2486,Thyroid,17,0,"[10,25)",AVAILABLE,1,1,1,18,0.6684302235732936,0.7428571428571429,0.8998099163486645,0.6753431984310929,0.6753431984310929,0.8062147493881026,13,5,4,11.697529812342554,0,0,2,2,0,0,3,2
fold3_0002487,sa_0007320,2487,Thyroid,23,0,"[10,25)",AVAILABLE,1,1,1,21,0.6710773293688336,0.7272727272727273,0.9227313278821462,0.6569233773842849,0.6885375494071146,0.8589547156962888,16,5,7,14.763702168845668,3,0,4,0,0,0,4,1
fold3_0002488,sa_0007321,2488,Thyroid,20,0,"[10,25)",AVAILABLE,1,1,1,19,0.7249827352700481,0.8205128205128205,0.8835727086103711,0.6963875083450782,0.7063504569807753,0.8670637669113912,16,3,4,14.137164221338647,1,0,3,0,1,0,2,0
fold3_0002489,sa_0007322,2489,Thyroid,16,0,"[10,25)",AVAILABLE,1,1,1,14,0.7209954085749318,0.8666666666666667,0.8319177791249214,0.7219148001756698,0.7096955503512881,0.9009917264807408,13,1,3,10.814931960541756,1,0,2,0,0,0,1,0
fold3_0002490,sa_0007323,2490,Thyroid,22,0,"[10,25)",AVAILABLE,1,1,1,20,0.7975120489312312,0.9047619047619048,0.8814606856608345,0.8043700716306507,0.8253444225763443,0.9295676672115752,19,1,3,16.74775390901654,1,0,2,0,0,0,1,0
fold3_0002491,sa_0007324,2491,Thyroid,20,0,"[10,25)",AVAILABLE,1,1,1,13,0.5590068313768501,0.6666666666666666,0.8385102470652752,0.5249475686484905,0.5564783015922573,0.8637220684398443,11,2,9,9.223613556228274,4,0,4,1,0,0,0,2
fold3_0002492,sa_0007325,2492,Thyroid,35,0,"[25,50)",AVAILABLE,1,1,1,24,0.5099863000415801,0.6440677966101694,0.7918208342750849,0.505212219403526,0.5506975318105166,0.9430955393862702,19,5,16,15.044596643047448,6,10,0,0,0,4,0,1
fold3_0002493,sa_0007326,2493,Thyroid,35,0,"[25,50)",AVAILABLE,1,1,1,25,0.6594478865403075,0.7666666666666667,0.860149417226488,0.5829202619178753,0.6522974893415443,0.9103115443425076,23,2,12,19.78343745635864,7,0,5,0,0,0,0,2
fold3_0002494,sa_0007327,2494,Thyroid,17,0,"[10,25)",AVAILABLE,1,1,1,15,0.7762164093361921,0.875,0.887104467812791,0.8318994043679683,0.8318994043679683,0.9082369942196532,14,1,3,12.419463436483541,0,0,3,0,0,0,1,0
fold3_0002495,sa_0007328,2495,Thyroid,3,0,"[1,10)",AVAILABLE,1,1,1,8,0.45821500822393646,0.5454545454545454,0.8400608484105503,0.3428890543559196,0.3428890543559196,0.5234266703631827,3,5,0,2.5201833852924995,0,0,0,0,1,0,4,0
fold3_0002496,sa_0007329,2496,Thyroid,12,0,"[10,25)",AVAILABLE,1,1,1,15,0.6020125241167584,0.6666666666666666,0.9030187861751376,0.5777151909875022,0.5776884806735553,0.7961188599151,9,6,3,8.127169978595024,2,0,1,0,0,0,5,1
fold3_0002497,sa_0007330,2497,Thyroid,2,0,"[1,10)",AVAILABLE,1,1,1,5,0.0,0.0,0.0,0.20121614151464898,0.12443584784010316,0.41743119266055045,0,5,2,0.0,2,0,0,0,0,0,4,1
fold3_0002498,sa_0007331,2498,Thyroid,8,0,"[1,10)",AVAILABLE,1,1,1,10,0.7904092939479898,0.8888888888888888,0.8892104556914885,0.6420966420966421,0.6420966420966421,0.7820448877805486,8,2,0,7.1136845347423625,0,0,0,0,0,0,2,0
fold3_0002499,sa_0007332,2499,Thyroid,28,0,"[25,50)",AVAILABLE,1,1,1,24,0.7639537973211276,0.8461538461538461,0.9028544877431508,0.8117137265865251,0.8235083446744502,0.9124047450703119,22,2,6,19.862799633203807,1,0,4,1,0,0,1,1
fold3_0002500,sa_0007333,2500,Thyroid,28,0,"[25,50)",AVAILABLE,1,1,1,22,0.7298659676855583,0.8,0.9123324596069479,0.771583057975368,0.7759404190860894,0.9128580567204492,20,2,8,18.246650104471417,3,0,5,0,0,0,1,1
fold3_0002501,sa_0007334,2501,Thyroid,34,0,"[25,50)",AVAILABLE,1,1,1,27,0.6847850461891253,0.819672131147541,0.8354377563507328,0.6657552645464575,0.6650587713461965,0.924311544737105,25,2,9,20.88594474420608,4,0,5,0,0,0,2,0
fold3_0002502,sa_0007335,2502,Thyroid,27,0,"[25,50)",AVAILABLE,1,1,1,20,0.7227889872055423,0.851063829787234,0.8492770599665121,0.6899799835158366,0.7155278652608517,0.9354671349323542,20,0,7,16.985542048607304,4,0,3,0,0,0,0,0
fold3_0002503,sa_0007336,2503,Thyroid,30,0,"[25,50)",AVAILABLE,1,1,1,31,0.8584003815771462,0.9180327868852459,0.9350432727893914,0.8829883951013423,0.8829883951013423,0.9477421187162738,28,3,2,26.181212573146233,0,0,1,1,3,0,0,0
fold3_0002504,sa_0007337,2504,Thyroid,34,0,"[25,50)",AVAILABLE,1,1,1,27,0.7178118443376498,0.819672131147541,0.8757304500919327,0.7254665548332984,0.7322110792741165,0.9572679026810945,25,2,9,21.89326212802877,5,0,4,0,1,0,0,1
fold3_0002505,sa_0007338,2505,Thyroid,33,0,"[25,50)",AVAILABLE,1,1,1,27,0.7460572683848844,0.8333333333333334,0.8952687220618613,0.7156982050501978,0.733007733007733,0.9471247399852378,25,2,8,22.381718946815255,5,0,3,0,0,0,1,1
fold3_0002506,sa_0007339,2506,Thyroid,27,0,"[25,50)",AVAILABLE,1,1,1,22,0.7607037502794635,0.8571428571428571,0.8874877086593741,0.7609834403514701,0.7584962141222046,0.9019175887448055,21,1,6,18.637242769334566,1,0,5,0,0,0,1,0
fold3_0002507,sa_0007340,2507,Thyroid,19,0,"[10,25)",AVAILABLE,1,1,1,18,0.847142374666746,0.918918918918919,0.9218902312549883,0.8273029966703662,0.8681958640361302,0.9484063871747567,17,1,2,15.672134853225032,1,0,1,0,0,0,1,0
fold3_0002508,sa_0007341,2508,Thyroid,40,0,"[25,50)",AVAILABLE,1,1,1,31,0.7775982844464423,0.8732394366197183,0.890475454769313,0.7602979647940407,0.8083972823696173,0.926914968376669,31,0,9,27.60473998832416,3,0,6,0,0,0,0,0
fold3_0002509,sa_0007342,2509,Thyroid,19,0,"[10,25)",AVAILABLE,1,1,1,14,0.6686564805082128,0.7272727272727273,0.9194026606987926,0.7008082681860341,0.7574498567335244,0.8826934050705144,12,2,7,11.032832847788171,0,1,6,0,1,0,1,0
fold3_0002510,sa_0007343,2510,Thyroid,37,0,"[25,50)",AVAILABLE,1,1,1,24,0.5625492102419685,0.6557377049180327,0.8578875456190019,0.4667123143368798,0.5586793599351834,0.9231728869944901,20,4,17,17.157751770267584,5,9,3,0,0,2,0,2
fold3_0002511,sa_0007344,2511,Thyroid,45,0,"[25,50)",AVAILABLE,1,1,1,32,0.6191595069558473,0.7792207792207793,0.7945880339266707,0.5631661843888502,0.5937841978551105,0.8493271079373799,30,2,15,23.837641812388153,7,2,6,0,1,0,0,1
fold3_0002512,sa_0007345,2512,Thyroid,38,0,"[25,50)",AVAILABLE,1,1,1,35,0.5966136205262483,0.7123287671232876,0.8375537365080025,0.6370622205663189,0.6576627661219651,0.8663121559847,26,9,12,21.7763979867618,3,3,4,2,3,1,3,2
fold3_0002513,sa_0007346,2513,Thyroid,38,0,"[25,50)",AVAILABLE,1,1,1,28,0.5987246333424399,0.696969696969697,0.8590396913174136,0.49104800123475845,0.5440690610678888,0.8792794036443954,23,5,15,19.757913759340205,10,2,3,0,0,1,2,2
fold3_0002514,sa_0007347,2514,Thyroid,34,0,"[25,50)",AVAILABLE,1,1,1,24,0.5610691106777962,0.6206896551724138,0.9039446783142272,0.5665950962737222,0.5883935434281322,0.8840497889614753,18,6,16,16.27100511360077,3,7,5,1,0,3,1,2
fold3_0002515,sa_0007348,2515,Thyroid,36,0,"[25,50)",AVAILABLE,1,1,1,21,0.5283012329484885,0.631578947368421,0.8364769521684402,0.5031039136302294,0.5587150866205364,0.8470885583746476,18,3,18,15.056585975508877,8,0,10,0,0,0,1,2
fold3_0002516,sa_0007349,2516,Thyroid,38,0,"[25,50)",AVAILABLE,1,1,1,30,0.532136312842489,0.6176470588235294,0.8615540303164108,0.5248792918454935,0.597654326514168,0.8775567385822359,21,9,17,18.092635498198657,13,0,3,1,0,0,5,4
fold3_0002517,sa_0007350,2517,Thyroid,23,0,"[10,25)",AVAILABLE,1,1,1,17,0.6248125227563165,0.75,0.8330833636750886,0.5881822688962005,0.5854804564465328,0.8499967433074969,15,2,8,12.496251288209692,3,0,5,0,0,0,1,1
fold3_0002518,sa_0007351,2518,Thyroid,20,0,"[10,25)",AVAILABLE,1,1,1,17,0.6256304991743027,0.7027027027027027,0.8903203257480461,0.7025224885198466,0.7049524434240735,0.8593413357956294,13,4,7,11.574165125044924,1,0,5,1,0,0,3,1
fold3_0002519,sa_0007352,2519,Thyroid,35,0,"[25,50)",AVAILABLE,1,1,1,26,0.6621471841210879,0.819672131147541,0.8078195646277272,0.6549624131696641,0.6605361091634755,0.8945043523450695,25,1,10,20.195489923512746,5,0,5,0,0,0,1,0
fold3_0002520,sa_0007353,2520,Thyroid,45,0,"[25,50)",AVAILABLE,1,1,1,34,0.7103580354966497,0.810126582278481,0.8768482000661769,0.7232864709864989,0.7422176828455971,0.9320215125022303,32,2,13,28.05914327896586,5,1,7,0,0,1,0,1
fold3_0002521,sa_0007354,2521,Thyroid,28,0,"[25,50)",AVAILABLE,1,1,1,24,0.8184535943392967,0.8846153846153846,0.9252084109922484,0.8635008363028144,0.8635008363028144,0.9267512195121951,23,1,5,21.279794378030125,0,0,5,0,0,0,1,0
fold3_0002522,sa_0007355,2522,Thyroid,45,0,"[25,50)",AVAILABLE,1,1,1,33,0.6876901453397845,0.7948717948717948,0.8651585699435999,0.649701599427071,0.6656628043489358,0.8390536896298112,31,2,14,26.819916533410165,3,0,11,0,1,0,1,0
fold3_0002523,sa_0007356,2523,Uterus,19,0,"[10,25)",AVAILABLE,1,1,1,15,0.5730823975715393,0.7058823529411765,0.811866729893014,0.4787787513691128,0.570201324677028,0.8762946876044103,12,3,7,9.742401570582897,4,0,3,0,0,0,3,0
fold3_0002524,sa_0007357,2524,Uterus,11,0,"[10,25)",AVAILABLE,1,1,1,9,0.776547223173955,0.9,0.8628302479710611,0.8286033519553072,0.8286033519553072,0.906269094464133,9,0,2,7.765473094569797,0,0,2,0,0,0,0,0
fold3_0002525,sa_0007358,2525,Uterus,9,0,"[1,10)",AVAILABLE,1,1,1,9,0.671133682199667,0.7777777777777778,0.8628861628281432,0.6733475479744137,0.6733475479744137,0.8047910295616718,7,2,2,6.040204002683166,0,0,2,0,0,0,2,0
fold3_0002526,sa_0007359,2526,Uterus,18,0,"[10,25)",AVAILABLE,1,1,1,16,0.7144697315523647,0.8235294117647058,0.8675703883135858,0.6140132435338729,0.689939885565293,0.9299275703938628,14,2,4,12.145986303960589,4,0,0,0,0,0,1,1
fold3_0002527,sa_0007360,2527,Uterus,26,0,"[25,50)",AVAILABLE,1,1,1,18,0.6874209125739564,0.8181818181818182,0.8401811153681689,0.6697313367099758,0.6978900255754475,0.9248729052909057,18,0,8,15.123260916808157,1,2,5,0,0,0,0,0
fold3_0002528,sa_0007361,2528,Uterus,21,0,"[10,25)",AVAILABLE,1,1,1,18,0.5548866918306382,0.6666666666666666,0.8323300377459574,0.6117104237067845,0.6010297903641044,0.8649269502894422,13,5,8,10.820291323027483,5,0,3,0,0,0,3,2
fold3_0002529,sa_0007362,2529,Uterus,13,0,"[10,25)",AVAILABLE,1,1,1,7,0.4389926025111832,0.5,0.8779852050223664,0.5727600084727812,0.5726384364820847,0.8961060480530241,5,2,8,4.389926903097037,4,0,4,0,0,0,0,2
fold3_0002530,sa_0007363,2530,Uterus,10,0,"[10,25)",AVAILABLE,1,1,1,6,0.3841312250042371,0.5,0.7682624500084742,0.43993948562783664,0.4778518228145825,0.7713527851458886,4,2,6,3.0730505682963467,3,0,3,0,0,0,1,1
fold3_0002531,sa_0007364,2531,Uterus,18,0,"[10,25)",AVAILABLE,1,1,1,16,0.7385118705765987,0.8823529411764706,0.8369801199868119,0.7067402145987608,0.702527924750147,0.9232438831886346,15,1,3,12.554702636782297,3,0,0,0,0,0,0,1
fold3_0002532,sa_0007365,2532,Uterus,15,0,"[10,25)",AVAILABLE,1,1,1,15,0.7783636256105388,0.8666666666666667,0.8981118757044678,0.8271900909000099,0.8271900909000099,0.9068445221954953,13,2,2,11.675455282269956,0,0,2,0,0,0,2,0
fold3_0002533,sa_0007366,2533,Uterus,7,0,"[1,10)",AVAILABLE,1,1,1,5,0.6734631783753583,0.8333333333333334,0.8081558140504299,0.574357192494788,0.574357192494788,0.729640256014125,5,0,2,4.040779878407964,0,0,2,0,0,0,0,0
fold3_0002534,sa_0007367,2534,Uterus,15,0,"[10,25)",AVAILABLE,1,1,1,11,0.7544806884749321,0.8461538461538461,0.8916589954703743,0.8247068577519839,0.8247068577519839,0.903933532389978,11,0,4,9.808249841833112,0,0,4,0,0,0,0,0
fold3_0002535,sa_0007368,2535,Uterus,1,0,"[1,10)",AVAILABLE,1,1,1,1,0.6231447774486943,1.0,0.6231447774486943,0.6231454005934718,0.6231454005934718,0.7678244972577697,1,0,0,0.6231454005934718,0,0,0,0,0,0,0,0
fold3_0002536,sa_0007369,2536,Uterus,28,0,"[25,50)",AVAILABLE,1,1,1,20,0.6355265118559263,0.75,0.8473686824745684,0.6047012153950033,0.6056775030100954,0.8265220776973438,18,2,10,15.252637131910916,2,0,8,0,0,0,2,0
fold3_0002537,sa_0007370,2537,Uterus,32,0,"[25,50)",AVAILABLE,1,1,1,28,0.5459134030110191,0.6666666666666666,0.8188701045165286,0.603287779758368,0.6165513851339489,0.848417714645642,20,8,12,16.37740290920068,3,1,6,2,2,3,0,3
fold3_0002538,sa_0007371,2538,Uterus,29,0,"[25,50)",AVAILABLE,1,1,1,21,0.5525290762592604,0.68,0.8125427592047947,0.6036767450541247,0.5860095881230991,0.8479864790197289,17,4,12,13.813227719024269,2,0,10,0,1,0,3,0
fold3_0002539,sa_0007372,2539,Uterus,37,0,"[25,50)",AVAILABLE,1,1,1,32,0.5560922013232962,0.6376811594202898,0.8720536793478963,0.6840926993076573,0.6945895687594085,0.8977373674034592,22,10,15,19.1851818177074,6,1,7,1,3,3,1,3
fold3_0002540,sa_0007373,2540,Uterus,45,0,"[25,50)",AVAILABLE,1,1,1,27,0.6022563545774349,0.6944444444444444,0.8672491505915063,0.5066730747901955,0.5328286983709067,0.7360708534621578,25,2,20,21.68122963203681,3,0,16,1,0,0,0,2
fold3_0002541,sa_0007374,2541,Uterus,36,0,"[25,50)",AVAILABLE,1,1,1,22,0.5432134004708329,0.6206896551724138,0.8751771452030085,0.5748887044442768,0.5991794958551853,0.8144190843934305,18,4,18,15.753189488831298,5,0,12,1,2,0,0,2
fold3_0002542,sa_0007375,2542,Uterus,39,0,"[25,50)",AVAILABLE,1,1,1,32,0.5455014863274981,0.676056338028169,0.8068876151927576,0.5327152391856795,0.5540670513877439,0.8480173290305468,24,8,15,19.3653035715138,8,0,5,2,2,0,2,4
fold3_0002543,sa_0007376,2543,Uterus,31,0,"[25,50)",AVAILABLE,1,1,1,24,0.5416219276062415,0.6545454545454545,0.8274779449539801,0.6153715834651006,0.6153715834651006,0.7991609858416361,18,6,13,14.894603836649587,0,2,11,0,0,5,1,0
fold3_0002544,sa_0007377,2544,Uterus,30,0,"[25,50)",AVAILABLE,1,1,1,19,0.5324499268012363,0.6122448979591837,0.8696682137753525,0.5272093023255814,0.5996089931573803,0.8321926179418235,15,4,15,13.045024076298501,6,0,8,1,0,0,1,3
fold3_0002545,sa_0007378,2545,Uterus,31,0,"[25,50)",AVAILABLE,1,1,1,25,0.7132593963830696,0.7857142857142857,0.907784686305725,0.6671102661596958,0.7178565314158535,0.877217460633845,22,3,9,19.971264006510637,3,2,4,0,0,2,1,0
fold3_0002546,sa_0007379,2546,Uterus,36,0,"[25,50)",AVAILABLE,1,1,1,19,0.5227188108090377,0.6181818181818182,0.8455745468969728,0.39794804178083604,0.4997540902980426,0.8499158304365886,17,2,19,14.374768142823084,2,5,12,0,1,1,0,0
fold3_0002547,sa_0007380,2547,Uterus,26,0,"[25,50)",AVAILABLE,1,1,1,21,0.6145597456991849,0.6808510638297872,0.9026346264956778,0.6230860837019394,0.6291947109647239,0.8873718136536771,16,5,10,14.442154926565472,2,3,5,0,0,2,2,1
fold3_0002548,sa_0007381,2548,Uterus,29,0,"[25,50)",AVAILABLE,1,1,1,20,0.528774721291424,0.6122448979591837,0.8636653781093259,0.3927349053571091,0.4848719937936385,0.8701776384535005,15,5,14,12.954981535305265,9,0,5,0,0,0,2,3
fold3_0002549,sa_0007382,2549,Uterus,34,0,"[25,50)",AVAILABLE,1,1,1,23,0.37522119971348483,0.45614035087719296,0.8226003224487937,0.4764599712441494,0.47701067615658366,0.7515420200462606,13,10,21,10.69380501443464,7,0,11,3,2,0,4,4
fold3_0002550,sa_0007383,2550,Uterus,32,0,"[25,50)",AVAILABLE,1,1,1,31,0.7046754254904013,0.8571428571428571,0.8221213297388016,0.7134379888870906,0.7288163994861196,0.8557397176181707,27,4,5,22.197276725068974,1,0,4,0,1,0,3,0
fold3_0002551,sa_0007384,2551,Uterus,23,0,"[10,25)",AVAILABLE,1,1,1,23,0.6891818213117411,0.8260869565217391,0.8342727310615814,0.6780116435288849,0.6780116435288849,0.8083419116245377,19,4,4,15.85118272444278,0,0,3,1,0,0,3,1
fold3_0002552,sa_0007385,2552,Uterus,47,0,"[25,50)",AVAILABLE,1,1,1,39,0.6116762312112867,0.7441860465116279,0.8219399356901665,0.6123672962911898,0.6128238145735495,0.8450862979922508,32,7,15,26.302078764025264,4,0,8,3,4,0,1,2
fold3_0002553,sa_0007386,2553,Uterus,36,0,"[25,50)",AVAILABLE,1,1,1,24,0.624459929283807,0.7666666666666667,0.8145129512397482,0.6207158925499537,0.7040604052700516,0.8513360763213818,23,1,13,18.73379869302716,4,1,8,0,0,0,0,1
fold3_0002554,sa_0007387,2554,Uterus,19,0,"[10,25)",AVAILABLE,1,1,1,15,0.514158300327019,0.6470588235294118,0.7946082823235748,0.5171761425868764,0.5459719789842382,0.7547436986689323,11,4,8,8.740691900167604,2,0,6,0,2,0,1,1
fold3_0002555,sa_0007388,2555,Uterus,18,0,"[10,25)",AVAILABLE,1,1,1,14,0.6180154479718868,0.75,0.8240205972958491,0.6745450053528782,0.6745450053528782,0.8093832989082325,12,2,6,9.888247991570786,0,0,5,1,0,0,1,1
fold3_0002556,sa_0007389,2556,Uterus,37,0,"[25,50)",AVAILABLE,1,1,1,30,0.6100770784894599,0.746268656716418,0.8175032851758762,0.6413796398031816,0.6713491980291435,0.8421250705638839,25,5,12,20.437582946900193,5,0,6,1,0,0,3,2
fold3_0002557,sa_0007390,2557,Uterus,20,0,"[10,25)",AVAILABLE,1,1,1,11,0.49767715312036054,0.6451612903225806,0.7713995873365589,0.545,0.5544703897718193,0.8498971898560658,10,1,10,7.713996644765175,1,3,6,0,0,1,0,0
fold3_0002558,sa_0007391,2558,Uterus,16,0,"[10,25)",AVAILABLE,1,1,1,12,0.7215411475647117,0.8571428571428571,0.8417980054921637,0.6921960072595281,0.6921960072595281,0.8181038181038182,12,0,4,10.101576907703969,0,0,4,0,0,0,0,0
fold3_0002559,sa_0007392,2559,Uterus,32,0,"[25,50)",AVAILABLE,1,1,1,23,0.491078218538954,0.6909090909090909,0.710771105780065,0.5236900907474121,0.5316318856927994,0.7162979102095928,19,4,13,13.50465172059234,2,0,10,1,1,1,0,2
fold3_0002560,sa_0007393,2560,Uterus,32,0,"[25,50)",AVAILABLE,1,1,1,23,0.5204729358600918,0.6909090909090909,0.7533160913764487,0.5366761402084179,0.542184662662383,0.7339341515329921,19,4,13,14.313006489468618,1,0,12,0,2,0,2,0
fold3_0002561,sa_0007394,2561,Uterus,27,0,"[25,50)",AVAILABLE,1,1,1,14,0.49863167314868245,0.6341463414634146,0.7863037922729224,0.503273397879207,0.5177058883559547,0.733996772458311,13,1,14,10.221950085851782,3,0,11,0,0,0,0,1
fold3_0002562,sa_0007395,2562,Uterus,19,0,"[10,25)",AVAILABLE,1,1,1,13,0.47877605811114415,0.5625,0.851157436642034,0.5581518852894317,0.5581518852894317,0.7521017950465804,9,4,10,7.6604177809357425,0,1,9,0,0,2,2,0
fold3_0002563,sa_0007396,2563,Uterus,33,0,"[25,50)",AVAILABLE,1,1,1,29,0.46323954681999635,0.5806451612903226,0.7978014417455492,0.553668184689027,0.5814671814671815,0.7780877976190477,18,11,15,14.360426749221329,3,1,6,5,2,0,4,5
fold3_0002564,sa_0007397,2564,Uterus,21,0,"[10,25)",AVAILABLE,1,1,1,19,0.631650280324279,0.8,0.7895628504053487,0.6333877218029778,0.6710028908160997,0.8323907112915031,16,3,5,12.63300639604843,1,0,4,0,1,0,2,0
fold3_0002565,sa_0007398,2565,Uterus,20,0,"[10,25)",AVAILABLE,1,1,1,19,0.5689161902416177,0.717948717948718,0.7924189792651103,0.5985611510791367,0.6273536105938341,0.8073744437380801,14,5,6,11.093866502130522,3,0,2,1,1,0,2,2
fold3_0002566,sa_0007399,2566,Uterus,44,0,"[25,50)",AVAILABLE,1,1,1,34,0.6997903024129075,0.8205128205128205,0.8528694310657311,0.6975050186406653,0.7185383133428624,0.8802661555708241,32,2,12,27.291822646972825,3,0,9,0,0,0,2,0
fold3_0002567,sa_0007400,2567,Uterus,44,0,"[25,50)",AVAILABLE,1,1,1,31,0.5646285911950522,0.6666666666666666,0.8469428867925783,0.5186326338663121,0.5752521503733136,0.8960585398303675,25,6,19,21.173573016757345,11,2,6,0,0,1,2,3
fold3_0002568,sa_0007401,2568,Uterus,37,0,"[25,50)",AVAILABLE,1,1,1,28,0.709302147339256,0.8307692307692308,0.8537896217972526,0.6936400968726967,0.7644587246663371,0.9227482840733996,27,1,10,23.052320642315443,6,0,4,0,0,0,0,1
fold3_0002569,sa_0007402,2569,Uterus,34,0,"[25,50)",AVAILABLE,1,1,1,26,0.6126809167673399,0.7333333333333333,0.8354739774100091,0.636919315403423,0.655899419729207,0.9130942646887046,22,4,12,18.380428338494177,7,0,5,0,0,0,2,2
fold3_0002570,sa_0007403,2570,Uterus,34,0,"[25,50)",AVAILABLE,1,1,1,29,0.6963626157448491,0.7936507936507936,0.8774168958385099,0.7374506486181613,0.7398839575013186,0.9131225638804678,25,4,9,21.935423273379644,3,0,5,1,3,0,0,1
fold3_0002571,sa_0007404,2571,Uterus,46,0,"[25,50)",AVAILABLE,1,1,1,36,0.7180917170257939,0.8536585365853658,0.8411931542302157,0.6896095884374724,0.7223806129722025,0.9258372498595963,35,1,11,29.441761239250702,4,1,6,0,0,0,1,0
fold3_0002572,sa_0007405,2572,Uterus,26,0,"[25,50)",AVAILABLE,1,1,1,19,0.6471493529095426,0.7555555555555555,0.856521202380277,0.619194339837955,0.6443741209563995,0.9281956977291195,17,2,9,14.560861296985912,5,0,3,1,0,0,0,2
fold3_0002573,sa_0007406,2573,Uterus,45,0,"[25,50)",AVAILABLE,1,1,1,33,0.49349655623980376,0.6153846153846154,0.801931903889681,0.5638145657461725,0.5653887019656455,0.8945388727056761,24,9,21,19.24636649528425,8,7,4,2,0,4,1,4
fold3_0002574,sa_0007407,2574,Uterus,45,0,"[25,50)",AVAILABLE,1,1,1,30,0.6023310399675883,0.6933333333333334,0.8687466922609447,0.630977602905569,0.6400712226555876,0.8625342501163211,26,4,19,22.587414867531255,3,4,12,0,0,2,1,1
fold3_0002575,sa_0007408,2575,Uterus,44,0,"[25,50)",AVAILABLE,1,1,1,33,0.7133975151881307,0.8311688311688312,0.8583063854607197,0.7167403349312084,0.7360860513532269,0.9204141183994884,32,1,12,27.465805193049412,4,0,8,0,0,0,0,1
fold3_0002576,sa_0007409,2576,Uterus,37,0,"[25,50)",AVAILABLE,1,1,1,31,0.7184035528726737,0.8235294117647058,0.8723471713453895,0.7437312209778749,0.7730369307995697,0.917964273677115,28,3,9,24.425721670018078,3,2,4,0,0,1,1,1
fold3_0002577,sa_0007410,2577,Uterus,40,0,"[25,50)",AVAILABLE,1,1,1,33,0.6392621402395218,0.7671232876712328,0.8333238613836623,0.6249957163908022,0.6408271908271909,0.9105792507923831,28,5,12,23.33306895206641,10,1,1,0,0,0,1,4
fold3_0002578,sa_0007411,2578,Uterus,37,0,"[25,50)",AVAILABLE,1,1,1,24,0.6219899269276465,0.7213114754098361,0.8623042168769646,0.6431843720286974,0.6413905071148888,0.86588700762204,22,2,15,18.97069363359744,5,0,10,0,0,0,0,2
fold3_0002579,sa_0007412,2579,Uterus,47,0,"[25,50)",AVAILABLE,1,1,1,41,0.6979399871287543,0.7954545454545454,0.8774102695332912,0.726078003875969,0.7295928307032924,0.916122249755951,35,6,12,30.709360311075457,2,3,6,1,2,2,1,1
fold3_0002580,sa_0007413,2580,Uterus,34,0,"[25,50)",AVAILABLE,1,1,1,32,0.6271774120652057,0.7272727272727273,0.8623689415896578,0.6479391708406251,0.6622191967324711,0.8805799000737161,24,8,10,20.69685546052073,6,2,2,0,0,1,4,3
fold3_0002581,sa_0007414,2581,Uterus,52,0,"[50,+inf)",AVAILABLE,1,1,1,30,0.5149934899780395,0.6341463414634146,0.8121051188115239,0.14488687711687923,0.3933703134398182,0.8892033191040337,26,4,26,21.11473390120474,1,18,7,0,1,1,2,0
fold3_0002582,sa_0007415,2582,Uterus,20,0,"[10,25)",AVAILABLE,1,1,1,13,0.45048948330459304,0.5454545454545454,0.8258973860584207,0.4337026447462473,0.43668931439159975,0.8348237317282889,9,4,11,7.433077300423172,6,1,4,0,0,0,2,2
fold3_0002583,sa_0007416,2583,Uterus,19,0,"[10,25)",AVAILABLE,1,1,1,15,0.6513439234114072,0.7647058823529411,0.8517574383072248,0.6490340058458687,0.6401993355481728,0.9220174194855175,13,2,6,11.07284754975136,4,0,2,0,0,0,1,1
fold3_0002584,sa_0007417,2584,Uterus,29,0,"[25,50)",AVAILABLE,1,1,1,29,0.6132577031721452,0.7586206896551724,0.8083851541814642,0.6203285522854732,0.6165006496318752,0.8419959812458138,22,7,7,17.784474200377367,5,0,2,0,1,0,4,2
fold3_0002585,sa_0007418,2585,Uterus,31,0,"[25,50)",AVAILABLE,1,1,1,26,0.623003358580582,0.7719298245614035,0.8070725327066631,0.6272285251215559,0.6330318645493743,0.8476027948610619,22,4,9,17.755596526619122,4,0,5,0,1,0,2,1
fold3_0002586,sa_0007419,2586,Uterus,24,0,"[10,25)",AVAILABLE,1,1,1,22,0.6804198627870396,0.782608695652174,0.8694253802278838,0.6819990902888333,0.7061002569158152,0.848257748205218,18,4,6,15.64965771352729,1,0,5,0,1,0,3,0
fold3_0002587,sa_0007420,2587,Uterus,30,0,"[25,50)",AVAILABLE,1,1,1,21,0.6519687082023715,0.7450980392156863,0.8750106346926565,0.5230961757885826,0.6588808052075926,0.9391281408692211,19,2,11,16.62520293417111,6,2,3,0,0,0,1,1
fold3_0002588,sa_0007421,2588,Uterus,36,0,"[25,50)",AVAILABLE,1,1,1,33,0.6885808500088543,0.782608695652174,0.8798533083446471,0.6919763058696823,0.6947512591676239,0.8711905941239344,27,6,9,23.756040205158783,4,0,4,1,0,0,4,2
fold3_0002589,sa_0007422,2589,Uterus,29,0,"[25,50)",AVAILABLE,1,1,1,33,0.7312994084884917,0.8387096774193549,0.8719339101208939,0.7188968824940047,0.7188968824940047,0.8374117581405731,26,7,3,22.670282535077153,0,0,3,0,1,0,6,0
fold3_0002590,sa_0007423,2590,Uterus,51,0,"[50,+inf)",AVAILABLE,1,1,1,37,0.5079602553699519,0.6136363636363636,0.8277870828251068,0.5202630643441166,0.581913349125086,0.8570945537978505,27,10,24,22.350252064064968,14,0,9,1,3,0,3,4
fold3_0002591,sa_0007424,2591,Uterus,9,0,"[1,10)",AVAILABLE,1,1,1,9,0.7902630393425767,0.8888888888888888,0.8890459192603988,0.8451853578922826,0.8451853578922826,0.9160980540813748,8,1,1,7.112368243129109,0,0,1,0,0,0,1,0
fold3_0002592,sa_0007425,2592,Uterus,4,0,"[1,10)",AVAILABLE,1,1,1,4,0.4216109850319525,0.5,0.843221970063905,0.392,0.37626494940202393,0.6878342245989305,2,2,2,1.6864447833497802,2,0,0,0,0,0,1,1
fold3_0002593,sa_0007426,2593,Uterus,46,0,"[25,50)",AVAILABLE,1,1,1,41,0.5576218941062913,0.6666666666666666,0.836432841159437,0.5388703930845161,0.553634563710932,0.8403158637325626,29,12,17,24.256553230056515,10,1,5,1,0,0,9,3
fold3_0002594,sa_0007427,2594,Uterus,21,0,"[10,25)",AVAILABLE,1,1,1,19,0.8541228295944069,0.95,0.8990766627309547,0.8255140457573125,0.8255140457573125,0.9044181803759817,19,0,2,17.082457490964803,0,0,2,0,0,0,0,0
fold3_0002595,sa_0007428,2595,Uterus,40,0,"[25,50)",AVAILABLE,1,1,1,33,0.7527054931808721,0.8493150684931506,0.8862500161645752,0.7987158341187559,0.7963465364442033,0.9101221640488656,31,2,9,27.47375138735185,2,0,6,1,0,0,0,2
fold3_0002596,sa_0007429,2596,Uterus,35,0,"[25,50)",AVAILABLE,1,1,1,34,0.772951216078503,0.8985507246376812,0.8602199017647857,0.7264518581883851,0.7152586509089088,0.8925610183346958,31,3,4,26.666817814928258,1,0,3,0,0,0,3,0
fold3_0002597,sa_0007430,2597,Uterus,17,0,"[10,25)",AVAILABLE,1,1,1,17,0.6795702886715383,0.8823529411764706,0.7701796604944101,0.6882601797990481,0.6882601797990481,0.8153484729835552,15,2,2,11.552695677595812,0,0,2,0,0,0,2,0
fold3_0002598,sa_0007431,2598,Uterus,20,0,"[10,25)",AVAILABLE,1,1,1,15,0.5736450285777391,0.6857142857142857,0.8365656666758696,0.5876935136194396,0.6018684312962242,0.8745139968895801,12,3,8,10.038788836676101,5,0,3,0,0,0,1,2
fold3_0002599,sa_0007432,2599,Uterus,21,0,"[10,25)",AVAILABLE,1,1,1,18,0.7185480851272041,0.8205128205128205,0.8757304787487801,0.7470046082949309,0.7470046082949309,0.8662621999472435,16,2,5,14.011688535710961,0,0,4,1,1,0,0,1
fold3_0002600,sa_0007433,2600,Uterus,14,0,"[10,25)",AVAILABLE,1,1,1,14,0.6320929646763622,0.7142857142857143,0.884930150546907,0.6762119679402381,0.6762119679402381,0.806833480339817,10,4,4,8.84930239039922,0,0,2,2,0,0,2,2
fold3_0002601,sa_0007434,2601,Uterus,23,0,"[10,25)",AVAILABLE,1,1,1,16,0.600649670140596,0.717948717948718,0.8366191834101159,0.662385665956647,0.6713020617130206,0.8753570393674711,14,2,9,11.712669404360804,3,0,6,0,0,0,1,1
fold3_0002602,sa_0007435,2602,Uterus,22,0,"[10,25)",AVAILABLE,1,1,1,17,0.7132530378928191,0.8205128205128205,0.8692771399318734,0.7676003594967046,0.7676003594967046,0.8685225202321936,16,1,6,13.908435108187115,0,0,6,0,0,0,1,0
fold3_0002603,sa_0007436,2603,Uterus,18,0,"[10,25)",AVAILABLE,1,1,1,21,0.7658858575746351,0.8717948717948718,0.8785161307473756,0.7576222563213023,0.7721345229924502,0.8869093725793958,17,4,1,14.934775101221517,1,0,0,0,0,1,3,0
fold3_0002604,sa_0007437,2604,Uterus,20,0,"[10,25)",AVAILABLE,1,1,1,14,0.6295583957205003,0.7058823529411765,0.8918743939373754,0.5852605429703673,0.6462267487092439,0.8528956865440798,12,2,8,10.7024936191229,5,0,3,0,0,0,0,2
fold3_0002605,sa_0007438,2605,Uterus,19,0,"[10,25)",AVAILABLE,1,1,1,12,0.4414017406148353,0.5806451612903226,0.7601918866144385,0.5190465061930357,0.5017077116663671,0.8146995451280824,9,3,10,6.841727739721832,4,0,6,0,1,0,1,1
fold3_0002606,sa_0007439,2606,Uterus,27,0,"[25,50)",AVAILABLE,1,1,1,20,0.6989989166035742,0.8085106382978723,0.8645512915886312,0.7026516236183494,0.7199316906562576,0.8709929078014185,19,1,8,16.426475404735285,2,0,5,1,0,0,0,1
fold3_0002607,sa_0007440,2607,Uterus,114,0,"[50,+inf)",AVAILABLE,1,1,1,64,0.4346665521826932,0.5280898876404494,0.8230919817927594,0.3266464095249907,0.41672822785849134,0.8162611046736191,47,17,67,38.68532396735167,27,17,21,2,1,6,2,8
fold3_0002608,sa_0007441,2608,Uterus,102,0,"[50,+inf)",AVAILABLE,1,1,1,69,0.5375509267506804,0.6666666666666666,0.8063263901260207,0.4615951611854229,0.5329705800977589,0.8622708859744114,57,12,45,45.96060504350957,22,13,10,0,0,4,2,6
fold3_0002609,sa_0007442,2609,Uterus,80,0,"[50,+inf)",AVAILABLE,1,1,1,43,0.3871541679028365,0.4878048780487805,0.7936660442008149,0.3302552337252653,0.390069716034688,0.8521100917431192,30,13,50,23.809982119690492,29,14,7,0,0,3,2,8
fold3_0002610,sa_0007443,2610,Uterus,65,0,"[50,+inf)",AVAILABLE,1,1,1,37,0.47295845403140596,0.5686274509803921,0.8317545226069554,0.35971102150537637,0.4326050266843042,0.8203266787658802,29,8,36,24.120881987356228,16,5,15,0,1,1,1,5
fold3_0002611,sa_0007444,2611,Uterus,81,0,"[50,+inf)",AVAILABLE,1,1,1,52,0.3967098970032991,0.49624060150375937,0.7994305500217997,0.4090460627736326,0.44976076555023925,0.8269597601962031,33,19,48,26.38120895014994,14,20,11,3,2,10,0,7
fold3_0002612,sa_0007445,2612,Uterus,126,0,"[50,+inf)",AVAILABLE,1,1,1,71,0.41652149847154085,0.5279187817258884,0.7889878384508995,0.38420592674982124,0.43666158536585364,0.866217482801917,52,19,74,41.02736838843461,25,34,13,2,0,12,0,7
fold3_0002613,sa_0007446,2613,Uterus,120,0,"[50,+inf)",AVAILABLE,1,1,1,64,0.40883418590425036,0.5217391304347826,0.7835988563164799,0.35959931810817286,0.43321439840772835,0.8729656036716514,48,16,72,37.61274588678989,34,25,13,0,0,7,2,7
fold3_0002614,sa_0007447,2614,Uterus,94,0,"[50,+inf)",AVAILABLE,1,1,1,54,0.45474250388312526,0.581081081081081,0.7825801229616575,0.42726037379128345,0.46529249528233413,0.8622998890473926,43,11,51,33.65094606993139,25,18,8,0,0,3,2,6
fold3_0002615,sa_0007448,2615,Uterus,107,0,"[50,+inf)",AVAILABLE,1,1,1,59,0.4064818122520595,0.5301204819277109,0.7667725094754758,0.28935549068044014,0.4166666666666667,0.8665773709863452,44,15,63,33.737991183693445,34,15,13,1,0,2,3,10
fold3_0002616,sa_0007449,2616,Uterus,116,0,"[50,+inf)",AVAILABLE,1,1,1,64,0.4475493749443596,0.5555555555555556,0.8055888748998472,0.39993687491369617,0.45797828878253766,0.8199031263760458,50,14,66,40.27944455058123,21,19,24,2,1,5,1,7
fold3_0002617,sa_0007450,2617,Uterus,110,0,"[50,+inf)",AVAILABLE,1,1,1,56,0.3579595662116654,0.43373493975903615,0.8252956665435619,0.32111067990335385,0.38685638434130554,0.8693768575890384,36,20,74,29.710644820863894,34,28,12,0,0,9,1,10
fold3_0002618,sa_0007451,2618,Uterus,89,0,"[50,+inf)",AVAILABLE,1,1,1,57,0.31792622288055167,0.410958904109589,0.7736204756760091,0.3008532397618726,0.36179598267034263,0.7871355853771402,30,27,59,23.20861504390075,27,18,11,3,4,8,6,9
fold3_0002619,sa_0007452,2619,Uterus,123,0,"[50,+inf)",AVAILABLE,1,1,1,86,0.4906928694580015,0.6124401913875598,0.8012094509118931,0.4638008029230006,0.5221100278551533,0.7993823630332838,64,22,59,51.277405659570604,11,24,23,1,2,9,7,4
fold3_0002620,sa_0007453,2620,Uterus,124,0,"[50,+inf)",AVAILABLE,1,1,1,69,0.4221553944735206,0.5077720207253886,0.8313876646264231,0.4080418219231411,0.4603268307081332,0.8144867884311492,49,20,75,40.737996398082394,17,32,25,1,0,10,3,7
fold3_0002621,sa_0007454,2621,Uterus,79,0,"[50,+inf)",AVAILABLE,1,1,1,64,0.5612249565653721,0.6433566433566433,0.8723387911831327,0.5057924781732707,0.5734835857670846,0.8333448474381117,46,18,33,40.12758526676289,14,7,9,3,0,2,7,9
fold3_0002622,sa_0007455,2622,Uterus,31,0,"[25,50)",AVAILABLE,1,1,1,27,0.67925452527543,0.7931034482758621,0.8564513579559768,0.6888851236868858,0.7016880733944955,0.8767979987492183,23,4,8,19.698382089438827,4,0,4,0,0,0,3,1
fold3_0002623,sa_0007456,2623,Uterus,24,0,"[10,25)",AVAILABLE,1,1,1,19,0.33345528720495576,0.4186046511627907,0.796587630545172,0.3239706420438647,0.40779464118418585,0.8086884765884952,9,10,15,7.169289471494178,6,4,4,1,2,1,5,2
fold3_0002624,sa_0007457,2624,Uterus,41,0,"[25,50)",AVAILABLE,1,1,1,28,0.4628066253931382,0.5797101449275363,0.7983414288031634,0.3447694038245219,0.4415139485562021,0.7882526029877773,20,8,21,15.966829374404696,7,7,6,1,1,2,2,3
fold3_0002625,sa_0007458,2625,Uterus,40,0,"[25,50)",AVAILABLE,1,1,1,30,0.405086701430978,0.5142857142857142,0.7876685861157907,0.25253606565733805,0.3617649125272255,0.861486602689781,18,12,22,14.17803533775282,18,2,2,0,1,2,5,4
fold3_0002626,sa_0007459,2626,Uterus,49,0,"[25,50)",AVAILABLE,1,1,1,37,0.6131542272157594,0.7441860465116279,0.8239259928211767,0.5684833769940153,0.6387681843944832,0.900787245956718,32,5,17,26.365632594203646,7,2,7,1,3,1,1,0
fold3_0002627,sa_0007460,2627,Uterus,47,0,"[25,50)",AVAILABLE,1,1,1,33,0.5655806252456715,0.675,0.83789722258618,0.4096997243847009,0.5230901103610843,0.8968695040450229,27,6,20,22.623225847724086,9,9,2,0,0,3,1,2
fold3_0002628,sa_0007461,2628,Uterus,27,0,"[25,50)",AVAILABLE,1,1,1,23,0.5132382489422278,0.64,0.801934763972231,0.5017723622265301,0.5336957304341565,0.8810177687017346,16,7,11,12.83095702549046,4,6,1,0,1,4,1,1
fold3_0002629,sa_0007462,2629,Uterus,42,0,"[25,50)",AVAILABLE,1,1,1,26,0.4452217484726078,0.5294117647058824,0.8409744137815925,0.3322434440501349,0.46808960270498734,0.9016122067079315,18,8,24,15.13754028904308,3,20,1,0,0,5,2,1
fold3_0002630,sa_0007463,2630,Uterus,68,0,"[50,+inf)",AVAILABLE,1,1,1,30,0.31362774352473427,0.40816326530612246,0.7683879716355989,0.19358380906735909,0.3461042409528867,0.9033703432339514,20,10,48,15.367760201099951,12,30,4,2,0,3,3,4
fold3_0002631,sa_0007464,2631,Uterus,36,0,"[25,50)",AVAILABLE,1,1,1,26,0.5338258741717425,0.6451612903225806,0.827430104966201,0.366949829376316,0.5194621014511105,0.843780729678828,20,6,16,16.548602926754125,4,8,3,1,0,1,3,2
fold3_0002632,sa_0007465,2632,Uterus,18,0,"[10,25)",AVAILABLE,1,1,1,19,0.6445056677624393,0.7567567567567568,0.8516682038289376,0.6121337340345605,0.6452647045727771,0.8873914102460014,14,5,4,11.92335570527333,4,0,0,0,0,0,4,1
fold3_0002633,sa_0007466,2633,Uterus,24,0,"[10,25)",AVAILABLE,1,1,1,22,0.5097961868403569,0.6086956521739131,0.8375223069520148,0.5390622499599936,0.5772246467934019,0.8060968460546372,14,8,10,11.725313134850513,6,2,1,1,0,3,2,3
fold3_0002634,sa_0007467,2634,Colon,78,0,"[50,+inf)",AVAILABLE,1,1,1,44,0.3976971574939968,0.5081967213114754,0.7825653744236711,0.3783650726161971,0.43748439339350054,0.8605107079931509,31,13,47,24.25952738969918,34,4,8,1,0,2,0,11
fold3_0002635,sa_0007468,2635,Colon,65,0,"[50,+inf)",AVAILABLE,1,1,1,24,0.26084251404333,0.33707865168539325,0.7738327916618789,0.20046450493217463,0.34519888991674375,0.8683501127798867,15,9,50,11.607492648760974,25,16,9,0,0,3,0,6
fold3_0002636,sa_0007469,2636,Colon,18,0,"[10,25)",AVAILABLE,1,1,1,8,0.27116574458589887,0.38461538461538464,0.705030935923337,0.43984291324526953,0.4670997834416125,0.8624957420233905,5,3,13,3.525155384647621,8,0,5,0,0,0,0,3
fold3_0002637,sa_0007470,2637,Colon,5,0,"[1,10)",AVAILABLE,1,1,1,5,0.42252923823485666,0.6,0.7042153970580944,0.5606767794632439,0.5606767794632439,0.7514018691588785,3,2,2,2.1126468953896804,0,0,1,1,2,0,0,0
fold3_0002638,sa_0007471,2638,Colon,12,0,"[10,25)",AVAILABLE,1,1,1,9,0.579744544774827,0.7619047619047619,0.7609147150169604,0.6179119624508436,0.6179119624508436,0.763838795671946,8,1,4,6.0873184810503975,0,0,3,1,0,0,0,1
fold3_0002639,sa_0007472,2639,Colon,12,0,"[10,25)",AVAILABLE,1,1,1,5,0.1885366691223218,0.23529411764705882,0.8012808437698677,0.3057746120580005,0.27496778350515466,0.6074542008843967,2,3,10,1.6025624888205794,5,0,5,0,0,0,1,2
fold3_0002640,sa_0007473,2640,Colon,6,0,"[1,10)",AVAILABLE,1,1,1,3,0.491736236768406,0.6666666666666666,0.737604355152609,0.5596524687433778,0.7122262267812587,0.8552461139896373,3,0,3,2.2128138030621822,1,0,2,0,0,0,0,0
fold3_0002641,sa_0007474,2641,Colon,3,0,"[1,10)",AVAILABLE,1,1,1,3,0.21437401115263072,0.3333333333333333,0.6431220334578922,0.16382575757575757,0.16382575757575757,0.28152969894222946,1,2,2,0.6431226765799256,0,0,2,0,0,0,2,0
fold3_0002642,sa_0007475,2642,Colon,10,0,"[10,25)",AVAILABLE,1,1,1,7,0.3951767837215261,0.47058823529411764,0.839750665408243,0.39934234563390575,0.39934234563390575,0.570757180156658,4,3,6,3.3590035013836372,0,0,6,0,0,0,3,0
fold3_0002643,sa_0007476,2643,Colon,5,0,"[1,10)",AVAILABLE,1,1,1,10,0.22335855121568987,0.26666666666666666,0.8375945670588371,0.23953328757721346,0.22493088715757728,0.4296265900697579,2,8,3,1.6751899717122414,2,0,1,0,0,0,7,1
fold3_0002644,sa_0007477,2644,Colon,20,0,"[10,25)",AVAILABLE,1,1,1,12,0.4435883386817003,0.625,0.7097413418907205,0.4839396919042937,0.5328628142920159,0.8526618705035971,10,2,10,7.097414128648546,5,3,2,0,0,1,0,1
fold3_0002645,sa_0007478,2645,Colon,65,0,"[50,+inf)",AVAILABLE,1,1,1,35,0.3390601396142282,0.48,0.7063752908629755,0.34320145035725713,0.42884864165588615,0.7563603440470801,24,11,41,16.953007687086703,9,20,12,0,0,10,0,1
fold3_0002646,sa_0007479,2646,Colon,24,0,"[10,25)",AVAILABLE,1,1,1,12,0.4394857078871026,0.5555555555555556,0.7910742741967847,0.3906561319134318,0.4792410486585739,0.7919453830770292,10,2,14,7.910743533042121,7,3,4,0,0,1,0,1
fold3_0002647,sa_0007480,2647,Colon,57,0,"[50,+inf)",AVAILABLE,1,1,1,22,0.3116546385287989,0.43037974683544306,0.724138718934562,0.1740747066784039,0.2973491454482037,0.7199354751982794,17,5,40,12.310358946026275,3,23,13,1,0,4,0,1
fold3_0002648,sa_0007481,2648,Colon,26,0,"[25,50)",AVAILABLE,1,1,1,15,0.3975711396761278,0.5365853658536586,0.7409280330327835,0.4819634902611582,0.5038821421461278,0.7483452475509664,11,4,15,8.15020910428865,4,2,9,0,0,2,0,2
fold3_0002649,sa_0007482,2649,Colon,23,0,"[10,25)",AVAILABLE,1,1,1,13,0.22514656228984187,0.3333333333333333,0.6754396868695256,0.2752453784548684,0.3751720972923359,0.7627231770398799,6,7,17,4.052638796656841,12,0,3,2,0,0,2,5
fold3_0002650,sa_0007483,2650,Colon,19,0,"[10,25)",AVAILABLE,1,1,1,11,0.4776513786334929,0.6,0.7960856310558215,0.6215431888016388,0.6186835726272608,0.8388434512152978,9,2,10,7.164771475588024,4,0,6,0,0,0,0,2
fold3_0002651,sa_0007484,2651,Colon,18,0,"[10,25)",AVAILABLE,1,1,1,7,0.2737578200541096,0.4,0.684394550135274,0.3534397513773132,0.3693181818181818,0.7415530527563723,5,2,13,3.42197343507092,7,0,6,0,0,0,0,2
fold3_0002652,sa_0007485,2652,Colon,10,0,"[10,25)",AVAILABLE,1,1,1,5,0.4090254625286598,0.5333333333333333,0.7669227422412371,0.5650767987065481,0.5650767987065481,0.7221074380165289,4,1,6,3.0676917358876907,0,0,5,1,0,0,0,1
fold3_0002653,sa_0007486,2653,Colon,4,0,"[1,10)",AVAILABLE,1,1,1,3,0.772752130541126,0.8571428571428571,0.9015441522979805,0.8662420382165605,0.8662420382165605,0.9283276450511946,3,0,1,2.7046333584380937,0,0,1,0,0,0,0,0
fold3_0002654,sa_0007487,2654,Colon,2,0,"[1,10)",AVAILABLE,1,1,1,2,0.8560094002611144,1.0,0.8560094002611144,0.8708367181153533,0.8708367181153533,0.930959617889709,2,0,0,1.7120196565316292,0,0,0,0,0,0,0,0
fold3_0002655,sa_0007488,2655,Colon,8,0,"[1,10)",AVAILABLE,1,1,1,5,0.24407215071729346,0.3076923076923077,0.7932344898312037,0.4578313253012048,0.44223107569721115,0.7670349907918969,2,3,6,1.5864697728968973,2,0,3,1,2,0,0,1
fold3_0002656,sa_0007489,2656,Colon,2,0,"[1,10)",AVAILABLE,1,1,1,1,0.0,0.0,0.0,0.3567251461988304,0.34841628959276016,0.8187919463087249,0,1,2,0.0,2,0,0,0,0,0,0,1
fold3_0002657,sa_0007490,2657,Colon,22,0,"[10,25)",AVAILABLE,1,1,1,6,0.18126569083091282,0.2857142857142857,0.6344299179081949,0.3134715025906736,0.31535380507343125,0.6386520503451076,4,2,18,2.5377203060626976,7,0,11,0,0,0,0,2
fold3_0002658,sa_0007491,2658,Colon,53,0,"[50,+inf)",AVAILABLE,1,1,1,37,0.45583009858127493,0.6222222222222222,0.7325840870056204,0.36243417203042716,0.4212591207421259,0.7998555286104948,28,9,25,20.512355168741458,22,1,2,0,0,0,5,4
fold3_0002659,sa_0007492,2659,Colon,54,0,"[50,+inf)",AVAILABLE,1,1,1,28,0.25358504076515825,0.34146341463414637,0.7426419050979635,0.2999387711198266,0.38355032714295156,0.8702858917098569,14,14,40,10.396987414013394,18,19,1,2,0,6,0,8
fold3_0002660,sa_0007493,2660,Colon,85,0,"[50,+inf)",AVAILABLE,1,1,1,39,0.27860436704524727,0.3870967741935484,0.7197279482002221,0.2763448784082535,0.3612658227848101,0.843675738226603,24,15,61,17.27347147653328,28,29,3,1,0,8,0,7
fold3_0002661,sa_0007494,2661,Colon,57,0,"[50,+inf)",AVAILABLE,1,1,1,34,0.2636082473849165,0.37362637362637363,0.7055397209419825,0.32203752077891235,0.37437382592360674,0.7889970955065778,17,17,40,11.994175961553424,10,21,4,5,0,9,1,7
fold3_0002662,sa_0007495,2662,Colon,164,0,"[50,+inf)",AVAILABLE,1,1,1,96,0.4510927477755698,0.5538461538461539,0.814473016817001,0.4121738490413278,0.49546478710497427,0.8767626038246088,72,24,92,58.64205802529709,40,37,14,1,1,9,1,13
fold3_0002663,sa_0007496,2663,Colon,142,0,"[50,+inf)",AVAILABLE,1,1,1,86,0.5547284992409285,0.6578947368421053,0.8431873188462112,0.545940690325717,0.6214168275073272,0.8941451371131294,75,11,67,63.23904975665316,30,18,19,0,0,3,0,8
fold3_0002664,sa_0007497,2664,Colon,163,0,"[50,+inf)",AVAILABLE,1,1,1,95,0.5162299972279004,0.6356589147286822,0.8121179224682824,0.44898949070331445,0.5330599539046365,0.8720762232027802,82,13,81,66.59367045451708,34,28,19,0,0,6,0,7
fold3_0002665,sa_0007498,2665,Colon,47,0,"[25,50)",AVAILABLE,1,1,1,18,0.22108093848703386,0.3076923076923077,0.71851305008286,0.2613185406443354,0.3270894353245692,0.6333726838782529,10,8,37,7.18513121934165,13,6,16,2,0,1,1,6
fold3_0002666,sa_0007499,2666,Colon,71,0,"[50,+inf)",AVAILABLE,1,1,1,36,0.3693617960864727,0.4672897196261682,0.7904342436250515,0.3948028188101369,0.4836989952839861,0.8124654505251521,25,11,46,19.760856881060533,26,3,16,1,0,2,1,8
fold3_0002667,sa_0007500,2667,Colon,53,0,"[50,+inf)",AVAILABLE,1,1,1,23,0.30346432089501824,0.39473684210526316,0.7687762796007128,0.3502612615689355,0.38177094848551846,0.829153166126645,15,8,38,11.531644962786972,16,10,12,0,0,3,0,5
fold3_0002668,sa_0007501,2668,Colon,44,0,"[25,50)",AVAILABLE,1,1,1,20,0.2964872085467864,0.40625,0.7298146671920896,0.21564660955722983,0.26798748696558916,0.8642269736842105,13,7,31,9.487591403311832,18,10,2,1,0,3,0,4
fold3_0002669,sa_0007502,2669,Colon,19,0,"[10,25)",AVAILABLE,1,1,1,15,0.5991033145925608,0.8235294117647058,0.7274825962909668,0.5492448415230802,0.5817824377457405,0.8557461264396388,14,1,5,10.184757075556131,4,0,1,0,0,0,0,1
fold3_0002670,sa_0007503,2670,Colon,11,0,"[10,25)",AVAILABLE,1,1,1,8,0.6875874815360781,0.8421052631578947,0.8165101343240927,0.7275985663082437,0.7275985663082437,0.8423236514522822,8,0,3,6.532081891102875,0,0,3,0,0,0,0,0
fold3_0002671,sa_0007504,2671,Colon,27,0,"[25,50)",AVAILABLE,1,1,1,19,0.5803542558084698,0.7391304347826086,0.7851851696232239,0.6439943392888732,0.6713370696557246,0.8719760479041916,17,2,10,13.348148668779977,6,0,4,0,0,0,0,2
fold3_0002672,sa_0007505,2672,Colon,55,0,"[50,+inf)",AVAILABLE,1,1,1,29,0.28028250713991554,0.38095238095238093,0.7357415812422784,0.3486985484600518,0.3786843828951062,0.6125967150807656,16,13,39,11.771866035618036,6,6,21,6,0,4,1,8
fold3_0002673,sa_0007506,2673,Colon,39,0,"[25,50)",AVAILABLE,1,1,1,18,0.44753352851243294,0.5614035087719298,0.7971690976627712,0.44550810014727543,0.5150763908907466,0.7423417938277712,16,2,23,12.754706359773438,7,2,14,0,0,1,0,1
fold3_0002674,sa_0007507,2674,Colon,62,0,"[50,+inf)",AVAILABLE,1,1,1,30,0.35478580897367906,0.5,0.7095716179473581,0.36223355564273574,0.40384972170686456,0.7343971982687415,23,7,39,16.320147922360857,21,5,13,0,0,1,0,6
fold3_0002675,sa_0007508,2675,Colon,62,0,"[50,+inf)",AVAILABLE,1,1,1,22,0.2582559847666519,0.3333333333333333,0.7747679542999557,0.21960040576897633,0.3166671275683748,0.8415945559942871,14,8,48,10.846752134967334,8,31,9,0,0,4,2,2
fold3_0002676,sa_0007509,2676,Colon,75,0,"[50,+inf)",AVAILABLE,1,1,1,27,0.2837787421392933,0.37254901960784315,0.7617218867949452,0.2648360518844291,0.34522096608427544,0.7294292917717167,19,8,56,14.472716610825847,16,21,19,0,0,4,1,3
fold3_0002677,sa_0007510,2677,Colon,30,0,"[25,50)",AVAILABLE,1,1,1,14,0.4446984412622417,0.5909090909090909,0.752566592905332,0.3118638547349564,0.32074641316785496,0.5152949016994335,13,1,17,9.783366460335909,4,1,12,0,0,0,0,1
fold3_0002678,sa_0007511,2678,Colon,81,0,"[50,+inf)",AVAILABLE,1,1,1,27,0.17957582056771354,0.25925925925925924,0.6926495936183237,0.13792369045971015,0.25639846436855157,0.836635633007082,14,13,67,9.697095003306124,26,28,12,1,0,5,0,8
fold3_0002679,sa_0007512,2679,Colon,34,0,"[25,50)",AVAILABLE,1,1,1,24,0.470475243927676,0.6206896551724138,0.757987892994589,0.4888758208370087,0.486328125,0.6938239159001314,18,6,16,13.643782831890496,1,2,11,2,0,1,3,2
fold3_0002680,sa_0007513,2680,Colon,57,0,"[50,+inf)",AVAILABLE,1,1,1,25,0.2957787324039691,0.36585365853658536,0.8084618685708489,0.3412971272070392,0.34921511398595884,0.6848690364826941,15,10,42,12.126928837024602,24,0,17,1,0,0,0,10
fold3_0002681,sa_0007514,2681,Colon,54,0,"[50,+inf)",AVAILABLE,1,1,1,23,0.3103315683825718,0.44155844155844154,0.7028097283958245,0.32533733133433285,0.3847806920872823,0.7640762404997812,17,6,37,11.947766085538746,21,1,15,0,1,0,0,5
fold3_0002682,sa_0007515,2682,Colon,20,0,"[10,25)",AVAILABLE,1,1,1,6,0.2876681147232533,0.38461538461538464,0.7479370982804586,0.23725714285714286,0.2711345939933259,0.4541675782104572,5,1,15,3.7396862393393913,2,0,13,0,0,0,1,0
fold3_0002683,sa_0007516,2683,Colon,56,0,"[50,+inf)",AVAILABLE,1,1,1,28,0.3703433427960318,0.5,0.7406866855920636,0.39838181467925254,0.4560360070728179,0.6873482004857584,21,7,35,15.554421138120022,15,3,15,2,0,1,0,6
fold3_0002684,sa_0007517,2684,Colon,2,0,"[1,10)",AVAILABLE,1,1,1,1,0.44967275294162623,0.6666666666666666,0.6745091294124393,0.5088757396449705,0.5088757396449705,0.6745098039215687,1,0,1,0.6745098039215687,0,0,1,0,0,0,0,0
fold3_0002685,sa_0007518,2685,Colon,2,0,"[1,10)",AVAILABLE,1,1,1,1,0.0,0.0,0.0,0.10837438423645321,0.10837438423645321,0.19555555555555557,0,1,2,0.0,0,0,1,1,0,0,0,1
fold3_0002686,sa_0007519,2686,Colon,2,0,"[1,10)",AVAILABLE,1,1,1,2,0.8264995867502066,1.0,0.8264995867502066,0.8222222222222222,0.8222222222222222,0.9024390243902439,2,0,0,1.653,0,0,0,0,0,0,0,0
fold3_0002687,sa_0007520,2687,Colon,12,0,"[10,25)",AVAILABLE,1,1,1,3,0.0,0.0,0.0,0.19350282485875706,0.16942148760330578,0.4840989399293286,0,3,12,0.0,6,0,6,0,0,0,0,3
fold3_0002688,sa_0007521,2688,Colon,4,0,"[1,10)",AVAILABLE,1,1,1,2,0.253835171548371,0.3333333333333333,0.7615055146451131,0.47678018575851394,0.45981308411214955,0.7887323943661971,1,1,3,0.7615062761506276,2,0,1,0,0,0,0,1
fold3_0002689,sa_0007522,2689,Colon,2,0,"[1,10)",AVAILABLE,1,1,1,1,0.0,0.0,0.0,0.2589641434262948,0.24918032786885247,0.6824146981627297,0,1,2,0.0,2,0,0,0,0,0,0,1
fold3_0002690,sa_0007523,2690,Colon,3,0,"[1,10)",AVAILABLE,1,1,1,2,0.37649629756135217,0.4,0.9412407439033804,0.7413554633471646,0.7413554633471646,0.8514694201747418,1,1,2,0.9412416851441242,0,0,1,1,0,0,0,1
fold3_0002691,sa_0007524,2691,Colon,9,0,"[1,10)",AVAILABLE,1,1,1,6,0.40427983913037274,0.5333333333333333,0.7580246983694489,0.5400304414003044,0.6274359954145968,0.8480864052594506,4,2,5,3.032099551502494,2,2,1,0,0,1,0,1
fold3_0002692,sa_0007525,2692,Colon,10,0,"[10,25)",AVAILABLE,1,1,1,9,0.4518758580251156,0.5263157894736842,0.8585641302477197,0.7299808690899153,0.7401953843975648,0.8816206980717598,5,4,5,4.292821509802729,2,0,2,1,3,0,0,1
fold3_0002693,sa_0007526,2693,Colon,7,0,"[1,10)",AVAILABLE,1,1,1,3,0.0,0.0,0.0,0.16501240694789082,0.14414414414414414,0.5236220472440944,0,3,7,0.0,4,0,2,1,0,0,1,2
fold3_0002694,NOT_FOUND,2694,Colon,0,1,"[0,1)",NOT_EVALUATED,0,0,0,NOT_EVALUATED,NOT_EVALUATED,NOT_EVALUATED,NOT_EVALUATED,NOT_EVALUATED,NOT_EVALUATED,NOT_EVALUATED,NOT_EVALUATED,NOT_EVALUATED,NOT_EVALUATED,NOT_EVALUATED,NOT_EVALUATED,NOT_EVALUATED,NOT_EVALUATED,NOT_EVALUATED,NOT_EVALUATED,NOT_EVALUATED,NOT_EVALUATED,NOT_EVALUATED
fold3_0002695,NOT_FOUND,2695,Colon,0,1,"[0,1)",NOT_EVALUATED,0,0,0,NOT_EVALUATED,NOT_EVALUATED,NOT_EVALUATED,NOT_EVALUATED,NOT_EVALUATED,NOT_EVALUATED,NOT_EVALUATED,NOT_EVALUATED,NOT_EVALUATED,NOT_EVALUATED,NOT_EVALUATED,NOT_EVALUATED,NOT_EVALUATED,NOT_EVALUATED,NOT_EVALUATED,NOT_EVALUATED,NOT_EVALUATED,NOT_EVALUATED,NOT_EVALUATED
fold3_0002696,sa_0007527,2696,Colon,2,0,"[1,10)",AVAILABLE,1,1,1,3,0.0,0.0,0.0,0.17579250720461095,0.17579250720461095,0.29901960784313725,0,3,2,0.0,0,0,1,1,0,0,2,1
fold3_0002697,sa_0007528,2697,Colon,18,0,"[10,25)",AVAILABLE,1,1,1,5,0.2647806612776325,0.34782608695652173,0.7612444011731935,0.25273606515652836,0.2822951825713409,0.4752333094041637,4,1,14,3.044978365937175,3,0,11,0,0,0,0,1
fold3_0002698,sa_0007529,2698,Colon,77,0,"[50,+inf)",AVAILABLE,1,1,1,39,0.33557600279742344,0.46551724137931033,0.720866968972243,0.31315733559970255,0.37989226496086187,0.7378694074232212,27,12,50,19.46340888311753,18,13,18,1,0,4,0,8
fold3_0002699,sa_0007530,2699,Colon,43,0,"[25,50)",AVAILABLE,1,1,1,27,0.46401048230056957,0.6285714285714286,0.7381984945690879,0.49189378328991873,0.5363448309039304,0.7945891783567134,22,5,21,16.24036761871843,6,2,12,1,0,0,3,2
fold3_0002700,sa_0007531,2700,Colon,46,0,"[25,50)",AVAILABLE,1,1,1,18,0.3772349238654779,0.5,0.7544698477309558,0.3334575106585537,0.4558377558756634,0.7000824545415093,16,2,30,12.071518318165142,13,1,16,0,0,0,0,2
fold3_0002701,sa_0007532,2701,Colon,43,0,"[25,50)",AVAILABLE,1,1,1,28,0.41283242120557045,0.5352112676056338,0.7713447869893554,0.4119423102844049,0.48917642226329844,0.848844265460363,19,9,24,14.65555172414254,9,7,4,4,0,2,0,7
fold3_0002702,sa_0007533,2702,Colon,44,0,"[25,50)",AVAILABLE,1,1,1,22,0.3757652601598309,0.5151515151515151,0.7294266814867306,0.42921805699009663,0.43285939968404424,0.7991971277528058,17,5,27,12.400254314701103,16,0,11,0,0,0,0,5
fold3_0002703,sa_0007534,2703,Colon,3,0,"[1,10)",AVAILABLE,1,1,1,2,0.24999975000025004,0.4,0.6249993750006251,0.30994152046783624,0.30994152046783624,0.4732142857142857,1,1,2,0.625,0,0,1,1,0,0,0,1
fold3_0002704,sa_0007535,2704,Colon,4,0,"[1,10)",AVAILABLE,1,1,1,2,0.0,0.0,0.0,0.0,0.0,0.0,0,2,4,0.0,0,0,4,0,0,0,2,0
fold3_0002705,sa_0007536,2705,Colon,4,0,"[1,10)",AVAILABLE,1,1,1,1,0.25940220105474093,0.4,0.6485055026368524,0.3219895287958115,0.3219895287958115,0.4871287128712871,1,0,3,0.648506151142355,0,0,3,0,0,0,0,0
fold3_0002706,sa_0007537,2706,Colon,12,0,"[10,25)",AVAILABLE,1,1,1,6,0.2860572747082198,0.4444444444444444,0.6436288680934945,0.4193862640038967,0.4193862640038967,0.5909402882635553,4,2,8,2.574516116002846,0,0,6,2,0,0,0,2
fold3_0002707,sa_0007538,2707,Colon,2,0,"[1,10)",AVAILABLE,1,1,1,1,0.5778521483985543,0.6666666666666666,0.8667782225978314,0.8317152103559871,0.8317152103559871,0.9081272084805654,1,0,1,0.866779089376054,0,0,1,0,0,0,0,0
fold3_0002708,sa_0007539,2708,Colon,1,0,"[1,10)",AVAILABLE,1,1,1,1,0.6412207328250688,1.0,0.6412207328250688,0.6412213740458015,0.6412213740458015,0.7813953488372093,1,0,0,0.6412213740458015,0,0,0,0,0,0,0,0
fold3_0002709,sa_0007540,2709,Colon,6,0,"[1,10)",AVAILABLE,1,1,1,5,0.7076561886044522,0.9090909090909091,0.7784218074648975,0.7906976744186046,0.7906976744186046,0.8831168831168831,5,0,1,3.892109815746295,0,0,1,0,0,0,0,0
fold3_0002710,sa_0007541,2710,Colon,90,0,"[50,+inf)",AVAILABLE,1,1,1,56,0.5260069163668588,0.6575342465753424,0.7999688519745978,0.49050240682558444,0.5622976421742277,0.8319395343167134,48,8,42,38.398505694749545,20,5,14,3,0,0,0,8
fold3_0002711,sa_0007542,2711,Colon,33,0,"[25,50)",AVAILABLE,1,1,1,19,0.5060698927172184,0.6538461538461539,0.7739892476851575,0.4948411895609953,0.5741212429954152,0.8158576051779936,17,2,16,13.157817984636926,5,2,9,0,1,1,0,0
fold3_0002712,sa_0007543,2712,Colon,55,0,"[50,+inf)",AVAILABLE,1,1,1,27,0.4904782400211703,0.5853658536585366,0.8379003267028327,0.38718629821987866,0.49089446774286205,0.7554716399506781,24,3,31,20.10960867876831,8,8,15,0,0,1,0,2
fold3_0002713,sa_0007544,2713,Colon,63,0,"[50,+inf)",AVAILABLE,1,1,1,40,0.5641553592470702,0.6990291262135923,0.8070555833673364,0.495140409511736,0.616818087962007,0.8234730691868076,36,4,27,29.054001808279693,10,3,13,1,0,0,0,4
fold3_0002714,sa_0007545,2714,Colon,57,0,"[50,+inf)",AVAILABLE,1,1,1,23,0.3726262288701825,0.45,0.8280582863781832,0.45585598174154035,0.5330325604168853,0.8935529497650225,18,5,39,14.905049982865586,15,3,21,0,0,0,1,4
fold3_0002715,sa_0007546,2715,Colon,46,0,"[25,50)",AVAILABLE,1,1,1,25,0.30293398156926105,0.39436619718309857,0.7681540246934835,0.32356415593182203,0.410794453127598,0.8399490854233452,14,11,32,10.754157113862792,2,21,7,2,2,8,0,1
fold3_0002716,sa_0007547,2716,Colon,53,0,"[50,+inf)",AVAILABLE,1,1,1,27,0.29616972113899237,0.4,0.740424302847481,0.3922244369516216,0.46176395252867347,0.8591176356060901,16,11,37,11.846789585983998,9,21,6,1,0,7,0,4
fold3_0002717,sa_0007548,2717,Colon,98,0,"[50,+inf)",AVAILABLE,1,1,1,60,0.3795566250193868,0.5063291139240507,0.7496243344132889,0.4033072456450391,0.44016501421340914,0.8064415184266904,40,20,58,29.98497412615589,24,13,18,3,0,8,0,12
fold3_0002718,sa_0007549,2718,Colon,40,0,"[25,50)",AVAILABLE,1,1,1,20,0.358838219433584,0.5,0.717676438867168,0.4137603474012756,0.460050739679088,0.8289028298054791,15,5,25,10.765147300683958,6,7,11,1,0,1,1,3
fold3_0002719,sa_0007550,2719,Colon,46,0,"[25,50)",AVAILABLE,1,1,1,28,0.44648499824663734,0.5945945945945946,0.7509065879602537,0.47833120476798635,0.4901382488479263,0.70262246412667,22,6,24,16.51994568603217,6,0,16,2,2,0,1,3
fold3_0002720,sa_0007551,2720,Colon,51,0,"[50,+inf)",AVAILABLE,1,1,1,29,0.4669788918622698,0.625,0.7471662269796318,0.48639524677604484,0.5249720759534068,0.7576645390813017,25,4,26,18.679156421657023,8,3,15,0,0,2,0,2
fold3_0002721,sa_0007552,2721,Colon,75,0,"[50,+inf)",AVAILABLE,1,1,1,49,0.4291781269952976,0.5806451612903226,0.7391401076030125,0.48358003720779746,0.5420696567276372,0.777135057844794,36,13,39,26.609044612848557,20,0,14,5,0,0,1,12
