sample_id,legacy_test_sample_id,orig_index,tissue_name,gt_instance_count,gt_empty,density_bin,prediction_status,included_E1,included_E2,included_E3,pred_instance_count,bpq,dq,sq,aji_kumar,aji_plus,dice,tp,fp,fn,matched_iou_sum,fn_merged,fn_complex,fn_true_miss,fn_low_iou,fp_split,fp_complex,fp_spurious,fp_low_iou
fold3_0000000,sa_0004946,0,Breast,13,0,"[10,25)",AVAILABLE,1,1,1,12,0.5649596361546775,0.72,0.7846661613259409,0.6801758425790245,0.6925865346359578,0.8540012536564981,9,3,4,7.0619962365996285,2,0,1,1,1,0,0,2
fold3_0000001,sa_0004947,1,Breast,8,0,"[1,10)",AVAILABLE,1,1,1,9,0.7271042162110437,0.9411764705882353,0.772548229724234,0.7796980343747033,0.7796980343747033,0.8762138512431971,8,1,0,6.180386610342101,0,0,0,0,0,0,1,0
fold3_0000002,sa_0004948,2,Breast,11,0,"[10,25)",AVAILABLE,1,1,1,13,0.4390632638105603,0.5833333333333334,0.7526798808181033,0.43671875,0.43671875,0.6766962721285723,7,6,4,5.268759918406604,0,0,1,3,4,0,1,1
fold3_0000003,sa_0004949,3,Breast,11,0,"[10,25)",AVAILABLE,1,1,1,9,0.5137685260227368,0.6,0.8562808767045614,0.6195559350982066,0.6195559350982066,0.7650935934616399,6,3,5,5.137686116508245,0,0,4,1,0,0,2,1
fold3_0000004,sa_0004950,4,Breast,11,0,"[10,25)",AVAILABLE,1,1,1,8,0.555771071747742,0.631578947368421,0.8799708636005915,0.7222787994967951,0.7222787994967951,0.8387478260869565,6,2,5,5.279826061574413,0,0,3,2,0,0,0,2
fold3_0000005,sa_0004951,5,Breast,14,0,"[10,25)",AVAILABLE,1,1,1,11,0.6267795551625452,0.72,0.8705271599479795,0.7100079218378664,0.7100079218378664,0.8304147750084931,9,2,5,7.834745310058975,0,0,5,0,0,0,2,0
fold3_0000006,sa_0004952,6,Breast,8,0,"[1,10)",AVAILABLE,1,1,1,7,0.6388455467461251,0.8,0.7985569334326564,0.7256999772365126,0.7256999772365126,0.8791276436705799,6,1,2,4.791342399152872,0,0,2,0,1,0,0,0
fold3_0000007,sa_0004953,7,Breast,10,0,"[10,25)",AVAILABLE,1,1,1,5,0.5590070674572382,0.6666666666666666,0.8385106011858573,0.5125196264771507,0.5125196264771507,0.6777031087799814,5,0,5,4.192553844439888,0,0,5,0,0,0,0,0
fold3_0000008,sa_0004954,8,Breast,13,0,"[10,25)",AVAILABLE,1,1,1,13,0.6350829047146673,0.7692307692307693,0.8256077761290674,0.6744778761061947,0.6744778761061947,0.8055978352782006,10,3,3,8.25607858689845,0,0,2,1,0,0,2,1
fold3_0000009,sa_0004955,9,Breast,11,0,"[10,25)",AVAILABLE,1,1,1,12,0.5815032214390604,0.6956521739130435,0.8359108808186494,0.640867135235837,0.640867135235837,0.8519378644785054,8,4,3,6.687287882460075,0,0,2,1,3,0,1,0
fold3_0000010,sa_0004956,10,Breast,11,0,"[10,25)",AVAILABLE,1,1,1,7,0.5408957396429531,0.6666666666666666,0.8113436094644297,0.553997285594261,0.5038156627398681,0.8446568458392866,6,1,5,4.868062468130188,2,0,3,0,0,0,0,1
fold3_0000011,sa_0004957,11,Breast,14,0,"[10,25)",AVAILABLE,1,1,1,14,0.625785434514555,0.7857142857142857,0.796454189382161,0.7100396301188904,0.7100396301188904,0.8304364619544226,11,3,3,8.76099687965796,0,0,3,0,0,0,3,0
fold3_0000012,sa_0004958,12,Breast,23,0,"[10,25)",AVAILABLE,1,1,1,17,0.6840611426398047,0.8,0.8550764282997558,0.8030175556677324,0.8030175556677324,0.8963479126485411,16,1,7,13.681223707872523,0,0,7,0,1,0,0,0
fold3_0000013,sa_0004959,13,Breast,11,0,"[10,25)",AVAILABLE,1,1,1,10,0.5805735645602891,0.7619047619047619,0.7620028034853795,0.5431549124759688,0.5570054945054945,0.7892956918100279,8,2,3,6.096023189885839,2,0,1,0,0,0,1,1
fold3_0000014,sa_0004960,14,Breast,10,0,"[10,25)",AVAILABLE,1,1,1,9,0.5643943737159458,0.7368421052631579,0.7659637929002122,0.6259751212312882,0.6259751212312882,0.8056275933609959,7,2,3,5.361747316265278,0,0,3,0,1,0,1,0
fold3_0000015,sa_0004961,15,Breast,17,0,"[10,25)",AVAILABLE,1,1,1,12,0.6364641986486865,0.7586206896551724,0.8389755345823596,0.6619618913196895,0.7042701495567436,0.8939008894536213,11,1,6,9.22873171938149,3,0,3,0,0,0,0,1
fold3_0000016,sa_0004962,16,Breast,15,0,"[10,25)",AVAILABLE,1,1,1,8,0.41577985786595567,0.5217391304347826,0.7969113942430818,0.40603638048893526,0.4193374836676658,0.7590837710510641,6,2,9,4.781469162369885,3,0,5,1,0,0,0,2
fold3_0000017,sa_0004963,17,Breast,17,0,"[10,25)",AVAILABLE,1,1,1,14,0.779735510409788,0.9032258064516129,0.8632786008108367,0.8450478118238292,0.8450478118238292,0.9160172505107059,14,0,3,12.085901274630315,0,0,3,0,0,0,0,0
fold3_0000018,sa_0004964,18,Breast,10,0,"[10,25)",AVAILABLE,1,1,1,8,0.7482755340472164,0.8888888888888888,0.8418099758031184,0.6645551396487187,0.6645551396487187,0.7984777720117626,8,0,2,6.734480648234923,0,0,2,0,0,0,0,0
fold3_0000019,sa_0004965,19,Breast,9,0,"[1,10)",AVAILABLE,1,1,1,6,0.6946361921361012,0.8,0.8682952401701264,0.7380185050421042,0.7380185050421042,0.8492642660605335,6,0,3,5.209772309315999,0,0,3,0,0,0,0,0
fold3_0000020,sa_0004966,20,Breast,10,0,"[10,25)",AVAILABLE,1,1,1,10,0.5187041284086669,0.6,0.8645068806811115,0.5358537728479925,0.5091243840363893,0.7384549140622196,6,4,4,5.18704214859355,2,0,2,0,0,0,3,1
fold3_0000021,sa_0004967,21,Breast,17,0,"[10,25)",AVAILABLE,1,1,1,11,0.639662669486449,0.7857142857142857,0.8141161248009351,0.5792147806004619,0.5792147806004619,0.7335478210002925,11,0,6,8.95527818692641,0,0,6,0,0,0,0,0
fold3_0000022,sa_0004968,22,Breast,18,0,"[10,25)",AVAILABLE,1,1,1,15,0.568494181943564,0.6666666666666666,0.8527412729153462,0.6116316221233971,0.6430200513161646,0.8565314208045346,11,4,7,9.38015485481008,2,0,4,1,2,0,1,1
fold3_0000023,sa_0004969,23,Breast,10,0,"[10,25)",AVAILABLE,1,1,1,8,0.34599207307946156,0.4444444444444444,0.7784821644287886,0.3469438462812655,0.3469438462812655,0.5648404353440325,4,4,6,3.113929436197319,0,1,4,1,2,1,1,0
fold3_0000024,sa_0004970,24,Breast,10,0,"[10,25)",AVAILABLE,1,1,1,8,0.4861584341637511,0.5555555555555556,0.8750851814947519,0.5898331393092744,0.5704437072361601,0.8315014687922897,5,3,5,4.375426782558941,2,0,2,1,2,0,0,1
fold3_0000025,sa_0004971,25,Breast,7,0,"[1,10)",AVAILABLE,1,1,1,6,0.7867818641672949,0.9230769230769231,0.8523470195145694,0.8359225367099383,0.8359225367099383,0.910629419265098,6,0,1,5.114082969434436,0,0,1,0,0,0,0,0
fold3_0000026,sa_0004972,26,Breast,8,0,"[1,10)",AVAILABLE,1,1,1,6,0.6926589544520537,0.8571428571428571,0.808102113527396,0.6981453847793647,0.6981453847793647,0.8222445392919909,6,0,2,4.84861348926649,0,0,2,0,0,0,0,0
fold3_0000027,sa_0004973,27,Breast,11,0,"[10,25)",AVAILABLE,1,1,1,9,0.7319912672775489,0.9,0.8133236303083877,0.6993594306049822,0.6993594306049822,0.8230859440442285,9,0,2,7.319913486099119,0,0,2,0,0,0,0,0
fold3_0000028,sa_0004974,28,Breast,13,0,"[10,25)",AVAILABLE,1,1,1,7,0.3436143104276206,0.4,0.8590357760690513,0.4297480145112266,0.41737515181824675,0.883713896869802,4,3,9,3.4361439633119817,7,0,2,0,0,0,0,3
fold3_0000029,sa_0004975,29,Breast,10,0,"[10,25)",AVAILABLE,1,1,1,6,0.5885645349606766,0.75,0.7847527132809021,0.6385087305332704,0.6385087305332704,0.7793778801843319,6,0,4,4.7085170644381265,0,0,4,0,0,0,0,0
fold3_0000030,sa_0004976,30,Breast,8,0,"[1,10)",AVAILABLE,1,1,1,5,0.48225290330291365,0.6153846153846154,0.7836609678672346,0.5828277256848685,0.631971892841458,0.8530678148546824,4,1,4,3.1346446551299065,1,0,2,1,0,0,0,1
fold3_0000031,sa_0004977,31,Breast,13,0,"[10,25)",AVAILABLE,1,1,1,9,0.6630147074831807,0.8181818181818182,0.8103513091461096,0.6107102593010146,0.6322391246330398,0.8857096141268803,9,0,4,7.293162592666295,1,0,3,0,0,0,0,0
fold3_0000032,sa_0004978,32,Breast,12,0,"[10,25)",AVAILABLE,1,1,1,9,0.512363210503137,0.6666666666666666,0.7685448157547057,0.47848134182811075,0.49946654473403446,0.8339093311648709,7,2,5,5.379814478827756,0,3,2,0,0,2,0,0
fold3_0000033,sa_0004979,33,Breast,7,0,"[1,10)",AVAILABLE,1,1,1,6,0.6218154163818782,0.7692307692307693,0.8083600412964417,0.5242269530873711,0.5499063085571518,0.8772467155637946,5,1,2,4.04180101484225,1,0,1,0,0,0,1,0
fold3_0000034,sa_0004980,34,Breast,13,0,"[10,25)",AVAILABLE,1,1,1,8,0.32911013141036655,0.47619047619047616,0.6911312759617698,0.4389934063275059,0.45364735635817593,0.8129179579187734,5,3,8,3.4556570709401253,2,0,4,2,2,0,0,1
fold3_0000035,sa_0004981,35,Breast,6,0,"[1,10)",AVAILABLE,1,1,1,8,0.4536159511698341,0.5714285714285714,0.7938279145472097,0.55,0.55,0.752806986276956,4,4,2,3.1753124520167533,0,0,1,1,2,0,2,0
fold3_0000036,sa_0004982,36,Breast,27,0,"[25,50)",AVAILABLE,1,1,1,18,0.5013152770590807,0.6222222222222222,0.8056852667020941,0.5396283274736313,0.5619120752543675,0.8837266470009832,14,4,13,11.279594539514584,7,3,3,0,0,1,0,3
fold3_0000037,sa_0004983,37,Breast,24,0,"[10,25)",AVAILABLE,1,1,1,19,0.6517909386650811,0.8372093023255814,0.7785280656277357,0.6653889304412864,0.6717928365909316,0.8447477744807121,18,1,6,14.01350595982731,1,0,5,0,0,0,1,0
fold3_0000038,sa_0004984,38,Breast,22,0,"[10,25)",AVAILABLE,1,1,1,19,0.6557751008892297,0.8292682926829268,0.7907876216605418,0.6838762362762,0.6838762362762,0.8186226964112512,17,2,5,13.443390359016833,0,0,5,0,1,0,1,0
fold3_0000039,sa_0004985,39,Breast,24,0,"[10,25)",AVAILABLE,1,1,1,15,0.4400185084797773,0.6153846153846154,0.7150300762796381,0.5248498999332889,0.514015780730897,0.8631968730713845,12,3,12,8.580361630385733,8,0,4,0,0,0,0,3
fold3_0000040,sa_0004986,40,Breast,6,0,"[1,10)",AVAILABLE,1,1,1,4,0.6659022821463658,0.8,0.8323778526829573,0.7677514792899408,0.7677514792899408,0.8686192468619247,4,0,2,3.329512243109682,0,0,2,0,0,0,0,0
fold3_0000041,sa_0004987,41,Breast,2,0,"[1,10)",AVAILABLE,1,1,1,1,0.5249495748508244,0.6666666666666666,0.7874243622762367,0.7623188405797101,0.7623188405797101,0.8651315789473685,1,0,1,0.7874251497005988,0,0,1,0,0,0,0,0
fold3_0000042,sa_0004988,42,Breast,17,0,"[10,25)",AVAILABLE,1,1,1,13,0.5064314648569683,0.6666666666666666,0.7596471972854526,0.4722590714007023,0.5347902783222266,0.8327692995338739,10,3,7,7.596472732501723,4,0,2,1,2,0,0,1
fold3_0000043,sa_0004989,43,Breast,18,0,"[10,25)",AVAILABLE,1,1,1,17,0.6299256372486165,0.7428571428571429,0.8479768193731376,0.6291526891029109,0.6291526891029109,0.8007306542676852,13,4,5,11.023699499827607,0,2,3,0,1,2,1,0
fold3_0000044,sa_0004990,44,Breast,18,0,"[10,25)",AVAILABLE,1,1,1,8,0.4986508582747811,0.6153846153846154,0.8103076446965193,0.3823948220064725,0.39549235309900727,0.5679676985195155,8,0,10,6.482461967879798,1,0,9,0,0,0,0,0
fold3_0000045,sa_0004991,45,Breast,13,0,"[10,25)",AVAILABLE,1,1,1,8,0.5925820282845926,0.7619047619047619,0.7777639121235278,0.6019925280199253,0.639386189258312,0.8379268504073496,8,0,5,6.222112074752134,1,0,4,0,0,0,0,0
fold3_0000046,sa_0004992,46,Breast,26,0,"[25,50)",AVAILABLE,1,1,1,27,0.7315838659078839,0.9056603773584906,0.8077905186066218,0.6982094856257688,0.6982094856257688,0.8247035467081612,24,3,2,19.386973254349442,0,0,2,0,0,0,3,0
fold3_0000047,sa_0004993,47,Breast,21,0,"[10,25)",AVAILABLE,1,1,1,13,0.5645060044751602,0.7058823529411765,0.7997168396731436,0.6723249200142197,0.6723249200142197,0.8482754955625232,12,1,9,9.596602875794561,0,0,9,0,0,1,0,0
fold3_0000048,sa_0004994,48,Breast,6,0,"[1,10)",AVAILABLE,1,1,1,3,0.3691911817222122,0.4444444444444444,0.8306801588749775,0.4181981174361273,0.4181981174361273,0.5897597977243995,2,1,4,1.6613611484301138,0,0,4,0,0,0,1,0
fold3_0000049,sa_0004995,49,Breast,9,0,"[1,10)",AVAILABLE,1,1,1,5,0.6370836431628025,0.7142857142857143,0.8919171004279235,0.6061788617886179,0.6061788617886179,0.754808665721806,5,0,4,4.459586394056718,0,0,4,0,0,0,0,0
fold3_0000050,sa_0004996,50,Breast,20,0,"[10,25)",AVAILABLE,1,1,1,13,0.5063457905276953,0.6666666666666666,0.759518685791543,0.5273823884197829,0.5096833289714734,0.7579093351824564,11,2,9,8.354706303225658,4,0,5,0,0,0,0,2
fold3_0000051,sa_0004997,51,Breast,45,0,"[25,50)",AVAILABLE,1,1,1,26,0.38398901950257,0.5070422535211268,0.7573116773522908,0.33755891025479473,0.42495406265405816,0.8442836924044661,18,8,27,13.631610949652911,18,7,2,0,0,3,1,4
fold3_0000052,sa_0004998,52,Breast,31,0,"[25,50)",AVAILABLE,1,1,1,21,0.4504564388542041,0.6153846153846154,0.7319917131380816,0.4545362494937222,0.49917954327909203,0.824827837825512,16,5,15,11.71186814220102,9,3,3,0,0,1,1,3
fold3_0000053,sa_0004999,53,Breast,14,0,"[10,25)",AVAILABLE,1,1,1,6,0.31634785721860303,0.4,0.7908696430465075,0.39829807351376906,0.42321899736147756,0.8330243480410332,4,2,10,3.1634793630556732,5,0,5,0,0,0,0,2
fold3_0000054,sa_0005000,54,Breast,19,0,"[10,25)",AVAILABLE,1,1,1,14,0.4841071043199623,0.6060606060606061,0.7987767221279377,0.5766251849273344,0.5632818248712288,0.7914803483172511,10,4,9,7.987768020056099,2,2,4,1,0,2,0,2
fold3_0000055,sa_0005001,55,Breast,40,0,"[25,50)",AVAILABLE,1,1,1,20,0.28468491186972744,0.36666666666666664,0.7764133960083476,0.2869070667957406,0.3357153953705142,0.8317632007443592,11,9,29,8.540548132505219,17,6,6,0,0,3,0,6
fold3_0000056,sa_0005002,56,Breast,21,0,"[10,25)",AVAILABLE,1,1,1,13,0.4793038361834547,0.6470588235294118,0.7407422922835208,0.5015565782349757,0.5217279945359856,0.8368491921005387,11,2,10,8.148165955861021,7,0,3,0,0,0,0,2
fold3_0000057,sa_0005003,57,Breast,22,0,"[10,25)",AVAILABLE,1,1,1,12,0.4104500749190707,0.5294117647058824,0.7752945859582446,0.3924473965349064,0.4413201124759509,0.8704179073826882,9,3,13,6.977652048918787,0,10,3,0,0,3,0,0
fold3_0000058,sa_0005004,58,Breast,13,0,"[10,25)",AVAILABLE,1,1,1,10,0.5725821116692678,0.6956521739130435,0.8230867855245725,0.5915492957746479,0.6664752058204098,0.8010110294117647,8,2,5,6.584695107283364,1,0,4,0,0,0,2,0
fold3_0000059,sa_0005005,59,Breast,17,0,"[10,25)",AVAILABLE,1,1,1,15,0.6875567073616101,0.875,0.7857790941275544,0.6903331043956044,0.6903331043956044,0.8216770785717914,14,1,3,11.000908103564855,0,0,3,0,0,0,1,0
fold3_0000060,sa_0005006,60,Breast,27,0,"[25,50)",AVAILABLE,1,1,1,17,0.4990456619694644,0.6818181818181818,0.7319336375552146,0.46568481307018067,0.5423919146546884,0.8193873836392949,15,2,12,10.979005295261855,7,0,5,0,0,0,0,2
fold3_0000061,sa_0005007,61,Breast,38,0,"[25,50)",AVAILABLE,1,1,1,25,0.47228518740709974,0.6031746031746031,0.782999126490718,0.4121889392695205,0.517932431692493,0.8414977274366929,19,6,19,14.876984186322769,11,1,6,1,1,0,0,5
fold3_0000062,sa_0005008,62,Breast,40,0,"[25,50)",AVAILABLE,1,1,1,27,0.5537848311684689,0.7164179104477612,0.7729913268393211,0.5102879017465508,0.5732044920344738,0.8559381121551181,24,3,16,18.551792617135035,6,5,5,0,0,2,0,1
fold3_0000063,sa_0005009,63,Breast,29,0,"[25,50)",AVAILABLE,1,1,1,15,0.3757957508891928,0.5,0.7515915017783856,0.3038008361839605,0.3775230680507497,0.8398137003506201,11,4,18,8.267507271153743,3,11,4,0,0,3,0,1
fold3_0000064,sa_0005010,64,Breast,40,0,"[25,50)",AVAILABLE,1,1,1,25,0.4645956152629788,0.6153846153846154,0.7549678748023405,0.5132897398504023,0.5258785593266656,0.7906443640531537,20,5,20,15.099358251014687,4,5,10,1,2,1,0,2
fold3_0000065,sa_0005011,65,Breast,7,0,"[1,10)",AVAILABLE,1,1,1,4,0.5681656164261588,0.7272727272727273,0.7812277225859683,0.6346035648432699,0.6346035648432699,0.776461740928746,4,0,3,3.1249116715715957,0,0,3,0,0,0,0,0
fold3_0000066,sa_0005012,66,Breast,8,0,"[1,10)",AVAILABLE,1,1,1,8,0.7320879664033461,0.875,0.8366719616038241,0.7353797300873247,0.7353797300873247,0.8475144861238182,7,1,1,5.85670456789873,0,0,1,0,0,0,1,0
fold3_0000067,sa_0005013,67,Breast,25,0,"[25,50)",AVAILABLE,1,1,1,19,0.5700964803427495,0.6818181818181818,0.8361415045026993,0.6415292446420852,0.6381156316916489,0.9061437908496732,15,4,10,12.542123403681993,5,2,3,0,0,1,1,2
fold3_0000068,sa_0005014,68,Breast,42,0,"[25,50)",AVAILABLE,1,1,1,30,0.583286583728491,0.75,0.7777154449713213,0.5653664251312536,0.5938468000210007,0.8592133869161341,27,3,15,20.99831779194112,11,0,4,0,0,0,0,3
fold3_0000069,sa_0005015,69,Breast,9,0,"[1,10)",AVAILABLE,1,1,1,7,0.7640186959835105,0.875,0.8731642239811548,0.8093695153233428,0.8093695153233428,0.8946425906581107,7,0,2,6.112150441032307,0,0,2,0,0,0,0,0
fold3_0000070,sa_0005016,70,Breast,3,0,"[1,10)",AVAILABLE,1,1,1,3,0.26368132835847263,0.3333333333333333,0.791043985075418,0.10016725515703401,0.10016725515703401,0.1820945945945946,1,2,2,0.7910447761194029,0,0,1,1,0,0,1,1
fold3_0000071,sa_0005017,71,Breast,9,0,"[1,10)",AVAILABLE,1,1,1,8,0.7739528043275434,0.9411764705882353,0.822324854598015,0.7572705117790415,0.7572705117790415,0.8618713017751479,8,0,1,6.578599659108973,0,0,1,0,0,0,0,0
fold3_0000072,sa_0005018,72,Breast,22,0,"[10,25)",AVAILABLE,1,1,1,15,0.5857365017633662,0.7567567567567568,0.7740089487587338,0.6004228329809725,0.6354563803543395,0.7857387727116901,14,1,8,10.836126056631223,0,1,7,0,0,0,1,0
fold3_0000073,sa_0005019,73,Breast,19,0,"[10,25)",AVAILABLE,1,1,1,15,0.3389761072172143,0.47058823529411764,0.7203242278365803,0.40147046941908376,0.3697411722849773,0.6453246753246753,8,7,11,5.76259454301687,3,0,5,3,0,0,3,4
fold3_0000074,sa_0005020,74,Breast,13,0,"[10,25)",AVAILABLE,1,1,1,9,0.6108250560998043,0.8181818181818182,0.7465639574553163,0.6813082849033654,0.6813082849033654,0.8104501607717042,9,0,4,6.719076363661804,0,0,4,0,0,0,0,0
fold3_0000075,sa_0005021,75,Breast,31,0,"[25,50)",AVAILABLE,1,1,1,23,0.44991607729991445,0.5925925925925926,0.7592333804436057,0.4689117108510469,0.49207660145563414,0.8172005811942157,16,7,15,12.147734846331073,12,0,3,0,1,0,2,4
fold3_0000076,sa_0005022,76,Breast,41,0,"[25,50)",AVAILABLE,1,1,1,23,0.4648725187918176,0.59375,0.7829431895441139,0.4760156382797892,0.5244742229666853,0.8584421926504701,19,4,22,14.875921384281355,13,0,9,0,0,0,0,4
fold3_0000077,sa_0005023,77,Breast,28,0,"[25,50)",AVAILABLE,1,1,1,16,0.39682284347404007,0.5454545454545454,0.7275085463690735,0.32437758918875437,0.3910773298083278,0.7733168622606548,12,4,16,8.730103283937428,8,3,5,0,0,1,1,2
fold3_0000078,sa_0005024,78,Breast,50,0,"[50,+inf)",AVAILABLE,1,1,1,33,0.5388935315796702,0.6746987951807228,0.7987171985912971,0.5827828241123039,0.6028212301509122,0.8348493042922465,28,5,22,22.364082359273517,7,4,11,0,0,2,0,3
fold3_0000079,sa_0005025,79,Breast,45,0,"[25,50)",AVAILABLE,1,1,1,29,0.5042911710247845,0.6756756756756757,0.746350933116681,0.44591335924423386,0.5173662816436592,0.8599013314943504,25,4,20,18.65877407426796,9,6,5,0,1,2,0,1
fold3_0000080,sa_0005026,80,Breast,14,0,"[10,25)",AVAILABLE,1,1,1,11,0.7384076336539022,0.88,0.8390995836976161,0.805480356553318,0.805480356553318,0.8922615564657694,11,0,3,9.23009625977336,0,0,3,0,0,0,0,0
fold3_0000081,sa_0005027,81,Breast,17,0,"[10,25)",AVAILABLE,1,1,1,11,0.5718339113842904,0.7142857142857143,0.8005674759380066,0.5786942066916602,0.5907962129442806,0.7981852773306015,10,1,7,8.00567555994754,2,0,5,0,0,0,0,1
fold3_0000082,sa_0005028,82,Breast,4,0,"[1,10)",AVAILABLE,1,1,1,5,0.6882351185734561,0.8888888888888888,0.7742645083951382,0.6775976418570376,0.6775976418570376,0.8095761036679112,4,1,0,3.097058807845061,0,0,0,0,1,0,0,0
fold3_0000083,sa_0005029,83,Breast,15,0,"[10,25)",AVAILABLE,1,1,1,9,0.5720881191866014,0.6666666666666666,0.8581321787799021,0.650700690232169,0.6417481311098332,0.8717338003502627,8,1,7,6.865058288371395,2,0,5,0,0,0,0,1
fold3_0000084,sa_0005030,84,Breast,17,0,"[10,25)",AVAILABLE,1,1,1,14,0.6864719852909178,0.8387096774193549,0.8184858286160942,0.7018128005919348,0.7344583454563088,0.8485797360769403,13,1,4,10.640316590495052,1,0,3,0,0,0,1,0
fold3_0000085,sa_0005031,85,Breast,18,0,"[10,25)",AVAILABLE,1,1,1,12,0.625425742352862,0.7333333333333333,0.85285328502663,0.7601365770379855,0.7722595078299777,0.8992678616510982,11,1,7,9.381386988146215,2,0,5,0,0,0,0,1
fold3_0000086,sa_0005032,86,Breast,8,0,"[1,10)",AVAILABLE,1,1,1,5,0.6481038691354364,0.7692307692307693,0.8425350298760673,0.8071446415188609,0.8071446415188609,0.8932817251866187,5,0,3,4.212675991915367,0,0,3,0,0,0,0,0
fold3_0000087,sa_0005033,87,Breast,14,0,"[10,25)",AVAILABLE,1,1,1,11,0.735721968612072,0.88,0.8360476916046272,0.7770109471680152,0.7770109471680152,0.8745145306013125,11,0,3,9.19652544369859,0,0,3,0,0,0,0,0
fold3_0000088,sa_0005034,88,Breast,14,0,"[10,25)",AVAILABLE,1,1,1,11,0.6954371734224122,0.88,0.7902695152527411,0.6821987221855034,0.6821987221855034,0.8110798245039618,11,0,3,8.692965458049667,0,0,3,0,0,0,0,0
fold3_0000089,sa_0005035,89,Breast,19,0,"[10,25)",AVAILABLE,1,1,1,16,0.7268950019987731,0.8571428571428571,0.8480441689985687,0.803219633006867,0.803219633006867,0.8927456611312273,15,1,4,12.7206633830227,0,0,3,1,0,0,0,1
fold3_0000090,sa_0005036,90,Breast,24,0,"[10,25)",AVAILABLE,1,1,1,19,0.5417692847410772,0.6976744186046512,0.7765359747955439,0.6476980688743667,0.6476980688743667,0.8095365418894831,15,4,9,11.648040398469133,0,0,7,2,3,0,0,1
fold3_0000091,sa_0005037,91,Breast,17,0,"[10,25)",AVAILABLE,1,1,1,16,0.6262185650467587,0.7878787878787878,0.794815871020886,0.7209685729005667,0.7209685729005667,0.8499580888516345,13,3,4,10.332607118087388,0,0,3,1,1,0,1,1
fold3_0000092,sa_0005038,92,Breast,32,0,"[25,50)",AVAILABLE,1,1,1,28,0.5771236372380708,0.7333333333333333,0.7869867780519147,0.5941323398670675,0.6106319144946559,0.8262413411723616,22,6,10,17.313709904128903,4,0,5,1,3,0,2,1
fold3_0000093,sa_0005039,93,Breast,24,0,"[10,25)",AVAILABLE,1,1,1,20,0.657222612210934,0.8181818181818182,0.8032720815911416,0.6508295625942685,0.6573698298937916,0.8093154110659581,18,2,6,14.45889827191263,2,0,4,0,0,0,1,1
fold3_0000094,sa_0005040,94,Breast,21,0,"[10,25)",AVAILABLE,1,1,1,18,0.6664178408963789,0.8205128205128205,0.8121967435924619,0.7145759268664297,0.7145759268664297,0.8335308056872038,16,2,5,12.995148709676133,0,0,5,0,0,0,2,0
fold3_0000095,sa_0005041,95,Breast,30,0,"[25,50)",AVAILABLE,1,1,1,14,0.3599526340252128,0.45454545454545453,0.7918957948554682,0.4450711382113821,0.4915616174140663,0.8090333902923382,10,4,20,7.918958740450477,11,0,9,0,0,0,0,4
fold3_0000096,sa_0005042,96,Breast,34,0,"[25,50)",AVAILABLE,1,1,1,28,0.5641313158107112,0.7419354838709677,0.7603509039187846,0.5854793155009138,0.5884589019754471,0.8347587289132994,23,5,11,17.48807155048295,3,4,4,0,0,2,2,1
fold3_0000097,sa_0005043,97,Breast,38,0,"[25,50)",AVAILABLE,1,1,1,30,0.5942424727693467,0.7352941176470589,0.8081697629663115,0.569448986265533,0.6430727594462371,0.8862210959771936,25,5,13,20.20424488232755,6,4,2,1,0,2,0,3
fold3_0000098,sa_0005044,98,Breast,33,0,"[25,50)",AVAILABLE,1,1,1,21,0.5419812708232831,0.6666666666666666,0.8129719062349247,0.5378344951652799,0.5920317033472507,0.861714895319376,18,3,15,14.63349512520055,3,5,7,0,0,2,0,1
fold3_0000099,sa_0005045,99,Breast,54,0,"[50,+inf)",AVAILABLE,1,1,1,33,0.5284820541291317,0.6666666666666666,0.7927230811936977,0.52468671679198,0.5713547587062106,0.8282914638958306,29,4,25,22.988970147340314,13,1,11,0,0,0,0,4
fold3_0000100,sa_0005046,100,Breast,20,0,"[10,25)",AVAILABLE,1,1,1,16,0.6361759350613113,0.7777777777777778,0.8179404879359716,0.6006787330316742,0.6365752168700191,0.778021978021978,14,2,6,11.45116764904409,1,0,5,0,0,0,2,0
fold3_0000101,sa_0005047,101,Breast,49,0,"[25,50)",AVAILABLE,1,1,1,32,0.4798734917567771,0.5925925925925926,0.8097865173395614,0.5378763576371386,0.5657566172798402,0.8340509985292294,24,8,25,19.434877225935992,4,6,14,1,0,3,3,2
fold3_0000102,sa_0005048,102,Breast,14,0,"[10,25)",AVAILABLE,1,1,1,14,0.5366046906098941,0.6428571428571429,0.8347184076153907,0.6303479274180123,0.6249232119350593,0.8271764960034564,9,5,5,7.512466503256923,2,0,1,2,2,0,1,2
fold3_0000103,sa_0005049,103,Breast,72,0,"[50,+inf)",AVAILABLE,1,1,1,68,0.6477687284796297,0.7857142857142857,0.8244329271558924,0.6522315627569015,0.6523781733294427,0.8711038903703181,55,13,17,45.34381181800701,15,0,2,0,0,0,6,7
fold3_0000104,sa_0005050,104,Breast,29,0,"[25,50)",AVAILABLE,1,1,1,30,0.5977347964831238,0.7457627118644068,0.8015080225569159,0.6018904507998061,0.6216079895087259,0.8013685847589425,22,8,7,17.633177297760174,1,0,5,1,3,0,5,0
fold3_0000105,sa_0005051,105,Breast,18,0,"[10,25)",AVAILABLE,1,1,1,14,0.7284743664569359,0.875,0.832542133093641,0.7618881525404023,0.7618881525404023,0.8648541639171176,14,0,4,11.655590695853107,0,0,4,0,0,0,0,0
fold3_0000106,sa_0005052,106,Breast,35,0,"[25,50)",AVAILABLE,1,1,1,23,0.5530254361669981,0.6896551724137931,0.8018868824421471,0.6118870901759103,0.613897923442582,0.8115335426113243,20,3,15,16.037738450729826,3,0,11,1,0,0,1,2
fold3_0000107,sa_0005053,107,Breast,32,0,"[25,50)",AVAILABLE,1,1,1,20,0.5023048321779555,0.6153846153846154,0.8162453522891777,0.543335192414947,0.5630311614730878,0.8111381142645302,16,4,16,13.059926452872197,3,4,9,0,0,3,0,1
fold3_0000108,sa_0005054,108,Breast,39,0,"[25,50)",AVAILABLE,1,1,1,29,0.6253589551636831,0.7647058823529411,0.8177770952140472,0.6076003188944991,0.6283477774671512,0.7873502043058751,26,3,13,21.262205293342323,1,2,10,0,1,1,1,0
fold3_0000109,sa_0005055,109,Breast,46,0,"[25,50)",AVAILABLE,1,1,1,33,0.5635406051887676,0.7341772151898734,0.7675811691364248,0.5683683519369666,0.5871813816032508,0.816769463516816,29,4,17,22.25985467253749,5,2,9,1,1,1,0,2
fold3_0000110,sa_0005056,110,Breast,46,0,"[25,50)",AVAILABLE,1,1,1,32,0.5067100523132478,0.6666666666666666,0.7600650784698718,0.4967685398181619,0.5661351487184173,0.8052395122235836,26,6,20,19.761692800281747,7,3,9,1,0,3,1,2
fold3_0000111,sa_0005057,111,Breast,21,0,"[10,25)",AVAILABLE,1,1,1,19,0.7128746193532386,0.85,0.838676022768516,0.7620584239130435,0.7620584239130435,0.8649638554216867,17,2,4,14.257493225740797,0,0,3,1,0,0,1,1
fold3_0000112,sa_0005058,112,Breast,18,0,"[10,25)",AVAILABLE,1,1,1,16,0.6799956152859201,0.8235294117647058,0.8257089614186174,0.6613084877649227,0.6682536247565461,0.8378518614606304,14,2,4,11.559926285569604,2,0,2,0,0,0,1,1
fold3_0000113,sa_0005059,113,Breast,23,0,"[10,25)",AVAILABLE,1,1,1,17,0.6929985668069946,0.85,0.8152924315376406,0.6870673221631384,0.7068965517241379,0.8291296195487812,17,0,6,13.859972151432324,0,1,5,0,0,0,0,0
fold3_0000114,sa_0005060,114,Breast,30,0,"[25,50)",AVAILABLE,1,1,1,21,0.6617017602919492,0.7843137254901961,0.8436697443722352,0.6001806801316384,0.6574902500573526,0.8593310265282583,20,1,10,16.87339573111445,4,0,6,0,0,0,0,1
fold3_0000115,sa_0005061,115,Breast,23,0,"[10,25)",AVAILABLE,1,1,1,14,0.5122845141875633,0.5945945945945946,0.8615694102245381,0.5654180238870793,0.5842919891236144,0.8275133672189583,11,3,12,9.47726437403933,2,3,6,1,0,1,0,2
fold3_0000116,sa_0005062,116,Breast,32,0,"[25,50)",AVAILABLE,1,1,1,25,0.6599254670092097,0.7719298245614035,0.8549034458982945,0.6134057770139159,0.6569451629591309,0.8635991101744527,22,3,10,18.807876664665926,6,0,3,1,0,0,0,3
fold3_0000117,sa_0005063,117,Breast,28,0,"[25,50)",AVAILABLE,1,1,1,15,0.51260700106994,0.6511627906976745,0.7872178945002649,0.3618810339458113,0.4606170286108239,0.8227034043306389,14,1,14,11.021051310221603,7,0,7,0,0,0,0,1
fold3_0000118,sa_0005064,118,Breast,46,0,"[25,50)",AVAILABLE,1,1,1,33,0.5056934046968646,0.6835443037974683,0.7398107216861539,0.4842509996924023,0.5217409055648553,0.8508263575874652,27,6,19,19.97489022533688,12,3,4,0,1,1,1,3
fold3_0000119,sa_0005065,119,Breast,45,0,"[25,50)",AVAILABLE,1,1,1,29,0.549305161083936,0.7027027027027027,0.7817034984656012,0.552668066394644,0.5753445028254188,0.8785123186809729,26,3,19,20.32429174180913,9,2,8,0,0,0,0,3
fold3_0000120,sa_0005066,120,Breast,54,0,"[50,+inf)",AVAILABLE,1,1,1,40,0.5164556945163864,0.6595744680851063,0.7830134723312956,0.5355552557009851,0.5612043824387168,0.8112788408138537,31,9,23,24.273418425283637,5,10,8,0,0,7,0,2
fold3_0000121,sa_0005067,121,Breast,36,0,"[25,50)",AVAILABLE,1,1,1,30,0.6829048747175628,0.8181818181818182,0.8346615135436878,0.7060015438054805,0.7150675122749591,0.8898696806131273,27,3,9,22.535861700341083,0,5,4,0,0,3,0,0
fold3_0000122,sa_0005068,122,Breast,15,0,"[10,25)",AVAILABLE,1,1,1,12,0.6405837510881909,0.8148148148148148,0.7861709672445979,0.645180107918915,0.6508235294117647,0.8407449638920562,11,1,4,8.647881425861543,1,0,3,0,0,0,1,0
fold3_0000123,sa_0005069,123,Breast,59,0,"[50,+inf)",AVAILABLE,1,1,1,36,0.45831188846372156,0.5894736842105263,0.777493382215242,0.48646316470715134,0.5177165354330708,0.8027944817828087,28,8,31,21.769815479520158,12,5,13,1,0,2,0,6
fold3_0000124,sa_0005070,124,Breast,36,0,"[25,50)",AVAILABLE,1,1,1,29,0.5902273515919403,0.7692307692307693,0.7672955570695223,0.5499877581000572,0.6229418221734357,0.8393027331140284,25,4,11,19.182389694033617,6,0,4,1,1,0,1,2
fold3_0000125,sa_0005071,125,Breast,42,0,"[25,50)",AVAILABLE,1,1,1,27,0.523965168140285,0.6376811594202898,0.8216726500381744,0.4835558001926517,0.5748737012677533,0.8569180486623895,22,5,20,18.076799122512487,4,7,8,1,0,3,0,2
fold3_0000126,sa_0005072,126,Breast,31,0,"[25,50)",AVAILABLE,1,1,1,20,0.4710342223655702,0.6274509803921569,0.7507107918951275,0.44468093815234744,0.46889184102734416,0.840486867392697,16,4,15,12.011373421032832,2,8,5,0,1,3,0,0
fold3_0000127,sa_0005073,127,Breast,37,0,"[25,50)",AVAILABLE,1,1,1,22,0.3929403831769038,0.5423728813559322,0.7244838314824164,0.4069028156221617,0.4380347353860341,0.8431365563432969,16,6,21,11.591742028202495,10,6,5,0,1,2,0,3
fold3_0000128,sa_0005074,128,Breast,16,0,"[10,25)",AVAILABLE,1,1,1,12,0.3490059434759418,0.5,0.6980118869518837,0.38387765681700364,0.40610295166120064,0.6236689990873137,7,5,9,4.886083906675073,2,0,7,0,1,0,3,1
fold3_0000129,sa_0005075,129,Breast,50,0,"[50,+inf)",AVAILABLE,1,1,1,27,0.39543414488612966,0.5454545454545454,0.7249625989579044,0.39705787331193865,0.4460652079794851,0.8576955850855577,21,6,29,15.224215303078592,8,15,6,0,0,4,0,2
fold3_0000130,sa_0005076,130,Breast,12,0,"[10,25)",AVAILABLE,1,1,1,7,0.5339081200437961,0.7368421052631579,0.724589591488009,0.497099839565593,0.5781272753749818,0.7479929869890191,7,0,5,5.072127865005655,0,1,4,0,0,0,0,0
fold3_0000131,sa_0005077,131,Breast,14,0,"[10,25)",AVAILABLE,1,1,1,10,0.6000640066191538,0.75,0.8000853421588718,0.6000310053484226,0.6206574523720583,0.8921286158810648,9,1,5,7.200768879515188,3,0,2,0,0,0,0,1
fold3_0000132,sa_0005078,132,Breast,29,0,"[25,50)",AVAILABLE,1,1,1,22,0.6358214033300095,0.7843137254901961,0.8106722892457621,0.6008253692441355,0.6325588796944621,0.9012574324982942,20,2,9,16.21344659558753,4,1,4,0,0,0,1,1
fold3_0000133,sa_0005079,133,Breast,47,0,"[25,50)",AVAILABLE,1,1,1,32,0.4572275914447297,0.5822784810126582,0.7852386896550793,0.5030891438658429,0.5421897243432121,0.8491587294927202,23,9,24,18.060490647305514,12,3,9,0,0,5,0,4
fold3_0000134,sa_0005080,134,Breast,27,0,"[25,50)",AVAILABLE,1,1,1,16,0.4947032147010594,0.6046511627906976,0.8181630089286752,0.40839977748933803,0.4825174825174825,0.777023452653853,13,3,14,10.636119934235786,1,6,7,0,0,2,1,0
fold3_0000135,sa_0005081,135,Breast,24,0,"[10,25)",AVAILABLE,1,1,1,19,0.687550767543049,0.8837209302325582,0.7780179737987133,0.6569496268656716,0.7043404972608512,0.8486796558203936,19,0,5,14.782342280193527,1,1,3,0,0,0,0,0
fold3_0000136,sa_0005082,136,Breast,25,0,"[25,50)",AVAILABLE,1,1,1,18,0.628457468913005,0.7441860465116279,0.8444897238518505,0.6289584005159626,0.695186747929364,0.9007605439041254,16,2,9,13.511836426119332,6,0,3,0,0,0,0,2
fold3_0000137,sa_0005083,137,Breast,36,0,"[25,50)",AVAILABLE,1,1,1,24,0.5713821546691252,0.7,0.8162602209558932,0.5952654867256637,0.605353189776615,0.8440516484894071,21,3,15,17.14146545633398,3,3,8,1,0,1,0,2
fold3_0000138,sa_0005084,138,Breast,18,0,"[10,25)",AVAILABLE,1,1,1,18,0.582275442151285,0.7222222222222222,0.8062275352863947,0.614182447566687,0.647482818349444,0.8183822282516534,13,5,5,10.480958764950666,1,0,3,1,0,0,4,1
fold3_0000139,sa_0005085,139,Breast,14,0,"[10,25)",AVAILABLE,1,1,1,16,0.5560667422492142,0.6666666666666666,0.8341001133738213,0.4923266648396821,0.509296621568162,0.7534074229398197,10,6,4,8.341001967838325,1,0,3,0,0,0,6,0
fold3_0000140,sa_0005086,140,Breast,18,0,"[10,25)",AVAILABLE,1,1,1,26,0.6568646931507265,0.8181818181818182,0.802834624961999,0.5940974605353466,0.5940974605353466,0.7453715663480582,18,8,0,14.451024052150608,0,0,0,0,0,0,8,0
fold3_0000141,sa_0005087,141,Breast,24,0,"[10,25)",AVAILABLE,1,1,1,26,0.6134354354779268,0.8,0.7667942943474084,0.5979954243381632,0.6190153950262223,0.7684430512016719,20,6,4,15.335886653742463,1,0,3,0,1,0,5,0
fold3_0000142,sa_0005088,142,Breast,31,0,"[25,50)",AVAILABLE,1,1,1,25,0.544036501627466,0.7142857142857143,0.7616511022784523,0.5766192733017378,0.580964153275649,0.7522324184189951,20,5,11,15.23302280722015,2,0,8,1,1,0,2,2
fold3_0000143,sa_0005089,143,Breast,6,0,"[1,10)",AVAILABLE,1,1,1,6,0.6723019958187659,0.8333333333333334,0.8067623949825191,0.7777349768875192,0.7777349768875192,0.8749729144095342,5,1,1,4.033812781674991,0,0,0,1,0,0,0,1
fold3_0000144,sa_0005090,144,Breast,17,0,"[10,25)",AVAILABLE,1,1,1,14,0.7018976820944275,0.8387096774193549,0.8368780055741251,0.7638488170802077,0.7638488170802077,0.866115972846978,13,1,4,10.87941490934163,0,0,4,0,0,0,1,0
fold3_0000145,sa_0005091,145,Breast,20,0,"[10,25)",AVAILABLE,1,1,1,17,0.7453043966265513,0.918918918918919,0.8110665492700705,0.7337954939341421,0.7816604708798017,0.883433022673529,17,0,3,13.788132148657748,1,0,2,0,0,0,0,0
fold3_0000146,sa_0005092,146,Breast,50,0,"[50,+inf)",AVAILABLE,1,1,1,36,0.6390839814453028,0.7906976744186046,0.8082532706514124,0.6939943200801871,0.6877586206896552,0.8494738992746961,34,2,16,27.48061201040129,2,1,13,0,0,1,0,1
fold3_0000147,sa_0005093,147,Breast,46,0,"[25,50)",AVAILABLE,1,1,1,38,0.7059209082279506,0.8571428571428571,0.823574392932609,0.654353293006185,0.7079308288610614,0.8991457765984685,36,2,10,29.648678969148317,5,1,4,0,0,0,1,1
fold3_0000148,sa_0005094,148,Breast,34,0,"[25,50)",AVAILABLE,1,1,1,28,0.6403274107527271,0.7741935483870968,0.8270895722222726,0.7027912692375212,0.7027912692375212,0.8409910993504931,24,4,10,19.850150560424115,0,2,7,1,0,2,1,1
fold3_0000149,sa_0005095,149,Breast,25,0,"[25,50)",AVAILABLE,1,1,1,21,0.731120982017617,0.8695652173913043,0.8407891293202596,0.8067953533059656,0.8075250687727393,0.9070646570769306,20,1,5,16.815783427194322,1,0,4,0,0,0,1,0
fold3_0000150,sa_0005096,150,Breast,45,0,"[25,50)",AVAILABLE,1,1,1,26,0.5075932008987684,0.6197183098591549,0.8190708469048309,0.5471859908832423,0.5771888157184497,0.8360313494643896,22,4,23,18.019559450977127,7,5,11,0,0,2,0,2
fold3_0000151,sa_0005097,151,Breast,3,0,"[1,10)",AVAILABLE,1,1,1,4,0.6491408338445016,0.8571428571428571,0.7573309728185853,0.6501172791243158,0.6501172791243158,0.7879649372186686,3,1,0,2.271993675786729,0,0,0,0,0,0,1,0
fold3_0000152,sa_0005098,152,Breast,7,0,"[1,10)",AVAILABLE,1,1,1,8,0.5067381013534731,0.6666666666666666,0.7601071520302096,0.5723584291603385,0.5723584291603385,0.7280253898164758,5,3,2,3.8005365202582,0,0,1,1,0,0,2,1
fold3_0000153,sa_0005099,153,Breast,6,0,"[1,10)",AVAILABLE,1,1,1,6,0.6094420653149819,0.8333333333333334,0.7313304783779783,0.5949943117178612,0.5949943117178612,0.746077032810271,5,1,1,3.65665312322037,0,0,1,0,0,0,1,0
fold3_0000154,sa_0005100,154,Breast,4,0,"[1,10)",AVAILABLE,1,1,1,5,0.7512568307730004,0.8888888888888888,0.8451639346196256,0.753620056191917,0.753620056191917,0.8595020951441952,4,1,0,3.380656583642437,0,0,0,0,0,0,1,0
fold3_0000155,sa_0005101,155,Breast,3,0,"[1,10)",AVAILABLE,1,1,1,2,0.7479559307744559,0.8,0.9349449134680698,0.9414979106396657,0.9414979106396657,0.9698675496688741,2,0,1,1.8698907618810532,0,0,1,0,0,0,0,0
fold3_0000156,sa_0005102,156,Breast,1,0,"[1,10)",AVAILABLE,1,1,1,3,0.41825053231980996,0.5,0.8365010646396199,0.19047619047619047,0.19047619047619047,0.32,1,2,0,0.8365019011406845,0,0,0,0,0,0,2,0
fold3_0000157,sa_0005103,157,Breast,30,0,"[25,50)",AVAILABLE,1,1,1,23,0.5661719685711097,0.7169811320754716,0.7896609035333899,0.6007100149476831,0.6262192742879438,0.7874280230326296,19,4,11,15.003557956795312,1,0,8,2,2,0,1,1
fold3_0000158,sa_0005104,158,Breast,4,0,"[1,10)",AVAILABLE,1,1,1,4,0.4201542960031452,0.5,0.8403085920062904,0.5661559888579387,0.5661559888579387,0.7229879946642952,2,2,2,1.6806180243211728,0,0,1,1,0,0,1,1
fold3_0000159,sa_0005105,159,Breast,5,0,"[1,10)",AVAILABLE,1,1,1,4,0.7246454865738459,0.8888888888888888,0.8152261723955766,0.7760713401040377,0.7760713401040377,0.8739191073919107,4,0,1,3.2609055048084787,0,0,1,0,0,0,0,0
fold3_0000160,sa_0005106,160,Breast,6,0,"[1,10)",AVAILABLE,1,1,1,6,0.776220263118772,1.0,0.776220263118772,0.7860340196956133,0.7860340196956133,0.8802005012531329,6,0,0,4.657322354932895,0,0,0,0,0,0,0,0
fold3_0000161,sa_0005107,161,Breast,4,0,"[1,10)",AVAILABLE,1,1,1,4,0.7908671176569229,1.0,0.7908671176569229,0.777717831130294,0.777717831130294,0.8749620637329287,4,0,0,3.163469261494809,0,0,0,0,0,0,0,0
fold3_0000162,sa_0005108,162,Breast,5,0,"[1,10)",AVAILABLE,1,1,1,3,0.42680271824375327,0.5,0.8536054364875065,0.41068917018284107,0.553687428353076,0.8617806197737334,2,1,3,1.7072117265804496,3,0,0,0,0,0,0,1
fold3_0000163,sa_0005109,163,Breast,39,0,"[25,50)",AVAILABLE,1,1,1,33,0.6039954196630504,0.7777777777777778,0.7765655395667791,0.5734095339358497,0.6220002059944382,0.8280416560833121,28,5,11,21.743835884435356,6,2,2,1,0,0,2,3
fold3_0000164,sa_0005110,164,Breast,26,0,"[25,50)",AVAILABLE,1,1,1,25,0.5301510028553675,0.6666666666666666,0.7952265042830513,0.5423640771095464,0.5805044308111793,0.817389804192185,17,8,9,13.518851368038378,3,5,1,0,0,3,4,1
fold3_0000165,sa_0005111,165,Breast,18,0,"[10,25)",AVAILABLE,1,1,1,18,0.5491910492202717,0.6666666666666666,0.8237865738304077,0.5924782486668537,0.6234436683874887,0.823045267489712,12,6,6,9.885439709751465,1,0,2,3,4,0,1,1
fold3_0000166,sa_0005112,166,Breast,60,0,"[50,+inf)",AVAILABLE,1,1,1,46,0.4946270749329138,0.6415094339622641,0.7710363226895421,0.4109623430962343,0.4998080122872136,0.8404591227171873,34,12,26,26.215235742480754,18,6,1,1,1,1,3,7
fold3_0000167,sa_0005113,167,Breast,49,0,"[25,50)",AVAILABLE,1,1,1,39,0.5930445103827533,0.75,0.7907260138436711,0.5863038548752835,0.6333075534931684,0.8181703390365553,33,6,16,26.09395924756716,2,3,11,0,0,1,5,0
fold3_0000168,sa_0005114,168,Breast,55,0,"[50,+inf)",AVAILABLE,1,1,1,36,0.5206729033764188,0.6813186813186813,0.7642134549557115,0.5441583005965371,0.5739904357066951,0.8453034011308971,31,5,24,23.690617867840512,9,3,11,1,0,1,0,4
fold3_0000169,sa_0005115,169,Breast,56,0,"[50,+inf)",AVAILABLE,1,1,1,39,0.5623821687655827,0.6736842105263158,0.8347860317614118,0.5139054985878222,0.5666701581648685,0.900225089701589,32,7,24,26.713153851151205,21,0,3,0,0,0,0,7
fold3_0000170,sa_0005116,170,Breast,40,0,"[25,50)",AVAILABLE,1,1,1,27,0.4770607815309566,0.6268656716417911,0.7610255324422402,0.5594535446647656,0.589770669885335,0.8113314985289931,21,6,19,15.981536942312578,5,1,11,2,2,0,2,2
fold3_0000171,sa_0005117,171,Breast,68,0,"[50,+inf)",AVAILABLE,1,1,1,49,0.5927790673390069,0.717948717948718,0.825656558079331,0.6100518169810681,0.6315809833275309,0.8549006591113851,42,7,26,34.67757626498846,11,2,12,1,0,1,1,5
fold3_0000172,sa_0005118,172,Breast,41,0,"[25,50)",AVAILABLE,1,1,1,30,0.6057887353817113,0.7605633802816901,0.7965000039278056,0.5928612499447122,0.6567091877926692,0.8762833008447044,27,3,14,21.505500902550757,7,3,4,0,0,0,1,2
fold3_0000173,sa_0005119,173,Breast,50,0,"[50,+inf)",AVAILABLE,1,1,1,36,0.5856164382221482,0.7441860465116279,0.7869220888610116,0.512975846165872,0.5874878311215863,0.8492399057547687,32,4,18,25.181507630474457,6,5,7,0,0,1,2,1
fold3_0000174,sa_0005120,174,Breast,34,0,"[25,50)",AVAILABLE,1,1,1,28,0.57850109083656,0.7419354838709677,0.77971886156232,0.5814513869431214,0.6197297297297297,0.8743534123143668,23,5,11,17.933534595652223,8,0,3,0,0,1,1,3
fold3_0000175,sa_0005121,175,Breast,65,0,"[50,+inf)",AVAILABLE,1,1,1,43,0.5144947573177172,0.6481481481481481,0.7937919112901923,0.5309164149043303,0.5666300980898297,0.8696476015900151,35,8,30,27.78271768894864,20,2,8,0,0,1,1,6
fold3_0000176,sa_0005122,176,Breast,44,0,"[25,50)",AVAILABLE,1,1,1,33,0.5525823154952754,0.7012987012987013,0.7879414498728926,0.514196182698699,0.5401875611299695,0.8094135225999253,27,6,17,21.274419934509552,8,0,8,1,0,0,2,4
fold3_0000177,sa_0005123,177,Breast,35,0,"[25,50)",AVAILABLE,1,1,1,26,0.5350423199430513,0.6557377049180327,0.8159395379131532,0.4365469849144065,0.5100580862121675,0.873547394420375,20,6,15,16.318791574202603,1,10,3,1,0,3,2,1
fold3_0000178,sa_0005124,178,Breast,11,0,"[10,25)",AVAILABLE,1,1,1,9,0.7059667071158412,0.9,0.7844074523509347,0.7111456914997082,0.7111456914997082,0.8311924519722633,9,0,2,7.059667855565864,0,0,2,0,0,0,0,0
fold3_0000179,sa_0005125,179,Breast,22,0,"[10,25)",AVAILABLE,1,1,1,18,0.7466633779053908,0.9,0.8296259754504343,0.8244813278008298,0.8244813278008298,0.9048214691835342,18,0,4,14.933268387733794,0,0,4,0,0,0,0,0
fold3_0000180,sa_0005126,180,Breast,22,0,"[10,25)",AVAILABLE,1,1,1,14,0.564292312978736,0.7222222222222222,0.7813278179705576,0.5713874910136593,0.5713874910136593,0.7272394546619086,13,1,9,10.157262414945066,0,0,8,1,0,0,0,1
fold3_0000181,sa_0005127,181,Breast,16,0,"[10,25)",AVAILABLE,1,1,1,8,0.34171705178830447,0.4166666666666667,0.8201209242919307,0.4097774890368686,0.39523645150155334,0.624195942602672,5,3,11,4.100605441580578,2,0,9,0,0,0,2,1
fold3_0000182,sa_0005128,182,Breast,42,0,"[25,50)",AVAILABLE,1,1,1,26,0.5958179302529906,0.7352941176470589,0.8103123851440671,0.6021774380356729,0.6338472872704309,0.8379927853645968,25,1,17,20.257810438914063,6,0,11,0,0,0,0,1
fold3_0000183,sa_0005129,183,Breast,34,0,"[25,50)",AVAILABLE,1,1,1,23,0.592673602164894,0.7719298245614035,0.7677817118954309,0.6224820397239048,0.6461841355370188,0.8507852579233941,22,1,12,16.891198429481193,2,2,8,0,0,1,0,0
fold3_0000184,sa_0005130,184,Breast,24,0,"[10,25)",AVAILABLE,1,1,1,17,0.5122884561146126,0.6829268292682927,0.7501366678821113,0.5456316986034426,0.5185243082695014,0.8766728433189211,14,3,10,10.501914100486225,3,3,3,1,0,1,0,2
fold3_0000185,sa_0005131,185,Breast,7,0,"[1,10)",AVAILABLE,1,1,1,5,0.6002395391451792,0.6666666666666666,0.9003593087177689,0.7529228371005456,0.7529228371005456,0.8590484659848822,4,1,3,3.6014381352303846,0,0,3,0,0,0,1,0
fold3_0000186,sa_0005132,186,Breast,22,0,"[10,25)",AVAILABLE,1,1,1,23,0.7218672929306181,0.8888888888888888,0.8121007045469454,0.7220194647201946,0.7284722656494278,0.8607091172214182,20,3,2,16.242014903039614,1,0,1,0,0,0,3,0
fold3_0000187,sa_0005133,187,Breast,8,0,"[1,10)",AVAILABLE,1,1,1,8,0.6265853181495411,0.875,0.7160975064566184,0.5893965031020869,0.6611148878314073,0.8561489666462042,7,1,1,5.0126832612938355,0,1,0,0,0,0,1,0
fold3_0000188,sa_0005134,188,Breast,8,0,"[1,10)",AVAILABLE,1,1,1,7,0.597602475116468,0.8,0.747003093895585,0.6148292141071925,0.6148292141071925,0.7614789337919174,6,1,2,4.482019310376604,0,0,2,0,0,0,1,0
fold3_0000189,sa_0005135,189,Breast,15,0,"[10,25)",AVAILABLE,1,1,1,12,0.6611171107930149,0.8148148148148148,0.8113709996096092,0.664047510278666,0.6958603491271821,0.8578318922416328,11,1,4,8.925081807076701,0,2,2,0,0,1,0,0
fold3_0000190,sa_0005136,190,Breast,10,0,"[10,25)",AVAILABLE,1,1,1,10,0.4269231276525412,0.6,0.7115385460875687,0.4682377049180328,0.4809801633605601,0.7201386700283643,6,4,4,4.269231988063958,1,0,2,1,0,0,3,1
fold3_0000191,sa_0005137,191,Breast,27,0,"[25,50)",AVAILABLE,1,1,1,24,0.7113768773228185,0.8627450980392157,0.8245504714423578,0.7442476074119324,0.7514128235540362,0.8841971079153886,22,2,5,18.140111196282344,2,0,3,0,1,0,0,1
fold3_0000192,sa_0005138,192,Breast,30,0,"[25,50)",AVAILABLE,1,1,1,24,0.5880768676331003,0.7407407407407407,0.7939037713046855,0.5812176485087504,0.6093289302983842,0.8642409585577663,20,4,10,15.878076219997482,6,0,3,1,0,0,1,3
fold3_0000193,sa_0005139,193,Breast,42,0,"[25,50)",AVAILABLE,1,1,1,30,0.5530582844265594,0.7222222222222222,0.7657730092060053,0.6094117647058823,0.6186255993026296,0.8059120964605212,26,4,16,19.910099005129148,5,0,9,2,0,0,0,4
fold3_0000194,sa_0005140,194,Breast,57,0,"[50,+inf)",AVAILABLE,1,1,1,41,0.5869822821049193,0.7551020408163265,0.7773549141389473,0.5856591785795325,0.6231559434618058,0.8604330240304544,37,4,20,28.762132600495963,10,2,8,0,0,1,0,3
fold3_0000195,sa_0005141,195,Breast,7,0,"[1,10)",AVAILABLE,1,1,1,7,0.7006405257475308,0.8571428571428571,0.8174139467054526,0.614535666218035,0.614535666218035,0.7612537512504168,6,1,1,4.904484497646663,0,0,1,0,0,0,1,0
fold3_0000196,sa_0005142,196,Breast,33,0,"[25,50)",AVAILABLE,1,1,1,24,0.6243029321773084,0.7719298245614035,0.808756071229695,0.6324760637155983,0.6481936650744331,0.8295441755768148,22,2,11,17.79263437580936,2,1,8,0,1,0,0,1
fold3_0000197,sa_0005143,197,Breast,13,0,"[10,25)",AVAILABLE,1,1,1,11,0.69514503991962,0.8333333333333334,0.8341740479035439,0.7715177642336851,0.7715177642336851,0.872367206511706,10,1,3,8.341741313209486,0,0,2,1,0,0,0,1
fold3_0000198,sa_0005144,198,Breast,38,0,"[25,50)",AVAILABLE,1,1,1,20,0.464068223742628,0.6206896551724138,0.7476654715853451,0.41380304012679203,0.47691717055379595,0.7477255003899143,18,2,20,13.457979236201686,5,1,13,1,0,0,0,2
fold3_0000199,sa_0005145,199,Breast,14,0,"[10,25)",AVAILABLE,1,1,1,10,0.6832152133991415,0.8333333333333334,0.8198582560789698,0.7057291666666666,0.7401503369621566,0.8880613688835928,10,0,4,8.198583380647953,1,0,3,0,0,0,0,0
fold3_0000200,sa_0005146,200,Breast,23,0,"[10,25)",AVAILABLE,1,1,1,14,0.5732425494297937,0.7027027027027027,0.8157682434193217,0.6141500163773338,0.6236258785366733,0.8324546312225983,13,1,10,10.604987980219425,2,0,8,0,0,0,0,1
fold3_0000201,sa_0005147,201,Breast,8,0,"[1,10)",AVAILABLE,1,1,1,7,0.6452958339326438,0.8,0.8066197924158047,0.6939632545931759,0.6939632545931759,0.8193368453672142,6,1,2,4.839719561114621,0,0,2,0,0,0,1,0
fold3_0000202,sa_0005148,202,Breast,29,0,"[25,50)",AVAILABLE,1,1,1,21,0.39922335649066587,0.52,0.7677372240205113,0.4688202076628818,0.4750144425187753,0.7880152746499559,13,8,16,9.98058468000387,8,0,7,1,2,0,3,3
fold3_0000203,sa_0005149,203,Breast,19,0,"[10,25)",AVAILABLE,1,1,1,13,0.6082758694110408,0.75,0.8110344925480545,0.7062666344060005,0.7062666344060005,0.8477027793533749,12,1,7,9.732414721611146,0,1,6,0,0,1,0,0
fold3_0000204,sa_0005150,204,Breast,25,0,"[25,50)",AVAILABLE,1,1,1,18,0.6221963194629374,0.7441860465116279,0.8360763042783221,0.6568213783403657,0.6747858222744835,0.8441323971915747,16,2,9,13.37722170452946,2,1,6,0,0,0,1,1
fold3_0000205,sa_0005151,205,Breast,26,0,"[25,50)",AVAILABLE,1,1,1,21,0.7335049406954771,0.8936170212765957,0.8208269574449387,0.7883476750611826,0.7883476750611826,0.8831501346400036,21,0,5,17.237366927170672,0,0,5,0,0,0,0,0
fold3_0000206,sa_0005152,206,Breast,21,0,"[10,25)",AVAILABLE,1,1,1,15,0.6531086304314075,0.8333333333333334,0.783730356517689,0.6540423361387401,0.6763961082233774,0.8155509619971378,15,0,6,11.75595613149569,1,0,5,0,0,0,0,0
fold3_0000207,sa_0005153,207,Breast,33,0,"[25,50)",AVAILABLE,1,1,1,24,0.5313068268809791,0.6666666666666666,0.7969602403214687,0.515633365456687,0.5865754879830036,0.8227811022304055,19,5,14,15.142245363068147,8,1,5,0,0,2,1,2
fold3_0000208,sa_0005154,208,Breast,12,0,"[10,25)",AVAILABLE,1,1,1,6,0.5791362530069629,0.6666666666666666,0.8687043795104444,0.5894179894179894,0.6581450653983353,0.7988526353531732,6,0,6,5.212227145767046,1,0,5,0,0,0,0,0
fold3_0000209,sa_0005155,209,Breast,46,0,"[25,50)",AVAILABLE,1,1,1,39,0.7047625328287599,0.8470588235294118,0.8320113234783971,0.7012643472022956,0.7266542980828695,0.8696275071633238,36,3,10,29.952408477233618,1,1,7,1,2,0,1,0
fold3_0000210,sa_0005156,210,Breast,22,0,"[10,25)",AVAILABLE,1,1,1,16,0.6487699566487539,0.7894736842105263,0.821775278421755,0.6601016518424396,0.6923487070114636,0.8201008191556396,15,1,7,12.326629998101604,1,1,5,0,0,1,0,0
fold3_0000211,sa_0005157,211,Breast,38,0,"[25,50)",AVAILABLE,1,1,1,27,0.6389848591059751,0.7692307692307693,0.8306803168377677,0.6183726400868569,0.6354823716884669,0.8331438778824294,25,2,13,20.76700875162451,4,1,8,0,0,0,0,2
fold3_0000212,sa_0005158,212,Breast,28,0,"[25,50)",AVAILABLE,1,1,1,18,0.5712371712474915,0.6956521739130435,0.8211534336682691,0.6054210175516552,0.6344989912575656,0.8408763628882946,16,2,12,13.13845575984574,4,0,8,0,0,0,1,1
fold3_0000213,sa_0005159,213,Breast,17,0,"[10,25)",AVAILABLE,1,1,1,11,0.5681373882903789,0.7142857142857143,0.7953923436065304,0.5683233329559606,0.5583017251927077,0.7889447236180904,10,1,7,7.9539242314576475,1,0,6,0,0,0,1,0
fold3_0000214,sa_0005160,214,Breast,38,0,"[25,50)",AVAILABLE,1,1,1,29,0.6537311911394319,0.8059701492537313,0.8111109223396655,0.646174556876823,0.6450663623806377,0.8424357476635514,27,2,11,21.899995714281893,2,2,7,0,0,1,0,1
fold3_0000215,sa_0005161,215,Breast,6,0,"[1,10)",AVAILABLE,1,1,1,6,0.8468093535603123,1.0,0.8468093535603123,0.837646224742999,0.837646224742999,0.9116512345679012,6,0,0,5.0808569681712275,0,0,0,0,0,0,0,0
fold3_0000216,sa_0005162,216,Breast,49,0,"[25,50)",AVAILABLE,1,1,1,35,0.6274754088865643,0.7619047619047619,0.8235614741636157,0.6282879556991232,0.645069471246623,0.8008445995483738,32,3,17,26.353967996797174,1,1,15,0,0,0,3,0
fold3_0000217,sa_0005163,217,Breast,20,0,"[10,25)",AVAILABLE,1,1,1,13,0.6232590970115179,0.7878787878787878,0.7910596231300036,0.5478307254623044,0.594213649851632,0.8223093797779698,13,0,7,10.283775891749668,1,2,4,0,0,0,0,0
fold3_0000218,sa_0005164,218,Breast,45,0,"[25,50)",AVAILABLE,1,1,1,32,0.6075109771088245,0.7532467532467533,0.8065231937479221,0.5789589201448586,0.6084947574195841,0.874323279195669,29,3,16,23.389173425212938,10,0,6,0,0,0,0,3
fold3_0000219,sa_0005165,219,Breast,56,0,"[50,+inf)",AVAILABLE,1,1,1,45,0.729580788883854,0.8712871287128713,0.837359769059878,0.7165465828162092,0.7398921232113405,0.8824267889626195,44,1,12,36.8438306759944,4,0,8,0,0,0,0,1
fold3_0000220,sa_0005166,220,Breast,32,0,"[25,50)",AVAILABLE,1,1,1,24,0.6713010358006541,0.8571428571428571,0.7831845417674299,0.6630422660867625,0.6896421132361296,0.8884157047330867,24,0,8,18.79642978560286,4,0,4,0,0,0,0,0
fold3_0000221,sa_0005167,221,Breast,38,0,"[25,50)",AVAILABLE,1,1,1,29,0.6591983158622431,0.8059701492537313,0.8178942067179683,0.6267409470752089,0.6806603469400916,0.8898012431893177,27,2,11,22.08314439927935,5,2,4,0,0,0,0,2
fold3_0000222,sa_0005168,222,Breast,49,0,"[25,50)",AVAILABLE,1,1,1,32,0.5718945964667922,0.691358024691358,0.8272046841751817,0.5677139761646804,0.5941374863604801,0.8155315640459226,28,4,21,23.16173198410977,6,1,12,2,0,0,0,4
fold3_0000223,sa_0005169,223,Breast,44,0,"[25,50)",AVAILABLE,1,1,1,33,0.6572362180337838,0.8051948051948052,0.8162449804613122,0.656896551724138,0.6822766229461622,0.8411956766494033,31,2,13,25.30359521054566,3,0,9,1,1,0,0,1
fold3_0000224,sa_0005170,224,Breast,17,0,"[10,25)",AVAILABLE,1,1,1,13,0.7058224115214119,0.8666666666666667,0.8144104748323984,0.7396766002939997,0.7396766002939997,0.8503610385619911,13,0,4,10.587336987231653,0,0,4,0,0,0,0,0
fold3_0000225,sa_0005171,225,Breast,6,0,"[1,10)",AVAILABLE,1,1,1,4,0.5234143579083033,0.8,0.6542679473853791,0.4622892635314996,0.4305046518184381,0.8214426487977927,4,0,2,2.6170724438094637,1,0,1,0,0,0,0,0
fold3_0000226,sa_0005172,226,Breast,46,0,"[25,50)",AVAILABLE,1,1,1,33,0.6370377947249327,0.7848101265822784,0.811709448117253,0.6841917661735876,0.7317542561065877,0.8808343306548128,31,2,15,25.16299370334429,8,0,7,0,0,0,0,2
fold3_0000227,sa_0005173,227,Breast,39,0,"[25,50)",AVAILABLE,1,1,1,31,0.6251593217098135,0.8,0.7814491521372667,0.5823734894259819,0.635538923853263,0.8623032656174167,28,3,11,21.88057704129262,3,4,4,0,0,2,0,1
fold3_0000228,sa_0005174,228,Breast,46,0,"[25,50)",AVAILABLE,1,1,1,33,0.5788617068102522,0.7341772151898734,0.7884495661725848,0.5942160204516403,0.6091314676400719,0.8101685150511306,29,4,17,22.865038207454525,3,3,10,1,0,1,1,2
fold3_0000229,sa_0005175,229,Breast,9,0,"[1,10)",AVAILABLE,1,1,1,8,0.7750204865937583,0.9411764705882353,0.8234592670058682,0.7910597689603215,0.7910597689603215,0.8833426808749298,8,0,1,6.587674959506212,0,0,1,0,0,0,0,0
fold3_0000230,sa_0005176,230,Breast,8,0,"[1,10)",AVAILABLE,1,1,1,7,0.6588140814290545,0.8,0.823517601786318,0.7354618015963512,0.7354618015963512,0.8475689881734559,6,1,2,4.94110643423551,0,0,2,0,0,0,1,0
fold3_0000231,sa_0005177,231,Breast,35,0,"[25,50)",AVAILABLE,1,1,1,23,0.6039071805836209,0.7931034482758621,0.7614481842141306,0.5749023491225175,0.6193887610910286,0.8482487113925078,23,0,12,17.51330899837319,5,0,7,0,0,0,0,0
fold3_0000232,sa_0005178,232,Breast,47,0,"[25,50)",AVAILABLE,1,1,1,35,0.5886302598111013,0.7073170731707317,0.8322014018019018,0.6713420576360852,0.6982186517638841,0.894465012112071,29,6,18,24.133841484456557,3,5,9,1,1,3,0,2
fold3_0000233,sa_0005179,233,Breast,2,0,"[1,10)",AVAILABLE,1,1,1,1,0.5745194952885326,0.6666666666666666,0.8617792429327991,0.6007299270072993,0.6007299270072993,0.7505699954400364,1,0,1,0.8617801047120419,0,0,1,0,0,0,0,0
fold3_0000234,sa_0005180,234,Breast,17,0,"[10,25)",AVAILABLE,1,1,1,10,0.5375462384105578,0.6666666666666666,0.8063193576158368,0.5914085252846174,0.6029798422436459,0.8882151200357871,9,1,8,7.2568750248618885,3,0,5,0,0,0,0,1
fold3_0000235,sa_0005181,235,Breast,10,0,"[10,25)",AVAILABLE,1,1,1,7,0.5593198009186283,0.7058823529411765,0.7923697179680567,0.5871033085752869,0.6741643893210006,0.8734304369663486,6,1,4,4.754219100178058,3,0,1,0,0,0,0,1
fold3_0000236,NOT_FOUND,236,Breast,0,1,"[0,1)",NOT_EVALUATED,0,0,0,NOT_EVALUATED,NOT_EVALUATED,NOT_EVALUATED,NOT_EVALUATED,NOT_EVALUATED,NOT_EVALUATED,NOT_EVALUATED,NOT_EVALUATED,NOT_EVALUATED,NOT_EVALUATED,NOT_EVALUATED,NOT_EVALUATED,NOT_EVALUATED,NOT_EVALUATED,NOT_EVALUATED,NOT_EVALUATED,NOT_EVALUATED,NOT_EVALUATED,NOT_EVALUATED
fold3_0000237,sa_0005182,237,Breast,9,0,"[1,10)",AVAILABLE,1,1,1,7,0.7380359559277634,0.875,0.8434696639174438,0.7909710792381848,0.7909710792381848,0.8832873834843115,7,0,2,5.904288490891771,0,0,2,0,0,0,0,0
fold3_0000238,sa_0005183,238,Breast,14,0,"[10,25)",AVAILABLE,1,1,1,12,0.7295850177191965,0.9230769230769231,0.7903837691957961,0.746847806783875,0.7931914893617021,0.8874123292727943,12,0,2,9.484606020733322,1,0,1,0,0,0,0,0
fold3_0000239,sa_0005184,239,Breast,36,0,"[25,50)",AVAILABLE,1,1,1,27,0.6318502947877003,0.7936507936507936,0.7961313714325025,0.6178827937961903,0.6318250906114814,0.850970839005517,25,2,11,19.903285081943935,4,1,6,0,0,0,1,1
fold3_0000240,sa_0005185,240,Breast,43,0,"[25,50)",AVAILABLE,1,1,1,34,0.6359572421215705,0.8311688311688312,0.7651360569275144,0.5907380607814762,0.625211220006759,0.8488251195674776,32,2,11,24.484354586816515,6,0,5,0,0,0,1,1
fold3_0000241,sa_0005186,241,Breast,29,0,"[25,50)",AVAILABLE,1,1,1,29,0.6497241320427615,0.8275862068965517,0.7850833262183368,0.6146909203021428,0.627736632212908,0.8037,24,5,5,18.84200061432341,3,0,2,0,1,0,3,1
fold3_0000242,sa_0005187,242,Breast,37,0,"[25,50)",AVAILABLE,1,1,1,27,0.6469092939282054,0.8125,0.7961960540654835,0.6974060040804431,0.7011016796098971,0.8480022649255052,26,1,11,20.701098201898628,2,0,9,0,0,0,0,1
fold3_0000243,sa_0005188,243,Breast,33,0,"[25,50)",AVAILABLE,1,1,1,22,0.6393075150169745,0.8,0.7991343937712181,0.6204224386229598,0.656789755807028,0.8172014019951469,22,0,11,17.580957462101193,2,0,9,0,0,0,0,0
fold3_0000244,sa_0005189,244,Breast,5,0,"[1,10)",AVAILABLE,1,1,1,5,0.8869485374447578,1.0,0.8869485374447578,0.8955223880597015,0.8955223880597015,0.9448818897637795,5,0,0,4.434743574172327,0,0,0,0,0,0,0,0
fold3_0000245,sa_0005190,245,Breast,37,0,"[25,50)",AVAILABLE,1,1,1,29,0.5972045294630702,0.7272727272727273,0.8211562280117215,0.5443607855313204,0.6033572900437252,0.8812613629239546,24,5,13,19.707750293437545,6,7,0,0,0,3,1,1
fold3_0000246,sa_0005191,246,Breast,11,0,"[10,25)",AVAILABLE,1,1,1,12,0.5657344095905874,0.6956521739130435,0.8132432137864694,0.5406689819045878,0.5628090999010881,0.7488607594936709,8,4,3,6.505946523534968,1,0,2,0,0,0,4,0
fold3_0000247,sa_0005192,247,Breast,11,0,"[10,25)",AVAILABLE,1,1,1,8,0.5777394521686906,0.7368421052631579,0.7840749708003658,0.5014951627088831,0.5631768953068592,0.7762532264637957,7,1,4,5.488525579677532,2,0,2,0,0,0,0,1
fold3_0000248,sa_0005193,248,Breast,53,0,"[50,+inf)",AVAILABLE,1,1,1,39,0.5397489503918357,0.6739130434782609,0.8009177973556271,0.5540967994285909,0.6043306249202365,0.8658022432582929,31,8,22,24.82845251894224,12,3,6,1,0,1,2,5
fold3_0000249,sa_0005194,249,Breast,51,0,"[50,+inf)",AVAILABLE,1,1,1,36,0.5654231721796266,0.735632183908046,0.7686221246816799,0.44181069958847735,0.546016080610097,0.8440694611847686,32,4,19,24.59590875843588,11,3,5,0,0,0,1,3
fold3_0000250,sa_0005195,250,Breast,38,0,"[25,50)",AVAILABLE,1,1,1,32,0.5938044404389871,0.7714285714285715,0.7697464968653536,0.5979863643570635,0.6385388709457308,0.844752915047196,27,5,11,20.783156185111043,5,1,4,1,0,1,2,2
fold3_0000251,sa_0005196,251,Breast,36,0,"[25,50)",AVAILABLE,1,1,1,25,0.590779096712874,0.7540983606557377,0.7834244543366373,0.5567025158440561,0.614138861769942,0.8255594691713808,23,2,13,18.018763233167114,5,0,8,0,0,0,0,2
fold3_0000252,sa_0005197,252,Breast,52,0,"[50,+inf)",AVAILABLE,1,1,1,37,0.5679436015362991,0.7415730337078652,0.7658633414656154,0.5675827678002324,0.5838445807770961,0.8168710996341726,33,4,19,25.27349103422865,7,2,10,0,0,2,0,2
fold3_0000253,sa_0005198,253,Breast,44,0,"[25,50)",AVAILABLE,1,1,1,29,0.5179469878665837,0.7123287671232876,0.7271178868127041,0.556884599700965,0.5549445248432224,0.7641620649004157,26,3,18,18.905065784248194,3,0,14,1,0,0,1,2
fold3_0000254,sa_0005199,254,Breast,43,0,"[25,50)",AVAILABLE,1,1,1,31,0.5700946346068448,0.7297297297297297,0.7812407955723429,0.6133748055987558,0.6219241486799225,0.8145947992195918,27,4,16,21.093502261694056,4,0,12,0,0,0,2,2
fold3_0000255,sa_0005200,255,Breast,20,0,"[10,25)",AVAILABLE,1,1,1,18,0.6753748487773347,0.8421052631578947,0.802007632923085,0.7176139561057963,0.7176139561057963,0.8355939977720989,16,2,4,12.832122928776993,0,0,4,0,0,0,2,0
fold3_0000256,sa_0005201,256,Breast,25,0,"[25,50)",AVAILABLE,1,1,1,24,0.5464019258220604,0.7346938775510204,0.7437137323689155,0.5591103932409766,0.5770177656530707,0.776169781865744,18,6,7,13.38684792635421,3,1,3,0,0,1,4,1
fold3_0000257,sa_0005202,257,Breast,13,0,"[10,25)",AVAILABLE,1,1,1,10,0.6462665238600935,0.8695652173913043,0.7432065024391076,0.630129179331307,0.6633031301482701,0.8213445586232512,10,0,3,7.432065767597577,1,0,2,0,0,0,0,0
fold3_0000258,sa_0005203,258,Breast,27,0,"[25,50)",AVAILABLE,1,1,1,24,0.4711242637792645,0.6274509803921569,0.7508542953982028,0.5416666666666666,0.5434486339152443,0.7609637135769247,16,8,11,12.013669477225541,2,3,3,3,0,3,1,4
fold3_0000259,sa_0005204,259,Breast,30,0,"[25,50)",AVAILABLE,1,1,1,22,0.5289857575963501,0.7307692307692307,0.7238752472371108,0.5870425664884383,0.5959610849056604,0.7851667128475108,19,3,11,13.753630421380354,2,1,8,0,0,1,1,1
fold3_0000260,sa_0005205,260,Breast,29,0,"[25,50)",AVAILABLE,1,1,1,29,0.5494766187857852,0.6896551724137931,0.7967410972393886,0.5660076348925988,0.5958804228946409,0.75652008376166,20,9,9,15.934822741528869,3,0,5,1,0,0,7,2
fold3_0000261,sa_0005206,261,Breast,25,0,"[25,50)",AVAILABLE,1,1,1,16,0.48588896501210327,0.6341463414634146,0.7662095217498551,0.5449469570072585,0.5628507295173962,0.8028725314183124,13,3,12,9.960724548957637,5,1,6,0,0,1,0,2
fold3_0000262,sa_0005207,262,Breast,23,0,"[10,25)",AVAILABLE,1,1,1,21,0.6667976378915134,0.7727272727272727,0.8629145902125468,0.6373727745149288,0.6373727745149288,0.8211609607692163,17,4,6,14.669548896527887,0,0,5,1,2,0,2,0
fold3_0000263,sa_0005208,263,Breast,29,0,"[25,50)",AVAILABLE,1,1,1,22,0.5388362422942594,0.7058823529411765,0.7633513432502008,0.5000510603533377,0.5130807039797051,0.7722414335114743,18,4,11,13.74032494185496,7,0,4,0,0,0,1,3
fold3_0000264,sa_0005209,264,Breast,26,0,"[25,50)",AVAILABLE,1,1,1,26,0.406911052786609,0.5384615384615384,0.755691955175131,0.38067487162767955,0.43560943379966105,0.7805902951475738,14,12,12,10.579688128143788,7,3,0,2,1,2,4,5
fold3_0000265,sa_0005210,265,Breast,18,0,"[10,25)",AVAILABLE,1,1,1,22,0.5264574287907332,0.7,0.7520820411296189,0.5803913855836366,0.5803913855836366,0.7657270860556281,14,8,4,10.529149327896704,0,1,3,0,1,2,5,0
fold3_0000266,sa_0005211,266,Breast,33,0,"[25,50)",AVAILABLE,1,1,1,30,0.6472944817132599,0.7936507936507936,0.8155910469587074,0.6890817948404451,0.6995994659546061,0.8645059929554266,25,5,8,20.389776989558733,3,1,4,0,1,1,2,1
fold3_0000267,sa_0005212,267,Breast,38,0,"[25,50)",AVAILABLE,1,1,1,26,0.6382701394041232,0.78125,0.8169857784372777,0.6645374700581727,0.6645374700581727,0.7984650174741315,25,1,13,20.424645277917723,0,0,12,1,0,0,0,1
fold3_0000268,sa_0005213,268,Breast,32,0,"[25,50)",AVAILABLE,1,1,1,22,0.5813102873141784,0.7407407407407407,0.7847688878741409,0.6703302652950731,0.6976373469968687,0.8353063483014186,20,2,12,15.695378542251706,1,0,9,2,0,0,0,2
fold3_0000269,sa_0005214,269,Breast,25,0,"[25,50)",AVAILABLE,1,1,1,19,0.45469686228135014,0.5909090909090909,0.7694869977069002,0.4957641196013289,0.5410580753372004,0.8289873475125845,13,6,12,10.0033317396767,5,4,3,0,0,3,1,2
fold3_0000270,sa_0005215,270,Breast,34,0,"[25,50)",AVAILABLE,1,1,1,22,0.4828877800884463,0.6071428571428571,0.7953445789692057,0.48797920727745286,0.5382914572864321,0.8352802822422579,17,5,17,13.520858637821076,3,3,11,0,1,2,1,1
fold3_0000271,sa_0005216,271,Breast,19,0,"[10,25)",AVAILABLE,1,1,1,21,0.4547959645265921,0.6,0.7579932742109868,0.44773199362349647,0.45330407921706745,0.7694324705508433,12,9,7,9.095920048525116,3,1,3,0,0,1,7,1
fold3_0000272,sa_0005217,272,Breast,11,0,"[10,25)",AVAILABLE,1,1,1,8,0.45064720754428206,0.5263157894736842,0.856229694334136,0.5318725099601593,0.5318725099601593,0.694408322496749,5,3,6,4.2811493279003745,0,0,4,2,0,0,1,2
fold3_0000273,sa_0005218,273,Breast,22,0,"[10,25)",AVAILABLE,1,1,1,24,0.6753068535240752,0.8260869565217391,0.8174767174238804,0.6180675049636003,0.6526440580543181,0.8124252766123948,19,5,3,15.532058448530446,2,0,1,0,1,0,4,0
fold3_0000274,sa_0005219,274,Breast,37,0,"[25,50)",AVAILABLE,1,1,1,27,0.5849644674362814,0.75,0.7799526232483752,0.5882887487930937,0.5894500826056172,0.7887742222882174,24,3,13,18.71886373791363,3,0,10,0,2,0,0,1
fold3_0000275,sa_0005220,275,Breast,30,0,"[25,50)",AVAILABLE,1,1,1,17,0.5865988067454997,0.6808510638297872,0.8615669974074527,0.5989272463300532,0.6901001540832049,0.8462108262108262,16,1,14,13.785072820086242,4,0,10,0,0,0,0,1
fold3_0000276,sa_0005221,276,Breast,25,0,"[25,50)",AVAILABLE,1,1,1,19,0.6142978373161536,0.7727272727272727,0.7949736718209047,0.7083333333333334,0.7083333333333334,0.8422286626070533,17,2,8,13.514553215929054,0,0,8,0,2,0,0,0
fold3_0000277,sa_0005222,277,Breast,33,0,"[25,50)",AVAILABLE,1,1,1,24,0.6654459581830294,0.8070175438596491,0.8245743394876669,0.6468446601941747,0.702802696264761,0.8566581344127626,23,1,10,18.96521063279068,4,0,6,0,0,0,0,1
fold3_0000278,sa_0005223,278,Breast,24,0,"[10,25)",AVAILABLE,1,1,1,22,0.5923018470858895,0.7391304347826086,0.8013495578220858,0.565708339756436,0.6236508277789723,0.7870649928491975,17,5,7,13.622943284325018,2,0,4,1,1,0,3,1
fold3_0000279,sa_0005224,279,Breast,44,0,"[25,50)",AVAILABLE,1,1,1,35,0.6496320318235649,0.7848101265822784,0.8277569437751876,0.6663060626549471,0.6740191294163576,0.8624067164179104,31,4,13,25.66046608478776,5,0,8,0,0,0,2,2
fold3_0000280,sa_0005225,280,Breast,22,0,"[10,25)",AVAILABLE,1,1,1,20,0.5698940650411818,0.7142857142857143,0.7978516910576544,0.5787938577678648,0.5787491240364401,0.7487099816900626,15,5,7,11.967776163716506,1,0,6,0,0,0,5,0
fold3_0000281,sa_0005226,281,Breast,35,0,"[25,50)",AVAILABLE,1,1,1,27,0.6243382983264842,0.7741935483870968,0.8064369686717089,0.6144094242471524,0.6393828004787143,0.8261765089297354,24,3,11,19.354488054557983,1,1,6,3,0,0,0,3
fold3_0000282,sa_0005227,282,Breast,31,0,"[25,50)",AVAILABLE,1,1,1,24,0.633130557184537,0.8,0.7914131964806712,0.6828293672093995,0.6828293672093995,0.8115253756733768,22,2,9,17.411091113987965,0,0,8,1,0,0,1,1
fold3_0000283,sa_0005228,283,Breast,14,0,"[10,25)",AVAILABLE,1,1,1,11,0.7397335501508236,0.88,0.8406063069895723,0.771911914831559,0.771911914831559,0.8712757201646091,11,0,3,9.246670217491602,0,0,3,0,0,0,0,0
fold3_0000284,sa_0005229,284,Breast,27,0,"[25,50)",AVAILABLE,1,1,1,18,0.5474200152052922,0.6666666666666666,0.8211300228079383,0.519645225464191,0.5830236062280261,0.7958626816422362,15,3,12,12.316951163249097,5,0,7,0,0,0,1,2
fold3_0000285,sa_0005230,285,Breast,36,0,"[25,50)",AVAILABLE,1,1,1,39,0.7286691633279917,0.8533333333333334,0.8539091757749903,0.7320536083786967,0.7320536083786967,0.8817658843206088,32,7,4,27.325094478708863,0,0,3,1,4,0,3,0
fold3_0000286,sa_0005231,286,Breast,35,0,"[25,50)",AVAILABLE,1,1,1,24,0.6214548014376184,0.7796610169491526,0.7970833322786846,0.6176161446289679,0.6879221695735457,0.878184261609676,23,1,12,18.332917439493077,6,0,6,0,0,0,1,0
fold3_0000287,sa_0005232,287,Breast,24,0,"[10,25)",AVAILABLE,1,1,1,21,0.7273153903338627,0.8888888888888888,0.8182298141255956,0.7361583050169898,0.7361583050169898,0.8596592217361271,20,1,4,16.364597100741726,0,0,4,0,1,0,0,0
fold3_0000288,sa_0005233,288,Breast,7,0,"[1,10)",AVAILABLE,1,1,1,5,0.7131266406693815,0.8333333333333334,0.8557519688032578,0.7917047880451357,0.7917047880451357,0.8837446808510638,5,0,2,4.278760699768258,0,0,2,0,0,0,0,0
fold3_0000289,sa_0005234,289,Breast,37,0,"[25,50)",AVAILABLE,1,1,1,24,0.6065386342227899,0.7213114754098361,0.8408831065361405,0.6205928853754941,0.6460027686450943,0.8253042129885149,22,2,15,18.4994291846782,3,0,11,1,0,0,0,2
fold3_0000290,sa_0005235,290,Breast,11,0,"[10,25)",AVAILABLE,1,1,1,9,0.6324532585752227,0.8,0.7905665732190283,0.5633147962439603,0.5880406001765225,0.8585521745171599,8,1,3,6.324533376318799,1,0,2,0,0,0,1,0
fold3_0000291,sa_0005236,291,Breast,7,0,"[1,10)",AVAILABLE,1,1,1,7,0.6997841360169786,0.8571428571428571,0.8164148253531418,0.6793867120954004,0.6793867120954004,0.80908906471901,6,1,1,4.898489768533676,0,0,1,0,0,0,1,0
fold3_0000292,sa_0005237,292,Breast,16,0,"[10,25)",AVAILABLE,1,1,1,13,0.7087259959685732,0.896551724137931,0.7905020724264855,0.7434807581849512,0.7434807581849512,0.8528694735454965,13,0,3,10.276527732046384,0,0,3,0,0,0,0,0
fold3_0000293,sa_0005238,293,Breast,12,0,"[10,25)",AVAILABLE,1,1,1,11,0.737501113625376,0.9565217391304348,0.7710238915174384,0.7647058823529411,0.7647058823529411,0.8666666666666667,11,0,1,8.481263577715714,0,0,1,0,0,0,0,0
fold3_0000294,sa_0005239,294,Breast,12,0,"[10,25)",AVAILABLE,1,1,1,8,0.5728497110969522,0.7,0.8183567301385032,0.5332180429456694,0.5638850415512465,0.8192184213439611,7,1,5,5.728497929326252,2,0,3,0,0,0,0,1
fold3_0000295,sa_0005240,295,Breast,5,0,"[1,10)",AVAILABLE,1,1,1,4,0.554375281559718,0.6666666666666666,0.8315629223395771,0.5533854166666666,0.5533854166666666,0.7124895222129086,3,1,2,2.4946895985816537,0,0,2,0,0,0,1,0
fold3_0000296,sa_0005241,296,Breast,9,0,"[1,10)",AVAILABLE,1,1,1,6,0.5699053370898274,0.6666666666666666,0.8548580056347411,0.2520587182241318,0.30844660194174756,0.7313200267121763,5,1,4,4.2742908830317115,3,0,1,0,0,0,0,1
fold3_0000297,sa_0005242,297,Breast,15,0,"[10,25)",AVAILABLE,1,1,1,11,0.6128778054695718,0.7692307692307693,0.7967411471104433,0.6317288014947949,0.6404539927036887,0.8771929824561403,10,1,5,7.96741226784558,2,0,3,0,0,0,0,1
fold3_0000298,sa_0005243,298,Breast,17,0,"[10,25)",AVAILABLE,1,1,1,11,0.5969488370274849,0.7857142857142857,0.759753065307708,0.596825063078217,0.596825063078217,0.7537033379419317,11,0,6,8.357284478137853,0,0,6,0,0,0,0,0
fold3_0000299,sa_0005244,299,Breast,9,0,"[1,10)",AVAILABLE,1,1,1,5,0.5932222085808996,0.7142857142857143,0.8305110920132595,0.41222817522849037,0.41222817522849037,0.5837982593171167,5,0,4,4.152556290577389,0,0,4,0,0,0,0,0
fold3_0000300,sa_0005245,300,Breast,9,0,"[1,10)",AVAILABLE,1,1,1,6,0.6823635038889448,0.8,0.8529543798611811,0.6639895405304446,0.6639895405304446,0.798069368054776,6,0,3,5.117727132121466,0,0,3,0,0,0,0,0
fold3_0000301,sa_0005246,301,Breast,12,0,"[10,25)",AVAILABLE,1,1,1,7,0.47525582155364526,0.631578947368421,0.752488384126605,0.4228534538411879,0.5098323328503416,0.808198519330957,6,1,6,4.514931057248014,3,0,3,0,0,0,0,1
fold3_0000302,sa_0005247,302,Breast,16,0,"[10,25)",AVAILABLE,1,1,1,13,0.4602001387576957,0.5517241379310345,0.8341127514983235,0.43614303959131545,0.4527992119520604,0.8361020077598222,8,5,8,6.67290284609934,2,3,3,0,0,4,0,1
fold3_0000303,sa_0005248,303,Breast,10,0,"[10,25)",AVAILABLE,1,1,1,7,0.6881708239529148,0.8235294117647058,0.8356360005142538,0.6074294205052005,0.6750583527842614,0.8137752562954116,7,0,3,5.849452839235777,1,0,2,0,0,0,0,0
fold3_0000304,sa_0005249,304,Breast,6,0,"[1,10)",AVAILABLE,1,1,1,3,0.37260752344680514,0.4444444444444444,0.8383669277553116,0.3452862926547137,0.3868312757201646,0.8857566765578635,2,1,4,1.6767346938775511,3,0,1,0,0,0,0,1
fold3_0000305,sa_0005250,305,Breast,3,0,"[1,10)",AVAILABLE,1,1,1,5,0.5632298542262734,0.75,0.7509731389683645,0.579648697758934,0.579648697758934,0.7338957055214724,3,2,0,2.2529201678782327,0,0,0,0,0,0,2,0
fold3_0000306,sa_0005251,306,Breast,39,0,"[25,50)",AVAILABLE,1,1,1,29,0.5824113209363069,0.7647058823529411,0.7616148043013244,0.6138419041132176,0.6076182503139389,0.8478883507785242,26,3,13,19.80198567344924,3,2,6,2,0,1,0,2
fold3_0000307,sa_0005252,307,Breast,41,0,"[25,50)",AVAILABLE,1,1,1,32,0.5911408215683298,0.7397260273972602,0.7991348143423718,0.6204767551212332,0.650677544896141,0.8655834564254062,27,5,14,21.576640786378853,5,3,6,0,0,2,2,1
fold3_0000308,sa_0005253,308,Breast,18,0,"[10,25)",AVAILABLE,1,1,1,13,0.528338352950228,0.6451612903225806,0.8189244470728534,0.5252263906856404,0.5088379418970949,0.8006727367627443,10,3,8,8.18924528965298,4,0,3,1,0,0,0,3
fold3_0000309,sa_0005254,309,Breast,21,0,"[10,25)",AVAILABLE,1,1,1,14,0.6153673706671212,0.7428571428571429,0.8283791528211247,0.6825081737505838,0.6825081737505838,0.8112984939968075,13,1,8,10.768929815053774,0,0,7,1,0,0,0,1
fold3_0000310,sa_0005255,310,Breast,8,0,"[1,10)",AVAILABLE,1,1,1,7,0.7806405687996789,0.9333333333333333,0.8364006094282274,0.8053126012309686,0.8053126012309686,0.8921586219271488,7,0,1,5.854805102398201,0,0,1,0,0,0,0,0
fold3_0000311,sa_0005256,311,Breast,24,0,"[10,25)",AVAILABLE,1,1,1,17,0.569784327136736,0.7317073170731707,0.7787052470868726,0.540773180308064,0.5601611008558482,0.7703560288265032,15,2,9,11.680579485008336,2,0,6,1,0,0,1,1
fold3_0000312,sa_0005257,312,Breast,11,0,"[10,25)",AVAILABLE,1,1,1,9,0.5290821374498357,0.7,0.7558316249283368,0.5726856740584302,0.5726856740584302,0.804610564010743,7,2,4,5.290822130329983,0,0,3,1,2,0,0,0
fold3_0000313,sa_0005258,313,Breast,14,0,"[10,25)",AVAILABLE,1,1,1,13,0.5501855409780141,0.6666666666666666,0.8252783114670212,0.5454180064308681,0.5454180064308681,0.7148677936714347,9,4,5,7.427505628481502,0,0,4,1,0,0,3,1
fold3_0000314,sa_0005259,314,Breast,16,0,"[10,25)",AVAILABLE,1,1,1,12,0.6054807744883846,0.7857142857142857,0.7706118948033985,0.5978652619905739,0.6149804863404383,0.8017473742912911,11,1,5,8.476731613449278,1,0,4,0,0,0,1,0
fold3_0000315,sa_0005260,315,Breast,30,0,"[25,50)",AVAILABLE,1,1,1,26,0.4591069464077999,0.6071428571428571,0.7561761470246117,0.4421102590362951,0.4813993070330071,0.7400750907859912,17,9,13,12.854995255594545,6,2,4,1,1,0,5,3
fold3_0000316,sa_0005261,316,Breast,27,0,"[25,50)",AVAILABLE,1,1,1,24,0.5196076199587667,0.7058823529411765,0.736110794941586,0.5386176832717713,0.5578657697599756,0.8083415112855741,18,6,9,13.249995045059345,3,3,3,0,0,3,2,1
fold3_0000317,sa_0005262,317,Breast,23,0,"[10,25)",AVAILABLE,1,1,1,18,0.43416778425174957,0.5853658536585366,0.7417032980967389,0.48452744653592195,0.511139624402193,0.7689695098417599,12,6,11,8.900440318864163,1,7,3,0,0,4,2,0
fold3_0000318,sa_0005263,318,Breast,18,0,"[10,25)",AVAILABLE,1,1,1,17,0.47018712078400837,0.6285714285714286,0.7480249648836497,0.4902173177171485,0.47608980901005976,0.7903600177786557,11,6,7,8.22827536174511,1,0,4,2,3,0,2,1
fold3_0000319,sa_0005264,319,Breast,25,0,"[25,50)",AVAILABLE,1,1,1,20,0.611986952616176,0.8,0.7649836907702199,0.650764492949376,0.650764492949376,0.7919094062970479,18,2,7,13.76970719884765,0,1,6,0,0,1,1,0
fold3_0000320,sa_0005265,320,Breast,20,0,"[10,25)",AVAILABLE,1,1,1,16,0.5349374992038061,0.7222222222222222,0.74068269120527,0.5711392405063291,0.5767851042022548,0.767022371485835,13,3,7,9.6288757263512,0,2,4,1,0,2,0,1
fold3_0000321,sa_0005266,321,Breast,21,0,"[10,25)",AVAILABLE,1,1,1,17,0.6550796354955781,0.7894736842105263,0.829767538294399,0.72650262202501,0.72650262202501,0.841588785046729,15,2,6,12.446513904183522,0,0,6,0,0,0,2,0
fold3_0000322,sa_0005267,322,Breast,19,0,"[10,25)",AVAILABLE,1,1,1,21,0.4778927882894953,0.6,0.7964879804824921,0.5322872949256009,0.5661358640287384,0.7787059226292365,12,9,7,9.557856562277886,1,2,3,1,2,2,5,0
fold3_0000323,sa_0005268,323,Breast,31,0,"[25,50)",AVAILABLE,1,1,1,25,0.5812600223650061,0.75,0.7750133631533415,0.6057992057052569,0.6259298618490967,0.8462269756387404,21,4,10,16.275281401233535,4,0,5,1,1,0,1,2
fold3_0000324,sa_0005269,324,Breast,30,0,"[25,50)",AVAILABLE,1,1,1,26,0.5742092035888915,0.75,0.7656122714518553,0.6480666270077335,0.6450700762232604,0.8623172159529682,21,5,9,16.077858466101233,1,2,6,0,1,3,1,0
fold3_0000325,sa_0005270,325,Breast,26,0,"[25,50)",AVAILABLE,1,1,1,22,0.5178483062739031,0.6666666666666666,0.7767724594108547,0.542911877394636,0.5633499255914199,0.7500410306909568,16,6,10,12.428360127346135,3,1,5,1,0,1,3,2
fold3_0000326,sa_0005271,326,Breast,27,0,"[25,50)",AVAILABLE,1,1,1,32,0.5369123088464356,0.6440677966101694,0.8336270058405184,0.4993515756711192,0.5463130995148328,0.7909082199655106,19,13,8,15.838913944596857,4,0,1,3,7,0,4,2
fold3_0000327,sa_0005272,327,Breast,20,0,"[10,25)",AVAILABLE,1,1,1,14,0.6487642884161461,0.8235294117647058,0.7877852073624632,0.6853472960811585,0.7357584710553042,0.891595744680851,14,0,6,11.028993690859691,2,0,4,0,0,0,0,0
fold3_0000328,sa_0005273,328,Breast,23,0,"[10,25)",AVAILABLE,1,1,1,17,0.6007577553394668,0.75,0.8010103404526224,0.5872988331236716,0.6994498297091957,0.8485539865573164,15,2,8,12.015155907799675,2,2,4,0,0,1,1,0
fold3_0000329,sa_0005274,329,Breast,37,0,"[25,50)",AVAILABLE,1,1,1,24,0.4667968817417595,0.5573770491803278,0.8374885231249215,0.46541974771639844,0.53122842713367,0.8274962034927866,17,7,20,14.23730573061219,9,0,10,1,2,0,2,3
fold3_0000330,sa_0005275,330,Breast,19,0,"[10,25)",AVAILABLE,1,1,1,16,0.690559669021547,0.8,0.8631995862769337,0.6071688236149484,0.6113989637305699,0.8136996979440709,14,2,5,12.084795071076657,1,0,4,0,0,0,2,0
fold3_0000331,sa_0005276,331,Breast,32,0,"[25,50)",AVAILABLE,1,1,1,21,0.566693776176031,0.7169811320754716,0.7903886878244644,0.6067187332834064,0.6062285270974177,0.782584696060167,19,2,13,15.017385859053512,2,0,11,0,0,0,2,0
fold3_0000332,sa_0005277,332,Breast,27,0,"[25,50)",AVAILABLE,1,1,1,18,0.624688742590846,0.8,0.7808609282385574,0.5510761644565869,0.5525525525525525,0.7440061175835545,18,0,9,14.055497489154961,1,0,8,0,0,0,0,0
fold3_0000333,sa_0005278,333,Breast,19,0,"[10,25)",AVAILABLE,1,1,1,18,0.5481756968723238,0.6486486486486487,0.8451041993448325,0.5547068932594997,0.5641408316939149,0.7811076896387215,12,6,7,10.141251237242189,2,0,4,1,2,0,3,1
fold3_0000334,sa_0005279,334,Breast,19,0,"[10,25)",AVAILABLE,1,1,1,13,0.5815232266435628,0.6875,0.8458519660270004,0.7106508875739646,0.7141471158934556,0.8699768458965783,11,2,8,9.30437247214897,0,2,6,0,0,2,0,0
fold3_0000335,sa_0005280,335,Breast,5,0,"[1,10)",AVAILABLE,1,1,1,6,0.6420526776261161,0.7272727272727273,0.8828224317359096,0.6902873259298431,0.6902873259298431,0.8167692147252059,4,2,1,3.5312906097660703,0,0,0,1,0,0,1,1
fold3_0000336,sa_0005281,336,Breast,3,0,"[1,10)",AVAILABLE,1,1,1,3,0.6043671964559048,0.6666666666666666,0.9065507946838571,0.6420966420966421,0.6420966420966421,0.7820448877805486,2,1,1,1.8131024959185091,0,0,1,0,0,0,1,0
fold3_0000337,sa_0005282,337,Breast,7,0,"[1,10)",AVAILABLE,1,1,1,9,0.6649995087743568,0.75,0.8866660116991424,0.7160347551342812,0.7160347551342812,0.8345224395857307,6,3,1,5.319996956860866,0,0,1,0,0,0,3,0
fold3_0000338,sa_0005283,338,Breast,16,0,"[10,25)",AVAILABLE,1,1,1,10,0.6353059396396331,0.7692307692307693,0.825897721531523,0.677475898334794,0.6668617581645792,0.8685393258426967,10,0,6,8.25897804121295,1,0,5,0,0,0,0,0
fold3_0000339,sa_0005284,339,Breast,14,0,"[10,25)",AVAILABLE,1,1,1,11,0.6130020792679884,0.72,0.8513917767610951,0.6663033605812897,0.7112236944660951,0.8353450239125484,9,2,5,7.662526842241633,1,0,3,1,0,0,1,1
fold3_0000340,sa_0005285,340,Breast,14,0,"[10,25)",AVAILABLE,1,1,1,4,0.3332529700071058,0.4444444444444444,0.7498191825159881,0.3404568068747173,0.3445114292891233,0.5625408687529192,4,0,10,2.999277479883135,1,0,9,0,0,0,0,0
fold3_0000341,sa_0005286,341,Breast,12,0,"[10,25)",AVAILABLE,1,1,1,9,0.6945252563740717,0.8571428571428571,0.8102794657697504,0.7280805150058935,0.7611881577653191,0.8969060650061432,9,0,3,7.292516002207218,1,0,2,0,0,0,0,0
fold3_0000342,sa_0005287,342,Breast,9,0,"[1,10)",AVAILABLE,1,1,1,8,0.5649806213115387,0.7058823529411765,0.8003892135246798,0.5780730897009967,0.5780730897009967,0.742672064777328,6,2,3,4.802336081537293,0,0,2,1,1,0,0,1
fold3_0000343,sa_0005288,343,Breast,18,0,"[10,25)",AVAILABLE,1,1,1,12,0.6478988559908316,0.8,0.8098735699885395,0.7320088300220751,0.7320088300220751,0.8452714759112924,12,0,6,9.718483649736044,0,0,6,0,0,0,0,0
fold3_0000344,sa_0005289,344,Breast,7,0,"[1,10)",AVAILABLE,1,1,1,8,0.8056976504151612,0.9333333333333333,0.8632474825876727,0.8375016031807105,0.8375016031807105,0.911565575486843,7,1,0,6.042733241361192,0,0,0,0,0,0,1,0
fold3_0000345,sa_0005290,345,Breast,7,0,"[1,10)",AVAILABLE,1,1,1,7,0.6068865834711183,0.7142857142857143,0.8496412168595656,0.5883841426677913,0.5855730399665785,0.8577200070261725,5,2,2,4.248206933939045,2,0,0,0,0,0,1,1
fold3_0000346,sa_0005291,346,Breast,9,0,"[1,10)",AVAILABLE,1,1,1,9,0.8150331462894292,0.8888888888888888,0.916912289575608,0.837035454933789,0.837035454933789,0.9112893849552378,8,1,1,7.335299233517153,0,0,1,0,0,0,1,0
fold3_0000347,sa_0005292,347,Breast,7,0,"[1,10)",AVAILABLE,1,1,1,7,0.8457070955000368,1.0,0.8457070955000368,0.8626269035532995,0.8626269035532995,0.9277806165900188,7,0,0,5.919950514207353,0,0,0,0,0,0,0,0
fold3_0000348,sa_0005293,348,Breast,13,0,"[10,25)",AVAILABLE,1,1,1,10,0.7185687560338575,0.8695652173913043,0.8263540694389362,0.7974051896207585,0.7974051896207585,0.8872848417545808,10,0,3,8.26354152074343,0,0,3,0,0,0,0,0
fold3_0000349,sa_0005294,349,Breast,6,0,"[1,10)",AVAILABLE,1,1,1,6,0.7361419232293186,0.8333333333333334,0.8833703078751823,0.8073082160689968,0.8073082160689968,0.8933818912470175,5,1,1,4.41685242274622,0,0,1,0,0,0,1,0
fold3_0000350,sa_0005295,350,Breast,7,0,"[1,10)",AVAILABLE,1,1,1,5,0.7192636894969474,0.8333333333333334,0.8631164273963369,0.8208955223880597,0.8208955223880597,0.9016393442622951,5,0,2,4.315583000098112,0,0,2,0,0,0,0,0
fold3_0000351,sa_0005296,351,Breast,28,0,"[25,50)",AVAILABLE,1,1,1,25,0.7089084052253194,0.8679245283018868,0.816785771237868,0.7166078629032258,0.7149745974339102,0.8568487648122113,23,2,5,18.786073555256735,0,2,2,1,0,1,0,1
fold3_0000352,sa_0005297,352,Breast,26,0,"[25,50)",AVAILABLE,1,1,1,22,0.6693825996874162,0.8333333333333334,0.8032591196248994,0.5812782535190562,0.6872695427728613,0.8640970306225585,20,2,6,16.065183195757108,4,0,2,0,0,0,1,1
fold3_0000353,sa_0005298,353,Breast,26,0,"[25,50)",AVAILABLE,1,1,1,21,0.6765266707741073,0.8085106382978723,0.8367566717469223,0.771022239190608,0.771022239190608,0.8716787927782269,19,2,7,15.898377599948196,0,0,7,0,0,0,2,0
fold3_0000354,sa_0005299,354,Breast,13,0,"[10,25)",AVAILABLE,1,1,1,10,0.6864890499658807,0.782608695652174,0.8771804527341809,0.715268817204301,0.715268817204301,0.8340020060180542,9,1,4,7.89462495178808,0,0,4,0,0,0,1,0
fold3_0000355,sa_0005300,355,Breast,20,0,"[10,25)",AVAILABLE,1,1,1,16,0.6183015946137553,0.7777777777777778,0.7949591930748283,0.6999931096258527,0.6925593967847489,0.8539127511137261,14,2,6,11.12942949800679,2,0,4,0,0,0,1,1
fold3_0000356,sa_0005301,356,Breast,17,0,"[10,25)",AVAILABLE,1,1,1,16,0.6627471291695783,0.7878787878787878,0.8411790485613879,0.7172610944731826,0.7101175787487298,0.8944911297852475,13,3,4,10.93532847247709,2,0,1,1,0,0,1,2
fold3_0000357,sa_0005302,357,Breast,12,0,"[10,25)",AVAILABLE,1,1,1,11,0.685530258348055,0.782608695652174,0.8759553301114036,0.7382127659574468,0.7382127659574468,0.849686643164904,9,2,3,7.883598846957962,0,0,3,0,0,0,2,0
fold3_0000358,sa_0005303,358,Breast,8,0,"[1,10)",AVAILABLE,1,1,1,6,0.6794326848021903,0.8571428571428571,0.7926714656025554,0.7924036281179139,0.7924036281179139,0.8841798975267253,6,0,2,4.7560295862867985,0,0,2,0,0,0,0,0
fold3_0000359,sa_0005304,359,Breast,16,0,"[10,25)",AVAILABLE,1,1,1,15,0.6903193183179676,0.8387096774193549,0.8230730333791151,0.7068501098172475,0.7406783519235147,0.8922425066694565,13,2,3,10.699950257001529,2,0,1,0,0,0,2,0
fold3_0000360,sa_0005305,360,Breast,10,0,"[10,25)",AVAILABLE,1,1,1,7,0.5780257151105876,0.7058823529411765,0.8188697630733324,0.5288870869653355,0.5288870869653355,0.6918589233625033,6,1,4,4.913219397309757,0,0,4,0,0,0,1,0
fold3_0000361,sa_0005306,361,Breast,18,0,"[10,25)",AVAILABLE,1,1,1,11,0.654920662376447,0.7586206896551724,0.8633045094962256,0.7203326109071608,0.790937640197398,0.9065909596971721,11,0,7,9.49635046776299,2,0,5,0,0,0,0,0
fold3_0000362,sa_0005307,362,Breast,12,0,"[10,25)",AVAILABLE,1,1,1,7,0.6074871148383297,0.7368421052631579,0.8244467987091618,0.6547397769516728,0.6547397769516728,0.7913507441729851,7,0,5,5.7711284154109315,0,0,5,0,0,0,0,0
fold3_0000363,sa_0005308,363,Breast,4,0,"[1,10)",AVAILABLE,1,1,1,6,0.5059412040016977,0.6,0.8432353400028296,0.6370245139475909,0.6370245139475909,0.7782711969430961,3,3,1,2.529706863243829,0,0,1,0,0,0,3,0
fold3_0000364,sa_0005309,364,Breast,13,0,"[10,25)",AVAILABLE,1,1,1,4,0.2747896759339961,0.35294117647058826,0.7785707484796556,0.4743787383609792,0.42532985355951863,0.7825644677279894,3,1,10,2.3357130240097153,3,0,7,0,0,0,0,1
fold3_0000365,sa_0005310,365,Breast,15,0,"[10,25)",AVAILABLE,1,1,1,12,0.7277376920959578,0.8148148148148148,0.8931326221177666,0.8186116483988825,0.8186116483988825,0.9002599858189553,11,1,4,9.824459736428054,0,0,3,1,0,0,0,1
fold3_0000366,sa_0005311,366,Breast,8,0,"[1,10)",AVAILABLE,1,1,1,7,0.5775922841758752,0.6666666666666666,0.8663884262638128,0.642991710625471,0.642991710625471,0.7827084049994266,5,2,3,4.331942997707491,0,0,2,1,0,0,1,1
fold3_0000367,sa_0005312,367,Breast,8,0,"[1,10)",AVAILABLE,1,1,1,5,0.677902867691519,0.7692307692307693,0.8812737279989746,0.8515381185911726,0.8515381185911726,0.9198169997592102,5,0,3,4.406369521268601,0,0,3,0,0,0,0,0
fold3_0000368,sa_0005313,368,Breast,15,0,"[10,25)",AVAILABLE,1,1,1,11,0.7058602490984379,0.8461538461538461,0.8341984762072449,0.752860751969089,0.7677240955526539,0.8805944207873468,11,0,4,9.176184072478168,1,0,3,0,0,0,0,0
fold3_0000369,sa_0005314,369,Breast,17,0,"[10,25)",AVAILABLE,1,1,1,12,0.7055615407965246,0.8275862068965517,0.8525535284624672,0.7844203828193155,0.7933593535264691,0.9371915519725347,12,0,5,10.230643194103134,1,0,4,0,0,0,0,0
fold3_0000370,sa_0005315,370,Breast,11,0,"[10,25)",AVAILABLE,1,1,1,11,0.6368235040804157,0.7272727272727273,0.8756323181105715,0.6827422561405759,0.6827422561405759,0.8114638515187317,8,3,3,7.00505942051689,0,0,2,1,0,0,2,1
fold3_0000371,sa_0005316,371,Breast,29,0,"[25,50)",AVAILABLE,1,1,1,28,0.6642307601323594,0.8070175438596491,0.8230685505987932,0.6523776974904795,0.6834532374100719,0.821619627375023,23,5,6,18.930577486840797,3,0,3,0,0,0,4,1
fold3_0000372,sa_0005317,372,Breast,19,0,"[10,25)",AVAILABLE,1,1,1,13,0.5962313597550671,0.6875,0.8672456141891886,0.6449237472766884,0.6129274520602814,0.9198199596461276,11,2,8,9.539702623326688,4,0,4,0,0,0,0,2
fold3_0000373,sa_0005318,373,Breast,11,0,"[10,25)",AVAILABLE,1,1,1,12,0.6848452187947557,0.8695652173913043,0.787572001613969,0.6726554787759131,0.6726554787759131,0.804296506137866,10,2,1,7.875720803711691,0,0,1,0,0,0,2,0
fold3_0000374,sa_0005319,374,Breast,18,0,"[10,25)",AVAILABLE,1,1,1,16,0.7091568890196416,0.8235294117647058,0.8611190795238505,0.8229569948728681,0.8229569948728681,0.9028814143037539,14,2,4,12.055667974452986,0,0,3,1,0,0,1,1
fold3_0000375,sa_0005320,375,Breast,13,0,"[10,25)",AVAILABLE,1,1,1,11,0.7829797042720806,0.9166666666666666,0.8541596773877244,0.8092882660071449,0.8092882660071449,0.8945929526123937,11,0,2,9.395757305424645,0,0,2,0,0,0,0,0
fold3_0000376,sa_0005321,376,Breast,13,0,"[10,25)",AVAILABLE,1,1,1,11,0.5708683168699877,0.6666666666666666,0.8563024753049817,0.5205223880597015,0.5690290178571429,0.7541345093715546,8,3,5,6.850420658742328,1,0,2,2,0,0,1,2
fold3_0000377,sa_0005322,377,Breast,14,0,"[10,25)",AVAILABLE,1,1,1,10,0.6168839785950098,0.75,0.822511971460013,0.7075992911497967,0.7075992911497967,0.8287650326597887,9,1,5,7.402608565652088,0,0,4,1,0,0,0,1
fold3_0000378,sa_0005323,378,Breast,12,0,"[10,25)",AVAILABLE,1,1,1,5,0.4047347249290595,0.47058823529411764,0.8600612904742514,0.5572123847985917,0.5572123847985917,0.7156536773507115,4,1,8,3.440246021958296,0,0,7,1,0,0,0,1
fold3_0000379,sa_0005324,379,Breast,17,0,"[10,25)",AVAILABLE,1,1,1,12,0.6665024171458865,0.8275862068965517,0.8053570873846129,0.642831110139223,0.6474527624970103,0.8535617499032133,12,0,5,9.66428585397244,1,0,4,0,0,0,0,0
fold3_0000380,sa_0005325,380,Breast,8,0,"[1,10)",AVAILABLE,1,1,1,8,0.7627057836867307,0.875,0.8716637527848351,0.7379907186755299,0.7379907186755299,0.8492458685141084,7,1,1,6.101647141157598,0,0,1,0,0,0,1,0
fold3_0000381,sa_0005326,381,Breast,39,0,"[25,50)",AVAILABLE,1,1,1,28,0.6498924490614187,0.8059701492537313,0.8063480386502788,0.6573278206941573,0.6641631521173956,0.8389515709078285,27,1,12,21.77139784990557,3,0,9,0,0,0,1,0
fold3_0000382,sa_0005327,382,Breast,30,0,"[25,50)",AVAILABLE,1,1,1,25,0.7200029751180761,0.8363636363636363,0.8608731224237867,0.7337086488640893,0.7347064564178951,0.8722944363840938,23,2,7,19.800082676620217,0,2,5,0,0,1,1,0
fold3_0000383,sa_0005328,383,Breast,39,0,"[25,50)",AVAILABLE,1,1,1,30,0.5836085722062063,0.7246376811594203,0.8053798296445648,0.6133474145984809,0.600210007304602,0.8616016661436193,25,5,14,20.13449654649395,6,0,8,0,0,0,3,2
fold3_0000384,sa_0005329,384,Breast,48,0,"[25,50)",AVAILABLE,1,1,1,33,0.6093724200606867,0.7654320987654321,0.7961155810470262,0.649839440876464,0.6577226389690325,0.80391019318907,31,2,17,24.679583808573394,1,0,16,0,1,0,1,0
fold3_0000385,sa_0005330,385,Breast,9,0,"[1,10)",AVAILABLE,1,1,1,8,0.7103856483933163,0.8235294117647058,0.8626111444775983,0.6047164514317799,0.6047164514317799,0.7536738978306508,7,1,2,6.038278873954333,0,0,2,0,0,0,1,0
fold3_0000386,sa_0005331,386,Breast,22,0,"[10,25)",AVAILABLE,1,1,1,22,0.7004218043448973,0.8181818181818182,0.8560710941993189,0.678310241614466,0.7160471829229179,0.9335050047763426,18,4,4,15.409280551658837,2,1,0,1,3,0,0,1
fold3_0000387,sa_0005332,387,Breast,6,0,"[1,10)",AVAILABLE,1,1,1,4,0.6913768712878294,0.8,0.8642210891097868,0.7242294345784854,0.7242294345784854,0.8400615603172724,4,0,2,3.4568852206602365,0,0,2,0,0,0,0,0
fold3_0000388,sa_0005333,388,Breast,12,0,"[10,25)",AVAILABLE,1,1,1,10,0.7399971040047068,0.8181818181818182,0.9044409048946415,0.7112479665349756,0.7677406602095276,0.9125945804912594,9,1,3,8.139969048492677,1,0,2,0,0,0,1,0
fold3_0000389,sa_0005334,389,Breast,13,0,"[10,25)",AVAILABLE,1,1,1,11,0.70333472537448,0.8333333333333334,0.844001670449376,0.7602721800575766,0.7602721800575766,0.8638120725542671,10,1,3,8.44001754849543,0,0,3,0,0,0,1,0
fold3_0000390,sa_0005335,390,Breast,17,0,"[10,25)",AVAILABLE,1,1,1,14,0.650560733006015,0.8387096774193549,0.7756685662764025,0.6797258248773604,0.683619034070702,0.8616814533164343,13,1,4,10.083692137261798,1,0,3,0,1,0,0,0
fold3_0000391,sa_0005336,391,Breast,12,0,"[10,25)",AVAILABLE,1,1,1,11,0.5582288648843138,0.6956521739130435,0.802453993271201,0.6116112198303979,0.6116112198303979,0.759005909495669,8,3,4,6.419632748623601,0,0,4,0,0,0,3,0
fold3_0000392,sa_0005337,392,Breast,10,0,"[10,25)",AVAILABLE,1,1,1,6,0.653910368263102,0.75,0.8718804910174693,0.709051724137931,0.709051724137931,0.8297604035308953,6,0,4,5.231283817985307,0,0,4,0,0,0,0,0
fold3_0000393,sa_0005338,393,Breast,16,0,"[10,25)",AVAILABLE,1,1,1,10,0.5775210429025549,0.6923076923076923,0.8341970619703571,0.7609908939586801,0.7609908939586801,0.8642757853767028,9,1,7,7.507774391930275,0,0,7,0,0,0,1,0
fold3_0000394,sa_0005339,394,Breast,19,0,"[10,25)",AVAILABLE,1,1,1,12,0.6694931021447236,0.7741935483870968,0.8647619236036013,0.7664545587020936,0.7788883222845487,0.9046554294232313,12,0,7,10.377143948005138,1,0,6,0,0,0,0,0
fold3_0000395,sa_0005340,395,Breast,14,0,"[10,25)",AVAILABLE,1,1,1,11,0.5433743158476593,0.64,0.8490223685119677,0.6774807249424252,0.662390350877193,0.8925532616582019,8,3,6,6.792179797118109,1,0,5,0,0,0,3,0
fold3_0000396,sa_0005341,396,Breast,20,0,"[10,25)",AVAILABLE,1,1,1,16,0.7342282769338051,0.8888888888888888,0.8260068115505308,0.7548518896833504,0.7548518896833504,0.860302677532014,16,0,4,13.216109810815306,0,0,4,0,0,0,0,0
fold3_0000397,sa_0005342,397,Breast,10,0,"[10,25)",AVAILABLE,1,1,1,8,0.7638543636961589,0.8888888888888888,0.8593361591581788,0.7812865497076024,0.7812865497076024,0.8772160210111621,8,0,2,6.8746901326015895,0,0,2,0,0,0,0,0
fold3_0000398,sa_0005343,398,Breast,14,0,"[10,25)",AVAILABLE,1,1,1,8,0.46943083959033854,0.5454545454545454,0.8606232059156207,0.4630947278182598,0.5066852691547494,0.8337063044988039,6,2,8,5.16374009611693,5,0,3,0,0,0,0,2
fold3_0000399,sa_0005344,399,Breast,16,0,"[10,25)",AVAILABLE,1,1,1,12,0.5536271414602989,0.6428571428571429,0.8611977756049093,0.6198397403387768,0.6145631067961165,0.8165965123271197,9,3,7,7.750780841641959,2,0,4,1,0,0,1,2
fold3_0000400,sa_0005345,400,Breast,7,0,"[1,10)",AVAILABLE,1,1,1,8,0.783322669651705,0.9333333333333333,0.8392742889125411,0.775483870967742,0.775483870967742,0.8772840531561462,7,1,0,5.874920861662076,0,0,0,0,0,0,1,0
fold3_0000401,sa_0005346,401,Breast,18,0,"[10,25)",AVAILABLE,1,1,1,10,0.6073168643751609,0.7142857142857143,0.8502436101252252,0.6678023850085179,0.6678023850085179,0.8008171603677222,10,0,8,8.502436951495861,0,0,8,0,0,0,0,0
fold3_0000402,sa_0005347,402,Breast,9,0,"[1,10)",AVAILABLE,1,1,1,7,0.764512651682586,0.875,0.8737287447800982,0.8470398060214185,0.8470398060214185,0.9171863034678919,7,0,2,6.116102087189432,0,0,2,0,0,0,0,0
fold3_0000403,sa_0005348,403,Breast,9,0,"[1,10)",AVAILABLE,1,1,1,5,0.6058786048066985,0.7142857142857143,0.848230046729378,0.7449470644850819,0.7449470644850819,0.8538334252619967,5,0,4,4.241151081876937,0,0,4,0,0,0,0,0
fold3_0000404,sa_0005349,404,Breast,14,0,"[10,25)",AVAILABLE,1,1,1,11,0.7390588190922858,0.88,0.8398395671503247,0.7842865928659286,0.7842865928659286,0.8791038345540715,11,0,3,9.238236078493138,0,0,3,0,0,0,0,0
fold3_0000405,sa_0005350,405,Breast,15,0,"[10,25)",AVAILABLE,1,1,1,11,0.7331535025457194,0.8461538461538461,0.8664541393722139,0.7897109826589596,0.7897109826589596,0.8825011304179317,11,0,4,9.530996399548492,0,0,4,0,0,0,0,0
fold3_0000406,sa_0005351,406,Breast,15,0,"[10,25)",AVAILABLE,1,1,1,10,0.6388382455553878,0.8,0.7985478069442347,0.6861613583398068,0.6861613583398068,0.8138738975911544,10,0,5,7.985478867990153,0,0,5,0,0,0,0,0
fold3_0000407,sa_0005352,407,Breast,26,0,"[25,50)",AVAILABLE,1,1,1,19,0.5058845308410201,0.6222222222222222,0.813028710280211,0.4876204972095383,0.4923112365374647,0.7418470919686619,14,5,12,11.382402756951663,2,0,10,0,0,0,5,0
fold3_0000408,sa_0005353,408,Breast,14,0,"[10,25)",AVAILABLE,1,1,1,10,0.6539078153313228,0.75,0.8718770871084304,0.7584249305471675,0.7584249305471675,0.8626184915510372,9,1,5,7.846894655852959,0,0,5,0,0,0,1,0
fold3_0000409,sa_0005354,409,Breast,9,0,"[1,10)",AVAILABLE,1,1,1,7,0.7038882608167819,0.875,0.8044437266477508,0.7580645161290323,0.7580645161290323,0.8623853211009175,7,0,2,5.631106890977982,0,0,2,0,0,0,0,0
fold3_0000410,sa_0005355,410,Breast,10,0,"[10,25)",AVAILABLE,1,1,1,6,0.6414353147255626,0.75,0.8552470863007501,0.6959224266534063,0.6959224266534063,0.8207007770121683,6,0,4,5.131483373051587,0,0,4,0,0,0,0,0
fold3_0000411,sa_0005356,411,Breast,7,0,"[1,10)",AVAILABLE,1,1,1,6,0.7408754213176105,0.9230769230769231,0.8026150397607447,0.7478768577494692,0.7478768577494692,0.85575463103553,6,0,1,4.815691041179508,0,0,1,0,0,0,0,0
fold3_0000412,sa_0005357,412,Breast,8,0,"[1,10)",AVAILABLE,1,1,1,6,0.701692332638856,0.8571428571428571,0.818641054745332,0.8005858966310944,0.8005858966310944,0.8892504357931436,6,0,2,4.911847147113047,0,0,2,0,0,0,0,0
fold3_0000413,sa_0005358,413,Breast,11,0,"[10,25)",AVAILABLE,1,1,1,9,0.7331750632248075,0.9,0.814638959138675,0.8095310365761117,0.8095310365761117,0.8947412563952025,9,0,2,7.331751446887034,0,0,2,0,0,0,0,0
fold3_0000414,sa_0005359,414,Breast,15,0,"[10,25)",AVAILABLE,1,1,1,12,0.5776014896341454,0.7407407407407407,0.7797620110060963,0.7064407594328287,0.7064407594328287,0.8465601014013098,10,2,5,7.797620889822974,0,0,4,1,2,0,0,0
fold3_0000415,sa_0005360,415,Breast,20,0,"[10,25)",AVAILABLE,1,1,1,14,0.6296147304878075,0.7647058823529411,0.8233423398686713,0.6129032258064516,0.6276366767111494,0.8107202680067002,13,1,7,10.703451241635067,1,0,6,0,0,0,1,0
fold3_0000416,sa_0005361,416,Breast,6,0,"[1,10)",AVAILABLE,1,1,1,6,0.8089129993390859,1.0,0.8089129993390859,0.8237831176833025,0.8237831176833025,0.9033783783783784,6,0,0,4.853478804947515,0,0,0,0,0,0,0,0
fold3_0000417,sa_0005362,417,Breast,30,0,"[25,50)",AVAILABLE,1,1,1,23,0.61878463212537,0.7547169811320755,0.8198896375661152,0.6421723263437867,0.6421723263437867,0.7915929036875212,20,3,10,16.397793571211942,0,0,10,0,1,0,2,0
fold3_0000418,sa_0005363,418,Breast,22,0,"[10,25)",AVAILABLE,1,1,1,15,0.7009161562838955,0.8108108108108109,0.8644632594168044,0.7573202372127502,0.7573202372127502,0.861903506459267,15,0,7,12.966949755715325,0,0,7,0,0,0,0,0
fold3_0000419,sa_0005364,419,Breast,20,0,"[10,25)",AVAILABLE,1,1,1,16,0.6292369928723393,0.7777777777777778,0.8090189908358647,0.6575757575757576,0.6514188903007201,0.8459605026929982,14,2,6,11.326266680721096,2,0,4,0,0,0,1,1
fold3_0000420,sa_0005365,420,Breast,19,0,"[10,25)",AVAILABLE,1,1,1,19,0.7517078772544727,0.8947368421052632,0.8401440981079401,0.7285042632879114,0.7285042632879114,0.8443133096676041,17,2,2,14.28245050797908,0,0,2,0,1,0,1,0
fold3_0000421,sa_0005366,421,Breast,22,0,"[10,25)",AVAILABLE,1,1,1,21,0.6469108044204425,0.7441860465116279,0.8692863934399696,0.7354974285240281,0.7302608895529249,0.8908003985386914,16,5,6,13.908583164325908,2,0,2,2,2,0,1,2
fold3_0000422,sa_0005367,422,Breast,26,0,"[25,50)",AVAILABLE,1,1,1,17,0.59767996953133,0.7441860465116279,0.8031324590577247,0.6508039104791145,0.6508039104791145,0.788469068128426,16,1,10,12.850120148056055,0,0,10,0,0,0,1,0
fold3_0000423,sa_0005368,423,Breast,5,0,"[1,10)",AVAILABLE,1,1,1,4,0.6606039308790593,0.8888888888888888,0.7431794222389418,0.7225234105470675,0.7225234105470675,0.8389127324749642,4,0,1,2.97271843213519,0,0,1,0,0,0,0,0
fold3_0000424,sa_0005369,424,Breast,12,0,"[10,25)",AVAILABLE,1,1,1,13,0.6408312236801941,0.8,0.8010390296002425,0.7134314190792597,0.7134314190792597,0.8327516481081381,10,3,2,8.010391097041454,0,0,2,0,0,0,3,0
fold3_0000425,sa_0005370,425,Breast,18,0,"[10,25)",AVAILABLE,1,1,1,12,0.536717578179755,0.6666666666666666,0.8050763672696325,0.4776133296099786,0.5734767025089605,0.7954133045056175,10,2,8,8.050764477772692,4,1,3,0,0,1,0,1
fold3_0000426,sa_0005371,426,Breast,35,0,"[25,50)",AVAILABLE,1,1,1,26,0.5065114139241347,0.6885245901639344,0.7356475297469575,0.5096072606361233,0.5532622484314464,0.8456206957443051,21,5,14,15.448598860333638,0,9,4,1,0,4,0,1
fold3_0000427,sa_0005372,427,Breast,18,0,"[10,25)",AVAILABLE,1,1,1,13,0.6547804396385465,0.7741935483870968,0.8457580678664559,0.5731830205315531,0.6387772788150949,0.8750540839382722,12,1,6,10.149097660155538,3,0,3,0,0,0,0,1
fold3_0000428,sa_0005373,428,Breast,21,0,"[10,25)",AVAILABLE,1,1,1,12,0.47581609540278696,0.6060606060606061,0.7850965574145985,0.5647834390980223,0.5830776913747592,0.8263181613339342,10,2,11,7.850966359242542,3,3,5,0,0,1,0,1
fold3_0000429,sa_0005374,429,Breast,27,0,"[25,50)",AVAILABLE,1,1,1,20,0.41215578482130993,0.5106382978723404,0.807138411941732,0.39907100199071,0.4405925355906118,0.8081514916802436,12,8,15,9.685661750439195,7,5,2,1,0,2,3,3
fold3_0000430,sa_0005375,430,Breast,8,0,"[1,10)",AVAILABLE,1,1,1,7,0.68522117726805,0.8,0.8565264715850625,0.7261194029850746,0.7261194029850746,0.8413316039775184,6,1,2,5.139159686036846,0,0,2,0,0,0,1,0
fold3_0000431,sa_0005376,431,Breast,16,0,"[10,25)",AVAILABLE,1,1,1,12,0.6391802652462066,0.7142857142857143,0.8948523713446893,0.7787183943488255,0.7787183943488255,0.8756579569451887,10,2,6,8.948524608299264,0,0,4,2,0,0,0,2
fold3_0000432,sa_0005377,432,Breast,13,0,"[10,25)",AVAILABLE,1,1,1,7,0.5831073113136512,0.7,0.8330104447337876,0.39681834998150206,0.39681834998150206,0.5681745947663948,7,0,6,5.831073946146958,0,0,6,0,0,0,0,0
fold3_0000433,sa_0005378,433,Breast,14,0,"[10,25)",AVAILABLE,1,1,1,14,0.7295704976096309,0.8571428571428571,0.8511655805445694,0.7942837116934699,0.797368313846906,0.9252039891205802,12,2,2,10.213987817700412,1,0,0,1,0,0,1,1
fold3_0000434,sa_0005379,434,Breast,7,0,"[1,10)",AVAILABLE,1,1,1,6,0.4885340097198253,0.6153846153846154,0.7938677657947161,0.4336839698147725,0.4336839698147725,0.6049924236382487,4,2,3,3.17547185704663,0,0,2,1,0,0,1,1
fold3_0000435,sa_0005380,435,Breast,8,0,"[1,10)",AVAILABLE,1,1,1,9,0.5512005617215731,0.7058823529411765,0.7808674624388952,0.5743673766612052,0.5743673766612052,0.7909343200740055,6,3,2,4.685205555500834,0,0,2,0,1,0,2,0
fold3_0000436,sa_0005381,436,Breast,17,0,"[10,25)",AVAILABLE,1,1,1,15,0.5411379584790218,0.6875,0.787109757787668,0.4931797514398302,0.49858999170583357,0.7580990332816766,11,4,6,8.658208122774106,3,2,1,0,0,2,1,1
fold3_0000437,sa_0005382,437,Breast,11,0,"[10,25)",AVAILABLE,1,1,1,10,0.49697889098234943,0.5714285714285714,0.8697130592191116,0.6300435532911497,0.6317349137931034,0.8913103296461394,6,4,5,5.218279225027729,2,0,2,1,2,0,1,1
fold3_0000438,sa_0005383,438,Breast,15,0,"[10,25)",AVAILABLE,1,1,1,11,0.5903294377476482,0.7692307692307693,0.7674282690719427,0.6121216999356085,0.6501152686646569,0.8219236969371305,10,1,5,7.674283458147696,1,0,4,0,0,0,1,0
fold3_0000439,sa_0005384,439,Breast,23,0,"[10,25)",AVAILABLE,1,1,1,16,0.5590805037763715,0.6666666666666666,0.8386207556645574,0.43599749482102423,0.48421544027542746,0.7307253784155691,13,3,10,10.902070662260002,3,0,6,1,1,0,0,2
fold3_0000440,sa_0005385,440,Breast,12,0,"[10,25)",AVAILABLE,1,1,1,8,0.3803806775049227,0.5,0.7607613550098454,0.4915885067738574,0.46422628951747086,0.7672727272727272,5,3,7,3.8038075358105825,2,3,2,0,0,2,0,1
fold3_0000441,sa_0005386,441,Breast,17,0,"[10,25)",AVAILABLE,1,1,1,15,0.5409501351848816,0.6875,0.7868365602689186,0.4988593155893536,0.4988593155893536,0.7379140392839023,11,4,6,8.655202949794663,0,0,4,2,3,0,0,1
fold3_0000442,sa_0005387,442,Breast,12,0,"[10,25)",AVAILABLE,1,1,1,12,0.47686917550283225,0.6666666666666666,0.7153037632542484,0.4585365853658537,0.4585365853658537,0.6596180817779695,8,4,4,5.72243082133775,0,0,4,0,1,0,3,0
fold3_0000443,sa_0005388,443,Breast,6,0,"[1,10)",AVAILABLE,1,1,1,12,0.4541075534524098,0.6666666666666666,0.6811613301786147,0.44140061791967045,0.44140061791967045,0.6124607030580166,6,6,0,4.086968662233018,0,0,0,0,0,0,6,0
fold3_0000444,sa_0005389,444,Breast,6,0,"[1,10)",AVAILABLE,1,1,1,6,0.6703272654446181,0.8333333333333334,0.8043927185335417,0.6975349766822119,0.6975349766822119,0.8218210361067504,5,1,1,4.021964397060427,0,0,1,0,0,0,1,0
fold3_0000445,sa_0005390,445,Breast,10,0,"[10,25)",AVAILABLE,1,1,1,9,0.6260287324426913,0.7368421052631579,0.8496104226007953,0.5925716866109731,0.5925716866109731,0.7450202027362303,7,2,3,5.94727380781599,0,0,3,0,0,0,2,0
fold3_0000446,sa_0005391,446,Breast,9,0,"[1,10)",AVAILABLE,1,1,1,9,0.6461396846825932,0.7777777777777778,0.830751023163334,0.6241109530583214,0.6241109530583214,0.7762207138165097,7,2,2,5.815257992894361,0,0,1,1,2,0,0,0
fold3_0000447,sa_0005392,447,Breast,10,0,"[10,25)",AVAILABLE,1,1,1,9,0.7557985660581923,0.9473684210526315,0.7977873752836474,0.7885548011639185,0.7885548011639185,0.8817787418655098,9,0,1,7.180087175340201,0,0,1,0,0,0,0,0
fold3_0000448,sa_0005393,448,Breast,9,0,"[1,10)",AVAILABLE,1,1,1,7,0.658393867992985,0.875,0.7524501348491257,0.6525342684093083,0.6525342684093083,0.7897376543209876,7,0,2,5.267151696394015,0,0,2,0,0,0,0,0
fold3_0000449,sa_0005394,449,Breast,20,0,"[10,25)",AVAILABLE,1,1,1,15,0.6899453306943336,0.8571428571428571,0.8049362191433892,0.7694730212051228,0.7694730212051228,0.8724885302958393,15,0,5,12.074044092087057,0,0,5,0,0,0,0,0
fold3_0000450,sa_0005395,450,Breast,12,0,"[10,25)",AVAILABLE,1,1,1,9,0.5198174875202852,0.6666666666666666,0.7797262312804278,0.4815894039735099,0.5220017256255393,0.7722978080120937,7,2,5,5.458084398689226,0,2,3,0,0,2,0,0
fold3_0000451,sa_0005396,451,Breast,3,0,"[1,10)",AVAILABLE,1,1,1,2,0.3130817268295814,0.4,0.7827043170739535,0.47681224673570466,0.47681224673570466,0.6457317073170732,1,1,2,0.7827050997782705,0,0,2,0,0,0,1,0
fold3_0000452,sa_0005397,452,Breast,9,0,"[1,10)",AVAILABLE,1,1,1,13,0.60625898763717,0.7272727272727273,0.8336061080011087,0.6769207223752678,0.6769207223752678,0.8073377749383955,8,5,1,6.668849697614977,0,0,1,0,0,0,5,0
fold3_0000453,sa_0005398,453,Breast,7,0,"[1,10)",AVAILABLE,1,1,1,6,0.6346203341858812,0.7692307692307693,0.8250064344416455,0.7422322158626329,0.7422322158626329,0.8520474011498299,5,1,2,4.125032997214662,0,0,1,1,0,0,0,1
fold3_0000454,sa_0005399,454,Breast,5,0,"[1,10)",AVAILABLE,1,1,1,6,0.5467382270452893,0.7272727272727273,0.7517650621872727,0.5625,0.5625,0.72,4,2,1,3.007061000514153,0,0,1,0,0,0,2,0
fold3_0000455,sa_0005400,455,Breast,12,0,"[10,25)",AVAILABLE,1,1,1,9,0.707998315220496,0.8571428571428571,0.8259980344239121,0.8189115113547377,0.8189115113547377,0.9004412872672479,9,0,3,7.433983135813243,0,0,3,0,0,0,0,0
fold3_0000456,sa_0005401,456,Breast,7,0,"[1,10)",AVAILABLE,1,1,1,11,0.457812784984977,0.5555555555555556,0.8240630129729586,0.38345521023765994,0.38345521023765994,0.5543442352163859,5,6,2,4.120315888927806,0,0,2,0,0,0,6,0
fold3_0000457,sa_0005402,457,Breast,20,0,"[10,25)",AVAILABLE,1,1,1,15,0.5859535024699504,0.7428571428571429,0.7887835610172408,0.6087857438872772,0.6383669885864793,0.7872032581319329,13,2,7,10.254187082007691,1,0,6,0,0,0,2,0
fold3_0000458,sa_0005403,458,Breast,23,0,"[10,25)",AVAILABLE,1,1,1,16,0.4700594925088343,0.5641025641025641,0.8332872821747517,0.5853536078037584,0.6055016695818095,0.8083589184906408,11,5,12,9.16616093720955,2,0,8,2,0,0,2,3
fold3_0000459,sa_0005404,459,Breast,12,0,"[10,25)",AVAILABLE,1,1,1,8,0.6451872614424649,0.8,0.806484076803081,0.6974362807384707,0.6894349688788295,0.8929186602870813,8,0,4,6.451873420908724,1,0,3,0,0,0,0,0
fold3_0000460,sa_0005405,460,Breast,7,0,"[1,10)",AVAILABLE,1,1,1,5,0.7177667776236093,0.8333333333333334,0.8613201331483311,0.44706646460272786,0.44706646460272786,0.6178934769599043,5,0,2,4.306601527061789,0,0,2,0,0,0,0,0
fold3_0000461,sa_0005406,461,Breast,16,0,"[10,25)",AVAILABLE,1,1,1,11,0.5535073240352488,0.6666666666666666,0.8302609860528732,0.5130175809395715,0.5117195823567015,0.7526957502290507,9,2,7,7.472349704736844,2,0,5,0,0,0,1,1
fold3_0000462,sa_0005407,462,Breast,11,0,"[10,25)",AVAILABLE,1,1,1,7,0.46150681131611915,0.5555555555555556,0.8307122603690145,0.5221937686726419,0.5221937686726419,0.6861068274218421,5,2,6,4.153562132557333,0,0,5,1,0,0,1,1
fold3_0000463,sa_0005408,463,Breast,8,0,"[1,10)",AVAILABLE,1,1,1,3,0.4617344893753599,0.5454545454545454,0.8465132305214932,0.6981733835894463,0.6981733835894463,0.8222639576575038,3,0,5,2.53954053807771,0,0,5,0,0,0,0,0
fold3_0000464,sa_0005409,464,Breast,6,0,"[1,10)",AVAILABLE,1,1,1,5,0.6499254770648993,0.7272727272727273,0.8936475309642365,0.763784887678693,0.763784887678693,0.8660748745658047,4,1,2,3.5745910175044773,0,0,2,0,0,0,1,0
fold3_0000465,sa_0005410,465,Breast,9,0,"[1,10)",AVAILABLE,1,1,1,7,0.6475299950205771,0.75,0.8633733266941027,0.6605504587155964,0.6605504587155964,0.7955801104972375,6,1,3,5.180240823537943,0,0,2,1,0,0,0,1
fold3_0000466,sa_0005411,466,Breast,17,0,"[10,25)",AVAILABLE,1,1,1,11,0.6691753292379078,0.7857142857142857,0.8516776917573372,0.7198902781321765,0.7387235240306804,0.9134323525840786,11,0,6,9.3684554610084,1,0,5,0,0,0,0,0
fold3_0000467,sa_0005412,467,Breast,15,0,"[10,25)",AVAILABLE,1,1,1,6,0.4935180185472197,0.5714285714285714,0.8636565324576345,0.4335341622868863,0.4335341622868863,0.6048466422248056,6,0,9,5.18194005840234,0,0,9,0,0,0,0,0
fold3_0000468,sa_0005413,468,Breast,16,0,"[10,25)",AVAILABLE,1,1,1,15,0.6162727267594817,0.7096774193548387,0.8683842967974514,0.7336417220025367,0.7336417220025367,0.8603890514718541,11,4,5,9.552228133156262,0,0,4,1,2,0,2,0
fold3_0000469,sa_0005414,469,Breast,6,0,"[1,10)",AVAILABLE,1,1,1,6,0.6871836878328194,0.8333333333333334,0.8246204253993832,0.6877232867814226,0.6877232867814226,0.8149716155104397,5,1,1,4.123102951617342,0,0,1,0,0,0,1,0
fold3_0000470,sa_0005415,470,Breast,21,0,"[10,25)",AVAILABLE,1,1,1,18,0.736877859207139,0.8717948717948718,0.8452422502670124,0.8026342180918633,0.8026342180918633,0.892663748980046,17,1,4,14.36911909978146,0,0,4,0,0,0,1,0
fold3_0000471,sa_0005416,471,Breast,22,0,"[10,25)",AVAILABLE,1,1,1,16,0.6800995256945714,0.8421052631578947,0.8076181867623037,0.7659302537885704,0.7659302537885704,0.8674524400330852,16,0,6,12.921891795815046,0,0,6,0,0,0,0,0
fold3_0000472,sa_0005417,472,Breast,25,0,"[25,50)",AVAILABLE,1,1,1,17,0.6349709800938227,0.7619047619047619,0.8333994113731423,0.7528660138524003,0.7528660138524003,0.859488367339987,16,1,9,13.334391415369689,0,0,8,1,0,0,0,1
fold3_0000473,sa_0005418,473,Breast,10,0,"[10,25)",AVAILABLE,1,1,1,7,0.7131719817358559,0.8235294117647058,0.8659945492506822,0.7665582748588055,0.7665582748588055,0.8678550668475101,7,0,3,6.061962710749325,0,0,3,0,0,0,0,0
fold3_0000474,sa_0005419,474,Breast,13,0,"[10,25)",AVAILABLE,1,1,1,7,0.6146782685387895,0.7,0.8781118121982707,0.6179071982582665,0.6179071982582665,0.7638351555929352,7,0,6,6.1467835634997074,0,0,6,0,0,0,0,0
fold3_0000475,sa_0005420,475,Breast,6,0,"[1,10)",AVAILABLE,1,1,1,3,0.5224924743885453,0.6666666666666666,0.783738711582818,0.4449026345933562,0.4449026345933562,0.6158236879657524,3,0,3,2.351216918487166,0,0,3,0,0,0,0,0
fold3_0000476,sa_0005421,476,Breast,9,0,"[1,10)",AVAILABLE,1,1,1,7,0.369488755345027,0.5,0.738977510690054,0.36892539356605064,0.36892539356605064,0.539,4,3,5,2.955910781737727,0,0,4,1,0,0,2,1
fold3_0000477,sa_0005422,477,Breast,25,0,"[25,50)",AVAILABLE,1,1,1,21,0.7777557319897551,0.9130434782608695,0.85182770646497,0.8001906150137355,0.8001906150137355,0.8890065400186857,21,0,4,17.888382687592078,0,0,4,0,0,0,0,0
fold3_0000478,sa_0005423,478,Breast,13,0,"[10,25)",AVAILABLE,1,1,1,4,0.38188422204208133,0.47058823529411764,0.8115039718394228,0.4078582105487935,0.4078582105487935,0.5794023964811164,4,0,9,3.246016698861663,0,0,9,0,0,0,0,0
fold3_0000479,sa_0005424,479,Breast,21,0,"[10,25)",AVAILABLE,1,1,1,17,0.7515900172588269,0.8947368421052632,0.8400123722304536,0.8234059491930231,0.8234059491930231,0.9031515440184171,17,0,4,14.280211167930084,0,0,4,0,0,0,0,0
fold3_0000480,sa_0005425,480,Breast,28,0,"[25,50)",AVAILABLE,1,1,1,23,0.7287407354017863,0.8235294117647058,0.8848994644164548,0.7683638971416863,0.7919136480058544,0.9188736650807587,21,2,7,18.582889637645017,3,0,4,0,0,0,1,1
fold3_0000481,sa_0005426,481,Breast,16,0,"[10,25)",AVAILABLE,1,1,1,12,0.640846657297055,0.7857142857142857,0.81562301837807,0.6363636363636364,0.6363636363636364,0.7777777777777778,11,1,5,8.971854017781789,0,0,5,0,0,0,1,0
fold3_0000482,sa_0005427,482,Breast,26,0,"[25,50)",AVAILABLE,1,1,1,20,0.7126661753001161,0.8260869565217391,0.8627011595738248,0.7235262008733624,0.7305925030229746,0.8891000558971492,19,1,7,16.39132289460383,2,0,5,0,0,0,0,1
fold3_0000483,sa_0005428,483,Breast,20,0,"[10,25)",AVAILABLE,1,1,1,20,0.5464050024227801,0.65,0.8406230806504309,0.571350186165001,0.6614117883321619,0.8952012571014143,13,7,7,10.928100889078681,4,0,2,1,3,0,3,1
fold3_0000484,sa_0005429,484,Breast,23,0,"[10,25)",AVAILABLE,1,1,1,20,0.6239598560074795,0.7441860465116279,0.8384460565100506,0.66338360521186,0.6622068314182276,0.8174242424242424,16,4,7,13.415137742606866,2,0,4,1,0,0,2,2
fold3_0000485,sa_0005430,485,Breast,21,0,"[10,25)",AVAILABLE,1,1,1,12,0.48567985507249284,0.6060606060606061,0.8013717608696131,0.4914270162387735,0.5430954047119197,0.8243830543063376,10,2,11,8.013718410067892,4,0,7,0,1,0,0,1
fold3_0000486,sa_0005431,486,Breast,27,0,"[25,50)",AVAILABLE,1,1,1,19,0.6033990901323563,0.7391304347826086,0.8163634748849526,0.6773787515242103,0.7049304227982038,0.9033873112727842,17,2,10,13.87817988940767,4,1,5,0,0,0,0,2
fold3_0000487,sa_0005432,487,Breast,17,0,"[10,25)",AVAILABLE,1,1,1,15,0.5695061933960403,0.6875,0.828372644939695,0.5793462501647555,0.6048447577621119,0.8235898873779148,11,4,6,9.11209992270929,5,0,1,0,0,0,2,2
fold3_0000488,sa_0005433,488,Breast,14,0,"[10,25)",AVAILABLE,1,1,1,8,0.492751073510922,0.6363636363636364,0.7743231155171632,0.5286849621259158,0.5150830150440409,0.8775016720687349,7,1,7,5.420262582943257,3,1,3,0,0,0,0,1
fold3_0000489,sa_0005434,489,Breast,14,0,"[10,25)",AVAILABLE,1,1,1,18,0.5517861298130269,0.6875,0.8025980070007664,0.5181520918923451,0.5355985637971802,0.706928999144568,11,7,3,8.828578879606438,0,1,1,1,0,0,6,1
fold3_0000490,sa_0005435,490,Breast,16,0,"[10,25)",AVAILABLE,1,1,1,10,0.5510117525574582,0.6923076923076923,0.7959058648052173,0.544627901411821,0.5695775161967332,0.7939073309691297,9,1,7,7.16315357915282,1,0,6,0,0,0,1,0
fold3_0000491,sa_0005436,491,Breast,28,0,"[25,50)",AVAILABLE,1,1,1,19,0.5175544071555915,0.6382978723404256,0.8108352378770933,0.5275649133249014,0.5280277909363651,0.7372119458509869,15,4,13,12.162529378991637,2,0,11,0,1,0,2,1
fold3_0000492,sa_0005437,492,Breast,44,0,"[25,50)",AVAILABLE,1,1,1,29,0.5171145123801749,0.6301369863013698,0.8206382479076689,0.4772641863960917,0.5227693807898586,0.8141009221311475,23,6,21,18.874680522514634,14,0,7,0,0,0,2,4
fold3_0000493,sa_0005438,493,Breast,27,0,"[25,50)",AVAILABLE,1,1,1,24,0.6859212596195392,0.8235294117647058,0.8329043866808691,0.696009706120248,0.7439570277529096,0.8863364134154689,21,3,6,17.49099295320264,1,1,3,1,1,0,1,1
fold3_0000494,sa_0005439,494,Breast,26,0,"[25,50)",AVAILABLE,1,1,1,18,0.5302717264583583,0.6363636363636364,0.8332841415774203,0.5507286563761284,0.6255289139633287,0.8683056158110388,14,4,12,11.665978815368025,7,0,4,1,0,0,0,4
fold3_0000495,sa_0005440,495,Breast,33,0,"[25,50)",AVAILABLE,1,1,1,21,0.552209515202073,0.7037037037037037,0.7847187847608406,0.5734742720382928,0.5840396110268534,0.8097772521190617,19,2,14,14.909657695174756,1,1,11,1,0,0,1,1
fold3_0000496,sa_0005441,496,Breast,27,0,"[25,50)",AVAILABLE,1,1,1,23,0.7715285067559159,0.88,0.8767369394953589,0.8167127675061873,0.8167127675061873,0.9004460827523573,22,1,5,19.288213545634836,0,0,5,0,0,0,1,0
fold3_0000497,sa_0005442,497,Breast,18,0,"[10,25)",AVAILABLE,1,1,1,16,0.7313070857888903,0.9411764705882353,0.7770137786506959,0.6680226305699725,0.6908032477148547,0.867143849476005,16,0,2,12.432221235424914,1,0,1,0,0,0,0,0
fold3_0000498,sa_0005443,498,Breast,23,0,"[10,25)",AVAILABLE,1,1,1,17,0.6074061911236842,0.75,0.8098749214982456,0.633080819816889,0.6511604337691295,0.8366683034618217,15,2,8,12.148124632348605,1,2,5,0,0,1,1,0
fold3_0000499,sa_0005444,499,Breast,27,0,"[25,50)",AVAILABLE,1,1,1,27,0.6987420930834375,0.8148148148148148,0.8575471142387642,0.7585025144347178,0.7585025144347178,0.8677950303980342,22,5,5,18.866037370799926,0,0,4,1,3,0,2,0
fold3_0000500,sa_0005445,500,Breast,29,0,"[25,50)",AVAILABLE,1,1,1,28,0.6856801410029396,0.8421052631578947,0.8142451674409908,0.7012883190357593,0.6994149815592013,0.8605425631431244,24,4,5,19.54188483282895,1,2,2,0,0,2,2,0
fold3_0000501,sa_0005446,501,Breast,32,0,"[25,50)",AVAILABLE,1,1,1,36,0.6604383956727887,0.7647058823529411,0.8636502097259545,0.6908999228807023,0.7152030217186025,0.8642002495779197,26,10,6,22.45490631652503,3,0,2,1,3,0,6,1
fold3_0000502,sa_0005447,502,Breast,31,0,"[25,50)",AVAILABLE,1,1,1,22,0.4732917937387067,0.6037735849056604,0.783889533379733,0.4473372015271457,0.49709864603481624,0.8509495098642386,16,6,15,12.542233317965263,12,0,2,1,0,0,1,5
fold3_0000503,sa_0005448,503,Breast,22,0,"[10,25)",AVAILABLE,1,1,1,18,0.7369246651217922,0.9,0.818805183468658,0.7947081448920073,0.7947081448920073,0.888344598572808,18,0,4,14.738494121241029,0,0,4,0,0,0,0,0
fold3_0000504,sa_0005449,504,Breast,29,0,"[25,50)",AVAILABLE,1,1,1,26,0.7246643913379592,0.8727272727272727,0.830344615074745,0.726758384890915,0.7500108880275249,0.888706385943955,24,2,5,19.928271592138497,2,0,3,0,0,0,2,0
fold3_0000505,sa_0005450,505,Breast,30,0,"[25,50)",AVAILABLE,1,1,1,26,0.5814827156749195,0.75,0.7753102875665593,0.6007733848923261,0.5988602941176471,0.8294971142127895,21,5,9,16.281516814208032,4,1,3,1,0,0,3,2
fold3_0000506,sa_0005451,506,Breast,17,0,"[10,25)",AVAILABLE,1,1,1,16,0.8287115285304719,0.9696969696969697,0.8546087637970492,0.8384615384615385,0.8384615384615385,0.912213588364216,16,0,1,13.673741075361551,0,0,1,0,0,0,0,0
fold3_0000507,sa_0005452,507,Breast,22,0,"[10,25)",AVAILABLE,1,1,1,17,0.6719259599811858,0.8205128205128205,0.8189097637270701,0.6880275624461671,0.6880275624461671,0.815185222981937,16,1,6,13.102557038542887,0,0,5,1,0,0,0,1
fold3_0000508,sa_0005453,508,Breast,33,0,"[25,50)",AVAILABLE,1,1,1,27,0.6487125742434507,0.8,0.8108907178043134,0.6805185301343369,0.6854701790897639,0.8462063363119415,24,3,9,19.46137803819424,3,0,5,1,0,0,1,2
fold3_0000509,sa_0005454,509,Breast,21,0,"[10,25)",AVAILABLE,1,1,1,17,0.6106988881227047,0.7894736842105263,0.7735519249554259,0.6433503452416691,0.6405472636815921,0.8123578468536771,15,2,6,11.603279647883314,2,0,4,0,0,0,1,1
fold3_0000510,sa_0005455,510,Breast,17,0,"[10,25)",AVAILABLE,1,1,1,14,0.7219170194201242,0.9032258064516129,0.7992652715008518,0.6682334508421465,0.6682334508421465,0.8011270251232684,14,0,3,11.189714600277195,0,0,3,0,0,0,0,0
fold3_0000511,sa_0005456,511,Breast,32,0,"[25,50)",AVAILABLE,1,1,1,27,0.723901258908462,0.847457627118644,0.8542034855119852,0.747047296223717,0.7549429128376497,0.8959695334814345,25,2,7,21.355087992003117,2,0,5,0,0,0,2,0
fold3_0000512,sa_0005457,512,Breast,25,0,"[25,50)",AVAILABLE,1,1,1,25,0.6173038140133439,0.76,0.8122418605438735,0.6333047436827869,0.6192421467812368,0.8350587211831231,19,6,6,15.432596162575457,2,0,2,2,0,0,3,3
fold3_0000513,sa_0005458,513,Breast,32,0,"[25,50)",AVAILABLE,1,1,1,27,0.7235692022791284,0.8813559322033898,0.8209727487397802,0.7446424994992991,0.7533696392103472,0.8660946538804986,26,1,6,21.345292288207034,1,0,5,0,0,0,1,0
fold3_0000514,sa_0005459,514,Breast,15,0,"[10,25)",AVAILABLE,1,1,1,12,0.7227428517019512,0.8888888888888888,0.8130857081646952,0.7283128167994207,0.7283128167994207,0.8428020780961958,12,0,3,9.75702931106205,0,0,3,0,0,0,0,0
fold3_0000515,sa_0005460,515,Breast,34,0,"[25,50)",AVAILABLE,1,1,1,21,0.5020685105724674,0.6909090909090909,0.7266781074075185,0.49609446512479405,0.5654871323529411,0.8027790009295954,19,2,15,13.806884767420959,6,1,8,0,0,1,0,1
fold3_0000516,sa_0005461,516,Breast,29,0,"[25,50)",AVAILABLE,1,1,1,25,0.6952371909465623,0.8888888888888888,0.7821418398148827,0.7071346662013263,0.733172065628944,0.8607318405243036,24,1,5,18.771404937699025,1,0,4,0,0,0,1,0
fold3_0000517,sa_0005462,517,Breast,27,0,"[25,50)",AVAILABLE,1,1,1,24,0.5800275904216371,0.7058823529411765,0.8217057530973192,0.5708250497017893,0.5623165720993935,0.7955750365268212,18,6,9,14.7907043774575,2,0,6,1,2,0,3,1
fold3_0000518,sa_0005463,518,Breast,31,0,"[25,50)",AVAILABLE,1,1,1,24,0.5662782575906624,0.7636363636363637,0.7415548611306293,0.6018848985054651,0.608234045063112,0.8014376879630308,21,3,10,15.572652825298077,2,0,8,0,1,0,2,0
fold3_0000519,sa_0005464,519,Breast,30,0,"[25,50)",AVAILABLE,1,1,1,25,0.7421121521127552,0.9090909090909091,0.8163233673240307,0.7580927787512681,0.7865358592692828,0.8894960370059783,25,0,5,20.408084999424133,1,0,4,0,0,0,0,0
fold3_0000520,sa_0005465,520,Breast,24,0,"[10,25)",AVAILABLE,1,1,1,18,0.6128592060542293,0.8095238095238095,0.7570613721846361,0.6035662711119483,0.6812544547398431,0.8150754620993725,17,1,7,12.870044084200186,1,0,6,0,0,0,1,0
fold3_0000521,sa_0005466,521,Breast,15,0,"[10,25)",AVAILABLE,1,1,1,12,0.3799002465408607,0.5185185185185185,0.7326647611859457,0.4590038314176245,0.4565041745219499,0.6862056213017751,7,5,8,5.128654060966381,2,0,5,1,3,0,0,2
fold3_0000522,sa_0005467,522,Breast,15,0,"[10,25)",AVAILABLE,1,1,1,10,0.4866908408441619,0.64,0.760454438819003,0.5200880572372042,0.5357741086384302,0.7362106575257089,8,2,7,6.083636271006462,3,0,4,0,0,0,1,1
fold3_0000523,sa_0005468,523,Breast,25,0,"[25,50)",AVAILABLE,1,1,1,16,0.57114905003131,0.7317073170731707,0.7805703683761237,0.6297126924475694,0.6297126924475694,0.7888570684717522,15,1,10,11.708556306212223,0,1,9,0,0,1,0,0
fold3_0000524,sa_0005469,524,Breast,19,0,"[10,25)",AVAILABLE,1,1,1,14,0.5166677003568305,0.6666666666666666,0.7750015505352459,0.49658455806251295,0.49658455806251295,0.6636237897648686,11,3,8,8.525017830889254,0,0,7,1,0,0,2,1
fold3_0000525,sa_0005470,525,Breast,23,0,"[10,25)",AVAILABLE,1,1,1,23,0.72659880930943,0.9130434782608695,0.7957986959103281,0.741502859772533,0.741502859772533,0.8593431483578708,21,2,2,16.711773409915587,0,0,2,0,1,0,1,0
fold3_0000526,sa_0005471,526,Breast,17,0,"[10,25)",AVAILABLE,1,1,1,19,0.5479034251481605,0.7222222222222222,0.7586355117436068,0.5432923127862701,0.5711452950366542,0.7824989482541018,13,6,4,9.8622624113024,1,0,1,2,5,0,1,0
fold3_0000527,sa_0005472,527,Breast,22,0,"[10,25)",AVAILABLE,1,1,1,16,0.7266842933288297,0.8421052631578947,0.8629375983279852,0.743632205662014,0.743632205662014,0.8529691103975396,16,0,6,13.807002436185362,0,0,6,0,0,0,0,0
fold3_0000528,sa_0005473,528,Breast,9,0,"[1,10)",AVAILABLE,1,1,1,6,0.4204634884324459,0.5333333333333333,0.7883690408108361,0.4640781213671239,0.4640781213671239,0.6339526758774019,4,2,5,3.1534769516123853,0,0,4,1,0,0,1,1
fold3_0000529,sa_0005474,529,Breast,7,0,"[1,10)",AVAILABLE,1,1,1,3,0.3377362230928406,0.4,0.8443405577321015,0.3912301655007678,0.3912301655007678,0.5624233505028207,2,1,5,1.6886819598047609,0,0,4,1,0,0,0,1
fold3_0000530,sa_0005475,530,Breast,9,0,"[1,10)",AVAILABLE,1,1,1,4,0.4938588431438169,0.6153846153846154,0.8025206201087024,0.41945012497159734,0.41945012497159734,0.5910036817672483,4,0,5,3.2100832829554298,0,0,5,0,0,0,0,0
fold3_0000531,sa_0005476,531,Breast,21,0,"[10,25)",AVAILABLE,1,1,1,10,0.512704438987197,0.6451612903225806,0.7946918804301554,0.5109322805952019,0.5109322805952019,0.6779218169028238,10,0,11,7.946919598993434,0,0,11,0,0,0,0,0
fold3_0000532,sa_0005477,532,Breast,27,0,"[25,50)",AVAILABLE,1,1,1,19,0.5609918834235391,0.7391304347826086,0.7589890187494941,0.6066031967857455,0.606033072869344,0.7911292147544693,17,2,10,12.902814077730419,2,0,8,0,0,0,1,1
fold3_0000533,sa_0005478,533,Breast,28,0,"[25,50)",AVAILABLE,1,1,1,23,0.7340107804377188,0.9019607843137255,0.8137945609200795,0.7507604562737643,0.7507604562737643,0.859702464979911,23,0,5,18.71727571495639,0,0,5,0,0,0,0,0
fold3_0000534,sa_0005479,534,Breast,13,0,"[10,25)",AVAILABLE,1,1,1,6,0.5093460384573946,0.631578947368421,0.8064645608908748,0.5613964686998395,0.5613964686998395,0.7190953482395271,6,0,7,4.83878817180981,0,0,7,0,0,0,0,0
fold3_0000535,sa_0005480,535,Breast,11,0,"[10,25)",AVAILABLE,1,1,1,9,0.6717416666044875,0.8,0.8396770832556094,0.654474350126524,0.654474350126524,0.7911568409343716,8,1,3,6.717417505721958,0,0,3,0,0,0,1,0
fold3_0000536,sa_0005481,536,Breast,17,0,"[10,25)",AVAILABLE,1,1,1,10,0.5549604409777629,0.7407407407407407,0.7491965953199798,0.5022522522522522,0.5288018433179723,0.7682204758316288,10,0,7,7.491966702396393,2,0,5,0,0,0,0,0
fold3_0000537,sa_0005482,537,Breast,38,0,"[25,50)",AVAILABLE,1,1,1,33,0.6715269595662524,0.8732394366197183,0.7690066795032892,0.6644003263530052,0.6644003263530052,0.8000653594771242,31,2,7,23.839207833608643,0,0,6,1,0,0,1,1
fold3_0000538,sa_0005483,538,Breast,31,0,"[25,50)",AVAILABLE,1,1,1,27,0.5298677249288412,0.6896551724137931,0.7683082011468196,0.514893828633945,0.5365853658536586,0.7880611988964134,20,7,11,15.366164791244595,4,0,6,1,3,0,3,1
fold3_0000539,sa_0005484,539,Breast,25,0,"[25,50)",AVAILABLE,1,1,1,14,0.5239620341545612,0.6666666666666666,0.7859430512318418,0.5182816078338467,0.5586072060329578,0.7840630786691356,13,1,12,10.217260451956994,5,0,7,0,0,0,0,1
fold3_0000540,sa_0005485,540,Breast,13,0,"[10,25)",AVAILABLE,1,1,1,10,0.6516242742644135,0.782608695652174,0.8326310171156395,0.6813755956080381,0.6813755956080381,0.8104977821586988,9,1,4,7.493679986671772,0,0,4,0,0,0,1,0
fold3_0000541,sa_0005486,541,Breast,12,0,"[10,25)",AVAILABLE,1,1,1,10,0.42250676735024173,0.5454545454545454,0.7745957401421099,0.49505515405096995,0.49505515405096995,0.7004197939193487,6,4,6,4.647575215448399,0,0,5,1,2,0,2,0
fold3_0000542,sa_0005487,542,Breast,26,0,"[25,50)",AVAILABLE,1,1,1,20,0.5797469415825094,0.782608695652174,0.740787758688762,0.612179097213773,0.612179097213773,0.7594430398852874,18,2,8,13.334180397185476,0,0,8,0,0,0,2,0
fold3_0000543,sa_0005488,543,Breast,14,0,"[10,25)",AVAILABLE,1,1,1,18,0.5410865530463812,0.625,0.8657384848742099,0.47058823529411764,0.47058823529411764,0.6681411764705882,10,8,4,8.657385714480583,0,0,3,1,2,0,6,0
fold3_0000544,sa_0005489,544,Breast,13,0,"[10,25)",AVAILABLE,1,1,1,12,0.5152732478895047,0.64,0.805114449827351,0.49755207036760435,0.49755207036760435,0.6736853770709813,8,4,5,6.440916403733257,0,0,5,0,1,0,3,0
fold3_0000545,sa_0005490,545,Breast,31,0,"[25,50)",AVAILABLE,1,1,1,19,0.42097218650618135,0.52,0.8095618971272718,0.3915135608048994,0.43047771550573793,0.8413246268656717,13,6,18,10.52430547221643,7,6,4,1,0,2,1,3
fold3_0000546,NOT_FOUND,546,Breast,0,1,"[0,1)",NOT_EVALUATED,0,0,0,NOT_EVALUATED,NOT_EVALUATED,NOT_EVALUATED,NOT_EVALUATED,NOT_EVALUATED,NOT_EVALUATED,NOT_EVALUATED,NOT_EVALUATED,NOT_EVALUATED,NOT_EVALUATED,NOT_EVALUATED,NOT_EVALUATED,NOT_EVALUATED,NOT_EVALUATED,NOT_EVALUATED,NOT_EVALUATED,NOT_EVALUATED,NOT_EVALUATED,NOT_EVALUATED
fold3_0000547,sa_0005491,547,Breast,26,0,"[25,50)",AVAILABLE,1,1,1,17,0.4828820991356276,0.6976744186046512,0.6921310087610661,0.42865187521117243,0.4723672928521319,0.8125363968447245,15,2,11,10.381965823547,4,5,2,0,0,1,0,1
fold3_0000548,sa_0005492,548,Breast,50,0,"[50,+inf)",AVAILABLE,1,1,1,22,0.13279953988602494,0.19444444444444445,0.6829690622709854,0.17975637225077348,0.24584988288013035,0.7779503528706504,7,15,43,4.78078411886596,16,24,2,1,0,8,1,6
fold3_0000549,sa_0005493,549,Breast,22,0,"[10,25)",AVAILABLE,1,1,1,11,0.12527421977259562,0.18181818181818182,0.6890082087492759,0.16680194805194806,0.21621243885394828,0.7138588830153988,3,8,19,2.0670253152560365,14,5,0,0,0,2,2,4
fold3_0000550,sa_0005494,550,Breast,1,0,"[1,10)",AVAILABLE,1,1,1,1,0.7625563150692558,1.0,0.7625563150692558,0.7625570776255708,0.7625570776255708,0.8652849740932642,1,0,0,0.7625570776255708,0,0,0,0,0,0,0,0
fold3_0000551,sa_0005495,551,Breast,3,0,"[1,10)",AVAILABLE,1,1,1,2,0.5885957250673876,0.8,0.7357446563342344,0.7046193884189981,0.7046193884189981,0.8267175572519084,2,0,1,1.4714900484131253,0,0,1,0,0,0,0,0
fold3_0000552,sa_0005496,552,Breast,13,0,"[10,25)",AVAILABLE,1,1,1,9,0.4767242130491071,0.6363636363636364,0.7491380490771683,0.5272348606215956,0.535876655465507,0.8471042471042471,7,2,6,5.243967092678227,5,0,1,0,0,0,0,2
fold3_0000553,sa_0005497,553,Breast,39,0,"[25,50)",AVAILABLE,1,1,1,28,0.45175546406346817,0.5970149253731343,0.7566904023063092,0.42814475776734806,0.4765024209626887,0.8539351851851852,20,8,19,15.133808802816588,15,3,1,0,0,1,2,5
fold3_0000554,sa_0005498,554,Breast,36,0,"[25,50)",AVAILABLE,1,1,1,28,0.5280374093026935,0.6875,0.7680544135311905,0.5189619581244471,0.5434165917110635,0.8077285157125565,22,6,14,16.897197865740605,3,6,5,0,1,3,1,1
fold3_0000555,sa_0005499,555,Breast,12,0,"[10,25)",AVAILABLE,1,1,1,8,0.41774246449015334,0.6,0.6962374408169223,0.4782608695652174,0.5046545810877021,0.8567241940735917,6,2,6,4.177425341138974,3,3,0,0,0,1,0,1
fold3_0000556,sa_0005500,556,Breast,62,0,"[50,+inf)",AVAILABLE,1,1,1,44,0.594696693468724,0.7735849056603774,0.7687542622888383,0.6236936819738953,0.6369159554462607,0.8532461411570638,41,3,21,31.51892552259663,5,4,12,0,0,1,0,2
fold3_0000557,sa_0005501,557,Breast,28,0,"[25,50)",AVAILABLE,1,1,1,19,0.39202601010359084,0.5531914893617021,0.708662402879568,0.3992074130194067,0.4867225408028231,0.8139093282696416,13,6,15,9.212611946096787,8,6,1,0,0,2,0,4
fold3_0000558,sa_0005502,558,Breast,25,0,"[25,50)",AVAILABLE,1,1,1,12,0.19726380868218796,0.2702702702702703,0.7298760921240954,0.3244500701310253,0.34719463753723934,0.875794711139777,5,7,20,3.649381190496569,5,14,1,0,0,5,0,2
fold3_0000559,sa_0005503,559,Breast,3,0,"[1,10)",AVAILABLE,1,1,1,4,0.7312002104886333,0.8571428571428571,0.8530669122367389,0.6630925507900677,0.6630925507900677,0.7974211062097047,3,1,0,2.559201589777129,0,0,0,0,0,0,1,0
fold3_0000560,sa_0005504,560,Breast,2,0,"[1,10)",AVAILABLE,1,1,1,3,0.7055417814874239,0.8,0.8819272268592798,0.7791095890410958,0.7791095890410958,0.875842155919153,2,1,0,1.7638553356457867,0,0,0,0,0,0,1,0
fold3_0000561,sa_0005505,561,Breast,15,0,"[10,25)",AVAILABLE,1,1,1,10,0.6206704244872528,0.72,0.8620422562322956,0.6638276553106213,0.6971996386630533,0.8482009793485203,9,1,6,7.758381168132916,0,1,4,1,0,0,0,1
fold3_0000562,sa_0005506,562,Breast,14,0,"[10,25)",AVAILABLE,1,1,1,11,0.6127379491269237,0.8,0.7659224364086545,0.6225319396051103,0.6136527377521613,0.8407188302265878,10,1,4,7.6592251300089815,0,1,3,0,0,0,1,0
fold3_0000563,sa_0005507,563,Breast,56,0,"[50,+inf)",AVAILABLE,1,1,1,40,0.47642668373900054,0.625,0.7622826939824009,0.4806496493370056,0.5331196581196581,0.8485813837730214,30,10,26,22.868481581754722,12,10,4,0,0,5,1,4
fold3_0000564,sa_0005508,564,Breast,46,0,"[25,50)",AVAILABLE,1,1,1,20,0.2541996748881826,0.3333333333333333,0.762599024664548,0.21857271740293896,0.3039174946167504,0.8311507706570865,11,9,35,8.388590033909052,21,9,4,1,0,3,0,6
fold3_0000565,sa_0005509,565,Breast,5,0,"[1,10)",AVAILABLE,1,1,1,2,0.1639749913045118,0.2857142857142857,0.5739124695657913,0.349468085106383,0.36669921875,0.9389067524115756,1,1,4,0.5739130434782609,4,0,0,0,0,0,0,1
fold3_0000566,sa_0005510,566,Breast,6,0,"[1,10)",AVAILABLE,1,1,1,3,0.5864315380314771,0.6666666666666666,0.8796473070472157,0.5364856976065382,0.5364856976065382,0.6983282674772037,3,0,3,2.6389428007889544,0,0,3,0,0,0,0,0
fold3_0000567,sa_0005511,567,Breast,31,0,"[25,50)",AVAILABLE,1,1,1,22,0.4464061849053409,0.5660377358490566,0.7886509266661023,0.3356876497172351,0.4341884862911046,0.8457093680845832,15,7,16,11.82976468864246,4,11,0,1,0,4,1,2
fold3_0000568,sa_0005512,568,Breast,26,0,"[25,50)",AVAILABLE,1,1,1,19,0.5269326383034154,0.6222222222222222,0.8468560258447748,0.4757834757834758,0.518293228374631,0.8088139987038238,14,5,12,11.855985208682872,0,9,3,0,0,3,2,0
fold3_0000569,sa_0005513,569,Breast,31,0,"[25,50)",AVAILABLE,1,1,1,20,0.38445695688010345,0.5098039215686274,0.7541271077263568,0.4064751922214943,0.4394264848029213,0.8946092146987502,13,7,18,9.803653154569746,7,11,0,0,0,4,0,3
fold3_0000570,sa_0005514,570,Breast,24,0,"[10,25)",AVAILABLE,1,1,1,13,0.2731088641504745,0.3783783783783784,0.7217877123976825,0.3257293662557391,0.3587805652588123,0.8449097877909695,7,6,17,5.05251470857149,7,9,1,0,0,4,0,2
fold3_0000571,sa_0005515,571,Breast,31,0,"[25,50)",AVAILABLE,1,1,1,25,0.38814958288164464,0.5357142857142857,0.7245458880457367,0.42028239446977494,0.452769187517571,0.8107079503305918,15,10,16,10.868189045231938,3,9,2,2,2,5,1,2
fold3_0000572,sa_0005516,572,Breast,80,0,"[50,+inf)",AVAILABLE,1,1,1,47,0.4220417832100164,0.5511811023622047,0.7657043781096011,0.4099589363313798,0.48695441612688417,0.8512396694214877,35,12,45,26.799653999540414,18,18,9,0,0,6,1,5
fold3_0000573,sa_0005517,573,Breast,7,0,"[1,10)",AVAILABLE,1,1,1,4,0.604170288955696,0.7272727272727273,0.830734147314082,0.6095238095238096,0.6095238095238096,0.757396449704142,4,0,3,3.3229374199904753,0,0,3,0,0,0,0,0
fold3_0000574,sa_0005518,574,Breast,22,0,"[10,25)",AVAILABLE,1,1,1,12,0.5854956703775259,0.7058823529411765,0.829452199701495,0.5732441471571906,0.5847795163584637,0.7692307692307693,12,0,10,9.953427225870138,1,0,9,0,0,0,0,0
fold3_0000575,sa_0005519,575,Breast,21,0,"[10,25)",AVAILABLE,1,1,1,12,0.3395448215474188,0.48484848484848486,0.7003111944415512,0.38595968622778276,0.4092758964908239,0.850869067727347,8,4,13,5.602490255843604,6,6,1,0,0,2,0,2
fold3_0000576,sa_0005520,576,Breast,65,0,"[50,+inf)",AVAILABLE,1,1,1,49,0.48131587582654,0.6140350877192983,0.7838572834889366,0.46820387307312467,0.5282182835820896,0.8467495803448802,35,14,30,27.435005705970063,8,20,2,0,0,11,0,3
fold3_0000577,sa_0005521,577,Breast,59,0,"[50,+inf)",AVAILABLE,1,1,1,35,0.39642879443435236,0.5106382978723404,0.7763397224339401,0.3338937457969065,0.42335842743621915,0.8387080976517545,24,11,35,18.632154114754286,15,17,3,0,0,6,1,4
fold3_0000578,sa_0005522,578,Breast,14,0,"[10,25)",AVAILABLE,1,1,1,10,0.7557156181869041,0.8333333333333334,0.9068587418242849,0.7763899323816679,0.7763899323816679,0.8741210679355009,10,0,4,9.06858832510159,0,0,4,0,0,0,0,0
fold3_0000579,sa_0005523,579,Breast,22,0,"[10,25)",AVAILABLE,1,1,1,14,0.6624074568318776,0.7777777777777778,0.851666730212414,0.7056971085027197,0.7056971085027197,0.8274588788183954,14,0,8,11.923335074640526,0,0,8,0,0,0,0,0
fold3_0000580,sa_0005524,580,Breast,10,0,"[10,25)",AVAILABLE,1,1,1,9,0.5718097327025172,0.7368421052631579,0.7760274943819877,0.6568544995794785,0.6568544995794785,0.8548223350253807,7,2,3,5.4321932367014085,0,0,2,1,2,0,0,0
fold3_0000581,sa_0005525,581,Breast,41,0,"[25,50)",AVAILABLE,1,1,1,27,0.49882701224762827,0.6470588235294118,0.7709144734736073,0.46644128467733914,0.5258411214953271,0.8726303861819741,22,5,19,16.960119187333834,5,10,4,0,0,4,0,1
fold3_0000582,sa_0005526,582,Breast,21,0,"[10,25)",AVAILABLE,1,1,1,16,0.6796550845767522,0.8648648648648649,0.7858511915418697,0.6761707550175216,0.7275068681318682,0.8438524997515158,16,0,5,12.573619850521107,2,0,3,0,0,0,0,0
fold3_0000583,sa_0005527,583,Breast,71,0,"[50,+inf)",AVAILABLE,1,1,1,58,0.5969647810761003,0.7596899224806202,0.7858005791716014,0.5489020421759295,0.5878403580753451,0.8573721713256597,49,9,22,38.50422916520905,5,13,4,0,0,6,1,2
fold3_0000584,sa_0005528,584,Breast,14,0,"[10,25)",AVAILABLE,1,1,1,13,0.645813940622596,0.8148148148148148,0.7925898362186405,0.6166096341142406,0.6166096341142406,0.7628429536758121,11,2,3,8.718488990994882,0,0,2,1,0,0,1,1
fold3_0000585,sa_0005529,585,Breast,6,0,"[1,10)",AVAILABLE,1,1,1,6,0.8393716217693425,1.0,0.8393716217693425,0.837953795379538,0.837953795379538,0.9118333632609086,6,0,0,5.036230569987677,0,0,0,0,0,0,0,0
fold3_0000586,sa_0005530,586,Breast,11,0,"[10,25)",AVAILABLE,1,1,1,9,0.5926041588471231,0.7,0.8465773697816045,0.6562814070351759,0.6934029425723778,0.8540732436472347,7,2,4,5.926042435048601,3,0,0,1,0,0,0,2
fold3_0000587,sa_0005531,587,Breast,13,0,"[10,25)",AVAILABLE,1,1,1,8,0.5806804910029228,0.7619047619047619,0.7621431444413364,0.6423704315506917,0.6520255863539446,0.8030459473412493,8,0,5,6.097145917673835,1,0,4,0,0,0,0,0
fold3_0000588,sa_0005532,588,Breast,19,0,"[10,25)",AVAILABLE,1,1,1,15,0.6727067649828742,0.8235294117647058,0.8168582146220615,0.5444487130234344,0.5444487130234344,0.7059350281080543,14,1,5,11.436015821567075,0,0,4,1,0,0,0,1
fold3_0000589,sa_0005533,589,Breast,6,0,"[1,10)",AVAILABLE,1,1,1,4,0.5342316838877103,0.6,0.8903861398128504,0.6284537725823592,0.5922651933701657,0.9380390601764648,3,1,3,2.671159309824691,2,0,1,0,0,0,0,1
fold3_0000590,sa_0005534,590,Breast,8,0,"[1,10)",AVAILABLE,1,1,1,6,0.5892548136932984,0.7142857142857143,0.8249567391706177,0.32688973091002504,0.32688973091002504,0.4927157446396593,5,1,3,4.124784520809828,0,0,2,1,0,0,0,1
fold3_0000591,sa_0005535,591,Breast,9,0,"[1,10)",AVAILABLE,1,1,1,6,0.599887627203683,0.8,0.7498595340046038,0.6089803554724041,0.6089803554724041,0.7569767441860465,6,0,3,4.499157953887157,0,0,3,0,0,0,0,0
fold3_0000592,sa_0005536,592,Breast,1,0,"[1,10)",AVAILABLE,1,1,1,1,0.7642849500007644,1.0,0.7642849500007644,0.7642857142857142,0.7642857142857142,0.8663967611336032,1,0,0,0.7642857142857142,0,0,0,0,0,0,0,0
fold3_0000593,sa_0005537,593,Breast,1,0,"[1,10)",AVAILABLE,1,1,1,1,0.8832635795463378,1.0,0.8832635795463378,0.8832644628099173,0.8832644628099173,0.9380142622051564,1,0,0,0.8832644628099173,0,0,0,0,0,0,0,0
fold3_0000594,sa_0005538,594,Breast,13,0,"[10,25)",AVAILABLE,1,1,1,6,0.33654129101775127,0.42105263157894735,0.7992855661671593,0.4155674971503013,0.391025641025641,0.7127496159754224,4,2,9,3.1971430639542033,4,0,5,0,0,0,0,2
fold3_0000595,sa_0005539,595,Breast,2,0,"[1,10)",AVAILABLE,1,1,1,2,0.831472798549315,1.0,0.831472798549315,0.8313432835820895,0.8313432835820895,0.9079054604726976,2,0,0,1.6629464285714286,0,0,0,0,0,0,0,0
fold3_0000596,sa_0005540,596,Breast,16,0,"[10,25)",AVAILABLE,1,1,1,12,0.6185196332587892,0.7857142857142857,0.7872068059657318,0.6498868778280543,0.6498868778280543,0.7877956804936579,11,1,5,8.659275652829855,0,0,5,0,0,0,1,0
fold3_0000597,sa_0005541,597,Breast,10,0,"[10,25)",AVAILABLE,1,1,1,7,0.676062489834005,0.8235294117647058,0.8209330233698632,0.726962457337884,0.726962457337884,0.841897233201581,7,0,3,5.746531984522066,0,0,3,0,0,0,0,0
fold3_0000598,sa_0005542,598,Breast,9,0,"[1,10)",AVAILABLE,1,1,1,7,0.5765438818649594,0.75,0.7687251758199459,0.7293399889073766,0.7293399889073766,0.8434894162924952,6,1,3,4.612351823644851,0,0,3,0,0,0,1,0
fold3_0000599,sa_0005543,599,Breast,8,0,"[1,10)",AVAILABLE,1,1,1,7,0.5465642564777116,0.6666666666666666,0.8198463847165675,0.6565200314218381,0.6565200314218381,0.7926496739774748,5,2,3,4.099232743429222,0,0,3,0,0,0,2,0
fold3_0000600,sa_0005544,600,Breast,15,0,"[10,25)",AVAILABLE,1,1,1,14,0.5966431329591653,0.7586206896551724,0.7864841298098088,0.504066376406802,0.504066376406802,0.6825058714293517,11,3,4,8.651326214392025,0,0,4,0,0,0,3,0
fold3_0000601,sa_0005545,601,Breast,12,0,"[10,25)",AVAILABLE,1,1,1,11,0.6740139104518337,0.782608695652174,0.8612399966884541,0.838500053265154,0.838500053265154,0.9229342913431452,9,2,3,7.751160831436083,0,0,2,1,2,0,0,0
fold3_0000602,sa_0005546,602,Breast,28,0,"[25,50)",AVAILABLE,1,1,1,23,0.6516298693871003,0.7843137254901961,0.8308280834685529,0.6855094213773554,0.6896611742863773,0.8469594478590805,20,3,8,16.61656250019914,1,0,5,2,0,0,1,2
fold3_0000603,sa_0005547,603,Breast,27,0,"[25,50)",AVAILABLE,1,1,1,24,0.7565763053295923,0.9019607843137255,0.8388128602567219,0.764751477570003,0.769882068339885,0.8990261404407995,23,1,4,19.292696624717465,2,0,2,0,0,0,0,1
fold3_0000604,sa_0005548,604,Breast,5,0,"[1,10)",AVAILABLE,1,1,1,5,0.8623554807717096,1.0,0.8623554807717096,0.893667390017755,0.893667390017755,0.9438483175330764,5,0,0,4.311778266214029,0,0,0,0,0,0,0,0
fold3_0000605,sa_0005549,605,Breast,4,0,"[1,10)",AVAILABLE,1,1,1,5,0.712594993460501,0.8888888888888888,0.8016693676430637,0.6608325449385052,0.6608325449385052,0.7957846767302763,4,1,0,3.2066782722416227,0,0,0,0,0,0,1,0
fold3_0000606,sa_0005550,606,Breast,13,0,"[10,25)",AVAILABLE,1,1,1,11,0.7464967510342273,0.9166666666666666,0.814360092037339,0.7711571675302246,0.7711571675302246,0.870794734275963,11,0,2,8.95796182677082,0,0,2,0,0,0,0,0
fold3_0000607,sa_0005551,607,Breast,32,0,"[25,50)",AVAILABLE,1,1,1,26,0.6279479780523547,0.8275862068965517,0.7587704734799287,0.5965009719522355,0.6284222305110033,0.7889504787209676,24,2,8,18.210492122288763,1,1,6,0,1,0,1,0
fold3_0000608,sa_0005552,608,Breast,40,0,"[25,50)",AVAILABLE,1,1,1,32,0.5016546984673126,0.6388888888888888,0.7851986584705762,0.5666107206545683,0.5661448374760994,0.8372820571515776,23,9,17,18.05956993002191,8,2,7,0,1,1,3,4
fold3_0000609,sa_0005553,609,Breast,43,0,"[25,50)",AVAILABLE,1,1,1,36,0.5791150546910812,0.759493670886076,0.7625014886765901,0.6016564899341031,0.6031269942565411,0.822897177660125,30,6,13,22.875045422799193,2,3,7,1,0,4,1,1
fold3_0000610,sa_0005554,610,Breast,12,0,"[10,25)",AVAILABLE,1,1,1,9,0.6558580328434782,0.8571428571428571,0.765167704984058,0.6602376777712838,0.6813827571845065,0.8394847659152836,9,0,3,6.886510110024226,1,0,2,0,0,0,0,0
fold3_0000611,sa_0005555,611,Breast,20,0,"[10,25)",AVAILABLE,1,1,1,20,0.7072651561679101,0.85,0.8320766543151883,0.743755978318631,0.7399514134275619,0.888240147236149,17,3,3,14.145303955434857,2,0,0,1,0,0,1,2
fold3_0000612,sa_0005556,612,Breast,14,0,"[10,25)",AVAILABLE,1,1,1,16,0.6548610326871012,0.8,0.8185762908588764,0.6097228974234322,0.6292808219178082,0.8238307934839727,12,4,2,9.822916308882807,1,0,1,0,0,0,4,0
fold3_0000613,sa_0005557,613,Breast,13,0,"[10,25)",AVAILABLE,1,1,1,20,0.42282736748552624,0.6060606060606061,0.6976651563511183,0.4838849658763659,0.4838849658763659,0.7418317160707165,10,10,3,6.976652261176338,0,0,2,1,4,0,6,0
fold3_0000614,sa_0005558,614,Breast,16,0,"[10,25)",AVAILABLE,1,1,1,19,0.4342421220330233,0.5714285714285714,0.7599237135577909,0.4784252086374013,0.4784252086374013,0.6475635995443615,10,9,6,7.599237895501622,0,0,3,3,1,0,5,3
fold3_0000615,sa_0005559,615,Breast,16,0,"[10,25)",AVAILABLE,1,1,1,18,0.24150970393931703,0.35294117647058826,0.6842774944947315,0.41375629749807874,0.4116840615602335,0.6125747940227436,6,12,10,4.105665651245884,2,1,4,3,1,1,6,4
fold3_0000616,sa_0005560,616,Breast,9,0,"[1,10)",AVAILABLE,1,1,1,6,0.5379731250442027,0.6666666666666666,0.8069596875663041,0.48683457355466514,0.4784955304435824,0.7761806981519507,5,1,4,4.034799244791208,2,0,2,0,0,0,0,1
fold3_0000617,sa_0005561,617,Breast,7,0,"[1,10)",AVAILABLE,1,1,1,8,0.38278749388549954,0.5333333333333333,0.7177265510353117,0.43030927835051547,0.43030927835051547,0.601701023497189,4,4,3,2.870906921867798,0,0,2,1,0,0,3,1
fold3_0000618,sa_0005562,618,Breast,11,0,"[10,25)",AVAILABLE,1,1,1,11,0.5036546251687223,0.6363636363636364,0.7914572681222779,0.5365978720676836,0.5365978720676836,0.7042629515308251,7,4,4,5.540201668313213,0,0,3,1,1,0,2,1
fold3_0000619,sa_0005563,619,Breast,13,0,"[10,25)",AVAILABLE,1,1,1,20,0.3369112102827125,0.42424242424242425,0.7941478528092508,0.47988550208881325,0.47988550208881325,0.7052642584557478,7,13,6,5.559035763812608,0,1,1,4,4,3,4,2
fold3_0000620,sa_0005564,620,Breast,9,0,"[1,10)",AVAILABLE,1,1,1,8,0.8209686556308355,0.9411764705882353,0.8722791966077628,0.8469881851636646,0.8469881851636646,0.9171560402684564,8,0,1,6.978234445141298,0,0,1,0,0,0,0,0
fold3_0000621,sa_0005565,621,Breast,11,0,"[10,25)",AVAILABLE,1,1,1,13,0.4087755324006589,0.5,0.8175510648013178,0.39418541714992655,0.39444444444444443,0.6879942914907534,6,7,5,4.905307206358971,3,0,1,1,2,0,4,1
fold3_0000622,sa_0005566,622,Breast,17,0,"[10,25)",AVAILABLE,1,1,1,14,0.5959364095543043,0.7096774193548387,0.8397285770992469,0.5617885513061993,0.5882453882453882,0.741180919453298,11,3,6,9.237015187820292,1,0,5,0,0,0,3,0
fold3_0000623,sa_0005567,623,Breast,19,0,"[10,25)",AVAILABLE,1,1,1,18,0.6136541915030643,0.7567567567567568,0.8109001816290493,0.6605741197577932,0.6778726122046101,0.8154197522319884,14,4,5,11.352603353706872,1,0,4,0,0,0,4,0
fold3_0000624,sa_0005568,624,Breast,22,0,"[10,25)",AVAILABLE,1,1,1,19,0.5411020608930777,0.7317073170731707,0.7395061498872062,0.5528344671201814,0.608271020906455,0.8104184457728437,15,4,7,11.092592987814243,4,0,2,1,0,0,2,2
fold3_0000625,sa_0005569,625,Breast,14,0,"[10,25)",AVAILABLE,1,1,1,15,0.5801293826598742,0.7586206896551724,0.7647160044152889,0.5889681173674289,0.6079016980971073,0.7627235578198801,11,4,3,8.41187681328418,1,0,1,1,0,0,3,1
fold3_0000626,sa_0005570,626,Breast,21,0,"[10,25)",AVAILABLE,1,1,1,17,0.5353047424062497,0.6842105263157895,0.7823684696706726,0.5933854690025776,0.5844662135145942,0.8568544571320421,13,4,8,10.170790888087213,4,0,3,1,0,0,2,2
fold3_0000627,sa_0005571,627,Breast,19,0,"[10,25)",AVAILABLE,1,1,1,16,0.5916133897610215,0.6857142857142857,0.8627695267348231,0.6974692136138854,0.6936255594999228,0.8740241198092287,12,4,7,10.353235183587403,1,0,5,1,0,0,3,1
fold3_0000628,sa_0005572,628,Breast,25,0,"[25,50)",AVAILABLE,1,1,1,24,0.6252095073722229,0.7755102040816326,0.8061912068747086,0.6752353080756149,0.6752353080756149,0.8069877242681776,19,5,6,15.31763373681067,0,0,5,1,0,0,4,1
fold3_0000629,sa_0005573,629,Breast,16,0,"[10,25)",AVAILABLE,1,1,1,17,0.6574684450798466,0.7878787878787878,0.8344791802936514,0.6944619540747411,0.6944619540747411,0.8196843280012754,13,4,3,10.848230178296648,0,0,3,0,0,0,4,0
fold3_0000630,sa_0005574,630,Breast,30,0,"[25,50)",AVAILABLE,1,1,1,22,0.5555491032528305,0.6923076923076923,0.8024598158096441,0.5411674024244972,0.5885800269264275,0.7700284161722918,18,4,12,14.44427748703341,2,0,10,0,0,0,4,0
fold3_0000631,sa_0005575,631,Breast,28,0,"[25,50)",AVAILABLE,1,1,1,27,0.6422419665569801,0.8,0.802802458196225,0.6342636022514071,0.6415649452269171,0.8470866381940207,22,5,6,17.661654883119407,2,2,2,0,1,1,2,1
fold3_0000632,sa_0005576,632,Breast,17,0,"[10,25)",AVAILABLE,1,1,1,15,0.5708971223820735,0.75,0.761196163176098,0.5565991790162109,0.590623691921306,0.8587368421052631,12,3,5,9.134354719309338,4,0,1,0,1,0,1,1
fold3_0000633,sa_0005577,633,Breast,19,0,"[10,25)",AVAILABLE,1,1,1,17,0.7541691108995597,0.8888888888888888,0.8484402497620047,0.8074904751635397,0.8074904751635397,0.8965956092904868,16,1,3,13.575044844632327,0,0,3,0,1,0,0,0
fold3_0000634,sa_0005578,634,Breast,22,0,"[10,25)",AVAILABLE,1,1,1,17,0.6999828973585052,0.8205128205128205,0.8531041561556781,0.7438724283886209,0.7553852526926264,0.8916814159292036,16,1,6,13.649667351595006,1,0,5,0,0,0,1,0
fold3_0000635,sa_0005579,635,Breast,26,0,"[25,50)",AVAILABLE,1,1,1,24,0.8335642886530259,0.96,0.8682961340135686,0.8525587164406033,0.8525587164406033,0.9208440422453079,24,0,2,20.83910808462178,0,0,2,0,0,0,0,0
fold3_0000636,sa_0005580,636,Breast,26,0,"[25,50)",AVAILABLE,1,1,1,21,0.6590500044947198,0.8085106382978723,0.815140795032943,0.6030553573676921,0.6551605278707898,0.855621336982715,19,2,7,15.487675920766714,4,0,3,0,0,0,1,1
fold3_0000637,sa_0005581,637,Breast,30,0,"[25,50)",AVAILABLE,1,1,1,28,0.7499012874915736,0.896551724137931,0.8364283591252166,0.7262215734480639,0.763682208994709,0.8920242810603042,26,2,4,21.747138173683993,1,0,3,0,1,0,1,0
fold3_0000638,sa_0005582,638,Breast,19,0,"[10,25)",AVAILABLE,1,1,1,16,0.4856778225374875,0.6285714285714286,0.772669263127821,0.4614170120386817,0.5568223276176578,0.8350811412502197,11,5,8,8.499362667075294,3,2,3,0,0,1,3,1
fold3_0000639,sa_0005583,639,Breast,13,0,"[10,25)",AVAILABLE,1,1,1,12,0.6798955807292543,0.88,0.7726086144650617,0.6926179203927757,0.6926179203927757,0.840982078110432,11,1,2,8.498695531724293,0,0,2,0,1,0,0,0
fold3_0000640,sa_0005584,640,Breast,38,0,"[25,50)",AVAILABLE,1,1,1,33,0.4480693604644559,0.5633802816901409,0.7953231148244092,0.46943185188323516,0.5083426028921023,0.7883831998876246,20,13,18,15.9064630918113,10,3,4,1,0,2,7,4
fold3_0000641,sa_0005585,641,Breast,9,0,"[1,10)",AVAILABLE,1,1,1,10,0.5670454695326183,0.7368421052631579,0.7695617086514105,0.541780367283723,0.548400294574912,0.779791787771495,7,3,2,5.386932730121583,1,0,1,0,0,0,3,0
fold3_0000642,sa_0005586,642,Breast,7,0,"[1,10)",AVAILABLE,1,1,1,8,0.6666998421619903,0.8,0.8333748027024879,0.7015165749563816,0.7015165749563816,0.8245780091497081,6,2,1,5.00024964958973,0,0,1,0,0,0,2,0
fold3_0000643,sa_0005587,643,Breast,16,0,"[10,25)",AVAILABLE,1,1,1,13,0.7103168013501551,0.8275862068965517,0.8582994682981041,0.7325328231180313,0.752528467359785,0.8961620727228702,12,1,4,10.299594477876717,2,0,2,0,0,0,0,1
fold3_0000644,sa_0005588,644,Breast,18,0,"[10,25)",AVAILABLE,1,1,1,11,0.4661837264641883,0.5517241379310345,0.8449580042163414,0.46268714011516315,0.4951703640802463,0.855672298736334,8,3,10,6.759664878688735,5,0,4,1,0,0,0,3
fold3_0000645,sa_0005589,645,Breast,19,0,"[10,25)",AVAILABLE,1,1,1,16,0.7418081785806899,0.9142857142857143,0.8113526953226297,0.6885327538593871,0.7062525375558262,0.9047590719809637,16,0,3,12.981643936514772,2,0,1,0,0,0,0,0
fold3_0000646,sa_0005590,646,Breast,18,0,"[10,25)",AVAILABLE,1,1,1,12,0.520822125873387,0.6666666666666666,0.7812331888100806,0.5859320252277506,0.6095131619066978,0.8454155089669109,10,2,8,7.812332669333995,1,2,5,0,0,1,1,0
fold3_0000647,sa_0005591,647,Breast,16,0,"[10,25)",AVAILABLE,1,1,1,14,0.6818406733496524,0.8666666666666667,0.7867392384803681,0.6293787325073535,0.6293787325073535,0.7726477024070022,13,1,3,10.227610886984023,0,0,3,0,0,0,1,0
fold3_0000648,sa_0005592,648,Breast,21,0,"[10,25)",AVAILABLE,1,1,1,17,0.6059395108978617,0.7894736842105263,0.7675233804706247,0.6647934536133294,0.6647934536133294,0.802321449721663,15,2,6,11.512851474582751,0,0,6,0,1,0,1,0
fold3_0000649,sa_0005593,649,Breast,47,0,"[25,50)",AVAILABLE,1,1,1,38,0.6269808142666142,0.8,0.7837260178332678,0.6035213064557285,0.6436841195783654,0.83017942248388,34,4,13,26.64668539005712,5,0,7,1,0,0,2,2
fold3_0000650,sa_0005594,650,Breast,32,0,"[25,50)",AVAILABLE,1,1,1,26,0.6592278708714255,0.8620689655172413,0.7647043302108537,0.603671875,0.6048302131453116,0.7804262195737804,25,1,7,19.117609019975674,1,0,6,0,0,0,1,0
fold3_0000651,sa_0005595,651,Breast,28,0,"[25,50)",AVAILABLE,1,1,1,18,0.582699805201952,0.7391304347826086,0.7883585599791115,0.5079069767441861,0.508002422354875,0.6891170902415237,17,1,11,13.402096308003456,1,0,10,0,0,0,1,0
fold3_0000652,sa_0005596,652,Breast,20,0,"[10,25)",AVAILABLE,1,1,1,17,0.6490656276064269,0.8108108108108109,0.8005142740479265,0.6740935510655964,0.6740935510655964,0.8053236339588328,15,2,5,12.00771491123317,0,0,4,1,0,0,1,1
fold3_0000653,sa_0005597,653,Breast,16,0,"[10,25)",AVAILABLE,1,1,1,13,0.4403018224839176,0.6206896551724138,0.7093751584463116,0.5128032345013477,0.5128032345013477,0.7137342242019302,9,4,7,6.384377135391962,0,0,5,2,2,0,1,1
fold3_0000654,sa_0005598,654,Breast,20,0,"[10,25)",AVAILABLE,1,1,1,12,0.5747746774013663,0.75,0.7663662365351551,0.5388027493606138,0.6437446898895497,0.8711355193022129,12,0,8,9.196395604788098,2,0,6,0,0,0,0,0
fold3_0000655,sa_0005599,655,Breast,17,0,"[10,25)",AVAILABLE,1,1,1,14,0.6575937976070886,0.7741935483870968,0.8493919885758228,0.5726987890591921,0.6723877676524851,0.904325733770141,12,2,5,10.192704712301861,5,0,0,0,0,0,1,1
fold3_0000656,sa_0005600,656,Breast,8,0,"[1,10)",AVAILABLE,1,1,1,7,0.6997524555254979,0.8,0.8746905694068723,0.67545820295038,0.67545820295038,0.8073639274279616,6,1,2,5.248144291131803,0,0,2,0,0,0,1,0
fold3_0000657,sa_0005601,657,Breast,12,0,"[10,25)",AVAILABLE,1,1,1,10,0.7145388699621591,0.9090909090909091,0.785992756958375,0.6379880873593646,0.6379880873593646,0.7795670995670996,10,0,2,7.859928355576507,0,0,2,0,0,0,0,0
fold3_0000658,sa_0005602,658,Breast,17,0,"[10,25)",AVAILABLE,1,1,1,13,0.5280713634589377,0.6666666666666666,0.7921070451884066,0.6390732078755574,0.6390732078755574,0.8229360233607645,10,3,7,7.92107124399111,0,0,6,1,3,0,0,0
fold3_0000659,sa_0005603,659,Breast,8,0,"[1,10)",AVAILABLE,1,1,1,6,0.46803525863673484,0.5714285714285714,0.819061702614286,0.45549109821964395,0.45549109821964395,0.625893347993403,4,2,4,3.276247629518847,0,0,3,1,0,0,1,1
fold3_0000660,sa_0005604,660,Breast,23,0,"[10,25)",AVAILABLE,1,1,1,17,0.6847814964212934,0.8,0.8559768705266166,0.7342070629524018,0.7435647537694204,0.8804787426429488,16,1,7,13.695630784402738,2,0,5,0,0,0,0,1
fold3_0000661,sa_0005605,661,Breast,13,0,"[10,25)",AVAILABLE,1,1,1,10,0.6672689868583827,0.782608695652174,0.8526214832079334,0.7283599647093422,0.7283599647093422,0.8428336452838749,9,1,4,7.673594201492883,0,0,3,1,0,0,0,1
fold3_0000662,sa_0005606,662,Breast,11,0,"[10,25)",AVAILABLE,1,1,1,6,0.38437573179241147,0.47058823529411764,0.8167984300588744,0.5385668644454586,0.5385668644454586,0.7000889943636903,4,2,7,3.267194537033928,0,0,6,1,0,0,1,1
fold3_0000663,sa_0005607,663,Breast,10,0,"[10,25)",AVAILABLE,1,1,1,10,0.37516983942239235,0.5,0.7503396788447847,0.426545842217484,0.426545842217484,0.6360511172558104,5,5,5,3.7516991445636023,0,0,2,3,3,0,0,2
fold3_0000664,sa_0005608,664,Breast,16,0,"[10,25)",AVAILABLE,1,1,1,13,0.44522120612531957,0.5517241379310345,0.8069634361021417,0.5221477313540045,0.5221477313540045,0.7194934916827245,8,5,8,6.455708295780569,0,0,7,1,3,0,2,0
fold3_0000665,sa_0005609,665,Breast,13,0,"[10,25)",AVAILABLE,1,1,1,7,0.5811684043849124,0.7,0.830240577692732,0.656072298943948,0.656072298943948,0.7923232570973082,7,0,6,5.811684874089702,0,0,6,0,0,0,0,0
fold3_0000666,sa_0005610,666,Breast,15,0,"[10,25)",AVAILABLE,1,1,1,12,0.6424292181483101,0.7407407407407407,0.8672794445002187,0.6946849924525303,0.6946849924525303,0.8208710327692091,10,2,5,8.67279531228163,0,0,4,1,1,0,0,1
fold3_0000667,sa_0005611,667,Breast,11,0,"[10,25)",AVAILABLE,1,1,1,9,0.789663234101807,0.9,0.8774035934464522,0.8072474942174248,0.8072474942174248,0.893344709897611,9,0,2,7.8966332184216625,0,0,2,0,0,0,0,0
fold3_0000668,sa_0005612,668,Breast,16,0,"[10,25)",AVAILABLE,1,1,1,11,0.6775092456233152,0.8148148148148148,0.8314886196286141,0.7813208616780045,0.7813208616780045,0.8772376481820352,11,0,5,9.146375647403374,0,0,5,0,0,0,0,0
fold3_0000669,sa_0005613,669,Breast,4,0,"[1,10)",AVAILABLE,1,1,1,3,0.22912778571451486,0.2857142857142857,0.801947250000802,0.4529605263157895,0.3792697290930506,0.7839453458582408,1,2,3,0.801948051948052,2,0,1,0,0,0,1,1
fold3_0000670,sa_0005614,670,Breast,11,0,"[10,25)",AVAILABLE,1,1,1,9,0.3414295576276568,0.4,0.853573894069142,0.46292477360351475,0.4663791413448343,0.736764705882353,4,5,7,3.414296429850462,2,0,3,2,2,0,1,2
fold3_0000671,sa_0005615,671,Breast,22,0,"[10,25)",AVAILABLE,1,1,1,15,0.7139825190350454,0.8108108108108109,0.8805784401432226,0.8701384984923596,0.8701384984923596,0.9305604897111469,15,0,7,13.20867748272678,0,0,7,0,0,0,0,0
fold3_0000672,sa_0005616,672,Breast,17,0,"[10,25)",AVAILABLE,1,1,1,10,0.5592782123284075,0.6666666666666666,0.8389173184926112,0.6333416854589493,0.6333416854589493,0.7755164655348742,9,1,8,7.550256705350819,0,0,8,0,0,0,1,0
fold3_0000673,sa_0005617,673,Breast,10,0,"[10,25)",AVAILABLE,1,1,1,8,0.7534854769368114,0.8888888888888888,0.8476711615539129,0.6844256710723532,0.7903682719546742,0.8830872011251758,8,0,2,6.781370140102464,1,0,1,0,0,0,0,0
fold3_0000674,sa_0005618,674,Breast,17,0,"[10,25)",AVAILABLE,1,1,1,15,0.6664398784297939,0.8125,0.8202336965289772,0.7764154345474216,0.7764154345474216,0.8914332115306537,13,2,4,10.663038875110399,0,1,3,0,0,2,0,0
fold3_0000675,sa_0005619,675,Breast,7,0,"[1,10)",AVAILABLE,1,1,1,5,0.653890425693061,0.8333333333333334,0.7846685108316731,0.543148055416458,0.5772804054054054,0.8712182061579652,5,0,2,3.9233433388268764,1,0,1,0,0,0,0,0
fold3_0000676,sa_0005620,676,Breast,13,0,"[10,25)",AVAILABLE,1,1,1,13,0.8445913399869331,1.0,0.8445913399869331,0.8410530482977039,0.8410530482977039,0.9136651972906139,13,0,0,10.97968826442147,0,0,0,0,0,0,0,0
fold3_0000677,sa_0005621,677,Breast,15,0,"[10,25)",AVAILABLE,1,1,1,11,0.5728986726286229,0.6923076923076923,0.8275203049080109,0.6960502692998205,0.6960502692998205,0.8393140679580819,9,2,6,7.447683571692402,0,0,5,1,1,0,0,1
fold3_0000678,sa_0005622,678,Breast,10,0,"[10,25)",AVAILABLE,1,1,1,7,0.7319147315280297,0.8235294117647058,0.8887536025697503,0.7601512010730399,0.7601512010730399,0.8637339799099412,7,0,3,6.221276106741855,0,0,3,0,0,0,0,0
fold3_0000679,sa_0005623,679,Breast,20,0,"[10,25)",AVAILABLE,1,1,1,12,0.5361289265990267,0.625,0.8578062825584426,0.6830819552971107,0.7037762968770417,0.8648669376485927,10,2,10,8.578063683390708,2,0,7,1,0,0,0,2
fold3_0000680,sa_0005624,680,Breast,18,0,"[10,25)",AVAILABLE,1,1,1,13,0.5898798009969122,0.7096774193548387,0.8311942650411035,0.6937795147370135,0.6937795147370135,0.8192087679661587,11,2,7,9.143137746646403,0,0,6,1,0,0,1,1
fold3_0000681,sa_0005625,681,Breast,15,0,"[10,25)",AVAILABLE,1,1,1,9,0.594730750841361,0.75,0.792974334455148,0.5760354731432027,0.5760354731432027,0.7309930302449006,9,0,6,7.136769803070665,0,0,6,0,0,0,0,0
fold3_0000682,sa_0005626,682,Breast,11,0,"[10,25)",AVAILABLE,1,1,1,9,0.7284873524893133,0.9,0.8094303916547925,0.7995310668229777,0.7995310668229777,0.9006152732537097,9,0,2,7.284874334323523,0,0,2,0,0,0,0,0
fold3_0000683,sa_0005627,683,Breast,21,0,"[10,25)",AVAILABLE,1,1,1,22,0.8022903086921972,0.9302325581395349,0.862462081844112,0.8067596431712527,0.8067596431712527,0.8930458970792767,20,2,1,17.249242499344323,0,0,1,0,0,0,2,0
fold3_0000684,sa_0005628,684,Breast,19,0,"[10,25)",AVAILABLE,1,1,1,14,0.7339439502041005,0.8484848484848485,0.8650053698834042,0.856215275453511,0.856215275453511,0.9225387666786874,14,0,5,12.110076043373027,0,0,5,0,0,0,0,0
fold3_0000685,sa_0005629,685,Breast,15,0,"[10,25)",AVAILABLE,1,1,1,10,0.6345744148462451,0.8,0.7932180185578063,0.6622656297100139,0.6611081226465841,0.8893296632124352,10,0,5,7.93218097879608,1,0,4,0,0,0,0,0
fold3_0000686,sa_0005630,686,Breast,15,0,"[10,25)",AVAILABLE,1,1,1,14,0.6844892480861211,0.8275862068965517,0.8270911747707297,0.7568503313878722,0.7568503313878722,0.8615990990990992,12,2,3,9.92509492433993,0,0,2,1,0,0,1,1
fold3_0000687,sa_0005631,687,Breast,13,0,"[10,25)",AVAILABLE,1,1,1,9,0.5461692196764333,0.6363636363636364,0.8582659166343951,0.5655324992371071,0.5771217076949561,0.8091469737488403,7,2,6,6.0078622747066825,2,0,4,0,0,0,1,1
fold3_0000688,sa_0005632,688,Breast,12,0,"[10,25)",AVAILABLE,1,1,1,8,0.6448722149437768,0.8,0.8060902686797209,0.6805502116198537,0.6968499615848974,0.9152652005174644,8,0,4,6.448722955528035,1,0,3,0,0,0,0,0
fold3_0000689,sa_0005633,689,Breast,16,0,"[10,25)",AVAILABLE,1,1,1,12,0.5883700779972302,0.7142857142857143,0.8237181091961222,0.6762759564919754,0.6762759564919754,0.8282058263000273,10,2,6,8.237181915679331,0,2,4,0,0,2,0,0
fold3_0000690,sa_0005634,690,Breast,17,0,"[10,25)",AVAILABLE,1,1,1,12,0.7044163922783431,0.8275862068965517,0.8511698073363312,0.7861304988153934,0.7861304988153934,0.8802609880260988,12,0,5,10.21403853920578,0,0,5,0,0,0,0,0
fold3_0000691,sa_0005635,691,Breast,9,0,"[1,10)",AVAILABLE,1,1,1,6,0.5571720188587291,0.6666666666666666,0.8357580282880938,0.6479150275373722,0.6479150275373722,0.7863451897827644,5,1,4,4.1787909771984975,0,0,4,0,0,0,1,0
fold3_0000692,sa_0005636,692,Breast,13,0,"[10,25)",AVAILABLE,1,1,1,10,0.5725760848406483,0.6956521739130435,0.8230781219584319,0.6288831360946746,0.6288831360946746,0.8412986718129186,8,2,5,6.584625798745576,0,0,5,0,1,0,1,0
fold3_0000693,sa_0005637,693,Breast,14,0,"[10,25)",AVAILABLE,1,1,1,12,0.7347388388660056,0.8461538461538461,0.8683277186598247,0.7956258191349934,0.7956258191349934,0.8874595137083162,11,1,3,9.55160577358579,0,0,3,0,1,0,0,0
fold3_0000694,sa_0005638,694,Breast,14,0,"[10,25)",AVAILABLE,1,1,1,14,0.5737537543478495,0.7142857142857143,0.8032552560869892,0.7109840554034466,0.7109840554034466,0.8532969360380289,10,4,4,8.032553364125148,0,0,2,2,3,0,0,1
fold3_0000695,sa_0005639,695,Breast,10,0,"[10,25)",AVAILABLE,1,1,1,10,0.652651578598841,0.8,0.8158144732485513,0.7351954435515331,0.7351954435515331,0.8473920863309352,8,2,2,6.526516601802883,0,0,2,0,0,0,2,0
fold3_0000696,sa_0005640,696,Breast,13,0,"[10,25)",AVAILABLE,1,1,1,12,0.5838724599210862,0.72,0.8109339721126196,0.6175195143104943,0.7114024271529625,0.8639793712790566,9,3,4,7.298406559947548,1,0,3,0,0,0,3,0
fold3_0000697,sa_0005641,697,Breast,9,0,"[1,10)",AVAILABLE,1,1,1,5,0.5497552533245996,0.7142857142857143,0.7696573546544395,0.6376940571541581,0.6435723328346185,0.9031580421539108,5,0,4,3.8482875429295524,1,0,3,0,0,0,0,0
fold3_0000698,sa_0005642,698,Breast,6,0,"[1,10)",AVAILABLE,1,1,1,4,0.6859691569497497,0.8,0.857461446187187,0.7817539209189308,0.7817539209189308,0.8775105380609968,4,0,2,3.4298466422101943,0,0,2,0,0,0,0,0
fold3_0000699,sa_0005643,699,Breast,6,0,"[1,10)",AVAILABLE,1,1,1,3,0.3645140075472036,0.4444444444444444,0.8201565169812081,0.39704708699122104,0.39704708699122104,0.5684090259925736,2,1,4,1.6403138541189333,0,0,4,0,0,0,1,0
fold3_0000700,sa_0005644,700,Breast,20,0,"[10,25)",AVAILABLE,1,1,1,11,0.5410415946128261,0.6451612903225806,0.8386144716498805,0.5841271696569458,0.592767400119657,0.8343071786310517,10,1,10,8.386145555113275,3,0,7,0,0,0,0,1
fold3_0000701,sa_0005645,701,Breast,8,0,"[1,10)",AVAILABLE,1,1,1,4,0.5716575186581976,0.6666666666666666,0.8574862779872965,0.6188372503975967,0.6188372503975967,0.7645453553105556,4,0,4,3.429945969435464,0,0,4,0,0,0,0,0
fold3_0000702,sa_0005646,702,Breast,21,0,"[10,25)",AVAILABLE,1,1,1,10,0.5422435231770614,0.6451612903225806,0.8404774609244452,0.588834793898085,0.5775306368208543,0.8157162101481814,10,0,11,8.404775449721912,1,0,10,0,0,0,0,0
fold3_0000703,sa_0005647,703,Breast,14,0,"[10,25)",AVAILABLE,1,1,1,13,0.6462091934413264,0.7407407407407407,0.8723824111457907,0.6613110539845758,0.6587823039859834,0.8539741219963032,10,3,4,8.723824983840318,1,0,2,1,0,0,2,1
fold3_0000704,sa_0005648,704,Breast,12,0,"[10,25)",AVAILABLE,1,1,1,9,0.5630368180092215,0.6666666666666666,0.8445552270138322,0.6506194690265487,0.6506194690265487,0.8247909071413253,7,2,5,5.911887433652053,0,0,4,1,2,0,0,0
fold3_0000705,sa_0005649,705,Breast,14,0,"[10,25)",AVAILABLE,1,1,1,5,0.4431850919627628,0.5263157894736842,0.8420516747292494,0.5969199866086374,0.5969199866086374,0.7475890985324948,5,0,9,4.2102592156979215,0,0,9,0,0,0,0,0
fold3_0000706,sa_0005650,706,Colon,43,0,"[25,50)",AVAILABLE,1,1,1,32,0.5943229934555632,0.7466666666666667,0.7959682948065577,0.5325181402848697,0.5610131425719515,0.8449098126981589,28,4,15,22.287113050551913,9,0,6,0,0,0,1,3
fold3_0000707,sa_0005651,707,Colon,16,0,"[10,25)",AVAILABLE,1,1,1,14,0.7258970856320391,0.8666666666666667,0.8375735603446606,0.7163711072664359,0.738493244790474,0.8726290832455216,13,1,3,10.888457122054147,2,0,1,0,0,0,0,1
fold3_0000708,sa_0005652,708,Colon,16,0,"[10,25)",AVAILABLE,1,1,1,13,0.595905292268075,0.7586206896551724,0.7855115216260988,0.5641829041417801,0.5591535748637384,0.78991020631983,11,2,5,8.640627523398608,1,0,3,1,0,0,1,1
fold3_0000709,sa_0005653,709,Colon,37,0,"[25,50)",AVAILABLE,1,1,1,46,0.5125540524818234,0.6506024096385542,0.7878145621479878,0.5208957577669138,0.5327178490443797,0.70463912078622,27,19,10,21.270993965810234,2,0,2,6,1,0,11,7
fold3_0000710,sa_0005654,710,Colon,4,0,"[1,10)",AVAILABLE,1,1,1,3,0.7378796808401167,0.8571428571428571,0.8608596276468029,0.7465233881163085,0.7465233881163085,0.8548678972131741,3,0,1,2.5825797438000366,0,0,1,0,0,0,0,0
fold3_0000711,sa_0005655,711,Colon,34,0,"[25,50)",AVAILABLE,1,1,1,33,0.3958403238166613,0.47761194029850745,0.8287906779911346,0.36294271452341337,0.4499607602279319,0.7387866522332565,16,17,18,13.260651676648832,3,6,4,5,1,3,7,6
fold3_0000712,sa_0005656,712,Colon,28,0,"[25,50)",AVAILABLE,1,1,1,26,0.5778517485409996,0.7037037037037037,0.8211577479266837,0.5968106479156203,0.6493493493493494,0.8733992838502155,19,7,9,15.60199803176474,5,0,2,2,2,0,3,2
fold3_0000713,sa_0005657,713,Colon,17,0,"[10,25)",AVAILABLE,1,1,1,24,0.3112758043768758,0.3902439024390244,0.7976442487157442,0.2925462259703525,0.3034832336885885,0.5742347193139894,8,16,9,6.381154787370202,0,4,2,3,3,2,9,2
fold3_0000714,sa_0005658,714,Colon,26,0,"[25,50)",AVAILABLE,1,1,1,26,0.4433305045468516,0.5769230769230769,0.7684395412145428,0.4871108135252762,0.5316740704679608,0.8124751688518077,15,11,11,11.526593886657682,5,3,2,1,1,1,6,3
fold3_0000715,sa_0005659,715,Colon,28,0,"[25,50)",AVAILABLE,1,1,1,27,0.5021677610138583,0.6181818181818182,0.8123302016400649,0.5408295281582953,0.5634648733240283,0.7695387528743406,17,10,11,13.809614240211305,3,1,4,3,0,1,5,4
fold3_0000716,sa_0005660,716,Colon,53,0,"[50,+inf)",AVAILABLE,1,1,1,42,0.4214823358757257,0.5684210526315789,0.7414967020035915,0.46156602117406803,0.48259887526505024,0.8077168218632922,27,15,26,20.020411695593673,10,11,4,1,0,5,6,4
fold3_0000717,sa_0005661,717,Colon,15,0,"[10,25)",AVAILABLE,1,1,1,21,0.47877082511293884,0.6111111111111112,0.7834431683666271,0.38077614465475307,0.41745872936468237,0.6354332098111876,11,10,4,8.617875635476066,2,0,2,0,0,0,10,0
fold3_0000718,sa_0005662,718,Colon,11,0,"[10,25)",AVAILABLE,1,1,1,10,0.5366990079340498,0.7619047619047619,0.7044174479134404,0.6035077630822312,0.6035077630822312,0.7527344450421374,8,2,3,5.63534028772497,0,0,2,1,0,0,1,1
fold3_0000719,sa_0005663,719,Colon,9,0,"[1,10)",AVAILABLE,1,1,1,14,0.49184571542373534,0.6086956521739131,0.8080322467675651,0.4701478570091709,0.4701478570091709,0.6395926161680459,7,7,2,5.656226535405203,0,0,2,0,0,0,7,0
fold3_0000720,sa_0005664,720,Colon,15,0,"[10,25)",AVAILABLE,1,1,1,14,0.6212529209526545,0.7586206896551724,0.8189243048921355,0.6093121693121694,0.6093121693121694,0.757233035244608,11,3,4,9.008168172737795,0,0,3,1,0,0,2,1
fold3_0000721,sa_0005665,721,Colon,9,0,"[1,10)",AVAILABLE,1,1,1,9,0.4474568775792691,0.5555555555555556,0.8054223796426844,0.47502514247401945,0.47502514247401945,0.644090909090909,5,4,4,4.027112703635802,0,0,3,1,0,0,3,1
fold3_0000722,sa_0005666,722,Colon,8,0,"[1,10)",AVAILABLE,1,1,1,11,0.627779680567819,0.7368421052631579,0.8519867093420401,0.4988381099922541,0.4988381099922541,0.6656330749354005,7,4,1,5.96390781738099,0,0,1,0,0,0,4,0
fold3_0000723,sa_0005667,723,Colon,15,0,"[10,25)",AVAILABLE,1,1,1,14,0.5383398656528285,0.6206896551724138,0.8673253391073349,0.5520917460830237,0.5520917460830237,0.7368092413362473,9,5,6,7.805928919291352,0,0,4,2,2,0,2,1
fold3_0000724,sa_0005668,724,Colon,26,0,"[25,50)",AVAILABLE,1,1,1,26,0.6846210696521392,0.8461538461538461,0.80909762777071,0.7151206167619995,0.7151206167619995,0.833901254259407,22,4,4,17.80014862005325,0,0,3,1,0,0,3,1
fold3_0000725,sa_0005669,725,Colon,16,0,"[10,25)",AVAILABLE,1,1,1,19,0.5636691074115315,0.6857142857142857,0.8220174483084834,0.6078459141764623,0.6078459141764623,0.7904518629437153,12,7,4,9.86421020171925,0,0,2,2,2,0,4,1
fold3_0000726,sa_0005670,726,Colon,10,0,"[10,25)",AVAILABLE,1,1,1,15,0.5661547309688542,0.72,0.7863260152345197,0.518128874694721,0.518128874694721,0.7385224600915729,9,6,1,7.076934923436692,0,0,0,1,2,0,4,0
fold3_0000727,sa_0005671,727,Colon,12,0,"[10,25)",AVAILABLE,1,1,1,13,0.603381802114691,0.8,0.7542272526433637,0.5866202629543696,0.5866202629543696,0.7394589324884231,10,3,2,7.542273280660889,0,0,2,0,0,0,3,0
fold3_0000728,sa_0005672,728,Colon,33,0,"[25,50)",AVAILABLE,1,1,1,29,0.41977208209568484,0.5483870967741935,0.7654667379391901,0.3950094161958569,0.4352317141261865,0.7617195098229916,17,12,16,13.01293531043297,8,3,3,2,0,1,6,5
fold3_0000729,sa_0005673,729,Colon,37,0,"[25,50)",AVAILABLE,1,1,1,28,0.491475642799039,0.6153846153846154,0.7986479195484383,0.4788158908330582,0.5190650581645843,0.8282398544045002,20,8,17,15.972959189616686,7,6,4,0,0,3,3,2
fold3_0000730,sa_0005674,730,Colon,25,0,"[25,50)",AVAILABLE,1,1,1,26,0.6208625846811365,0.7450980392156863,0.8332629425983674,0.5858927170699331,0.5959793294681119,0.7668311944718658,19,7,6,15.831996742631924,1,0,4,1,0,0,6,1
fold3_0000731,sa_0005675,731,Colon,11,0,"[10,25)",AVAILABLE,1,1,1,16,0.6734448338613839,0.8148148148148148,0.8265004779207893,0.6322997907551836,0.6322997907551836,0.7747348793846871,11,5,0,9.09150608362916,0,0,0,0,0,0,5,0
fold3_0000732,sa_0005676,732,Colon,8,0,"[1,10)",AVAILABLE,1,1,1,7,0.663505077556438,0.9333333333333333,0.7108982973818978,0.5651408450704225,0.6702365015618028,0.8576008549292011,7,0,1,4.976288792571582,1,0,0,0,0,0,0,0
fold3_0000733,sa_0005677,733,Colon,5,0,"[1,10)",AVAILABLE,1,1,1,4,0.27442649923378504,0.4444444444444444,0.6174596232760163,0.3662366797532249,0.3662366797532249,0.5361247947454844,2,2,3,1.234919864011656,0,0,2,1,0,0,1,1
fold3_0000734,sa_0005678,734,Colon,1,0,"[1,10)",AVAILABLE,1,1,1,1,0.6376140412850413,1.0,0.6376140412850413,0.6376146788990825,0.6376146788990825,0.7787114845938375,1,0,0,0.6376146788990825,0,0,0,0,0,0,0,0
fold3_0000735,NOT_FOUND,735,Colon,0,1,"[0,1)",NOT_EVALUATED,0,0,0,NOT_EVALUATED,NOT_EVALUATED,NOT_EVALUATED,NOT_EVALUATED,NOT_EVALUATED,NOT_EVALUATED,NOT_EVALUATED,NOT_EVALUATED,NOT_EVALUATED,NOT_EVALUATED,NOT_EVALUATED,NOT_EVALUATED,NOT_EVALUATED,NOT_EVALUATED,NOT_EVALUATED,NOT_EVALUATED,NOT_EVALUATED,NOT_EVALUATED,NOT_EVALUATED
fold3_0000736,sa_0005679,736,Colon,19,0,"[10,25)",AVAILABLE,1,1,1,20,0.5803448818431325,0.717948717948718,0.8083375139957917,0.5415643180349062,0.5561931733492324,0.8027393324074518,14,6,5,11.316726004278596,2,2,0,1,0,1,3,2
fold3_0000737,sa_0005680,737,Colon,47,0,"[25,50)",AVAILABLE,1,1,1,52,0.5610089821937173,0.6666666666666666,0.841513473290576,0.5191762423518878,0.5484172906739279,0.7676540089025664,33,19,14,27.76994546010248,5,2,2,5,0,1,11,7
fold3_0000738,sa_0005681,738,Colon,22,0,"[10,25)",AVAILABLE,1,1,1,19,0.24895676336041156,0.34146341463414637,0.7290876641269195,0.321368449633451,0.33627724986025714,0.662985582420034,7,12,15,5.1036143779761005,8,4,2,1,0,2,6,4
fold3_0000739,sa_0005682,739,Colon,24,0,"[10,25)",AVAILABLE,1,1,1,11,0.1301746043748524,0.17142857142857143,0.7593518588533056,0.12532833634734508,0.16732432205524306,0.7375335634829305,3,8,21,2.2780563359117756,9,11,1,0,0,2,4,2
fold3_0000740,sa_0005683,740,Colon,2,0,"[1,10)",AVAILABLE,1,1,1,6,0.13119696674741052,0.25,0.5247878669896421,0.3055100927441353,0.3055100927441353,0.4680317592979524,1,5,1,0.524788391777509,0,0,0,1,0,0,4,1
fold3_0000741,sa_0005684,741,Colon,20,0,"[10,25)",AVAILABLE,1,1,1,19,0.18983124519063843,0.2564102564102564,0.7403418562434899,0.13441984102405286,0.20156084752561906,0.6400995508073327,5,14,15,3.7017100215593057,0,12,3,0,0,6,8,0
fold3_0000742,sa_0005685,742,Colon,23,0,"[10,25)",AVAILABLE,1,1,1,20,0.5044513554392891,0.6976744186046512,0.7230469427963143,0.515105475369602,0.5308666144609763,0.7654205209088196,15,5,8,10.845704864991657,3,2,3,0,1,1,2,1
fold3_0000743,sa_0005686,743,Colon,21,0,"[10,25)",AVAILABLE,1,1,1,20,0.5974866814882808,0.7804878048780488,0.7655298106568598,0.6169757489300999,0.6169757489300999,0.7816497573886193,16,4,5,12.248477736039568,0,0,4,1,2,0,2,0
fold3_0000744,sa_0005687,744,Colon,20,0,"[10,25)",AVAILABLE,1,1,1,16,0.5079330268110638,0.6666666666666666,0.7618995402165957,0.4259835657370518,0.4367459729055739,0.6420227987052587,12,4,8,9.142795244498688,2,0,6,0,0,0,4,0
fold3_0000745,sa_0005688,745,Colon,30,0,"[25,50)",AVAILABLE,1,1,1,12,0.3709864864972801,0.47619047619047616,0.7790716216442882,0.3520364218038637,0.3498020921685044,0.6008273550819501,10,2,20,7.7907169955145035,6,0,14,0,0,0,0,2
fold3_0000746,sa_0005689,746,Colon,25,0,"[25,50)",AVAILABLE,1,1,1,15,0.5946387576923735,0.75,0.7928516769231647,0.47198096371207615,0.46103414151410194,0.671746676826687,15,0,10,11.892775946699148,1,0,9,0,0,0,0,0
fold3_0000747,sa_0005690,747,Colon,24,0,"[10,25)",AVAILABLE,1,1,1,9,0.27364296821333367,0.36363636363636365,0.7525181625866676,0.26440274841437633,0.26369703554244917,0.4915254237288136,6,3,18,4.515109728038168,6,0,12,0,0,0,0,3
fold3_0000748,sa_0005691,748,Colon,35,0,"[25,50)",AVAILABLE,1,1,1,20,0.5048583830454871,0.6181818181818182,0.816682678455935,0.42940500397842807,0.481779147858637,0.7217475295341407,17,3,18,13.883606350433574,5,0,12,1,0,0,0,3
fold3_0000749,sa_0005692,749,Colon,6,0,"[1,10)",AVAILABLE,1,1,1,5,0.7930635410597527,0.9090909090909091,0.872369895165728,0.7917906008328376,0.7917906008328376,0.8837981407702523,5,0,1,4.361850348198535,0,0,1,0,0,0,0,0
fold3_0000750,sa_0005693,750,Colon,22,0,"[10,25)",AVAILABLE,1,1,1,17,0.5994567250671146,0.717948717948718,0.834957581343481,0.6520263525653823,0.6593519278096801,0.807316771721666,14,3,8,11.689406973766314,2,0,5,1,0,0,1,2
fold3_0000751,sa_0005694,751,Colon,12,0,"[10,25)",AVAILABLE,1,1,1,8,0.5335347101504901,0.7,0.7621924430721289,0.5708902496467263,0.5804511278195489,0.768791627021884,7,1,5,5.335347863697345,1,0,4,0,0,0,1,0
fold3_0000752,sa_0005695,752,Colon,27,0,"[25,50)",AVAILABLE,1,1,1,12,0.5284213803777288,0.6153846153846154,0.8586847431138092,0.44490616621983914,0.43813185248469316,0.6572277227722773,12,0,15,10.304217776050452,1,0,14,0,0,0,0,0
fold3_0000753,sa_0005696,753,Colon,22,0,"[10,25)",AVAILABLE,1,1,1,17,0.6809977705108261,0.8205128205128205,0.8299660328100693,0.6449352627570449,0.6615434924787443,0.8333005313914583,16,1,6,13.279457354927143,1,0,5,0,0,0,1,0
fold3_0000754,NOT_FOUND,754,Colon,0,1,"[0,1)",NOT_EVALUATED,0,0,0,NOT_EVALUATED,NOT_EVALUATED,NOT_EVALUATED,NOT_EVALUATED,NOT_EVALUATED,NOT_EVALUATED,NOT_EVALUATED,NOT_EVALUATED,NOT_EVALUATED,NOT_EVALUATED,NOT_EVALUATED,NOT_EVALUATED,NOT_EVALUATED,NOT_EVALUATED,NOT_EVALUATED,NOT_EVALUATED,NOT_EVALUATED,NOT_EVALUATED,NOT_EVALUATED
fold3_0000755,sa_0005697,755,Colon,4,0,"[1,10)",AVAILABLE,1,1,1,4,0.5915325869878085,0.75,0.7887101159837447,0.5684468999386126,0.5684468999386126,0.724853228962818,3,1,1,2.3661311366613504,0,0,1,0,0,0,1,0
fold3_0000756,sa_0005698,756,Colon,1,0,"[1,10)",AVAILABLE,1,1,1,1,0.0,0.0,0.0,0.2753303964757709,0.2753303964757709,0.4317789291882556,0,1,1,0.0,0,0,0,1,0,0,0,1
fold3_0000757,sa_0005699,757,Colon,2,0,"[1,10)",AVAILABLE,1,1,1,2,0.44379346721355856,0.5,0.8875869344271171,0.7282934131736527,0.7282934131736527,0.8427890861844954,1,1,1,0.8875878220140515,0,0,0,1,0,0,0,1
fold3_0000758,sa_0005700,758,Colon,2,0,"[1,10)",AVAILABLE,1,1,1,2,0.0,0.0,0.0,0.24623803009575923,0.24623803009575923,0.3951701427003293,0,2,2,0.0,0,0,1,1,0,0,1,1
fold3_0000759,sa_0005701,759,Colon,115,0,"[50,+inf)",AVAILABLE,1,1,1,95,0.6050107602664851,0.7047619047619048,0.8584612138916343,0.5316344651988788,0.5854435640272622,0.8700742682394058,74,21,41,63.52613068644215,26,8,6,1,0,3,9,9
fold3_0000760,sa_0005702,760,Colon,117,0,"[50,+inf)",AVAILABLE,1,1,1,83,0.5426536023166884,0.66,0.8222024277525581,0.48877834560752387,0.5614077933355042,0.8794077266644653,66,17,51,54.26536105387126,33,4,9,5,1,0,1,15
fold3_0000761,sa_0005703,761,Colon,5,0,"[1,10)",AVAILABLE,1,1,1,5,0.847351684224451,1.0,0.847351684224451,0.8381051535658511,0.8381051535658511,0.9119229679977343,5,0,0,4.236759268473939,0,0,0,0,0,0,0,0
fold3_0000762,NOT_FOUND,762,Colon,0,1,"[0,1)",NOT_EVALUATED,0,0,0,NOT_EVALUATED,NOT_EVALUATED,NOT_EVALUATED,NOT_EVALUATED,NOT_EVALUATED,NOT_EVALUATED,NOT_EVALUATED,NOT_EVALUATED,NOT_EVALUATED,NOT_EVALUATED,NOT_EVALUATED,NOT_EVALUATED,NOT_EVALUATED,NOT_EVALUATED,NOT_EVALUATED,NOT_EVALUATED,NOT_EVALUATED,NOT_EVALUATED,NOT_EVALUATED
fold3_0000763,sa_0005704,763,Colon,18,0,"[10,25)",AVAILABLE,1,1,1,16,0.2641682368365859,0.35294117647058826,0.7484766710369934,0.3172760568626234,0.3508626974483597,0.7515291070015111,6,10,12,4.490860774698632,4,8,0,0,1,4,3,2
fold3_0000764,sa_0005705,764,Colon,22,0,"[10,25)",AVAILABLE,1,1,1,22,0.34096346761048735,0.45454545454545453,0.7501196287430721,0.22812799616490892,0.3235115431348724,0.6649644250631168,10,12,12,7.50119703755035,4,7,0,1,1,3,6,2
fold3_0000765,sa_0005706,765,Colon,17,0,"[10,25)",AVAILABLE,1,1,1,17,0.5029005158120986,0.6470588235294118,0.7772098880732433,0.3575509136103964,0.4891070467993545,0.7501128872031066,11,6,6,8.549309546015564,5,1,0,0,0,1,4,1
fold3_0000766,sa_0005707,766,Colon,26,0,"[25,50)",AVAILABLE,1,1,1,21,0.29656418608113405,0.3829787234042553,0.7743620414340723,0.2784601850645119,0.3392673646790902,0.7221035605416503,9,12,17,6.969259147268692,13,3,0,1,1,3,3,5
fold3_0000767,sa_0005708,767,Colon,21,0,"[10,25)",AVAILABLE,1,1,1,14,0.30802814170075654,0.4,0.7700703542518913,0.3810855931056265,0.44062849335486276,0.7281976117601414,7,7,14,5.390493249833593,9,0,5,0,0,0,4,3
fold3_0000768,sa_0005709,768,Colon,24,0,"[10,25)",AVAILABLE,1,1,1,22,0.33898335933141716,0.391304347826087,0.8662908071802883,0.24271880750144045,0.33580119745058906,0.6315485083618487,9,13,15,7.7966181309134015,7,3,3,2,0,2,7,4
fold3_0000769,sa_0005710,769,Colon,20,0,"[10,25)",AVAILABLE,1,1,1,17,0.22187198110949882,0.2702702702702703,0.8209263301051456,0.3199630314232902,0.3026874115983027,0.6838474803602222,5,12,15,4.104632471452058,8,3,2,2,0,2,4,6
fold3_0000770,sa_0005711,770,Colon,27,0,"[25,50)",AVAILABLE,1,1,1,22,0.20570358134137304,0.24489795918367346,0.8399562904772733,0.19982489017234495,0.2655394524959742,0.7034991729227638,6,16,21,5.03973858281993,8,10,2,1,0,4,7,5
fold3_0000771,sa_0005712,771,Colon,22,0,"[10,25)",AVAILABLE,1,1,1,15,0.31738334828755993,0.43243243243243246,0.7339489929149823,0.3376788036410923,0.3724435909745559,0.7300965440044774,8,7,14,5.8715926772688505,9,2,2,1,0,1,2,4
fold3_0000772,sa_0005713,772,Colon,16,0,"[10,25)",AVAILABLE,1,1,1,16,0.43045903502859156,0.5,0.8609180700571831,0.3447865479115479,0.4507823087347542,0.7749660326086957,8,8,8,6.887345421375534,7,0,0,1,3,0,2,3
fold3_0000773,sa_0005714,773,Colon,25,0,"[25,50)",AVAILABLE,1,1,1,16,0.41621845986324324,0.5365853658536586,0.7756798570178624,0.41391404157632955,0.4251537473812259,0.6175075872534143,11,5,14,8.532479202876342,3,0,9,2,1,0,1,3
fold3_0000774,sa_0005715,774,Colon,19,0,"[10,25)",AVAILABLE,1,1,1,16,0.5000752327779749,0.6285714285714286,0.7955742339649602,0.2798633622642825,0.36567508739529053,0.7791354745230621,11,5,8,8.751317369188795,7,0,1,0,1,0,2,2
fold3_0000775,sa_0005716,775,Colon,23,0,"[10,25)",AVAILABLE,1,1,1,22,0.36302144860871655,0.4888888888888889,0.7425438721541929,0.3162756831782293,0.3997853600769743,0.7564309319233311,11,11,12,8.167983336239994,0,10,1,1,1,4,5,1
fold3_0000776,sa_0005717,776,Colon,99,0,"[50,+inf)",AVAILABLE,1,1,1,57,0.43277202877629356,0.5256410256410257,0.8233223962085584,0.3138865382381735,0.43350642771198783,0.836569257614914,41,16,58,33.75621906787329,27,22,7,2,0,4,2,10
fold3_0000777,sa_0005718,777,Colon,96,0,"[50,+inf)",AVAILABLE,1,1,1,59,0.3674449970151765,0.45161290322580644,0.8136282076764624,0.4262995025265384,0.4644063066834101,0.8308782895363683,35,24,61,28.476988082304388,40,9,10,2,0,4,3,17
fold3_0000778,NOT_FOUND,778,Colon,0,1,"[0,1)",NOT_EVALUATED,0,0,0,NOT_EVALUATED,NOT_EVALUATED,NOT_EVALUATED,NOT_EVALUATED,NOT_EVALUATED,NOT_EVALUATED,NOT_EVALUATED,NOT_EVALUATED,NOT_EVALUATED,NOT_EVALUATED,NOT_EVALUATED,NOT_EVALUATED,NOT_EVALUATED,NOT_EVALUATED,NOT_EVALUATED,NOT_EVALUATED,NOT_EVALUATED,NOT_EVALUATED,NOT_EVALUATED
fold3_0000779,sa_0005719,779,Colon,1,0,"[1,10)",AVAILABLE,1,1,1,1,0.8054137461936989,1.0,0.8054137461936989,0.805414551607445,0.805414551607445,0.8922211808809747,1,0,0,0.805414551607445,0,0,0,0,0,0,0,0
fold3_0000780,NOT_FOUND,780,Colon,0,1,"[0,1)",NOT_EVALUATED,0,0,0,NOT_EVALUATED,NOT_EVALUATED,NOT_EVALUATED,NOT_EVALUATED,NOT_EVALUATED,NOT_EVALUATED,NOT_EVALUATED,NOT_EVALUATED,NOT_EVALUATED,NOT_EVALUATED,NOT_EVALUATED,NOT_EVALUATED,NOT_EVALUATED,NOT_EVALUATED,NOT_EVALUATED,NOT_EVALUATED,NOT_EVALUATED,NOT_EVALUATED,NOT_EVALUATED
fold3_0000781,sa_0005720,781,Colon,1,0,"[1,10)",AVAILABLE,1,1,1,1,0.0,0.0,0.0,0.4936708860759494,0.4936708860759494,0.6610169491525424,0,1,1,0.0,0,0,0,1,0,0,0,1
fold3_0000782,sa_0005721,782,Colon,4,0,"[1,10)",AVAILABLE,1,1,1,4,0.8138302564372502,1.0,0.8138302564372502,0.8042763157894737,0.8042763157894737,0.8915223336371924,4,0,0,3.255321839579257,0,0,0,0,0,0,0,0
fold3_0000783,sa_0005722,783,Colon,1,0,"[1,10)",AVAILABLE,1,1,1,2,0.6249993750006251,0.6666666666666666,0.9374990625009376,0.30927835051546393,0.30927835051546393,0.47244094488188976,1,1,0,0.9375,0,0,0,0,0,0,1,0
fold3_0000784,NOT_FOUND,784,Colon,0,1,"[0,1)",NOT_EVALUATED,0,0,0,NOT_EVALUATED,NOT_EVALUATED,NOT_EVALUATED,NOT_EVALUATED,NOT_EVALUATED,NOT_EVALUATED,NOT_EVALUATED,NOT_EVALUATED,NOT_EVALUATED,NOT_EVALUATED,NOT_EVALUATED,NOT_EVALUATED,NOT_EVALUATED,NOT_EVALUATED,NOT_EVALUATED,NOT_EVALUATED,NOT_EVALUATED,NOT_EVALUATED,NOT_EVALUATED
fold3_0000785,sa_0005723,785,Colon,27,0,"[25,50)",AVAILABLE,1,1,1,24,0.6593504044011,0.8235294117647058,0.8006397767727644,0.67764024229655,0.67764024229655,0.8097331240188383,21,3,6,16.81343611286783,0,0,6,0,0,0,3,0
fold3_0000786,sa_0005724,786,Colon,44,0,"[25,50)",AVAILABLE,1,1,1,24,0.3899312983972026,0.5294117647058824,0.7365368969724938,0.41079051965258356,0.429152887306029,0.6622760175625965,18,6,26,13.257664882041786,6,0,17,3,0,0,2,4
fold3_0000787,sa_0005725,787,Colon,37,0,"[25,50)",AVAILABLE,1,1,1,21,0.38133732039396684,0.4482758620689655,0.8506755608788491,0.2084798694539009,0.3775265122122455,0.7954935622317597,13,8,24,11.058783142100598,16,1,5,2,0,1,1,6
fold3_0000788,sa_0005726,788,Colon,36,0,"[25,50)",AVAILABLE,1,1,1,14,0.3494918654130549,0.44,0.7942996941205793,0.39148936170212767,0.39148936170212767,0.5626911314984709,11,3,25,8.737297429626066,0,0,23,2,0,0,1,2
fold3_0000789,sa_0005727,789,Colon,43,0,"[25,50)",AVAILABLE,1,1,1,23,0.30006472622987035,0.3939393939393939,0.7617027665835171,0.3352067008916509,0.3782271041768698,0.6327224732219909,13,10,30,9.902136727288488,8,1,19,2,0,1,4,5
fold3_0000790,sa_0005728,790,Colon,45,0,"[25,50)",AVAILABLE,1,1,1,37,0.4764496508581216,0.6341463414634146,0.7513244494301148,0.5218462549277266,0.5272005406318635,0.7419658166934012,26,11,19,19.534436436507434,1,2,12,4,4,4,1,2
fold3_0000791,sa_0005729,791,Colon,11,0,"[10,25)",AVAILABLE,1,1,1,10,0.689636237820537,0.7619047619047619,0.9051475621394548,0.5291761017244383,0.5291761017244383,0.692106162433079,8,2,3,7.2411814022632,0,0,2,1,0,0,1,1
fold3_0000792,sa_0005730,792,Colon,8,0,"[1,10)",AVAILABLE,1,1,1,10,0.4968935373016764,0.6666666666666666,0.7453403059525147,0.38110617682680664,0.38110617682680664,0.551885413621748,6,4,2,4.472042581055394,0,0,2,0,0,0,4,0
fold3_0000793,sa_0005731,793,Colon,6,0,"[1,10)",AVAILABLE,1,1,1,5,0.7940169452884296,0.9090909090909091,0.8734186398172725,0.764490861618799,0.764490861618799,0.8665285587451909,5,0,1,4.367094072505003,0,0,1,0,0,0,0,0
fold3_0000794,sa_0005732,794,Colon,17,0,"[10,25)",AVAILABLE,1,1,1,12,0.6932641199672515,0.8275862068965517,0.8376941449604288,0.5723987698616094,0.5348301669545192,0.8377719429857464,12,0,5,10.05233057721929,1,0,4,0,0,0,0,0
fold3_0000795,sa_0005733,795,Colon,3,0,"[1,10)",AVAILABLE,1,1,1,3,0.9044520929988259,1.0,0.9044520929988259,0.902333621434745,0.902333621434745,0.9486597001363016,3,0,0,2.713357183448571,0,0,0,0,0,0,0,0
fold3_0000796,sa_0005734,796,Colon,10,0,"[10,25)",AVAILABLE,1,1,1,7,0.6315352468835117,0.7058823529411765,0.8946749330849749,0.5351014040561622,0.5351014040561622,0.6971544715447154,6,1,4,5.368050493184783,0,0,4,0,0,0,1,0
fold3_0000797,sa_0005735,797,Colon,18,0,"[10,25)",AVAILABLE,1,1,1,16,0.7100616669881998,0.8235294117647058,0.8622177384856713,0.6043820777941901,0.6311970979443773,0.8088295857013426,14,2,4,12.071049201017136,1,0,3,0,0,0,2,0
fold3_0000798,sa_0005736,798,Colon,9,0,"[1,10)",AVAILABLE,1,1,1,6,0.40874958710674697,0.5333333333333333,0.7664054758251506,0.28670108847334635,0.34503412731578215,0.8806959403479702,4,2,5,3.0656226697060784,1,4,0,0,0,2,0,0
fold3_0000799,sa_0005737,799,Colon,37,0,"[25,50)",AVAILABLE,1,1,1,25,0.6312240326735068,0.7741935483870968,0.8153310422032796,0.6360750884193344,0.6655951887183741,0.8733113366120899,24,1,13,19.56794582820975,6,0,7,0,0,0,0,1
fold3_0000800,sa_0005738,800,Colon,10,0,"[10,25)",AVAILABLE,1,1,1,12,0.6191515617449208,0.7272727272727273,0.8513333973992661,0.568217665615142,0.5708924103419516,0.7650650384921688,8,4,2,6.810668030527525,2,0,0,0,0,0,3,1
fold3_0000801,sa_0005739,801,Colon,17,0,"[10,25)",AVAILABLE,1,1,1,10,0.44601034749366064,0.5925925925925926,0.7526424613955524,0.5660964230171073,0.5660964230171073,0.7229394240317776,8,2,9,6.02114044380688,0,0,9,0,0,0,2,0
fold3_0000802,sa_0005740,802,Colon,82,0,"[50,+inf)",AVAILABLE,1,1,1,71,0.6555741919514844,0.7973856209150327,0.8221545194145664,0.6206308919506889,0.6340251272264631,0.8450813888415777,61,10,21,50.151426506443066,8,2,10,1,1,2,4,3
fold3_0000803,sa_0005741,803,Colon,89,0,"[50,+inf)",AVAILABLE,1,1,1,79,0.6929690869308288,0.7976190476190477,0.8687970642117854,0.6272331020934373,0.6755372854464157,0.879696982740068,67,12,22,58.20940417098668,13,0,6,3,0,0,4,8
fold3_0000804,sa_0005742,804,Colon,81,0,"[50,+inf)",AVAILABLE,1,1,1,70,0.7033659951986768,0.8211920529801324,0.8565182683467758,0.700704524233936,0.7052329234359572,0.8691967575534266,62,8,19,53.10413349401836,7,0,12,0,0,0,5,3
fold3_0000805,sa_0005743,805,Colon,81,0,"[50,+inf)",AVAILABLE,1,1,1,70,0.7021177399784514,0.8079470198675497,0.8690145798093948,0.7087587528850291,0.7082029319716686,0.8735355093775613,61,9,20,53.00989023738766,9,0,10,1,0,0,4,5
fold3_0000806,sa_0005744,806,Colon,91,0,"[50,+inf)",AVAILABLE,1,1,1,66,0.6035155161901603,0.7133757961783439,0.8459994289451355,0.5988977342314759,0.6214719888497425,0.8437238843389604,56,10,35,47.37596886692701,14,2,16,3,0,1,1,8
fold3_0000807,sa_0005745,807,Colon,34,0,"[25,50)",AVAILABLE,1,1,1,30,0.671932338666841,0.8125,0.8269936475899582,0.6876155268022182,0.6871765382403681,0.8337715454279871,26,4,8,21.50183566433256,2,0,6,0,0,0,3,1
fold3_0000808,sa_0005746,808,Colon,36,0,"[25,50)",AVAILABLE,1,1,1,15,0.4054692672509237,0.5098039215686274,0.7953435626845042,0.34175056389943337,0.39926845011833895,0.6368016401845208,13,2,23,10.339467110242117,7,0,16,0,0,0,0,2
fold3_0000809,sa_0005747,809,Colon,25,0,"[25,50)",AVAILABLE,1,1,1,20,0.5927358897939818,0.7111111111111111,0.833534845022787,0.5268199233716475,0.6257099802944245,0.8242424242424242,16,4,9,13.336558353899438,5,0,2,2,0,0,1,3
fold3_0000810,sa_0005748,810,Colon,33,0,"[25,50)",AVAILABLE,1,1,1,30,0.5128851037892963,0.6349206349206349,0.8077940384681418,0.5823511325202418,0.5651402594522674,0.8285633323887787,20,10,13,16.155881577156876,5,1,4,3,0,2,3,5
fold3_0000811,sa_0005749,811,Colon,79,0,"[50,+inf)",AVAILABLE,1,1,1,45,0.408697760975141,0.532258064516129,0.7678563994078407,0.36234546637577986,0.4321010762751521,0.8311331852045484,33,12,46,25.33926194831514,17,18,9,2,0,4,0,8
fold3_0000812,sa_0005750,812,Colon,60,0,"[50,+inf)",AVAILABLE,1,1,1,30,0.20322605402394436,0.26666666666666666,0.7620977025897914,0.1764353336810912,0.2747962821492233,0.8196459337311793,12,18,48,9.145173193175198,21,24,1,2,0,7,3,8
fold3_0000813,sa_0005751,813,Colon,52,0,"[50,+inf)",AVAILABLE,1,1,1,39,0.6154206576631907,0.7472527472527473,0.8235776448139758,0.5917308776545762,0.6622510378282569,0.8877290456547969,34,5,18,28.001640747252818,10,0,8,0,0,0,2,3
fold3_0000814,sa_0005752,814,Colon,51,0,"[50,+inf)",AVAILABLE,1,1,1,42,0.7269990377680948,0.8387096774193549,0.8668065450311899,0.6908782044682384,0.7152717391304347,0.8506701308577042,39,3,12,33.80545612302295,3,0,9,0,1,0,1,1
fold3_0000815,sa_0005753,815,Colon,32,0,"[25,50)",AVAILABLE,1,1,1,28,0.4731018147741398,0.5666666666666667,0.8348855554837762,0.44045514803358377,0.5252400277145403,0.7949641454946624,17,11,15,14.193055278109751,4,7,3,1,0,4,5,2
fold3_0000816,sa_0005754,816,Lung,34,0,"[25,50)",AVAILABLE,1,1,1,24,0.7211905747050539,0.8275862068965517,0.8714386111019401,0.6743374858437146,0.7233757535164099,0.8900714520613471,24,0,10,20.914527537885174,3,0,7,0,0,0,0,0
fold3_0000817,sa_0005755,817,Lung,34,0,"[25,50)",AVAILABLE,1,1,1,22,0.5935766643830721,0.6785714285714286,0.8747445580382115,0.663953216374269,0.6752248331882796,0.8358588045140993,19,3,15,16.620147477470578,1,0,13,1,2,0,1,0
fold3_0000818,sa_0005756,818,Lung,20,0,"[10,25)",AVAILABLE,1,1,1,15,0.4948124875376184,0.6285714285714286,0.7872016847189384,0.5105489451054894,0.5641182967235243,0.8011925309901146,11,4,9,8.659219319110006,6,0,2,1,0,0,1,3
fold3_0000819,sa_0005757,819,Lung,25,0,"[25,50)",AVAILABLE,1,1,1,23,0.5700749407480497,0.7083333333333334,0.80481168105607,0.5678710178710179,0.6113861386138614,0.8502449062400371,17,6,8,13.681799382764872,6,1,1,0,0,1,3,2
fold3_0000820,sa_0005758,820,Lung,30,0,"[25,50)",AVAILABLE,1,1,1,26,0.5941684839078556,0.7142857142857143,0.8318358774709977,0.5890828121418514,0.6115972119234762,0.8323824422563725,20,6,10,16.636718381255832,1,4,5,0,0,2,4,0
fold3_0000821,sa_0005759,821,Lung,18,0,"[10,25)",AVAILABLE,1,1,1,15,0.6682151318686428,0.7878787878787878,0.8481192058332774,0.6476731887890005,0.6543439399356453,0.8476832641770401,13,2,5,11.02555052395181,2,0,3,0,0,0,1,1
fold3_0000822,sa_0005760,822,Lung,30,0,"[25,50)",AVAILABLE,1,1,1,28,0.5662930795715347,0.6896551724137931,0.8211249653787253,0.5538205851660032,0.5758451957295374,0.816485532815808,20,8,10,16.422500128699472,5,0,4,1,1,0,4,3
fold3_0000823,sa_0005761,823,Lung,29,0,"[25,50)",AVAILABLE,1,1,1,22,0.5259423667011941,0.6274509803921569,0.8382206469300281,0.5930184804928131,0.6132859457481837,0.8433602228917614,16,6,13,13.411531189101098,6,1,4,2,0,1,1,4
fold3_0000824,sa_0005762,824,Lung,30,0,"[25,50)",AVAILABLE,1,1,1,23,0.5459119158602325,0.6792452830188679,0.8037036539053423,0.6160464029897228,0.6529503451347138,0.8527090012662661,18,5,12,14.466666573999815,6,0,3,3,0,0,1,4
fold3_0000825,sa_0005763,825,Lung,44,0,"[25,50)",AVAILABLE,1,1,1,39,0.6227408439006447,0.7710843373493976,0.8076170319336485,0.5248756754429399,0.5783250405322301,0.8651683403290651,32,7,12,25.843745829493784,5,5,1,1,0,1,4,2
fold3_0000826,sa_0005764,826,Lung,37,0,"[25,50)",AVAILABLE,1,1,1,25,0.5654457081961383,0.7096774193548387,0.7967644070036494,0.46556801029371736,0.5732217573221757,0.8778928704740575,22,3,15,17.528817750844695,8,0,6,1,0,0,0,3
fold3_0000827,sa_0005765,827,Lung,50,0,"[50,+inf)",AVAILABLE,1,1,1,44,0.5408094762555824,0.723404255319149,0.7475895701180109,0.5711657105747375,0.5710126430822,0.8054328509774055,34,10,16,25.418046131601937,10,0,4,2,1,0,3,6
fold3_0000828,sa_0005766,828,Lung,34,0,"[25,50)",AVAILABLE,1,1,1,29,0.551723769949946,0.6349206349206349,0.868964937671165,0.553421368547419,0.5932699341623994,0.8551678400163248,20,9,14,17.37929962238824,6,2,5,1,2,1,4,2
fold3_0000829,sa_0005767,829,Lung,32,0,"[25,50)",AVAILABLE,1,1,1,24,0.6406453648469769,0.75,0.8541938197959692,0.5680743410827077,0.6419263695019609,0.8823937331449853,21,3,11,17.938071069909174,5,0,5,1,0,0,0,3
fold3_0000830,sa_0005768,830,Lung,38,0,"[25,50)",AVAILABLE,1,1,1,30,0.5861446411537891,0.7058823529411765,0.8303715749678678,0.5789578016205367,0.6009753298909926,0.8481634115749865,24,6,14,19.928918629600403,4,4,6,0,1,2,2,1
fold3_0000831,sa_0005769,831,Breast,23,0,"[10,25)",AVAILABLE,1,1,1,25,0.6332248204054458,0.7916666666666666,0.7998629310384578,0.6024590163934426,0.6300645462322109,0.8387958589761939,19,6,4,15.19739648959363,1,0,3,0,2,0,4,0
fold3_0000832,sa_0005770,832,Breast,37,0,"[25,50)",AVAILABLE,1,1,1,35,0.7104473423102344,0.8611111111111112,0.8250356233280142,0.6966708505170044,0.6995652972509643,0.8662415793076119,31,4,6,25.576105148204064,2,1,3,0,0,2,1,1
fold3_0000833,sa_0005771,833,Breast,29,0,"[25,50)",AVAILABLE,1,1,1,27,0.7782207989889134,0.9285714285714286,0.838083937372676,0.7564252336448598,0.7652789634911866,0.8841602184797451,26,1,3,21.790183209773513,1,0,2,0,0,0,1,0
fold3_0000834,sa_0005772,834,Breast,25,0,"[25,50)",AVAILABLE,1,1,1,24,0.6641390815171063,0.7755102040816326,0.8563898682720582,0.7376055598205988,0.730143215332965,0.8967871880526626,19,5,6,16.271408353558975,2,0,3,1,0,0,3,2
fold3_0000835,sa_0005773,835,Breast,43,0,"[25,50)",AVAILABLE,1,1,1,30,0.4644524750846004,0.5753424657534246,0.8072626352660912,0.5058642450361706,0.5126877470355731,0.8678633952601186,21,9,22,16.952516147850552,10,5,6,1,0,2,2,5
fold3_0000836,sa_0005774,836,Breast,45,0,"[25,50)",AVAILABLE,1,1,1,29,0.44890627428927915,0.5675675675675675,0.7909301023192061,0.4203017270803468,0.46588519220824,0.8717249165059504,21,8,24,16.609532939633432,18,1,3,2,0,1,0,7
fold3_0000837,sa_0005775,837,Breast,27,0,"[25,50)",AVAILABLE,1,1,1,20,0.6551821841383558,0.7659574468085106,0.8553767404028534,0.5517857142857143,0.6563595568643948,0.9162257122296067,18,2,9,15.396782182628103,6,0,2,1,0,0,0,2
fold3_0000838,sa_0005776,838,Breast,44,0,"[25,50)",AVAILABLE,1,1,1,39,0.7936465608342541,0.891566265060241,0.8901711425573391,0.8159154284762975,0.8159154284762975,0.8986271229171919,37,2,7,32.936333164792686,0,0,7,0,0,0,2,0
fold3_0000839,sa_0005777,839,Breast,48,0,"[25,50)",AVAILABLE,1,1,1,43,0.7948696369740333,0.9010989010989011,0.8821114263980125,0.8376530902876673,0.8376530902876673,0.9116553006819591,41,2,7,36.16656936442994,0,0,7,0,0,0,2,0
fold3_0000840,sa_0005778,840,Breast,37,0,"[25,50)",AVAILABLE,1,1,1,34,0.7344159405623786,0.8450704225352113,0.8690588629988146,0.7863101936284972,0.8185933710590138,0.9126955903271693,30,4,7,26.0717667590233,1,0,4,2,2,0,1,1
fold3_0000841,sa_0005779,841,Colon,25,0,"[25,50)",AVAILABLE,1,1,1,32,0.39664114230661957,0.5614035087719298,0.7065170347336661,0.47743482538121,0.504363117555327,0.7026025584472871,16,16,9,11.304273262255693,3,0,2,4,3,0,9,4
fold3_0000842,sa_0005780,842,Colon,32,0,"[25,50)",AVAILABLE,1,1,1,31,0.46728309838916104,0.6031746031746031,0.7747061894346617,0.4509365972780607,0.49862794817465006,0.7276562210272576,19,12,13,14.719418373964762,5,0,4,4,2,0,5,5
fold3_0000843,sa_0005781,843,Kidney,24,0,"[10,25)",AVAILABLE,1,1,1,19,0.7201572074076478,0.8372093023255814,0.8601877755146904,0.7377243326956363,0.7424808334971496,0.9135830324909747,18,1,6,15.483380819452202,3,0,3,0,0,0,0,1
fold3_0000844,sa_0005782,844,Kidney,25,0,"[25,50)",AVAILABLE,1,1,1,17,0.618314731599155,0.7142857142857143,0.8656406242388169,0.6051572190186052,0.650166646093075,0.8321364452423698,15,2,10,12.984610229222877,3,0,7,0,0,0,1,1
fold3_0000845,sa_0005783,845,Kidney,26,0,"[25,50)",AVAILABLE,1,1,1,16,0.4461684463544769,0.5238095238095238,0.8517761248585467,0.44624517101667766,0.5217965653896962,0.8333333333333334,11,5,15,9.369538225220138,8,3,4,0,0,2,1,2
fold3_0000846,sa_0005784,846,Kidney,18,0,"[10,25)",AVAILABLE,1,1,1,14,0.7843618636466227,0.875,0.8964135584532832,0.7533722201968648,0.7979321421401325,0.9230082072469432,14,0,4,12.549790714759522,1,0,3,0,0,0,0,0
fold3_0000847,sa_0005785,847,Kidney,27,0,"[25,50)",AVAILABLE,1,1,1,20,0.5703631931944539,0.6808510638297872,0.8377209400043543,0.6115381629008464,0.625661490413811,0.8407065478414003,16,4,11,13.40353587779061,5,0,6,0,0,0,2,2
fold3_0000848,sa_0005786,848,Prostate,17,0,"[10,25)",AVAILABLE,1,1,1,24,0.6175574899620546,0.6829268292682927,0.9042806103015799,0.5252974750894843,0.5814977973568282,0.7380936204905224,14,10,3,12.659929448502728,0,2,0,1,0,0,9,1
fold3_0000849,sa_0005787,849,Prostate,14,0,"[10,25)",AVAILABLE,1,1,1,14,0.6941839779164742,0.7857142857142857,0.8835068809846036,0.622241716715028,0.7192746809939556,0.909765625,11,3,3,9.71857657433752,0,3,0,0,0,1,2,0
fold3_0000850,sa_0005788,850,Prostate,18,0,"[10,25)",AVAILABLE,1,1,1,12,0.37349149167261647,0.4666666666666667,0.8003389107270352,0.45116533803931114,0.4724200761967865,0.872876589042637,7,5,11,5.602373175428157,4,3,3,1,2,2,0,1
fold3_0000851,sa_0005789,851,Bladder,18,0,"[10,25)",AVAILABLE,1,1,1,19,0.7646423782396629,0.8648648648648649,0.8841177498396101,0.7728054277615131,0.8037557762265264,0.906464624441295,16,3,2,14.145884881551513,1,0,0,1,0,0,2,1
fold3_0000852,sa_0005790,852,Bladder,20,0,"[10,25)",AVAILABLE,1,1,1,16,0.554760137721728,0.6111111111111112,0.9077893162719185,0.5500077172403148,0.6566369062299611,0.8488313235075182,11,5,9,9.98568338678042,6,0,2,1,0,0,2,3
fold3_0000853,sa_0005791,853,Bladder,21,0,"[10,25)",AVAILABLE,1,1,1,18,0.577118957580438,0.6666666666666666,0.865678436370657,0.5934267800806677,0.6307198660714286,0.8475204608321214,13,5,8,11.253820538496976,5,0,3,0,0,0,3,2
fold3_0000854,sa_0005792,854,Breast,24,0,"[10,25)",AVAILABLE,1,1,1,17,0.7090834440604274,0.8292682926829268,0.8550712119552214,0.7904789466068586,0.8043960923623446,0.8962716869693614,17,0,7,14.536211458309976,1,0,6,0,0,0,0,0
fold3_0000855,sa_0005793,855,Breast,18,0,"[10,25)",AVAILABLE,1,1,1,17,0.7231981326523642,0.8,0.9039976658154553,0.8211387309093233,0.8270915817485559,0.9129662522202486,14,3,4,12.655968225414039,2,0,2,0,0,0,2,1
fold3_0000856,sa_0005794,856,Breast,22,0,"[10,25)",AVAILABLE,1,1,1,12,0.5396913191226493,0.6470588235294118,0.834068402280458,0.576199983362449,0.65800588078054,0.8961403282494438,11,1,11,9.174753259153439,4,1,6,0,0,0,0,1
fold3_0000857,sa_0005795,857,Breast,16,0,"[10,25)",AVAILABLE,1,1,1,11,0.4640910477026922,0.5925925925925926,0.7831536429982932,0.48507272263332485,0.553855891971727,0.7743906578858035,8,3,8,6.265229927139988,4,0,4,0,0,0,2,1
fold3_0000858,sa_0005796,858,Breast,43,0,"[25,50)",AVAILABLE,1,1,1,27,0.5343586645227464,0.6857142857142857,0.7792730524290051,0.46147976314022343,0.5730295280167403,0.8966536596901975,24,3,19,18.702554037569175,13,4,2,0,0,1,0,2
fold3_0000859,sa_0005797,859,Breast,10,0,"[10,25)",AVAILABLE,1,1,1,8,0.5620065285618977,0.6666666666666666,0.8430097928428466,0.5706091231903851,0.6220509594212016,0.8602734412876951,6,2,4,5.058059600066873,1,0,2,1,2,0,0,0
fold3_0000860,sa_0005798,860,Bladder,37,0,"[25,50)",AVAILABLE,1,1,1,30,0.6009733248817258,0.7164179104477612,0.8388585993140757,0.6168411418111092,0.6345292934535781,0.8580955027190093,24,6,13,20.132607222396416,5,2,5,1,0,1,2,3
fold3_0000861,sa_0005799,861,Bladder,24,0,"[10,25)",AVAILABLE,1,1,1,19,0.5734853073001616,0.7441860465116279,0.7706208816845921,0.5854493190062282,0.6116396610673406,0.7890052114559793,16,3,8,12.329934877574356,2,0,6,0,0,0,2,1
fold3_0000862,sa_0005800,862,Bladder,20,0,"[10,25)",AVAILABLE,1,1,1,11,0.4377147227611278,0.5161290322580645,0.8480722753496851,0.48259972489683634,0.5686623012160898,0.8369014252489713,8,3,12,6.784579050869755,4,0,7,1,0,0,1,2
fold3_0000863,sa_0005801,863,Prostate,30,0,"[25,50)",AVAILABLE,1,1,1,18,0.5412372486971664,0.6666666666666666,0.8118558730457497,0.5566781252620105,0.5677830940988836,0.8565615462868769,16,2,14,12.989694780587868,2,4,8,0,0,2,0,0
fold3_0000864,sa_0005802,864,Prostate,33,0,"[25,50)",AVAILABLE,1,1,1,22,0.4437677862313334,0.5818181818181818,0.7627258825851043,0.44602309421094777,0.5166679236744852,0.8593948133966534,16,6,17,12.203614884087553,13,2,1,1,0,1,1,4
fold3_0000865,sa_0005803,865,Prostate,37,0,"[25,50)",AVAILABLE,1,1,1,19,0.3251187927480761,0.42857142857142855,0.7586105164121776,0.37997738373072204,0.4010910555413173,0.8361032716630082,12,7,25,9.103326955556646,9,8,8,0,0,3,1,3
fold3_0000866,sa_0005804,866,Prostate,56,0,"[50,+inf)",AVAILABLE,1,1,1,38,0.4844171640493974,0.5957446808510638,0.8131288110829171,0.4429255495677734,0.5121503681573314,0.8916925948973242,28,10,28,22.76760752345049,3,21,4,0,0,7,2,1
fold3_0000867,sa_0005805,867,Prostate,32,0,"[25,50)",AVAILABLE,1,1,1,16,0.4846407101232749,0.5833333333333334,0.8308126459256141,0.44742737659622134,0.5224581461821152,0.8090384873273434,14,2,18,11.631377873771243,1,7,10,0,0,1,1,0
fold3_0000868,sa_0005806,868,Prostate,31,0,"[25,50)",AVAILABLE,1,1,1,23,0.5352633041670098,0.6666666666666666,0.8028949562505148,0.45099832342630697,0.5231155336386052,0.8568207440811725,18,5,13,14.452110015404223,6,6,1,0,0,1,2,2
fold3_0000869,sa_0005807,869,Prostate,17,0,"[10,25)",AVAILABLE,1,1,1,16,0.5347472991092539,0.6666666666666666,0.8021209486638808,0.5203807390817469,0.5462253272739606,0.8245306194069135,11,5,6,8.823331237423638,0,3,3,0,1,1,3,0
fold3_0000870,sa_0005808,870,Prostate,24,0,"[10,25)",AVAILABLE,1,1,1,21,0.7339044970303243,0.8888888888888888,0.8256425591591149,0.7428264285123625,0.7428264285123625,0.8538622129436325,20,1,4,16.512852008824858,0,0,4,0,0,0,1,0
fold3_0000871,sa_0005809,871,Prostate,25,0,"[25,50)",AVAILABLE,1,1,1,14,0.48634709783556374,0.6153846153846154,0.790314033982791,0.6110058560110231,0.6383255070436608,0.8653494328576655,12,2,13,9.483769198107526,4,0,8,1,0,0,0,2
fold3_0000872,sa_0005810,872,Prostate,33,0,"[25,50)",AVAILABLE,1,1,1,34,0.6200897653747776,0.7164179104477612,0.8655419641689605,0.5922465018209699,0.6408577878103837,0.8547255468427569,24,10,9,20.773008005597017,4,0,3,2,2,0,6,2
fold3_0000873,sa_0005811,873,Prostate,33,0,"[25,50)",AVAILABLE,1,1,1,34,0.7207004010469461,0.835820895522388,0.8622665512525963,0.67773996651002,0.6943115670566538,0.853595482685897,28,6,5,24.14346429733925,2,0,3,0,0,0,6,0
fold3_0000874,sa_0005812,874,Prostate,38,0,"[25,50)",AVAILABLE,1,1,1,31,0.722899336417145,0.8405797101449275,0.8600009347031553,0.6802750951126719,0.7011921688723614,0.8966825253953967,29,2,9,24.94002796639244,3,0,4,2,0,0,0,2
fold3_0000875,sa_0005813,875,Prostate,22,0,"[10,25)",AVAILABLE,1,1,1,21,0.6616478418588946,0.7441860465116279,0.8890892874978896,0.6112269000972628,0.6107559232794284,0.8222274106934392,16,5,6,14.225429489055522,2,2,2,0,0,1,3,1
fold3_0000876,sa_0005814,876,Prostate,30,0,"[25,50)",AVAILABLE,1,1,1,27,0.699589586106584,0.8421052631578947,0.8307626335015685,0.7360442051572683,0.743422009012938,0.8687567747852915,24,3,6,19.93830403480028,2,0,4,0,1,0,1,1
fold3_0000877,sa_0005815,877,Prostate,28,0,"[25,50)",AVAILABLE,1,1,1,26,0.6791748831166241,0.7777777777777778,0.8732248497213738,0.7204475308641975,0.7204475308641975,0.837601471049917,21,5,7,18.3377227173737,0,0,7,0,0,0,5,0
fold3_0000878,sa_0005816,878,Prostate,39,0,"[25,50)",AVAILABLE,1,1,1,31,0.5795644615767015,0.6857142857142857,0.8451981731326896,0.5658570904196746,0.6166539343009931,0.8743502504489179,24,7,15,20.284757000382726,11,0,3,1,0,0,3,4
fold3_0000879,sa_0005817,879,Prostate,46,0,"[25,50)",AVAILABLE,1,1,1,38,0.5921352766372142,0.7380952380952381,0.802247794153645,0.5778804474783917,0.6005389019872011,0.8619528619528619,31,7,15,24.86968242101079,5,5,5,0,0,3,3,1
fold3_0000880,sa_0005818,880,Prostate,30,0,"[25,50)",AVAILABLE,1,1,1,30,0.7001227132435072,0.8,0.8751533915543839,0.6654542413980518,0.6730250134964909,0.8578573733462407,24,6,6,21.003682272458605,3,0,3,0,1,0,4,1
fold3_0000881,sa_0005819,881,Prostate,46,0,"[25,50)",AVAILABLE,1,1,1,36,0.6460675623346056,0.7804878048780488,0.8277740642412135,0.6252384937238493,0.6780189332717618,0.866047471620227,32,4,14,26.488770883492894,3,2,9,0,0,2,2,0
fold3_0000882,sa_0005820,882,Prostate,18,0,"[10,25)",AVAILABLE,1,1,1,12,0.5474979519565069,0.6666666666666666,0.8212469279347603,0.5444248871202265,0.5801834862385321,0.8260566651184393,10,2,8,8.21247010059453,4,0,3,1,0,0,0,2
fold3_0000883,sa_0005821,883,Prostate,28,0,"[25,50)",AVAILABLE,1,1,1,12,0.33783155444725954,0.45,0.7507367876605767,0.3385271358635574,0.3437608620090372,0.554492153819624,9,3,19,6.756631839681978,2,0,16,1,0,0,2,1
fold3_0000884,sa_0005822,884,Prostate,33,0,"[25,50)",AVAILABLE,1,1,1,17,0.5391405353478829,0.68,0.7928537284527689,0.4989682379121991,0.5929154208685957,0.7846530716126364,17,0,16,13.478514176550801,6,0,10,0,0,0,0,0
fold3_0000885,sa_0005823,885,Kidney,82,0,"[50,+inf)",AVAILABLE,1,1,1,71,0.6816517505626267,0.8235294117647058,0.8277199828260468,0.6978075065031587,0.7095955712747962,0.8487519676186193,63,8,19,52.146359745760925,4,1,13,1,2,1,4,1
fold3_0000886,sa_0005824,886,Kidney,111,0,"[50,+inf)",AVAILABLE,1,1,1,63,0.40242797517252876,0.5057471264367817,0.7957098600002273,0.36835751961581864,0.4338291219470971,0.8428373559661686,44,19,67,35.01123463571986,21,30,16,0,0,10,2,7
fold3_0000887,sa_0005825,887,Kidney,112,0,"[50,+inf)",AVAILABLE,1,1,1,76,0.550548671761382,0.6702127659574468,0.8214535737392048,0.5195550183360308,0.5639736619218054,0.8936638540956973,63,13,49,51.75157596702348,22,15,12,0,0,6,1,6
fold3_0000888,sa_0005826,888,Kidney,133,0,"[50,+inf)",AVAILABLE,1,1,1,84,0.4746091844322157,0.6175115207373272,0.7685835300133643,0.4088950181003275,0.4910358565737052,0.8334199262722977,67,17,66,51.49509727947894,36,13,17,0,0,6,1,10
fold3_0000889,sa_0005827,889,Kidney,164,0,"[50,+inf)",AVAILABLE,1,1,1,99,0.4151044408382948,0.5399239543726235,0.768820196763884,0.3866438664386644,0.4738013207005455,0.8420104222471144,71,28,93,54.58623473905596,40,30,20,3,1,10,0,17
fold3_0000890,sa_0005828,890,Stomach,95,0,"[50,+inf)",AVAILABLE,1,1,1,75,0.5349375095388088,0.6470588235294118,0.8267216056508864,0.5595195195195195,0.5750427048359545,0.8713326726378579,55,20,40,45.469689137520355,27,6,7,0,0,3,7,10
fold3_0000891,sa_0005829,891,Stomach,99,0,"[50,+inf)",AVAILABLE,1,1,1,79,0.6527071739159688,0.7640449438202247,0.8542785070370768,0.5923932289822226,0.656172653184425,0.918624359838889,68,11,31,58.09093933279972,19,5,7,0,0,2,4,5
fold3_0000892,sa_0005830,892,Stomach,103,0,"[50,+inf)",AVAILABLE,1,1,1,80,0.6430734401295162,0.7650273224043715,0.840588853883582,0.5918515165233137,0.652558287348684,0.9146853146853147,70,10,33,58.84122061243959,25,1,7,0,0,0,3,7
fold3_0000893,sa_0005831,893,Stomach,96,0,"[50,+inf)",AVAILABLE,1,1,1,73,0.6905773059202733,0.8284023668639053,0.8336254621466157,0.6409908197077516,0.6951840057778799,0.9142281697232605,70,3,26,58.35378318388856,16,2,8,0,0,1,0,2
fold3_0000894,sa_0005832,894,Stomach,110,0,"[50,+inf)",AVAILABLE,1,1,1,87,0.6794101201041488,0.8020304568527918,0.84711261810454,0.7038270925110132,0.7412677088422082,0.8978081711379975,79,8,31,66.92189767737128,12,3,13,3,0,1,0,7
fold3_0000895,sa_0005833,895,Ovarian,23,0,"[10,25)",AVAILABLE,1,1,1,22,0.5027352524612306,0.7111111111111111,0.7069714487736055,0.528515406162465,0.529186935371786,0.7293796864349011,16,6,7,11.311543887349139,1,0,4,2,2,0,2,2
fold3_0000896,sa_0005834,896,Ovarian,31,0,"[25,50)",AVAILABLE,1,1,1,35,0.48899729736359815,0.6363636363636364,0.7684243244285114,0.44865300483536724,0.4335178326189188,0.6838529872844452,21,14,10,16.136911581423064,4,2,2,2,0,2,8,4
fold3_0000897,sa_0005835,897,Ovarian,20,0,"[10,25)",AVAILABLE,1,1,1,23,0.4930995105748379,0.6511627906976745,0.757259962668501,0.458352269038499,0.4579291365669075,0.7022792695012033,14,9,6,10.601640234618976,1,0,3,2,4,0,5,0
fold3_0000898,sa_0005836,898,Ovarian,26,0,"[25,50)",AVAILABLE,1,1,1,28,0.4243987059608165,0.5555555555555556,0.7639176707294697,0.38156233086776115,0.3903700756068444,0.6929430043339603,15,13,11,11.458765824859716,4,0,5,2,2,0,9,2
fold3_0000899,sa_0005837,899,Esophagus,42,0,"[25,50)",AVAILABLE,1,1,1,24,0.2257762747401672,0.30303030303030304,0.7450617066425518,0.22396795758637036,0.2928587319243604,0.8348074474309116,10,14,32,7.450617811487224,3,28,1,0,0,10,3,1
fold3_0000900,sa_0005838,900,Esophagus,32,0,"[25,50)",AVAILABLE,1,1,1,16,0.277528787758918,0.3333333333333333,0.8325863632767541,0.14659175379149894,0.225034396697917,0.8006059656271222,8,8,24,6.660691738800395,15,7,2,0,1,3,2,2
fold3_0000901,sa_0005839,901,Esophagus,29,0,"[25,50)",AVAILABLE,1,1,1,20,0.2667395597245051,0.32653061224489793,0.8168899016562968,0.2783940742801502,0.32311350269052685,0.7633595006147735,8,12,21,6.535120030140275,6,13,2,0,0,6,4,2
fold3_0000902,sa_0005840,902,Esophagus,50,0,"[50,+inf)",AVAILABLE,1,1,1,24,0.20592338251751768,0.2702702702702703,0.7619165153148154,0.21323004702908582,0.28274733573886046,0.8198083276093285,10,14,40,7.619165915064669,10,26,3,1,1,6,3,4
fold3_0000903,sa_0005841,903,Esophagus,40,0,"[25,50)",AVAILABLE,1,1,1,29,0.259246646798678,0.34782608695652173,0.7453341095461993,0.26368740063593005,0.32491082045184305,0.8004636900755366,12,17,28,8.9440100598885,8,20,0,0,1,6,7,3
fold3_0000904,sa_0005842,904,Esophagus,41,0,"[25,50)",AVAILABLE,1,1,1,11,0.12529727221693762,0.15384615384615385,0.8144322694100945,0.0674782104891934,0.11806904797489165,0.8319361429908149,4,7,37,3.2577298920726476,2,33,1,1,2,3,1,1
fold3_0000905,sa_0005843,905,Esophagus,47,0,"[25,50)",AVAILABLE,1,1,1,30,0.2686407476282994,0.33766233766233766,0.7955899064376559,0.23192543454530187,0.3437902666270195,0.8253734095519085,13,17,34,10.342669579279432,11,17,4,2,0,7,5,5
fold3_0000906,sa_0005844,906,Esophagus,42,0,"[25,50)",AVAILABLE,1,1,1,21,0.23816027966377626,0.31746031746031744,0.7502048809408952,0.17729274971229017,0.23642207451460556,0.8037277405435994,10,11,32,7.502049559613832,10,15,7,0,0,5,4,2
fold3_0000907,sa_0005845,907,Esophagus,44,0,"[25,50)",AVAILABLE,1,1,1,26,0.35065640367852274,0.45714285714285713,0.7670608830467686,0.3123096292084636,0.4052018813128068,0.8572473708276177,16,10,28,12.272974895809181,10,12,5,1,2,3,2,3
fold3_0000908,sa_0005846,908,Esophagus,46,0,"[25,50)",AVAILABLE,1,1,1,26,0.2991376231353645,0.4166666666666667,0.7179302955248748,0.3078123092366754,0.37238555643251775,0.8316739153876568,15,11,31,10.768955150803416,12,15,2,2,2,5,0,4
fold3_0000909,sa_0005847,909,Esophagus,52,0,"[50,+inf)",AVAILABLE,1,1,1,23,0.23162248006983305,0.32,0.7238202502182283,0.21214796962488183,0.3038424989644502,0.7727756909794248,12,11,40,8.68584372643899,8,23,9,0,0,5,4,2
fold3_0000910,sa_0005848,910,Esophagus,49,0,"[25,50)",AVAILABLE,1,1,1,30,0.34313922758607823,0.43037974683544306,0.7972940876264758,0.25580941021633624,0.3588381399199669,0.8453245324532453,17,13,32,13.554000286944177,19,9,4,0,0,1,7,5
fold3_0000911,sa_0005849,911,Esophagus,43,0,"[25,50)",AVAILABLE,1,1,1,23,0.3216855078585245,0.3939393939393939,0.8165862891793315,0.26985500262835116,0.38177298692607375,0.860963121843216,13,10,30,10.615622575917598,9,15,5,1,0,5,2,3
fold3_0000912,sa_0005850,912,Esophagus,49,0,"[25,50)",AVAILABLE,1,1,1,32,0.2874953102840808,0.3950617283950617,0.7277225041565796,0.24771832068402344,0.305356129573434,0.7852201852201852,16,16,33,11.643560794227778,21,6,5,1,0,2,9,5
fold3_0000913,sa_0005851,913,Esophagus,45,0,"[25,50)",AVAILABLE,1,1,1,34,0.29549915845274644,0.379746835443038,0.7781477839255655,0.3079739140799264,0.35305408745497097,0.7260289945198025,15,19,30,11.672217537031266,11,8,8,3,2,6,7,4
fold3_0000914,sa_0005852,914,Esophagus,48,0,"[25,50)",AVAILABLE,1,1,1,24,0.1994697664446317,0.2777777777777778,0.7180911592006741,0.2361545218688076,0.3214688615172096,0.8095752465242692,10,14,38,7.1809123100979,15,17,4,2,0,5,4,5
fold3_0000915,sa_0005853,915,Esophagus,43,0,"[25,50)",AVAILABLE,1,1,1,23,0.3294999834394308,0.42424242424242425,0.776678532392944,0.2401381806218128,0.3560520939734423,0.8491422330188502,14,9,29,10.873500230179749,7,17,5,0,1,7,0,1
fold3_0000916,sa_0005854,916,Esophagus,40,0,"[25,50)",AVAILABLE,1,1,1,20,0.33063186800027694,0.43333333333333335,0.7629966184621775,0.25044014685209703,0.3218089907925618,0.8490063511575496,13,7,27,9.918956803004924,6,16,4,1,0,5,0,2
fold3_0000917,sa_0005855,917,Esophagus,46,0,"[25,50)",AVAILABLE,1,1,1,29,0.3597964718702387,0.4533333333333333,0.7936686879490561,0.37368888244778176,0.41689678978253364,0.8441439795359035,17,12,29,13.492368488802642,3,21,5,0,0,7,4,1
fold3_0000918,sa_0005856,918,Esophagus,3,0,"[1,10)",AVAILABLE,1,1,1,0,0.0,0.0,0.0,0.0,0.0,0.0,0,0,3,0.0,0,0,3,0,0,0,0,0
fold3_0000919,sa_0005857,919,Esophagus,10,0,"[10,25)",AVAILABLE,1,1,1,4,0.4575741033458173,0.5714285714285714,0.8007546808551803,0.33758361204013376,0.33758361204013376,0.5047663697452727,4,0,6,3.203019524175402,0,0,6,0,0,0,0,0
fold3_0000920,sa_0005858,920,Esophagus,2,0,"[1,10)",AVAILABLE,1,1,1,0,0.0,0.0,0.0,0.0,0.0,0.0,0,0,2,0.0,0,0,2,0,0,0,0,0
fold3_0000921,sa_0005859,921,Esophagus,4,0,"[1,10)",AVAILABLE,1,1,1,1,0.0,0.0,0.0,0.0,0.0,0.0,0,1,4,0.0,0,0,4,0,0,0,1,0
fold3_0000922,sa_0005860,922,Esophagus,7,0,"[1,10)",AVAILABLE,1,1,1,1,0.12517181430548968,0.25,0.5006872572219587,0.13582089552238805,0.13582089552238805,0.23915900131406045,1,0,6,0.5006877579092159,0,0,6,0,0,0,0,0
fold3_0000923,sa_0005861,923,Esophagus,9,0,"[1,10)",AVAILABLE,1,1,1,4,0.14453110546889456,0.15384615384615385,0.9394521855478145,0.1616077035796525,0.1616077035796525,0.2854568390701027,1,3,8,0.939453125,0,0,7,1,2,0,1,0
fold3_0000924,sa_0005862,924,Esophagus,2,0,"[1,10)",AVAILABLE,1,1,1,1,0.48936121276644684,0.6666666666666666,0.7340418191496703,0.46621621621621623,0.46621621621621623,0.6359447004608295,1,0,1,0.7340425531914894,0,0,1,0,0,0,0,0
fold3_0000925,sa_0005863,925,Esophagus,5,0,"[1,10)",AVAILABLE,1,1,1,0,0.0,0.0,0.0,0.0,0.0,0.0,0,0,5,0.0,0,0,5,0,0,0,0,0
fold3_0000926,sa_0005864,926,Esophagus,3,0,"[1,10)",AVAILABLE,1,1,1,1,0.4325695419851654,0.5,0.8651390839703308,0.3413654618473896,0.3413654618473896,0.5089820359281437,1,0,2,0.8651399491094147,0,0,2,0,0,0,0,0
fold3_0000927,sa_0005865,927,Esophagus,4,0,"[1,10)",AVAILABLE,1,1,1,1,0.0,0.0,0.0,0.06327543424317618,0.06327543424317618,0.11901983663943991,0,1,4,0.0,0,0,3,1,0,0,0,1
fold3_0000928,sa_0005866,928,Esophagus,3,0,"[1,10)",AVAILABLE,1,1,1,0,0.0,0.0,0.0,0.0,0.0,0.0,0,0,3,0.0,0,0,3,0,0,0,0,0
fold3_0000929,sa_0005867,929,Lung,79,0,"[50,+inf)",AVAILABLE,1,1,1,51,0.5789374023693855,0.6923076923076923,0.8362429145335568,0.6053596826109738,0.620336331638639,0.7861556284997103,45,6,34,37.63093199025297,4,2,27,1,0,2,2,2
fold3_0000930,sa_0005868,930,Lung,93,0,"[50,+inf)",AVAILABLE,1,1,1,60,0.6051335436995094,0.7189542483660131,0.8416857471456813,0.6105551747772446,0.6199189932012151,0.7957315711925704,55,5,38,46.29271693469822,9,0,28,1,0,0,1,4
fold3_0000931,sa_0005869,931,Lung,85,0,"[50,+inf)",AVAILABLE,1,1,1,62,0.6112216445144623,0.7619047619047619,0.8022284084252318,0.6107588977465319,0.6155102574153927,0.7870748574432807,56,6,29,44.92479167404139,4,0,24,1,0,0,4,2
fold3_0000932,sa_0005870,932,Lung,85,0,"[50,+inf)",AVAILABLE,1,1,1,51,0.5280234913288941,0.6617647058823529,0.7979021646747734,0.5538055872291904,0.571889896970629,0.7608100176090784,45,6,40,35.905598208266966,6,0,31,3,0,0,2,4
fold3_0000933,sa_0005871,933,Lung,69,0,"[50,+inf)",AVAILABLE,1,1,1,34,0.47472673616840183,0.5825242718446602,0.8149475637557565,0.4823993526198665,0.4874176476941354,0.692564623874528,30,4,39,24.44842772762026,3,0,34,2,0,0,1,3
fold3_0000934,sa_0005872,934,Lung,77,0,"[50,+inf)",AVAILABLE,1,1,1,56,0.5853289752881579,0.7518796992481203,0.77848753713325,0.6170248348524124,0.6263916458099594,0.7912974263730432,50,6,27,38.92437763515004,3,0,21,3,2,0,1,3
fold3_0000935,sa_0005873,935,Lung,78,0,"[50,+inf)",AVAILABLE,1,1,1,51,0.5566615012087752,0.6976744186046512,0.7978814850659112,0.5836443841194435,0.5950854700854701,0.7694797945970082,45,6,33,35.90466762584749,5,0,27,1,1,0,2,3
fold3_0000936,sa_0005874,936,Lung,68,0,"[50,+inf)",AVAILABLE,1,1,1,45,0.5572690949712577,0.6902654867256637,0.8073257401506682,0.5321136629038536,0.5462837837837838,0.7542058116670308,39,6,29,31.485704673201795,6,0,23,0,1,0,3,2
fold3_0000937,sa_0005875,937,Lung,53,0,"[50,+inf)",AVAILABLE,1,1,1,27,0.5352399865071015,0.65,0.8234461330878483,0.51468450130852,0.51468450130852,0.6799769629487425,26,1,27,21.40960028373019,0,0,26,1,0,0,0,1
fold3_0000938,sa_0005876,938,Lung,79,0,"[50,+inf)",AVAILABLE,1,1,1,53,0.5167440937344848,0.696969696969697,0.7414154388364347,0.5422301041897584,0.5422301041897584,0.7138134253270088,46,7,33,34.10511092789143,0,0,30,3,2,0,2,3
fold3_0000939,sa_0005877,939,Lung,77,0,"[50,+inf)",AVAILABLE,1,1,1,51,0.5325541908639057,0.671875,0.7926387957044178,0.5903558415381037,0.6069259806335139,0.7849045041364519,43,8,34,34.083469007928755,6,0,26,2,2,0,2,4
fold3_0000940,sa_0005878,940,Lung,75,0,"[50,+inf)",AVAILABLE,1,1,1,46,0.6105649634670051,0.743801652892562,0.8208706731056402,0.6548723421722354,0.6548723421722354,0.7914475642424844,45,1,30,36.93918111062448,0,0,29,1,0,0,0,1
fold3_0000941,sa_0005879,941,Lung,71,0,"[50,+inf)",AVAILABLE,1,1,1,49,0.5906325044813875,0.7333333333333333,0.8054079606564376,0.6417096089724159,0.6522913852229034,0.799496855345912,44,5,27,35.43795107429121,0,4,20,3,0,2,0,3
fold3_0000942,sa_0005880,942,Lung,84,0,"[50,+inf)",AVAILABLE,1,1,1,60,0.5187548293185112,0.6805555555555556,0.7622519941006696,0.5425420590839571,0.5491670226398975,0.7501240831632935,49,11,35,37.3503484731848,8,1,25,1,3,1,4,3
fold3_0000943,sa_0005881,943,Lung,82,0,"[50,+inf)",AVAILABLE,1,1,1,65,0.651829159117423,0.8027210884353742,0.8120244609344168,0.6917660864463133,0.6962801741195093,0.8255375403398266,59,6,23,47.90944400715505,1,0,20,2,0,0,4,2
fold3_0000944,sa_0005882,944,Lung,22,0,"[10,25)",AVAILABLE,1,1,1,17,0.5637598975193714,0.6666666666666666,0.8456398462790572,0.5299296640598101,0.5278997196805416,0.7538770423705344,13,4,9,10.99331884726759,2,0,6,1,1,0,1,2
fold3_0000945,sa_0005883,945,Lung,28,0,"[25,50)",AVAILABLE,1,1,1,17,0.5006208519160446,0.6222222222222222,0.804569226293643,0.545502676628037,0.5644558760487476,0.7374148594691928,14,3,14,11.263969972680227,2,1,11,0,0,1,2,0
fold3_0000946,sa_0005884,946,Lung,34,0,"[25,50)",AVAILABLE,1,1,1,30,0.49320703749394745,0.625,0.789131259990316,0.5179107823357991,0.5411919368974584,0.7556945629166272,20,10,14,15.78262598893758,4,0,8,2,3,0,5,2
fold3_0000947,sa_0005885,947,Lung,28,0,"[25,50)",AVAILABLE,1,1,1,19,0.6065324083768777,0.7659574468085106,0.7918617553809236,0.5748903632070168,0.5876134734830387,0.7848625061129293,18,1,10,14.25351238871838,3,0,7,0,0,0,0,1
fold3_0000948,sa_0005886,948,Lung,20,0,"[10,25)",AVAILABLE,1,1,1,12,0.588990486571906,0.75,0.7853206487625413,0.6020616934214668,0.594074929856412,0.7921519904747114,12,0,8,9.423848570471144,1,0,7,0,0,0,0,0
fold3_0000949,sa_0005887,949,Lung,10,0,"[10,25)",AVAILABLE,1,1,1,3,0.38524456172842764,0.46153846153846156,0.8346965504115932,0.6273315569090216,0.6273315569090216,0.7709941520467837,3,0,7,2.50409048593133,0,0,7,0,0,0,0,0
fold3_0000950,sa_0005888,950,Lung,28,0,"[25,50)",AVAILABLE,1,1,1,18,0.517695718283223,0.6956521739130435,0.744187595032133,0.518595041322314,0.5481913374583531,0.7731919145338559,16,2,12,11.907002264701724,4,0,8,0,0,0,0,2
fold3_0000951,sa_0005889,951,Lung,30,0,"[25,50)",AVAILABLE,1,1,1,20,0.49801103297945165,0.64,0.7781422390303931,0.5619938405383825,0.5536517719568567,0.8029990479212948,16,4,14,12.45027660262853,3,0,10,1,2,0,0,2
fold3_0000952,sa_0005890,952,Lung,25,0,"[25,50)",AVAILABLE,1,1,1,14,0.6053842193539343,0.717948717948718,0.8432137341001227,0.6481533690442628,0.6481533690442628,0.786520697913103,14,0,11,11.804993120615451,0,0,11,0,0,0,0,0
fold3_0000953,sa_0005891,953,Lung,18,0,"[10,25)",AVAILABLE,1,1,1,10,0.5187783658835764,0.5714285714285714,0.9078621402962588,0.5802356170650806,0.5938227723985783,0.7802214703168255,8,2,10,7.2628980302322095,2,0,8,0,0,0,1,1
fold3_0000954,sa_0005892,954,Lung,28,0,"[25,50)",AVAILABLE,1,1,1,21,0.6867013868186536,0.7755102040816326,0.885483367213527,0.7438834839675321,0.7571487774554496,0.870754716981132,19,2,9,16.82418486254038,1,0,8,0,0,0,2,0
fold3_0000955,sa_0005893,955,Lung,31,0,"[25,50)",AVAILABLE,1,1,1,18,0.5096800977536503,0.5714285714285714,0.8919401710688881,0.5038214926904334,0.5,0.7085046526725817,14,4,17,12.487163286904604,2,0,15,0,0,0,3,1
fold3_0000956,sa_0005894,956,Uterus,45,0,"[25,50)",AVAILABLE,1,1,1,54,0.6028186712700452,0.7272727272727273,0.828875672996312,0.5765208181637651,0.5842036783064317,0.793873473917869,36,18,9,29.839525056742904,0,6,2,1,0,6,11,1
fold3_0000957,sa_0005895,957,Uterus,49,0,"[25,50)",AVAILABLE,1,1,1,41,0.5442683180078154,0.6666666666666666,0.8164024770117232,0.41759274802753066,0.5069931762086822,0.8120363531263046,30,11,19,24.492075126754173,5,8,4,2,0,3,5,3
fold3_0000958,sa_0005896,958,Uterus,60,0,"[50,+inf)",AVAILABLE,1,1,1,66,0.5623697643981039,0.7142857142857143,0.7873176701573456,0.5321977079597724,0.5346034709551492,0.7561798374163579,45,21,15,35.42929594439822,5,0,8,2,1,0,17,3
fold3_0000959,sa_0005897,959,Uterus,69,0,"[50,+inf)",AVAILABLE,1,1,1,59,0.4535920809246257,0.546875,0.8294255194050298,0.4545356696947518,0.5099200473793307,0.8296920964895077,35,24,34,29.029894008601563,26,4,2,2,0,1,10,13
fold3_0000960,sa_0005898,960,Uterus,43,0,"[25,50)",AVAILABLE,1,1,1,39,0.40108780997185794,0.5609756097560976,0.7149826177759206,0.439522799822914,0.47341732773370665,0.8039186706923126,23,16,20,16.444600923828794,10,7,2,1,1,3,8,4
fold3_0000961,sa_0005899,961,Uterus,35,0,"[25,50)",AVAILABLE,1,1,1,37,0.6025833473452004,0.75,0.8034444631269338,0.5455519190717049,0.5979304459142308,0.8163873867859448,27,10,8,21.69300130787168,4,2,0,2,0,0,7,3
fold3_0000962,sa_0005900,962,Uterus,48,0,"[25,50)",AVAILABLE,1,1,1,45,0.5358508925416101,0.6451612903225806,0.8305688834394958,0.4370165049766914,0.518142638676491,0.7967948717948717,30,15,18,24.917067333753756,11,2,4,1,0,1,10,4
fold3_0000963,sa_0005901,963,Uterus,80,0,"[50,+inf)",AVAILABLE,1,1,1,61,0.4334806703952425,0.524822695035461,0.825956412509854,0.395112016293279,0.475816108710366,0.8474917095886545,37,24,43,30.560388088821007,28,8,4,3,0,3,9,12
fold3_0000964,sa_0005902,964,Uterus,73,0,"[50,+inf)",AVAILABLE,1,1,1,56,0.5490034927216098,0.6511627906976745,0.8431125066796149,0.5385008790155026,0.5921634213355632,0.8430372148859544,42,14,31,35.41072612365633,18,1,10,2,0,1,4,9
fold3_0000965,sa_0005903,965,Uterus,67,0,"[50,+inf)",AVAILABLE,1,1,1,54,0.43068081590848156,0.5454545454545454,0.7895814958322163,0.4463378516915366,0.49189985272459497,0.8235911869105879,33,21,34,26.056190152044632,19,4,7,4,0,1,10,10
fold3_0000966,sa_0005904,966,Uterus,62,0,"[50,+inf)",AVAILABLE,1,1,1,53,0.4037825414003043,0.5217391304347826,0.7739165376839165,0.44917940805162015,0.4765627726780915,0.7677579482330694,30,23,32,23.217496904434036,13,8,9,2,0,6,10,7
fold3_0000967,sa_0005905,967,Uterus,31,0,"[25,50)",AVAILABLE,1,1,1,33,0.4729756043618908,0.59375,0.7965904915568687,0.45160913498043337,0.4702099832885272,0.76423929427463,19,14,12,15.135220136170997,9,0,2,1,0,0,10,4
fold3_0000968,sa_0005906,968,Uterus,28,0,"[25,50)",AVAILABLE,1,1,1,40,0.40486132014595255,0.47058823529411764,0.8603303053101492,0.4429545755529069,0.4612163948876157,0.6727994772030362,16,24,12,13.765285745292694,2,2,4,4,0,1,19,4
fold3_0000969,sa_0005907,969,Uterus,40,0,"[25,50)",AVAILABLE,1,1,1,41,0.44633900437895463,0.5679012345679012,0.7859447685803332,0.4767576459120263,0.5035649981994959,0.7521195574076736,23,18,17,18.076730463292435,6,6,2,3,0,4,9,5
fold3_0000970,sa_0005908,970,Uterus,47,0,"[25,50)",AVAILABLE,1,1,1,44,0.49555787029005816,0.6373626373626373,0.7775132102826775,0.4853403911189531,0.5263962161178825,0.8058064977474794,29,15,18,22.54788387571086,8,3,5,2,2,1,8,4
fold3_0000971,sa_0005909,971,Uterus,49,0,"[25,50)",AVAILABLE,1,1,1,44,0.401547639672316,0.5161290322580645,0.7779985518651122,0.4393103133695206,0.45997803849043517,0.7626870398226585,24,20,25,18.671966022761247,10,5,7,3,0,3,10,7
fold3_0000972,sa_0005910,972,Uterus,61,0,"[50,+inf)",AVAILABLE,1,1,1,48,0.509740478543784,0.6605504587155964,0.7716904466843397,0.4620845855655734,0.5229724565683882,0.8238563983786914,36,12,25,27.780856852326675,10,5,9,1,0,2,6,4
fold3_0000973,sa_0005911,973,Uterus,32,0,"[25,50)",AVAILABLE,1,1,1,33,0.323516095503333,0.4307692307692308,0.7510195074184516,0.40528159525734303,0.38545276480337504,0.6542508360294718,14,19,18,10.514273854877828,6,0,5,7,0,0,9,10
fold3_0000974,sa_0005912,974,Uterus,46,0,"[25,50)",AVAILABLE,1,1,1,35,0.44687929407307075,0.5432098765432098,0.822664154998153,0.38924255390202667,0.416449047856577,0.7785557442929941,22,13,24,18.098612232623523,4,13,6,1,0,6,5,2
fold3_0000975,sa_0005913,975,Uterus,51,0,"[50,+inf)",AVAILABLE,1,1,1,48,0.5091333585986281,0.6464646464646465,0.7875656640822528,0.46792994201685695,0.4791740329538222,0.758473968542334,32,16,19,25.20210203819775,7,6,6,0,1,1,11,3
fold3_0000976,sa_0005914,976,Uterus,36,0,"[25,50)",AVAILABLE,1,1,1,39,0.6445054681439221,0.8,0.8056318351799026,0.6843316819296402,0.6903844203266052,0.8323782664786535,30,9,6,24.168955861028913,1,1,4,0,1,1,7,0
fold3_0000977,sa_0005915,977,Uterus,33,0,"[25,50)",AVAILABLE,1,1,1,36,0.5459331145037674,0.7246376811594203,0.753387698015199,0.558630377524144,0.5636711585997927,0.8181030086690464,25,11,8,18.834693203767674,3,2,2,1,1,1,7,2
fold3_0000978,sa_0005916,978,Uterus,29,0,"[25,50)",AVAILABLE,1,1,1,33,0.6690728195774555,0.8387096774193549,0.7977406694961968,0.6652439327013747,0.665375327027571,0.8102474245491073,26,7,3,20.741258204641788,0,1,2,0,0,0,7,0
fold3_0000979,sa_0005917,979,Uterus,47,0,"[25,50)",AVAILABLE,1,1,1,41,0.5520251983012952,0.6590909090909091,0.8375554732847238,0.5859126908214408,0.6255304101838756,0.8334239721557537,29,12,18,24.289109562812463,9,2,6,1,0,1,6,5
fold3_0000980,sa_0005918,980,Uterus,51,0,"[50,+inf)",AVAILABLE,1,1,1,42,0.5969010049811541,0.7311827956989247,0.8163499038712843,0.560320704291778,0.6213383600377003,0.8441612798214203,34,8,17,27.755897547973568,10,1,4,2,0,2,1,5
fold3_0000981,sa_0005919,981,Uterus,46,0,"[25,50)",AVAILABLE,1,1,1,42,0.605812045965455,0.75,0.8077493946206067,0.562585270592012,0.6490881559022977,0.8634222293197061,33,9,13,26.655730830229412,8,1,4,0,1,2,5,1
fold3_0000982,sa_0005920,982,Uterus,36,0,"[25,50)",AVAILABLE,1,1,1,30,0.4101767619658844,0.5454545454545454,0.7519907302707881,0.3773909716908952,0.5117806977797916,0.7918477446425896,18,12,18,13.535833896864917,9,4,3,2,0,1,7,4
fold3_0000983,sa_0005921,983,Uterus,51,0,"[50,+inf)",AVAILABLE,1,1,1,40,0.5391273498305227,0.6813186813186813,0.7912998199125414,0.5604611706639933,0.5964835549335199,0.8091063503369679,31,9,20,24.530295208588605,3,4,11,2,0,3,3,3
fold3_0000984,sa_0005922,984,Uterus,49,0,"[25,50)",AVAILABLE,1,1,1,48,0.5411091254144127,0.6804123711340206,0.7952664418969398,0.5276705276705277,0.547516126887012,0.8293510958315428,33,15,16,26.243793377865455,10,2,3,1,0,1,10,4
fold3_0000985,sa_0005923,985,Uterus,48,0,"[25,50)",AVAILABLE,1,1,1,43,0.6391252473038882,0.7692307692307693,0.8308628214950546,0.6577249714192389,0.6600937306569988,0.860924683072334,35,8,13,29.08019958318973,8,0,4,1,0,0,4,4
fold3_0000986,sa_0005924,986,Uterus,43,0,"[25,50)",AVAILABLE,1,1,1,32,0.37463830371232676,0.4533333333333333,0.8264080228948385,0.40330904200419104,0.4119056957336471,0.7960122225994629,17,15,26,14.048937215620278,17,0,8,1,0,0,8,7
fold3_0000987,sa_0005925,987,Uterus,55,0,"[50,+inf)",AVAILABLE,1,1,1,52,0.5218423311040371,0.6355140186915887,0.8211342562960584,0.5884646578077235,0.6068033842832771,0.819042666146612,34,18,21,27.91856553520024,11,1,7,2,0,1,10,7
fold3_0000988,sa_0005926,988,Uterus,48,0,"[25,50)",AVAILABLE,1,1,1,39,0.5048771929244846,0.5977011494252874,0.8446983804698108,0.46036726031189446,0.5625675114250104,0.7962564143468666,26,13,22,21.962158736913462,13,0,8,1,0,0,8,5
fold3_0000989,sa_0005927,989,Uterus,42,0,"[25,50)",AVAILABLE,1,1,1,36,0.5652132693672742,0.717948717948718,0.7872613394758463,0.5516018089744631,0.6563171321160043,0.8433275914479684,28,8,14,22.043318292585038,6,3,3,2,1,3,1,3
fold3_0000990,sa_0005928,990,Uterus,34,0,"[25,50)",AVAILABLE,1,1,1,32,0.3693074928309378,0.45454545454545453,0.8124764842280632,0.39065829008467634,0.43583389652324095,0.7803985147220334,15,17,19,12.187148075897431,0,10,7,2,3,5,8,1
fold3_0000991,sa_0005929,991,Uterus,38,0,"[25,50)",AVAILABLE,1,1,1,45,0.5021803910834751,0.6265060240963856,0.8015571626909315,0.49224855861627165,0.508762732174955,0.7649044427897741,26,19,12,20.84048703152138,9,0,2,1,1,0,14,4
fold3_0000992,sa_0005930,992,Uterus,59,0,"[50,+inf)",AVAILABLE,1,1,1,48,0.581228575794331,0.7102803738317757,0.8183086527630713,0.5090602420623163,0.6043805404088098,0.851538914310669,38,10,21,31.09572962330536,10,6,4,1,0,3,3,4
fold3_0000993,sa_0005931,993,Uterus,48,0,"[25,50)",AVAILABLE,1,1,1,40,0.5813818319956762,0.6818181818181818,0.8526933535936584,0.5694230708834521,0.5970502347244299,0.8394398796435598,30,10,18,25.580801460503107,9,0,7,2,1,0,4,5
fold3_0000994,sa_0005932,994,Uterus,43,0,"[25,50)",AVAILABLE,1,1,1,23,0.45556026379363834,0.6060606060606061,0.7516744352595033,0.45630997907496934,0.4695103172158916,0.6626846903489468,20,3,23,15.033489456864501,2,0,21,0,0,0,3,0
fold3_0000995,sa_0005933,995,Uterus,39,0,"[25,50)",AVAILABLE,1,1,1,32,0.3838103210947045,0.5070422535211268,0.7569592443812228,0.3917032195177891,0.4194033592379042,0.8048392794065701,18,14,21,13.625267155821255,14,0,5,2,1,0,6,7
fold3_0000996,sa_0005934,996,Uterus,34,0,"[25,50)",AVAILABLE,1,1,1,35,0.4772407130401348,0.6086956521739131,0.7840383142802214,0.3377862595419847,0.43134190523549054,0.7556206263338131,21,14,13,16.464805383922965,9,0,3,1,3,0,9,2
fold3_0000997,sa_0005935,997,Uterus,40,0,"[25,50)",AVAILABLE,1,1,1,26,0.423868120095155,0.5151515151515151,0.8228028213611833,0.48491808298882255,0.5016503528340541,0.7234623109864706,17,9,23,13.98764878594294,5,0,17,1,1,0,5,3
fold3_0000998,sa_0005936,998,Uterus,46,0,"[25,50)",AVAILABLE,1,1,1,45,0.5954194260721837,0.7692307692307693,0.7740452538938387,0.6021111274006744,0.6360424028268551,0.8310692153973477,35,10,11,27.091584660329605,7,0,4,0,1,0,8,1
fold3_0000999,sa_0005937,999,Uterus,46,0,"[25,50)",AVAILABLE,1,1,1,39,0.6486019289617221,0.7529411764705882,0.8614244369022871,0.5114091221987099,0.6071618885217948,0.8871794871794871,32,7,14,27.565582842297623,8,4,2,0,0,2,3,2
fold3_0001000,sa_0005938,1000,Uterus,39,0,"[25,50)",AVAILABLE,1,1,1,37,0.5522315170643184,0.6578947368421053,0.8393919059377639,0.49042360309873084,0.5794895513602153,0.8166644482896313,25,12,14,20.984798487836006,6,0,6,2,1,0,7,4
fold3_0001001,sa_0005939,1001,Uterus,37,0,"[25,50)",AVAILABLE,1,1,1,34,0.6337540176809151,0.7605633802816901,0.8332691713952773,0.5237330037082818,0.5854584915897992,0.852961307726376,27,7,10,22.49826846094166,8,0,2,0,0,0,5,2
fold3_0001002,sa_0005940,1002,Uterus,45,0,"[25,50)",AVAILABLE,1,1,1,42,0.5552515543476749,0.6436781609195402,0.8626229505044235,0.5650913708386242,0.6188796058982126,0.8444362200838885,28,14,17,24.15344347674681,6,2,5,4,0,2,6,6
fold3_0001003,sa_0005941,1003,Uterus,34,0,"[25,50)",AVAILABLE,1,1,1,30,0.41021491211417704,0.53125,0.7721692463325686,0.38662321637611924,0.460342008749061,0.7494326605948742,17,13,17,13.126877959822913,7,2,3,5,2,1,4,6
fold3_0001004,sa_0005942,1004,Uterus,140,0,"[50,+inf)",AVAILABLE,1,1,1,59,0.2789422229713148,0.38190954773869346,0.7303881890959428,0.2956582784317961,0.3458960034379029,0.7118362655257192,38,21,102,27.754751916034014,42,14,44,2,2,6,1,12
fold3_0001005,sa_0005943,1005,Uterus,214,0,"[50,+inf)",AVAILABLE,1,1,1,115,0.3938036834000585,0.5349544072948328,0.7361443854467004,0.41327256000669066,0.4236269623142498,0.6571774483819247,88,27,126,64.78070665545401,30,5,85,6,2,4,5,16
fold3_0001006,sa_0005944,1006,Uterus,95,0,"[50,+inf)",AVAILABLE,1,1,1,46,0.35627960147483295,0.45390070921985815,0.7849284969992414,0.26998904709748084,0.328900579667787,0.7318646677174591,32,14,63,25.11771268890422,4,30,28,1,0,9,2,3
fold3_0001007,sa_0005945,1007,Uterus,186,0,"[50,+inf)",AVAILABLE,1,1,1,119,0.456799281708914,0.6360655737704918,0.71816381918154,0.4735179530378014,0.497719087635054,0.7244309073420968,97,22,89,69.6618911787732,28,7,48,6,1,4,2,15
fold3_0001008,sa_0005946,1008,Thyroid,37,0,"[25,50)",AVAILABLE,1,1,1,35,0.6278224126637078,0.75,0.837096550218277,0.6052644454229659,0.637479718766901,0.8171879644614725,27,8,10,22.60160769299003,6,0,4,0,0,0,6,2
fold3_0001009,sa_0005947,1009,Thyroid,23,0,"[10,25)",AVAILABLE,1,1,1,25,0.6536665591336424,0.7916666666666666,0.8256840746951272,0.6783364178490644,0.6665746771166795,0.8739857592316609,19,6,4,15.687998244891492,3,0,1,0,0,0,5,1
fold3_0001010,sa_0005948,1010,Thyroid,20,0,"[10,25)",AVAILABLE,1,1,1,18,0.5795564230497545,0.7368421052631579,0.7865408598532383,0.55677998787812,0.5568036139429827,0.7928005646615952,14,4,6,11.011572824486196,4,1,1,0,0,1,2,1
fold3_0001011,sa_0005949,1011,Thyroid,26,0,"[25,50)",AVAILABLE,1,1,1,26,0.6651940603821308,0.7692307692307693,0.86475227849677,0.588950097213221,0.6257714606321302,0.8363050730472794,20,6,6,17.29504643468768,4,0,2,0,0,0,4,2
fold3_0001012,sa_0005950,1012,Thyroid,13,0,"[10,25)",AVAILABLE,1,1,1,13,0.568743065852907,0.6923076923076923,0.8215177617875323,0.5954612728169709,0.5954612728169709,0.7464440321583179,9,4,4,7.393660677605552,0,0,4,0,0,0,4,0
fold3_0001013,sa_0005951,1013,Thyroid,23,0,"[10,25)",AVAILABLE,1,1,1,28,0.523390128252198,0.7058823529411765,0.7414693483572805,0.552111753792426,0.552111753792426,0.7148080438756855,18,10,5,13.346449011900399,0,1,1,3,0,1,6,3
fold3_0001014,sa_0005952,1014,Thyroid,23,0,"[10,25)",AVAILABLE,1,1,1,26,0.7065358683174262,0.8163265306122449,0.8655064386888471,0.6684002496359476,0.6929974064468322,0.8438744692957499,20,6,3,17.31012963928338,2,0,1,0,0,0,5,1
fold3_0001015,sa_0005953,1015,Thyroid,23,0,"[10,25)",AVAILABLE,1,1,1,22,0.7184752484654262,0.8888888888888888,0.8082846545236045,0.7137845002338999,0.728191749551606,0.8890461364279649,20,2,3,16.165693898756746,1,1,1,0,0,1,1,0
fold3_0001016,NOT_FOUND,1016,Thyroid,0,1,"[0,1)",NOT_EVALUATED,0,0,0,NOT_EVALUATED,NOT_EVALUATED,NOT_EVALUATED,NOT_EVALUATED,NOT_EVALUATED,NOT_EVALUATED,NOT_EVALUATED,NOT_EVALUATED,NOT_EVALUATED,NOT_EVALUATED,NOT_EVALUATED,NOT_EVALUATED,NOT_EVALUATED,NOT_EVALUATED,NOT_EVALUATED,NOT_EVALUATED,NOT_EVALUATED,NOT_EVALUATED,NOT_EVALUATED
fold3_0001017,sa_0005954,1017,Skin,23,0,"[10,25)",AVAILABLE,1,1,1,24,0.7366139651512471,0.851063829787234,0.8655214090527154,0.7173165137614679,0.7364199579599513,0.8801248765569749,20,4,3,17.310429046575717,1,0,2,0,0,0,4,0
fold3_0001018,sa_0005955,1018,Skin,79,0,"[50,+inf)",AVAILABLE,1,1,1,69,0.7276517170649559,0.8513513513513513,0.8547020168699483,0.7303514832092874,0.7421196979374084,0.8870390338580979,63,6,16,53.846227917508756,4,0,11,1,0,0,5,1
fold3_0001019,sa_0005956,1019,Skin,65,0,"[50,+inf)",AVAILABLE,1,1,1,54,0.7409590805155855,0.8571428571428571,0.8644522606015164,0.7304175699877462,0.7705849240059363,0.8958640423133617,51,3,14,44.08706615512959,5,0,8,1,0,0,2,1
fold3_0001020,sa_0005957,1020,Skin,14,0,"[10,25)",AVAILABLE,1,1,1,11,0.6247736696587918,0.8,0.7809670870734897,0.5584962406015037,0.6359546165884195,0.8881980150663638,10,1,4,7.809671651701984,4,0,0,0,0,0,0,1
fold3_0001021,sa_0005958,1021,Skin,39,0,"[25,50)",AVAILABLE,1,1,1,37,0.6212451166668247,0.7105263157894737,0.874344979012568,0.6994958809787286,0.7117485744134419,0.8854643474722815,27,10,12,23.607315307684317,4,1,7,0,2,2,4,2
fold3_0001022,sa_0005959,1022,Cervix,21,0,"[10,25)",AVAILABLE,1,1,1,15,0.6817452738561735,0.7777777777777778,0.8765296378150801,0.6631508078994613,0.6631508078994613,0.7974632303332884,14,1,7,12.271415805940759,0,0,7,0,0,0,1,0
fold3_0001023,sa_0005960,1023,Cervix,1,0,"[1,10)",AVAILABLE,1,1,1,2,0.607938489397019,0.6666666666666666,0.9119077340955286,0.47534013605442177,0.47534013605442177,0.6443804034582132,1,1,0,0.9119086460032626,0,0,0,0,0,0,1,0
fold3_0001024,sa_0005961,1024,Cervix,4,0,"[1,10)",AVAILABLE,1,1,1,4,0.9064335867065212,1.0,0.9064335867065212,0.9074299634591961,0.9074299634591961,0.9514687100893997,4,0,0,3.6257352532596716,0,0,0,0,0,0,0,0
fold3_0001025,sa_0005962,1025,Cervix,7,0,"[1,10)",AVAILABLE,1,1,1,6,0.8257493923039606,0.9230769230769231,0.894561841662624,0.8524701105346266,0.8524701105346266,0.9203604481246955,6,0,1,5.367371944537585,0,0,1,0,0,0,0,0
fold3_0001026,sa_0005963,1026,Cervix,39,0,"[25,50)",AVAILABLE,1,1,1,30,0.7067229931556618,0.8115942028985508,0.8707836879953689,0.6924005591561825,0.7054102855614258,0.8582408532998705,28,2,11,24.381944134654017,1,1,9,0,0,0,2,0
fold3_0001027,sa_0005964,1027,Cervix,42,0,"[25,50)",AVAILABLE,1,1,1,30,0.6220619414682564,0.7777777777777778,0.7997939247449011,0.6227551126336551,0.6349297390306854,0.8418172250482372,28,2,14,22.394230692651156,3,0,10,1,0,0,1,1
fold3_0001028,sa_0005965,1028,Cervix,53,0,"[50,+inf)",AVAILABLE,1,1,1,45,0.7152088698159342,0.8571428571428571,0.8344103481185899,0.6642627273079756,0.6977584330794342,0.8791467979285238,42,3,11,35.04523545539112,7,0,3,1,0,0,1,2
fold3_0001029,sa_0005966,1029,Cervix,45,0,"[25,50)",AVAILABLE,1,1,1,34,0.6353329153393055,0.7848101265822784,0.8095371018033086,0.621942963527122,0.6525882922109337,0.8612664305161158,31,3,14,25.09565096543967,6,0,8,0,0,0,1,2
fold3_0001030,sa_0005967,1030,Thyroid,12,0,"[10,25)",AVAILABLE,1,1,1,14,0.6296474549560038,0.7692307692307693,0.8185416914428049,0.6463041259658843,0.6463041259658843,0.7851576337229897,10,4,2,8.18541773296974,0,0,1,1,0,0,3,1
fold3_0001031,sa_0005968,1031,Thyroid,6,0,"[1,10)",AVAILABLE,1,1,1,8,0.7083100548406082,0.8571428571428571,0.8263617306473762,0.7317151069945704,0.7317151069945704,0.8450756178531907,6,2,0,4.958171210245988,0,0,0,0,0,0,2,0
fold3_0001032,sa_0005969,1032,Thyroid,10,0,"[10,25)",AVAILABLE,1,1,1,6,0.6366081261203427,0.75,0.8488108348271236,0.7583511016346838,0.7583511016346838,0.862570735650768,6,0,4,5.092865857773576,0,0,4,0,0,0,0,0
fold3_0001033,sa_0005970,1033,Thyroid,7,0,"[1,10)",AVAILABLE,1,1,1,6,0.6973010144194786,0.9230769230769231,0.7554094322877684,0.6343570057581573,0.6343570057581573,0.7762771579565473,6,0,1,4.532457349136043,0,0,1,0,0,0,0,0
fold3_0001034,sa_0005971,1034,Thyroid,9,0,"[1,10)",AVAILABLE,1,1,1,10,0.5196449757943333,0.631578947368421,0.8227712116743611,0.5672514619883041,0.5672514619883041,0.7607550482879719,6,4,3,4.9366280928173785,0,0,2,1,2,0,2,0
fold3_0001035,sa_0005972,1035,Thyroid,6,0,"[1,10)",AVAILABLE,1,1,1,4,0.6439260671322024,0.8,0.8049075839152529,0.6729335494327391,0.6729335494327391,0.8044952528579733,4,0,2,3.2196311405685956,0,0,2,0,0,0,0,0
fold3_0001036,sa_0005973,1036,Thyroid,7,0,"[1,10)",AVAILABLE,1,1,1,9,0.5821155143187939,0.75,0.7761540190917252,0.5620320855614973,0.5620320855614973,0.7702841492639507,6,3,1,4.656924890704371,0,0,1,0,1,0,2,0
fold3_0001037,sa_0005974,1037,Thyroid,3,0,"[1,10)",AVAILABLE,1,1,1,2,0.6384298220723732,0.8,0.7980372775904664,0.6564504632929437,0.6564504632929437,0.7925989672977625,2,0,1,1.5960753532182104,0,0,1,0,0,0,0,0
fold3_0001038,sa_0005975,1038,Thyroid,36,0,"[25,50)",AVAILABLE,1,1,1,24,0.48986930571074994,0.6,0.81644884285125,0.33070354780517136,0.452319643870292,0.8286203684226342,18,6,18,14.696079987771343,4,7,6,1,0,3,1,2
fold3_0001039,sa_0005976,1039,Thyroid,7,0,"[1,10)",AVAILABLE,1,1,1,6,0.634933294358841,0.7692307692307693,0.8254132826664934,0.49522673031026254,0.49522673031026254,0.6624102154828412,5,1,2,4.12706723874575,0,0,2,0,0,0,1,0
fold3_0001040,sa_0005977,1040,Thyroid,29,0,"[25,50)",AVAILABLE,1,1,1,23,0.6228549519059745,0.7307692307692307,0.8523278289239652,0.6528981889156189,0.6671687503138023,0.8670380966721879,19,4,10,16.19422960188317,3,2,5,0,0,1,2,1
fold3_0001041,sa_0005978,1041,Thyroid,3,0,"[1,10)",AVAILABLE,1,1,1,1,0.4047615000004048,0.5,0.8095230000008096,0.7002629272567923,0.7002629272567923,0.8237113402061855,1,0,2,0.8095238095238095,0,0,2,0,0,0,0,0
fold3_0001042,sa_0005979,1042,Thyroid,28,0,"[25,50)",AVAILABLE,1,1,1,26,0.6456131636638691,0.8148148148148148,0.7923434281329303,0.6124008371051735,0.63859252074577,0.8288335690091749,22,4,6,17.431556211267896,2,0,4,0,1,0,3,0
fold3_0001043,sa_0005980,1043,Esophagus,5,0,"[1,10)",AVAILABLE,1,1,1,4,0.7570478101310149,0.8888888888888888,0.8516787863973918,0.8287037037037037,0.8287037037037037,0.9063291139240506,4,0,1,3.406715997268354,0,0,1,0,0,0,0,0
fold3_0001044,sa_0005981,1044,Esophagus,14,0,"[10,25)",AVAILABLE,1,1,1,11,0.751681579996021,0.88,0.854183613631842,0.8039250669045495,0.8039250669045495,0.891306497873603,11,0,3,9.396020604133875,0,0,3,0,0,0,0,0
fold3_0001045,sa_0005982,1045,Esophagus,10,0,"[10,25)",AVAILABLE,1,1,1,10,0.758405694365061,0.9,0.8426729937389567,0.8053189640187728,0.8053189640187728,0.8921625264779511,9,1,1,7.584057786323603,0,0,1,0,0,0,1,0
fold3_0001046,sa_0005983,1046,Esophagus,17,0,"[10,25)",AVAILABLE,1,1,1,15,0.7326165856322969,0.875,0.8372760978654822,0.7416908680219426,0.7416908680219426,0.851690597498842,14,1,3,11.721866207392848,0,0,3,0,0,0,1,0
fold3_0001047,sa_0005984,1047,Esophagus,12,0,"[10,25)",AVAILABLE,1,1,1,9,0.7412051840424365,0.8571428571428571,0.8647393813828427,0.7405209363666337,0.7938349954669084,0.9081168502981907,9,0,3,7.782655297184965,1,0,2,0,0,0,0,0
fold3_0001048,sa_0005985,1048,Esophagus,11,0,"[10,25)",AVAILABLE,1,1,1,10,0.49091833561083786,0.5714285714285714,0.8591070873189663,0.58681785967399,0.6066360183889666,0.8671311271460562,6,4,5,5.154643383020885,2,0,2,1,3,0,0,1
fold3_0001049,sa_0005986,1049,Esophagus,12,0,"[10,25)",AVAILABLE,1,1,1,10,0.7218605724394009,0.8181818181818182,0.88227403298149,0.7593433461404121,0.7593433461404121,0.8632122295016875,9,1,3,7.940467179107443,0,0,2,1,0,0,0,1
fold3_0001050,sa_0005987,1050,Esophagus,14,0,"[10,25)",AVAILABLE,1,1,1,12,0.8094576474178778,0.9230769230769231,0.8769124513693676,0.8139400086943921,0.8139400086943921,0.8974277041060872,12,0,2,10.522950293344861,0,0,2,0,0,0,0,0
fold3_0001051,sa_0005988,1051,Esophagus,5,0,"[1,10)",AVAILABLE,1,1,1,3,0.42224740478147726,0.5,0.8444948095629545,0.5735400144196107,0.5746549560853199,0.8451527224435591,2,1,3,1.6889904636207187,2,0,1,0,0,0,0,1
fold3_0001052,sa_0005989,1052,Esophagus,18,0,"[10,25)",AVAILABLE,1,1,1,12,0.6389190741847343,0.7333333333333333,0.8712532829791831,0.6906041986687148,0.7395863257684573,0.8909256048220626,11,1,7,9.583786984024297,3,0,4,0,0,0,0,1
fold3_0001053,sa_0005990,1053,Esophagus,16,0,"[10,25)",AVAILABLE,1,1,1,10,0.6739892251351237,0.7692307692307693,0.8761859926756608,0.6974734912946721,0.7260740740740741,0.9145996051841043,10,0,6,8.7618608029426,1,0,5,0,0,0,0,0
fold3_0001054,sa_0005991,1054,Esophagus,12,0,"[10,25)",AVAILABLE,1,1,1,8,0.6014637692753144,0.7,0.8592339561075921,0.6691238416175231,0.6771078662270372,0.8922904086504705,7,1,5,6.014638551987101,2,0,3,0,0,0,0,1
fold3_0001055,sa_0005992,1055,Esophagus,14,0,"[10,25)",AVAILABLE,1,1,1,11,0.7430072168076526,0.88,0.8443263827359688,0.7698032082024144,0.7698032082024144,0.8701177350028032,11,0,3,9.28759105442204,0,0,3,0,0,0,0,0
fold3_0001056,sa_0005993,1056,Esophagus,11,0,"[10,25)",AVAILABLE,1,1,1,6,0.5934295590590936,0.7058823529411765,0.8406918753337158,0.6488838441165342,0.6488838441165342,0.79669573198715,6,0,5,5.04415209269417,0,0,5,0,0,0,0,0
fold3_0001057,sa_0005994,1057,Esophagus,25,0,"[25,50)",AVAILABLE,1,1,1,17,0.6178232371483283,0.7619047619047619,0.8108929987571809,0.5601156381714039,0.6329337353828051,0.9357294059361347,16,1,9,12.974288791007893,4,3,2,0,0,1,0,0
fold3_0001058,sa_0005995,1058,Esophagus,33,0,"[25,50)",AVAILABLE,1,1,1,22,0.563720964256986,0.7272727272727273,0.7751163258533558,0.5557319271435874,0.6260276368724855,0.8928141135972462,20,2,13,15.502327292183441,8,0,5,0,0,0,1,1
fold3_0001059,sa_0005996,1059,Esophagus,33,0,"[25,50)",AVAILABLE,1,1,1,19,0.4740280327734098,0.5384615384615384,0.8803377751506183,0.4269083522150168,0.531144910992503,0.8807753531201515,14,5,19,12.32472973244643,12,0,6,1,0,0,0,5
fold3_0001060,sa_0005997,1060,Esophagus,32,0,"[25,50)",AVAILABLE,1,1,1,22,0.663585237739249,0.7407407407407407,0.8958400709479862,0.6208219178082192,0.6990450928381963,0.9197864301995191,20,2,12,17.916802314799796,6,0,6,0,0,0,0,2
fold3_0001061,sa_0005998,1061,Esophagus,32,0,"[25,50)",AVAILABLE,1,1,1,22,0.605466957166604,0.7037037037037037,0.8604004128157005,0.5774968718919439,0.6525144601542416,0.8754284047543813,19,3,13,16.34760870389872,5,1,6,1,0,0,1,2
fold3_0001062,sa_0005999,1062,Esophagus,43,0,"[25,50)",AVAILABLE,1,1,1,33,0.5609553313002291,0.6842105263157895,0.8198577919003349,0.6219146991142074,0.652505406693303,0.8800408145157712,26,7,17,21.3163034092665,6,2,9,0,1,1,4,1
fold3_0001063,sa_0006000,1063,Esophagus,43,0,"[25,50)",AVAILABLE,1,1,1,26,0.475194508009651,0.5507246376811594,0.8628531855964716,0.5245365036137006,0.5499567041897022,0.8613850748834311,19,7,24,16.394211389186147,10,1,12,1,0,0,2,5
fold3_0001064,sa_0006001,1064,Esophagus,29,0,"[25,50)",AVAILABLE,1,1,1,20,0.63571320772641,0.7346938775510204,0.8652763105165026,0.6244249847586322,0.6663809360534888,0.927283950617284,18,2,11,15.574974454573358,6,0,5,0,0,0,0,2
fold3_0001065,sa_0006002,1065,Esophagus,29,0,"[25,50)",AVAILABLE,1,1,1,19,0.6123862474494423,0.7916666666666666,0.7735405230940324,0.5316593886462883,0.5665243730988472,0.9378956987141831,19,0,10,14.69727071232714,8,0,2,0,0,0,0,0
fold3_0001066,sa_0006003,1066,Esophagus,38,0,"[25,50)",AVAILABLE,1,1,1,23,0.5199206484880581,0.6229508196721312,0.8346094620466195,0.5767493658355504,0.5894259031885999,0.8729136917999016,19,4,19,15.857580613495232,9,1,9,0,0,1,1,2
fold3_0001067,sa_0006004,1067,Esophagus,39,0,"[25,50)",AVAILABLE,1,1,1,27,0.5327051270820078,0.6363636363636364,0.837108056843155,0.6259393264681324,0.6312249166242723,0.7944417492549726,21,6,18,17.579270030814314,1,0,16,1,3,1,2,0
fold3_0001068,sa_0006005,1068,Esophagus,33,0,"[25,50)",AVAILABLE,1,1,1,20,0.6150984391867584,0.7169811320754716,0.8579004546552158,0.643797549086602,0.7128387479122892,0.8890286864620031,19,1,14,16.300109496349556,5,0,9,0,0,0,0,1
fold3_0001069,sa_0006006,1069,Esophagus,28,0,"[25,50)",AVAILABLE,1,1,1,20,0.5985999260346669,0.7083333333333334,0.8450822485195297,0.5584687991609858,0.6635069394763199,0.916030534351145,17,3,11,14.366399069914255,7,0,4,0,0,0,2,1
fold3_0001070,sa_0006007,1070,Esophagus,28,0,"[25,50)",AVAILABLE,1,1,1,21,0.5662810390853199,0.6938775510204082,0.81611090927002,0.5478578545333777,0.5769044740024184,0.8457429133757636,17,4,11,13.873886273701249,5,1,4,1,0,1,1,2
fold3_0001071,sa_0006008,1071,Esophagus,39,0,"[25,50)",AVAILABLE,1,1,1,30,0.5595384435650487,0.6666666666666666,0.8393076653475731,0.6106631416611589,0.6172280118813875,0.8730815926283348,23,7,16,19.304077142301846,2,6,8,0,0,5,1,1
fold3_0001072,sa_0006009,1072,Esophagus,34,0,"[25,50)",AVAILABLE,1,1,1,23,0.6417786733564598,0.7719298245614035,0.8313950995754138,0.6666105310429999,0.6777614318989824,0.8677066968689489,22,1,12,18.290693022054203,3,0,9,0,0,0,0,1
fold3_0001073,sa_0006010,1073,Esophagus,48,0,"[25,50)",AVAILABLE,1,1,1,26,0.49581979484488736,0.5945945945945946,0.8338787458754924,0.4591194968553459,0.5256746081244024,0.8768736033138933,22,4,26,18.345333243139578,10,0,16,0,1,0,0,3
fold3_0001074,sa_0006011,1074,Esophagus,26,0,"[25,50)",AVAILABLE,1,1,1,17,0.5623980422413523,0.6511627906976745,0.8636827077277909,0.39649895948096464,0.5941926844738882,0.8603006189213086,14,3,12,12.09155877187178,0,5,6,1,0,1,1,1
fold3_0001075,sa_0006012,1075,Esophagus,27,0,"[25,50)",AVAILABLE,1,1,1,17,0.5978629040743034,0.7272727272727273,0.8220614931021673,0.6460966542750929,0.6997797750133921,0.862525386931858,16,1,11,13.15298471169617,2,0,9,0,1,0,0,0
fold3_0001076,NOT_FOUND,1076,Cervix,0,1,"[0,1)",NOT_EVALUATED,0,0,0,NOT_EVALUATED,NOT_EVALUATED,NOT_EVALUATED,NOT_EVALUATED,NOT_EVALUATED,NOT_EVALUATED,NOT_EVALUATED,NOT_EVALUATED,NOT_EVALUATED,NOT_EVALUATED,NOT_EVALUATED,NOT_EVALUATED,NOT_EVALUATED,NOT_EVALUATED,NOT_EVALUATED,NOT_EVALUATED,NOT_EVALUATED,NOT_EVALUATED,NOT_EVALUATED
fold3_0001077,sa_0006013,1077,Cervix,1,0,"[1,10)",AVAILABLE,1,1,1,1,0.6712956250006713,1.0,0.6712956250006713,0.6712962962962963,0.6712962962962963,0.8033240997229917,1,0,0,0.6712962962962963,0,0,0,0,0,0,0,0
fold3_0001078,NOT_FOUND,1078,Cervix,0,1,"[0,1)",NOT_EVALUATED,0,0,0,NOT_EVALUATED,NOT_EVALUATED,NOT_EVALUATED,NOT_EVALUATED,NOT_EVALUATED,NOT_EVALUATED,NOT_EVALUATED,NOT_EVALUATED,NOT_EVALUATED,NOT_EVALUATED,NOT_EVALUATED,NOT_EVALUATED,NOT_EVALUATED,NOT_EVALUATED,NOT_EVALUATED,NOT_EVALUATED,NOT_EVALUATED,NOT_EVALUATED,NOT_EVALUATED
fold3_0001079,NOT_FOUND,1079,Cervix,0,1,"[0,1)",NOT_EVALUATED,0,0,0,NOT_EVALUATED,NOT_EVALUATED,NOT_EVALUATED,NOT_EVALUATED,NOT_EVALUATED,NOT_EVALUATED,NOT_EVALUATED,NOT_EVALUATED,NOT_EVALUATED,NOT_EVALUATED,NOT_EVALUATED,NOT_EVALUATED,NOT_EVALUATED,NOT_EVALUATED,NOT_EVALUATED,NOT_EVALUATED,NOT_EVALUATED,NOT_EVALUATED,NOT_EVALUATED
fold3_0001080,sa_0006014,1080,Cervix,3,0,"[1,10)",AVAILABLE,1,1,1,2,0.2959061368424012,0.4,0.739765342106003,0.43470790378006874,0.43470790378006874,0.6059880239520958,1,1,2,0.7397660818713451,0,0,2,0,0,0,1,0
fold3_0001081,sa_0006015,1081,Cervix,1,0,"[1,10)",AVAILABLE,1,1,1,1,0.7467355456926528,1.0,0.7467355456926528,0.7467362924281984,0.7467362924281984,0.8550074738415545,1,0,0,0.7467362924281984,0,0,0,0,0,0,0,0
fold3_0001082,sa_0006016,1082,Cervix,1,0,"[1,10)",AVAILABLE,1,1,1,1,0.8181810000008183,1.0,0.8181810000008183,0.8181818181818182,0.8181818181818182,0.9,1,0,0,0.8181818181818182,0,0,0,0,0,0,0,0
fold3_0001083,NOT_FOUND,1083,Cervix,0,1,"[0,1)",NOT_EVALUATED,0,0,0,NOT_EVALUATED,NOT_EVALUATED,NOT_EVALUATED,NOT_EVALUATED,NOT_EVALUATED,NOT_EVALUATED,NOT_EVALUATED,NOT_EVALUATED,NOT_EVALUATED,NOT_EVALUATED,NOT_EVALUATED,NOT_EVALUATED,NOT_EVALUATED,NOT_EVALUATED,NOT_EVALUATED,NOT_EVALUATED,NOT_EVALUATED,NOT_EVALUATED,NOT_EVALUATED
fold3_0001084,NOT_FOUND,1084,Cervix,1,0,"[1,10)",NOT_EVALUATED,0,0,0,NOT_EVALUATED,NOT_EVALUATED,NOT_EVALUATED,NOT_EVALUATED,NOT_EVALUATED,NOT_EVALUATED,NOT_EVALUATED,NOT_EVALUATED,NOT_EVALUATED,NOT_EVALUATED,NOT_EVALUATED,NOT_EVALUATED,NOT_EVALUATED,NOT_EVALUATED,NOT_EVALUATED,NOT_EVALUATED,NOT_EVALUATED,NOT_EVALUATED,NOT_EVALUATED
fold3_0001085,NOT_FOUND,1085,Cervix,0,1,"[0,1)",NOT_EVALUATED,0,0,0,NOT_EVALUATED,NOT_EVALUATED,NOT_EVALUATED,NOT_EVALUATED,NOT_EVALUATED,NOT_EVALUATED,NOT_EVALUATED,NOT_EVALUATED,NOT_EVALUATED,NOT_EVALUATED,NOT_EVALUATED,NOT_EVALUATED,NOT_EVALUATED,NOT_EVALUATED,NOT_EVALUATED,NOT_EVALUATED,NOT_EVALUATED,NOT_EVALUATED,NOT_EVALUATED
fold3_0001086,sa_0006017,1086,Cervix,3,0,"[1,10)",AVAILABLE,1,1,1,1,0.25641000000025643,0.5,0.5128200000005129,0.09009009009009009,0.09009009009009009,0.1652892561983471,1,0,2,0.5128205128205128,0,0,2,0,0,0,0,0
fold3_0001087,sa_0006018,1087,Cervix,7,0,"[1,10)",AVAILABLE,1,1,1,3,0.50186837623751,0.6,0.8364472937291835,0.5821678321678322,0.5821678321678322,0.7359116022099448,3,0,4,2.509342717634844,0,0,4,0,0,0,0,0
fold3_0001088,NOT_FOUND,1088,Cervix,0,1,"[0,1)",NOT_EVALUATED,0,0,0,NOT_EVALUATED,NOT_EVALUATED,NOT_EVALUATED,NOT_EVALUATED,NOT_EVALUATED,NOT_EVALUATED,NOT_EVALUATED,NOT_EVALUATED,NOT_EVALUATED,NOT_EVALUATED,NOT_EVALUATED,NOT_EVALUATED,NOT_EVALUATED,NOT_EVALUATED,NOT_EVALUATED,NOT_EVALUATED,NOT_EVALUATED,NOT_EVALUATED,NOT_EVALUATED
fold3_0001089,sa_0006019,1089,Cervix,1,0,"[1,10)",AVAILABLE,1,1,1,1,0.6990943235301109,1.0,0.6990943235301109,0.6990950226244343,0.6990950226244343,0.8229027962716379,1,0,0,0.6990950226244343,0,0,0,0,0,0,0,0
fold3_0001090,sa_0006020,1090,Cervix,1,0,"[1,10)",AVAILABLE,1,1,1,1,0.8246745000008248,1.0,0.8246745000008248,0.8246753246753247,0.8246753246753247,0.9039145907473309,1,0,0,0.8246753246753247,0,0,0,0,0,0,0,0
fold3_0001091,sa_0006021,1091,Cervix,2,0,"[1,10)",AVAILABLE,1,1,1,3,0.5950601051545111,0.8,0.7438251314431389,0.44744744744744747,0.44744744744744747,0.6182572614107884,2,1,0,1.4876510067114093,0,0,0,0,0,0,1,0
fold3_0001092,sa_0006022,1092,Cervix,1,0,"[1,10)",AVAILABLE,1,1,1,1,0.6051276000006052,1.0,0.6051276000006052,0.6051282051282051,0.6051282051282051,0.7539936102236422,1,0,0,0.6051282051282051,0,0,0,0,0,0,0,0
fold3_0001093,sa_0006023,1093,Adrenal Gland,23,0,"[10,25)",AVAILABLE,1,1,1,14,0.6307449768404629,0.7567567567567568,0.8334844336820403,0.6600390914605379,0.688567972176017,0.8769981641517037,14,0,9,11.668782905032996,2,0,7,0,0,0,0,0
fold3_0001094,sa_0006024,1094,Adrenal Gland,29,0,"[25,50)",AVAILABLE,1,1,1,19,0.6453513145533369,0.75,0.8604684194044492,0.6462987012987013,0.670414116977373,0.8479298006474698,18,1,11,15.488432409748505,3,0,8,0,0,0,1,0
fold3_0001095,sa_0006025,1095,Adrenal Gland,35,0,"[25,50)",AVAILABLE,1,1,1,23,0.6862380436777328,0.7931034482758621,0.865256663767576,0.7688708192697147,0.7688708192697147,0.8702892579903725,23,0,12,19.900904131910913,0,0,12,0,0,0,0,0
fold3_0001096,sa_0006026,1096,Adrenal Gland,30,0,"[25,50)",AVAILABLE,1,1,1,20,0.5611073800479709,0.68,0.8251579118352512,0.5801471299970962,0.6086157240026963,0.9132604472210583,17,3,13,14.027685326357183,10,0,3,0,0,0,0,3
fold3_0001097,sa_0006027,1097,Adrenal Gland,25,0,"[25,50)",AVAILABLE,1,1,1,20,0.6604064574689607,0.7555555555555555,0.8740673701795068,0.7067599067599067,0.7161884403518869,0.8715148031043404,17,3,8,14.859146167118986,1,0,7,0,0,0,3,0
fold3_0001098,sa_0006028,1098,Adrenal Gland,24,0,"[10,25)",AVAILABLE,1,1,1,21,0.6499362827052344,0.7555555555555555,0.8602097859333985,0.6878061356019592,0.6942311126986962,0.8457727176892262,17,4,7,14.623567221077561,1,1,4,1,0,1,2,1
fold3_0001099,sa_0006029,1099,Adrenal Gland,19,0,"[10,25)",AVAILABLE,1,1,1,17,0.7264132268261326,0.8333333333333334,0.8716958721913591,0.7015762977634729,0.693723038999912,0.8837257653724206,15,2,4,13.075438954566259,1,0,3,0,0,0,2,0
fold3_0001100,sa_0006030,1100,Adrenal Gland,15,0,"[10,25)",AVAILABLE,1,1,1,11,0.6276288861554861,0.7692307692307693,0.8159175520021319,0.6357154564825438,0.6854232594936709,0.9102857478143519,10,1,5,8.15917633593887,4,0,1,0,0,0,0,1
fold3_0001101,sa_0006031,1101,Adrenal Gland,28,0,"[25,50)",AVAILABLE,1,1,1,18,0.6973932245203593,0.782608695652174,0.8911135646649035,0.7285821174710063,0.7617670522536897,0.8818701533933322,18,0,10,16.04004505508183,1,0,9,0,0,0,0,0
fold3_0001102,sa_0006032,1102,Adrenal Gland,4,0,"[1,10)",AVAILABLE,1,1,1,3,0.7581180686430359,0.8571428571428571,0.8844710800835419,0.8497409326424871,0.8497409326424871,0.9187675070028011,3,0,1,2.653414124721706,0,0,1,0,0,0,0,0
fold3_0001103,sa_0006033,1103,Adrenal Gland,30,0,"[25,50)",AVAILABLE,1,1,1,24,0.7601637338128474,0.8518518518518519,0.8923661223020383,0.765674554769456,0.7995406405512313,0.8901652130752322,23,1,7,20.524421705313003,1,0,6,0,0,0,1,0
fold3_0001104,sa_0006034,1104,Adrenal Gland,23,0,"[10,25)",AVAILABLE,1,1,1,17,0.7182550536173782,0.85,0.8450059454322096,0.7044275004805536,0.7123238935534367,0.913692083939331,17,0,6,14.36510191735351,3,0,3,0,0,0,0,0
fold3_0001105,sa_0006035,1105,Adrenal Gland,6,0,"[1,10)",AVAILABLE,1,1,1,3,0.17322568421069956,0.2222222222222222,0.779515578948148,0.35858862144420134,0.3935946059839865,0.7928636226186876,1,2,5,0.7795163584637269,3,0,2,0,0,0,1,1
fold3_0001106,sa_0006036,1106,Adrenal Gland,9,0,"[1,10)",AVAILABLE,1,1,1,9,0.899940332466341,1.0,0.899940332466341,0.924892952204606,0.924892952204606,0.960981181987615,9,0,0,8.0994638921374,0,0,0,0,0,0,0,0
fold3_0001107,sa_0006037,1107,Adrenal Gland,16,0,"[10,25)",AVAILABLE,1,1,1,9,0.4865964972507281,0.64,0.7603070269542627,0.5290893355130301,0.5199675888413011,0.8380169065570026,8,1,8,6.0824569759411276,3,0,5,0,0,0,1,0
fold3_0001108,sa_0006038,1108,Adrenal Gland,14,0,"[10,25)",AVAILABLE,1,1,1,13,0.7210277046817316,0.8148148148148148,0.8848976375639434,0.7528513849584084,0.7827229876722263,0.8927645294147557,11,2,3,9.733874898101014,1,0,2,0,0,0,2,0
fold3_0001109,sa_0006039,1109,Adrenal Gland,15,0,"[10,25)",AVAILABLE,1,1,1,14,0.7490466354913753,0.896551724137931,0.8354750934326878,0.6192864578404467,0.620107012109265,0.9099947853293934,13,1,2,10.861177050100034,2,0,0,0,0,0,1,0
fold3_0001110,sa_0006040,1110,Adrenal Gland,12,0,"[10,25)",AVAILABLE,1,1,1,10,0.7595515949172718,0.8181818181818182,0.9283408382322209,0.8382119143364818,0.8382119143364818,0.911986161986162,9,1,3,8.355068472430826,0,0,2,1,0,0,0,1
fold3_0001111,sa_0006041,1111,Adrenal Gland,14,0,"[10,25)",AVAILABLE,1,1,1,12,0.766057371365024,0.8461538461538461,0.9053405297950284,0.7825910107789302,0.7825910107789302,0.879406731317741,11,1,3,9.958746733085842,0,0,3,0,0,0,1,0
fold3_0001112,sa_0006042,1112,Adrenal Gland,11,0,"[10,25)",AVAILABLE,1,1,1,8,0.7686869620032099,0.8421052631578947,0.9128157673788118,0.8668882557771447,0.8668882557771447,0.928698601102162,8,0,3,7.302527051846261,0,0,3,0,0,0,0,0
fold3_0001113,sa_0006043,1113,Adrenal Gland,13,0,"[10,25)",AVAILABLE,1,1,1,12,0.6669957355561422,0.72,0.9263829660501975,0.7249786423079451,0.7215550156195766,0.889713294890923,9,3,4,8.337447620834743,2,0,2,0,0,0,2,1
fold3_0001114,sa_0006044,1114,Adrenal Gland,17,0,"[10,25)",AVAILABLE,1,1,1,14,0.7803982575261861,0.9032258064516129,0.8640123565468489,0.742042020940201,0.7785416344816932,0.9173507057546145,14,0,3,12.09617385566824,1,0,2,0,0,0,0,0
fold3_0001115,sa_0006045,1115,Adrenal Gland,13,0,"[10,25)",AVAILABLE,1,1,1,13,0.6927970668394956,0.7692307692307693,0.9006361868913443,0.8031317605851448,0.8031317605851448,0.8908187167914072,10,3,3,9.006362769549629,0,0,3,0,0,0,3,0
fold3_0001116,sa_0006046,1116,Adrenal Gland,10,0,"[10,25)",AVAILABLE,1,1,1,9,0.5560788340925341,0.631578947368421,0.8804581539798457,0.5511136493432325,0.6222042139384116,0.771305824757718,6,3,4,5.282749804337229,1,0,2,1,0,0,2,1
fold3_0001117,sa_0006047,1117,Adrenal Gland,10,0,"[10,25)",AVAILABLE,1,1,1,8,0.8008279774659286,0.8888888888888888,0.9009314746491697,0.8840041868874299,0.8840041868874299,0.938431233900702,8,0,2,7.207452698124832,0,0,2,0,0,0,0,0
fold3_0001118,sa_0006048,1118,Adrenal Gland,14,0,"[10,25)",AVAILABLE,1,1,1,11,0.782707979184603,0.88,0.8894408854370489,0.8618806474034356,0.8618806474034356,0.9258172897445469,11,0,3,9.783850629248423,0,0,3,0,0,0,0,0
fold3_0001119,sa_0006049,1119,Adrenal Gland,13,0,"[10,25)",AVAILABLE,1,1,1,10,0.720749393040851,0.782608695652174,0.9209575577744207,0.7735349716446125,0.8476815688881503,0.9201709017315044,9,1,4,8.288618940927343,1,0,3,0,0,0,1,0
fold3_0001120,sa_0006050,1120,Adrenal Gland,14,0,"[10,25)",AVAILABLE,1,1,1,11,0.720511431875965,0.8,0.9006392898449562,0.8035107067365131,0.8397577621839853,0.9136318511938972,10,1,4,9.006393799088851,1,0,3,0,0,0,1,0
fold3_0001121,sa_0006051,1121,Adrenal Gland,12,0,"[10,25)",AVAILABLE,1,1,1,11,0.7830728638872926,0.8695652173913043,0.9005337934703865,0.7651150807282721,0.7942264321154714,0.8958720901000553,10,1,2,9.005338835237659,1,0,1,0,0,0,1,0
fold3_0001122,sa_0006052,1122,Adrenal Gland,9,0,"[1,10)",AVAILABLE,1,1,1,8,0.7471839078038364,0.8235294117647058,0.9072947451903728,0.718261269549218,0.718261269549218,0.8360326596171864,7,1,2,6.351064123627355,0,0,2,0,0,0,1,0
fold3_0001123,sa_0006053,1123,Adrenal Gland,11,0,"[10,25)",AVAILABLE,1,1,1,8,0.5979151287329837,0.7368421052631579,0.8114562461376208,0.6538564542046064,0.6538564542046064,0.7907052060561898,7,1,4,5.680194534419591,0,0,4,0,0,0,1,0
fold3_0001124,sa_0006054,1124,Adrenal Gland,11,0,"[10,25)",AVAILABLE,1,1,1,10,0.6635566033093568,0.7619047619047619,0.8709180418435308,0.6686205969346598,0.6694787586622477,0.8975275221079227,8,2,3,6.9673452056662875,1,0,2,0,0,0,2,0
fold3_0001125,sa_0006055,1125,Adrenal Gland,15,0,"[10,25)",AVAILABLE,1,1,1,16,0.8262985299156039,0.967741935483871,0.853841814246124,0.852514470420206,0.852514470420206,0.9333712059730563,15,1,0,12.807628067533674,0,0,0,0,1,0,0,0
fold3_0001126,sa_0006056,1126,Adrenal Gland,17,0,"[10,25)",AVAILABLE,1,1,1,1,0.0,0.0,0.0,0.029427220178665267,0.029427220178665267,0.05717202654415518,0,1,17,0.0,0,0,16,1,0,0,0,1
fold3_0001127,sa_0006057,1127,Adrenal Gland,15,0,"[10,25)",AVAILABLE,1,1,1,2,0.2147008974295727,0.23529411764705882,0.9124788140756841,0.048444162206295924,0.048444162206295924,0.09241152548239162,2,0,13,1.8249585406301825,0,0,13,0,0,0,0,0
fold3_0001128,sa_0006058,1128,Adrenal Gland,12,0,"[10,25)",AVAILABLE,1,1,1,0,0.0,0.0,0.0,0.0,0.0,0.0,0,0,12,0.0,0,0,12,0,0,0,0,0
fold3_0001129,sa_0006059,1129,Adrenal Gland,19,0,"[10,25)",AVAILABLE,1,1,1,0,0.0,0.0,0.0,0.0,0.0,0.0,0,0,19,0.0,0,0,19,0,0,0,0,0
fold3_0001130,sa_0006060,1130,Adrenal Gland,19,0,"[10,25)",AVAILABLE,1,1,1,5,0.07385088554224253,0.08333333333333333,0.8862106265069104,0.09718453188602443,0.09718453188602443,0.2511980213325089,1,4,18,0.8862115127175368,0,0,16,2,3,0,0,1
fold3_0001131,sa_0006061,1131,Adrenal Gland,16,0,"[10,25)",AVAILABLE,1,1,1,0,0.0,0.0,0.0,0.0,0.0,0.0,0,0,16,0.0,0,0,16,0,0,0,0,0
fold3_0001132,sa_0006062,1132,Adrenal Gland,12,0,"[10,25)",AVAILABLE,1,1,1,2,0.19950757216744142,0.2857142857142857,0.698276502586045,0.2050951767568341,0.22275915822291503,0.3653748087710352,2,0,10,1.3965537034485926,1,0,9,0,0,0,0,0
fold3_0001133,sa_0006063,1133,Adrenal Gland,15,0,"[10,25)",AVAILABLE,1,1,1,1,0.08233524700607037,0.125,0.6586819760485629,0.01551043429216018,0.01551043429216018,0.030547070258261595,1,0,14,0.6586826347305389,0,0,14,0,0,0,0,0
fold3_0001134,sa_0006064,1134,Adrenal Gland,20,0,"[10,25)",AVAILABLE,1,1,1,0,0.0,0.0,0.0,0.0,0.0,0.0,0,0,20,0.0,0,0,20,0,0,0,0,0
fold3_0001135,sa_0006065,1135,Adrenal Gland,7,0,"[1,10)",AVAILABLE,1,1,1,4,0.1550904023212383,0.18181818181818182,0.8529972127668106,0.2557796360059026,0.2557796360059026,0.5033294163728946,1,3,6,0.8529980657640233,0,0,4,2,2,0,0,1
fold3_0001136,sa_0006066,1136,Adrenal Gland,11,0,"[10,25)",AVAILABLE,1,1,1,1,0.08422930645169714,0.16666666666666666,0.5053758387101829,0.018122228648544438,0.018122228648544438,0.03559931831092596,1,0,10,0.5053763440860215,0,0,10,0,0,0,0,0
fold3_0001137,sa_0006067,1137,Adrenal Gland,11,0,"[10,25)",AVAILABLE,1,1,1,0,0.0,0.0,0.0,0.0,0.0,0.0,0,0,11,0.0,0,0,11,0,0,0,0,0
fold3_0001138,sa_0006068,1138,Adrenal Gland,11,0,"[10,25)",AVAILABLE,1,1,1,1,0.0910363235295028,0.16666666666666666,0.5462179411770168,0.05241935483870968,0.05241935483870968,0.09961685823754789,1,0,10,0.5462184873949579,0,0,10,0,0,0,0,0
fold3_0001139,sa_0006069,1139,Adrenal Gland,10,0,"[10,25)",AVAILABLE,1,1,1,2,0.1555057968751555,0.16666666666666666,0.9330347812509331,0.12336203669037814,0.12336203669037814,0.2196300616563906,1,1,9,0.9330357142857143,0,0,8,1,0,0,0,1
fold3_0001140,sa_0006070,1140,Adrenal Gland,8,0,"[1,10)",AVAILABLE,1,1,1,1,0.0,0.0,0.0,0.01623301865070228,0.01623301865070228,0.03194743400928968,0,1,8,0.0,0,0,7,1,0,0,0,1
fold3_0001141,sa_0006071,1141,Adrenal Gland,17,0,"[10,25)",AVAILABLE,1,1,1,1,0.10795891489372499,0.1111111111111111,0.9716302340435249,0.0643494598403006,0.0643494598403006,0.1209179170344219,1,0,16,0.9716312056737588,0,0,16,0,0,0,0,0
fold3_0001142,sa_0006072,1142,Adrenal Gland,18,0,"[10,25)",AVAILABLE,1,1,1,4,0.15414738836409383,0.18181818181818182,0.847810636002516,0.06798096532970768,0.06798096532970768,0.14567609348004001,2,2,16,1.6956221198156682,0,0,15,1,2,0,0,0
fold3_0001143,sa_0006073,1143,Adrenal Gland,16,0,"[10,25)",AVAILABLE,1,1,1,2,0.20381466994107955,0.2222222222222222,0.917166014734858,0.06371770214900911,0.06371770214900911,0.11980190236616618,2,0,14,1.834332946635731,0,0,14,0,0,0,0,0
fold3_0001144,sa_0006074,1144,Adrenal Gland,15,0,"[10,25)",AVAILABLE,1,1,1,5,0.2479393604663943,0.3,0.8264645348879811,0.220981900942885,0.220981900942885,0.388780401207172,3,2,12,2.4793944311284783,0,0,11,1,2,0,0,0
fold3_0001145,sa_0006075,1145,Adrenal Gland,15,0,"[10,25)",AVAILABLE,1,1,1,4,0.25355769965812686,0.3157894736842105,0.8029327155840684,0.23213385747404497,0.23213385747404497,0.4293193717277487,3,1,12,2.408798949684921,0,0,12,0,1,0,0,0
fold3_0001146,sa_0006076,1146,Adrenal Gland,14,0,"[10,25)",AVAILABLE,1,1,1,1,0.08965508275871036,0.13333333333333333,0.6724131206903277,0.00874439461883408,0.00874439461883408,0.01733718604134252,1,0,13,0.6724137931034483,0,0,13,0,0,0,0,0
fold3_0001147,sa_0006077,1147,Adrenal Gland,12,0,"[10,25)",AVAILABLE,1,1,1,3,0.12306269215968291,0.13333333333333333,0.9229701911976218,0.12601503759398497,0.12601503759398497,0.2513354700854701,1,2,11,0.922971114167813,0,0,10,1,2,0,0,0
fold3_0001148,sa_0006078,1148,Esophagus,11,0,"[10,25)",AVAILABLE,1,1,1,9,0.7645910802444467,0.8,0.9557388503055583,0.8513583307509555,0.8513583307509555,0.9197121017686771,8,1,3,7.645911758183316,0,0,3,0,0,0,1,0
fold3_0001149,sa_0006079,1149,Esophagus,20,0,"[10,25)",AVAILABLE,1,1,1,17,0.7440338943177593,0.8648648648648649,0.8602891903049092,0.7214521154106651,0.7545014027033919,0.9290345088234438,16,1,4,13.764627905167739,2,0,2,0,0,0,1,0
fold3_0001150,sa_0006080,1150,Esophagus,13,0,"[10,25)",AVAILABLE,1,1,1,11,0.7647622592290012,0.8333333333333334,0.9177147110748014,0.8073529411764706,0.8654496281271129,0.9285973178687931,10,1,3,9.177148028462724,1,0,2,0,0,0,1,0
fold3_0001151,sa_0006081,1151,Esophagus,17,0,"[10,25)",AVAILABLE,1,1,1,12,0.7601004420929958,0.8275862068965517,0.9184547008623699,0.902027027027027,0.902027027027027,0.9496468255607419,12,0,5,11.02145732880314,0,0,5,0,0,0,0,0
fold3_0001152,sa_0006082,1152,Esophagus,8,0,"[1,10)",AVAILABLE,1,1,1,7,0.7074447148266602,0.8,0.8843058935333251,0.7047718021997056,0.7086583838967543,0.9174229186629841,6,1,2,5.305836245505844,1,0,1,0,0,0,1,0
fold3_0001153,sa_0006083,1153,Esophagus,13,0,"[10,25)",AVAILABLE,1,1,1,15,0.7998473263768511,0.8571428571428571,0.9331552141063263,0.7863656943276631,0.8019464720194647,0.9380810925504417,12,3,1,11.19786350243113,1,0,0,0,0,0,3,0
fold3_0001154,sa_0006084,1154,Esophagus,12,0,"[10,25)",AVAILABLE,1,1,1,10,0.8186838979562641,0.9090909090909091,0.9005522877518904,0.847850243610565,0.883599817268159,0.9622623205277454,10,0,2,9.005523778071192,1,0,1,0,0,0,0,0
fold3_0001155,sa_0006085,1155,Esophagus,13,0,"[10,25)",AVAILABLE,1,1,1,13,0.93547835524087,1.0,0.93547835524087,0.9430986406413384,0.9430986406413384,0.9707161756132562,13,0,0,12.161219553609664,0,0,0,0,0,0,0,0
fold3_0001156,sa_0006086,1156,Esophagus,15,0,"[10,25)",AVAILABLE,1,1,1,14,0.8150634942841672,0.896551724137931,0.9091092820861866,0.8101783384080035,0.8101783384080035,0.8999423298731257,13,1,2,11.818421576229706,0,0,2,0,0,0,1,0
fold3_0001157,sa_0006087,1157,Esophagus,16,0,"[10,25)",AVAILABLE,1,1,1,13,0.845741846387981,0.896551724137931,0.9433274440481326,0.865857658248606,0.9240284235459251,0.9629764727339047,13,0,3,12.263257715953168,1,0,2,0,0,0,0,0
fold3_0001158,sa_0006088,1158,Esophagus,11,0,"[10,25)",AVAILABLE,1,1,1,12,0.8994560490554873,0.9565217391304348,0.9403404149216458,0.8981670061099797,0.8981670061099797,0.9463519313304721,11,1,0,10.343745504478518,0,0,0,0,0,0,1,0
fold3_0001159,sa_0006089,1159,Esophagus,13,0,"[10,25)",AVAILABLE,1,1,1,11,0.7436341120022001,0.8333333333333334,0.8923609344026401,0.8610781823313576,0.8785443959243086,0.9459459459459459,10,1,3,8.923610236387335,1,0,2,0,0,0,1,0
fold3_0001160,sa_0006090,1160,Esophagus,21,0,"[10,25)",AVAILABLE,1,1,1,12,0.45052774819744934,0.5454545454545454,0.8259675383619905,0.4675450006293794,0.5100140013392586,0.8984478935698448,9,3,12,7.433708671225452,7,0,5,0,0,0,1,2
fold3_0001161,sa_0006091,1161,Esophagus,12,0,"[10,25)",AVAILABLE,1,1,1,11,0.7736171521912042,0.8695652173913043,0.8896597250198849,0.7905896784368702,0.8396648044692737,0.913351553800992,10,1,2,8.896598139858574,2,0,0,0,0,0,0,1
fold3_0001162,sa_0006092,1162,Esophagus,14,0,"[10,25)",AVAILABLE,1,1,1,14,0.8366559952868553,0.9285714285714286,0.9010141487704595,0.8945115257958287,0.8945115257958287,0.9443189060779883,13,1,1,11.713184835030122,0,0,1,0,0,0,1,0
fold3_0001163,sa_0006093,1163,Esophagus,9,0,"[1,10)",AVAILABLE,1,1,1,11,0.6232945221831495,0.7,0.8904207459759279,0.7148192903438427,0.7148192903438427,0.8336963484945548,7,4,2,6.232946112252241,0,0,0,2,0,0,2,2
fold3_0001164,sa_0006094,1164,Esophagus,9,0,"[1,10)",AVAILABLE,1,1,1,7,0.4550229349849482,0.625,0.7280366959759171,0.48261456391798957,0.45585246518630035,0.7764851869086397,5,2,4,3.6401842079162816,1,0,3,0,0,0,2,0
fold3_0001165,sa_0006095,1165,Esophagus,17,0,"[10,25)",AVAILABLE,1,1,1,34,0.33241229376803527,0.43137254901960786,0.7705921355531726,0.22976992239581553,0.2291045044397311,0.39327288680900846,11,23,6,8.476514261677034,2,0,2,2,1,0,20,2
fold3_0001166,sa_0006096,1166,Esophagus,41,0,"[25,50)",AVAILABLE,1,1,1,34,0.6213999147317921,0.72,0.8630554371274891,0.6175193855971506,0.6345991916470192,0.8575917578879588,27,7,14,23.302497665497643,5,2,6,1,0,1,3,3
fold3_0001167,sa_0006097,1167,Esophagus,43,0,"[25,50)",AVAILABLE,1,1,1,30,0.6025003978691247,0.7397260273972602,0.8144912786008538,0.573653265533132,0.6307055985031267,0.8736638685910985,27,3,16,21.99126533671433,8,1,7,0,0,0,1,2
fold3_0001168,sa_0006098,1168,Esophagus,16,0,"[10,25)",AVAILABLE,1,1,1,21,0.37405447827869664,0.4864864864864865,0.7688897609062098,0.33677289745228745,0.35256171029482325,0.5821048482459598,9,12,7,6.920008617045648,4,0,1,2,0,0,9,3
fold3_0001169,sa_0006099,1169,Esophagus,16,0,"[10,25)",AVAILABLE,1,1,1,14,0.695072504457717,0.8,0.8688406305721461,0.5620280474649406,0.6728983234832951,0.9015140591204037,12,2,4,10.426088435706383,3,0,1,0,0,0,1,1
fold3_0001170,sa_0006100,1170,Esophagus,6,0,"[1,10)",AVAILABLE,1,1,1,5,0.7080516345902497,0.9090909090909091,0.7788567980492747,0.5309507904698285,0.5473425331329417,0.8422075055187638,5,0,1,3.8942847691031712,1,0,0,0,0,0,0,0
fold3_0001171,sa_0006101,1171,Esophagus,26,0,"[25,50)",AVAILABLE,1,1,1,25,0.7264576237800081,0.8235294117647058,0.8821271145900099,0.7067148184033589,0.7067965050356834,0.9411488862837045,21,4,5,18.524670288517324,3,1,1,0,0,0,3,1
fold3_0001172,sa_0006102,1172,Esophagus,15,0,"[10,25)",AVAILABLE,1,1,1,14,0.6146475284666388,0.6896551724137931,0.8912389162766262,0.6091063668996788,0.7059567189707742,0.8432432432432433,10,4,5,8.912390054005177,4,0,1,0,0,0,3,1
fold3_0001173,sa_0006103,1173,Esophagus,13,0,"[10,25)",AVAILABLE,1,1,1,9,0.5891824406393807,0.7272727272727273,0.8101258558791484,0.5022887700534759,0.5953688936145076,0.8694460900473934,8,1,5,6.481007657159043,2,0,2,1,0,0,0,1
fold3_0001174,sa_0006104,1174,Esophagus,26,0,"[25,50)",AVAILABLE,1,1,1,19,0.667244352718222,0.7555555555555555,0.8831175256564703,0.6426875217680398,0.7116860084049813,0.9147670961347869,17,2,9,15.012998819277522,1,3,5,0,0,1,1,0
fold3_0001175,sa_0006105,1175,Esophagus,26,0,"[25,50)",AVAILABLE,1,1,1,17,0.6773630452603147,0.7441860465116279,0.9102065920685478,0.6245892248786518,0.7555671051053452,0.9448897795591182,16,1,10,14.563306383303358,5,0,5,0,0,0,0,1
fold3_0001176,sa_0006106,1176,Esophagus,20,0,"[10,25)",AVAILABLE,1,1,1,13,0.5396898737142702,0.7272727272727273,0.7420735763571216,0.5717901190561061,0.5724725943970768,0.9204463952721118,12,1,8,8.904883658359035,3,1,4,0,0,0,1,0
fold3_0001177,sa_0006107,1177,Esophagus,23,0,"[10,25)",AVAILABLE,1,1,1,18,0.6181421404468899,0.6829268292682927,0.9051367056543743,0.4899475283070975,0.5621255959900566,0.9256254402212193,14,4,9,12.671914784297945,6,0,2,1,0,0,1,3
fold3_0001178,sa_0006108,1178,Esophagus,10,0,"[10,25)",AVAILABLE,1,1,1,10,0.5385545687189095,0.6,0.8975909478648493,0.5678735567761461,0.5628780241935484,0.8168991373054906,6,4,4,5.385546584780044,2,0,1,1,0,0,2,2
fold3_0001179,sa_0006109,1179,Esophagus,21,0,"[10,25)",AVAILABLE,1,1,1,20,0.47632993701392723,0.5365853658536586,0.8877057917077734,0.5205922333663985,0.5902391546162402,0.8348926000408032,11,9,10,9.764764596491299,6,1,3,0,1,1,5,2
fold3_0001180,sa_0006110,1180,Esophagus,13,0,"[10,25)",AVAILABLE,1,1,1,12,0.7692248308333826,0.88,0.8741191259470256,0.7796622097114708,0.77745947983415,0.9398591907710577,11,1,2,9.615311259536407,0,2,0,0,0,1,0,0
fold3_0001181,sa_0006111,1181,Esophagus,16,0,"[10,25)",AVAILABLE,1,1,1,11,0.4617957162011747,0.5925925925925926,0.7792802710894824,0.4895924764890282,0.5153796341265987,0.8342503071417126,8,3,8,6.23424294799613,5,0,3,0,0,0,1,2
fold3_0001182,sa_0006112,1182,Esophagus,28,0,"[25,50)",AVAILABLE,1,1,1,21,0.7038761178787679,0.8571428571428571,0.8211888041918959,0.6080870917573873,0.6809824245155476,0.937293906329589,21,0,7,17.24496570921862,3,2,2,0,0,0,0,0
fold3_0001183,sa_0006113,1183,Esophagus,17,0,"[10,25)",AVAILABLE,1,1,1,15,0.6659864831834347,0.8125,0.8196756716103811,0.609860248447205,0.5729010494752623,0.9363755510544501,13,2,4,10.655784550610626,3,0,0,1,1,0,0,1
fold3_0001184,sa_0006114,1184,Esophagus,13,0,"[10,25)",AVAILABLE,1,1,1,13,0.6107513110704587,0.6923076923076923,0.8821963382128847,0.7154934157047634,0.7154934157047634,0.8341546626231994,9,4,4,7.9397679261122995,0,0,3,1,0,0,3,1
fold3_0001185,sa_0006115,1185,Esophagus,32,0,"[25,50)",AVAILABLE,1,1,1,22,0.572268798371057,0.6666666666666666,0.8584031975565857,0.6112343367420423,0.6472952958600747,0.9124031339641221,18,4,14,15.45125841442174,9,0,5,0,1,0,0,3
fold3_0001186,sa_0006116,1186,Adrenal Gland,14,0,"[10,25)",AVAILABLE,1,1,1,16,0.6714873502980148,0.8,0.8393591878725184,0.6082216443288657,0.6139096522586935,0.8163511880789368,12,4,2,10.072311093829407,1,0,1,0,0,0,4,0
fold3_0001187,sa_0006117,1187,Adrenal Gland,14,0,"[10,25)",AVAILABLE,1,1,1,12,0.5587154528502595,0.6153846153846154,0.9079126108816716,0.5450358932683191,0.5169428272876548,0.7919700846290101,8,4,6,7.263301794965983,2,0,4,0,0,0,3,1
fold3_0001188,sa_0006118,1188,Adrenal Gland,14,0,"[10,25)",AVAILABLE,1,1,1,15,0.6182511928019186,0.6896551724137931,0.8964642295627819,0.6266710497479728,0.6172739852398524,0.8155436720142603,10,5,4,8.964643192092048,2,0,2,0,0,0,4,1
fold3_0001189,sa_0006119,1189,Adrenal Gland,21,0,"[10,25)",AVAILABLE,1,1,1,20,0.7641488986447306,0.8780487804878049,0.8702806901231653,0.8253842340109073,0.8253842340109073,0.9043402683470042,18,2,3,15.665053292497667,0,0,3,0,0,0,2,0
fold3_0001190,sa_0006120,1190,Adrenal Gland,15,0,"[10,25)",AVAILABLE,1,1,1,17,0.7739566621763987,0.875,0.8845218996301699,0.7852872368079022,0.7852872368079022,0.8813337216074548,14,3,1,12.383307479344278,0,0,1,0,0,0,3,0
fold3_0001191,sa_0006121,1191,Adrenal Gland,23,0,"[10,25)",AVAILABLE,1,1,1,17,0.6083927811484328,0.7,0.8691325444977611,0.5945650344943632,0.6546515262006459,0.8901341056475477,14,3,9,12.1678564921012,2,3,4,0,0,1,1,1
fold3_0001192,sa_0006122,1192,Adrenal Gland,23,0,"[10,25)",AVAILABLE,1,1,1,22,0.7741257423271731,0.8888888888888888,0.8708914601180698,0.776578073089701,0.8259525124240751,0.904802225716705,20,2,3,17.41783007325286,1,0,2,0,0,0,2,0
fold3_0001193,sa_0006123,1193,Adrenal Gland,26,0,"[25,50)",AVAILABLE,1,1,1,22,0.7881071197723473,0.9166666666666666,0.8597532215698334,0.7876650271809474,0.7867298578199052,0.9227737779461918,22,0,4,18.914571734289556,1,0,3,0,0,0,0,0
fold3_0001194,sa_0006124,1194,Adrenal Gland,18,0,"[10,25)",AVAILABLE,1,1,1,16,0.8086166009434058,0.9411764705882353,0.8591551385023687,0.8296687607081668,0.8296687607081668,0.9069059695669138,16,0,2,13.746483075193039,0,0,2,0,0,0,0,0
fold3_0001195,sa_0006125,1195,Adrenal Gland,25,0,"[25,50)",AVAILABLE,1,1,1,20,0.7326109973783349,0.8444444444444444,0.8675656547901335,0.7506044262599962,0.74306640625,0.9048125945431117,19,1,6,16.483748308578193,2,0,4,0,0,0,0,1
fold3_0001196,sa_0006126,1196,Adrenal Gland,14,0,"[10,25)",AVAILABLE,1,1,1,18,0.7044360483298879,0.8125,0.8669982133290929,0.7343973011547943,0.7343973011547943,0.8468616742724621,13,5,1,11.27097764027642,0,0,0,1,0,0,4,1
fold3_0001197,sa_0006127,1197,Adrenal Gland,31,0,"[25,50)",AVAILABLE,1,1,1,25,0.7599289168625044,0.8928571428571429,0.8511203868860049,0.7506293386223205,0.78051149239236,0.895090909090909,25,0,6,21.27801052327051,2,0,4,0,0,0,0,0
fold3_0001198,sa_0006128,1198,Adrenal Gland,27,0,"[25,50)",AVAILABLE,1,1,1,24,0.7336170584183593,0.8627450980392157,0.8503288631667346,0.7436634789005551,0.7387549478229579,0.9212748344370861,22,2,5,18.707235839997026,4,0,1,0,0,0,0,2
fold3_0001199,sa_0006129,1199,Adrenal Gland,17,0,"[10,25)",AVAILABLE,1,1,1,15,0.7657306067820482,0.9375,0.8167793139008515,0.7418420759550062,0.7594982078853046,0.9045969987098527,15,0,2,12.251690525292085,1,0,1,0,0,0,0,0
fold3_0001200,sa_0006130,1200,Adrenal Gland,34,0,"[25,50)",AVAILABLE,1,1,1,23,0.5958828707729414,0.7368421052631579,0.8086981817632777,0.6420830029077452,0.6327487516745829,0.9059038526088091,21,2,13,16.982662625727013,7,0,6,0,0,0,0,2
fold3_0001201,sa_0006131,1201,Adrenal Gland,31,0,"[25,50)",AVAILABLE,1,1,1,22,0.5321744641001654,0.6037735849056604,0.881413956165899,0.6594855881124306,0.6575127500980776,0.8750295857988166,16,6,15,14.102624180068341,7,0,7,1,1,0,1,4
fold3_0001202,sa_0006132,1202,Adrenal Gland,34,0,"[25,50)",AVAILABLE,1,1,1,27,0.6538387049694544,0.819672131147541,0.7976832200627344,0.6417175730976811,0.6676862425231104,0.8820052985530874,25,2,9,19.94208129925158,4,0,5,0,0,0,1,1
fold3_0001203,sa_0006133,1203,Adrenal Gland,23,0,"[10,25)",AVAILABLE,1,1,1,18,0.5993381580219458,0.7804878048780488,0.767902014965618,0.6294203009241579,0.6251412885515905,0.8302449202642953,16,2,7,12.286433007351905,0,1,5,1,1,0,0,1
fold3_0001204,sa_0006134,1204,Pancreatic,44,0,"[25,50)",AVAILABLE,1,1,1,35,0.5222874186002592,0.6582278481012658,0.7934751167196246,0.4822030611331563,0.5323254670599803,0.8698697895778188,26,9,18,20.630353828185356,15,2,1,0,1,1,2,5
fold3_0001205,sa_0006135,1205,Pancreatic,51,0,"[50,+inf)",AVAILABLE,1,1,1,42,0.611751021990477,0.7311827956989247,0.8366594859575641,0.6069664562126874,0.6331133113311331,0.8680608714290089,34,8,17,28.446423359216663,8,3,5,1,0,1,3,4
fold3_0001206,sa_0006136,1206,Pancreatic,45,0,"[25,50)",AVAILABLE,1,1,1,35,0.6555147274431485,0.8,0.8193934093039356,0.6520477119143725,0.6900986519291359,0.8822810341666157,32,3,13,26.220589917119344,6,0,7,0,0,0,2,1
fold3_0001207,sa_0006137,1207,Pancreatic,14,0,"[10,25)",AVAILABLE,1,1,1,12,0.3928169908487341,0.46153846153846156,0.8511034801722572,0.4863348848311254,0.4768742058449809,0.7350942097565173,6,6,8,5.1066217321370235,2,0,3,3,2,0,1,3
fold3_0001208,sa_0006138,1208,Pancreatic,20,0,"[10,25)",AVAILABLE,1,1,1,17,0.5646336227721592,0.7027027027027027,0.8035170785603805,0.5491073836362655,0.6325511076053375,0.8198582702528587,13,4,7,10.445722824802024,5,0,1,1,0,0,2,2
fold3_0001209,sa_0006139,1209,Pancreatic,16,0,"[10,25)",AVAILABLE,1,1,1,14,0.580496054689691,0.7333333333333333,0.791585529122306,0.5586569162632609,0.6266822703335284,0.780431654676259,11,3,5,8.707441611930895,2,0,2,1,0,0,2,1
fold3_0001210,sa_0006140,1210,Pancreatic,18,0,"[10,25)",AVAILABLE,1,1,1,15,0.5669093705548136,0.7272727272727273,0.7795003845128686,0.5812879981986039,0.591170136396267,0.7961500864726672,12,3,6,9.354005393654807,2,0,3,1,1,0,0,2
fold3_0001211,sa_0006141,1211,Pancreatic,21,0,"[10,25)",AVAILABLE,1,1,1,21,0.4998486352866743,0.6666666666666666,0.7497729529300114,0.5113763521074226,0.5414222496655346,0.7322740018694085,14,7,7,10.496822090793113,3,0,3,1,0,0,5,2
fold3_0001212,sa_0006142,1212,Adrenal Gland,13,0,"[10,25)",AVAILABLE,1,1,1,13,0.6397375733957933,0.7692307692307693,0.8316588454145313,0.6195468380114981,0.6073626893939394,0.8096325208041829,10,3,3,8.316589285804158,2,0,1,0,0,0,2,1
fold3_0001213,sa_0006143,1213,Adrenal Gland,21,0,"[10,25)",AVAILABLE,1,1,1,20,0.6049699557948127,0.7317073170731707,0.8267922729195774,0.573777425323817,0.5885372112917023,0.8349103777213632,15,5,6,12.401884920585932,3,0,2,1,0,0,3,2
fold3_0001214,sa_0006144,1214,Adrenal Gland,10,0,"[10,25)",AVAILABLE,1,1,1,20,0.33217424959394637,0.4,0.8304356239848659,0.35388567758509953,0.35388567758509953,0.5227703984819735,6,14,4,4.98261457434482,0,0,2,2,0,0,12,2
fold3_0001215,sa_0006145,1215,Adrenal Gland,17,0,"[10,25)",AVAILABLE,1,1,1,26,0.39468823044433915,0.5116279069767442,0.7714360867775719,0.3599929945415803,0.3443731456565238,0.6360603572161774,11,15,6,8.485797725989377,2,3,1,0,0,1,13,1
fold3_0001216,sa_0006146,1216,Adrenal Gland,24,0,"[10,25)",AVAILABLE,1,1,1,25,0.5663675341179539,0.6938775510204082,0.8162355638758748,0.5432387891404284,0.5659171949286846,0.8007843385306304,17,8,7,13.876005402125436,2,1,3,1,1,0,5,2
fold3_0001217,sa_0006147,1217,Adrenal Gland,15,0,"[10,25)",AVAILABLE,1,1,1,26,0.3422820871087045,0.43902439024390244,0.7796425317476047,0.2954124319164467,0.2954124319164467,0.46293888166449937,9,17,6,7.016783565370973,0,1,3,2,0,1,14,2
fold3_0001218,sa_0006148,1218,Adrenal Gland,10,0,"[10,25)",AVAILABLE,1,1,1,18,0.25221503448881866,0.35714285714285715,0.7062020965686922,0.34936319718928416,0.34936319718928416,0.6089503661513426,5,13,5,3.5310111890455573,0,2,3,0,0,4,9,0
fold3_0001219,sa_0006149,1219,Adrenal Gland,17,0,"[10,25)",AVAILABLE,1,1,1,27,0.40055898871157414,0.5,0.8011179774231483,0.3924306753350139,0.3966298953982364,0.6054037473479716,11,16,6,8.812298552772608,2,0,3,1,0,0,14,2
fold3_0001220,sa_0006150,1220,Adrenal Gland,11,0,"[10,25)",AVAILABLE,1,1,1,20,0.44239281205115843,0.5161290322580645,0.8571360733491195,0.34738533811348743,0.34738533811348743,0.5622534177447472,8,12,3,6.857089443929028,0,0,1,2,4,0,8,0
fold3_0001221,sa_0006151,1221,Adrenal Gland,17,0,"[10,25)",AVAILABLE,1,1,1,24,0.5780066595605728,0.6829268292682927,0.846366894356553,0.5517219668828307,0.5517219668828307,0.714192972490465,14,10,3,11.849137367358635,0,0,3,0,0,0,10,0
fold3_0001222,sa_0006152,1222,Adrenal Gland,21,0,"[10,25)",AVAILABLE,1,1,1,21,0.6032194776442489,0.7142857142857143,0.8445072687019485,0.49352650037693796,0.5483481931343412,0.8377100255925225,15,6,6,12.667609875036495,4,0,1,1,0,0,4,2
fold3_0001223,sa_0006153,1223,Adrenal Gland,18,0,"[10,25)",AVAILABLE,1,1,1,24,0.436421625162979,0.5238095238095238,0.8331685571293235,0.49997221759182087,0.5215827338129496,0.6938152977960802,11,13,7,9.164854961591114,1,2,2,2,0,3,8,2
fold3_0001224,sa_0006154,1224,Cervix,19,0,"[10,25)",AVAILABLE,1,1,1,14,0.6369127270308189,0.7272727272727273,0.875754999667376,0.679511506835985,0.6687592117473661,0.9137062479555119,12,2,7,10.509060871763511,3,0,4,0,0,0,1,1
fold3_0001225,sa_0006155,1225,Cervix,19,0,"[10,25)",AVAILABLE,1,1,1,16,0.6856868151971587,0.8,0.8571085189964482,0.6578966871711258,0.7136091724825523,0.8608,14,2,5,11.999520123058794,1,0,3,1,0,0,1,1
fold3_0001226,sa_0006156,1226,Cervix,24,0,"[10,25)",AVAILABLE,1,1,1,21,0.7807800171499837,0.8888888888888888,0.8783775192937316,0.7434596903363588,0.8175591220438978,0.9193189007784777,20,1,4,17.567551264252153,2,0,2,0,0,0,1,0
fold3_0001227,sa_0006157,1227,Cervix,19,0,"[10,25)",AVAILABLE,1,1,1,17,0.6870760914946604,0.7777777777777778,0.8833835462074205,0.7913066954643628,0.8053241782980639,0.9137388159740624,14,3,5,12.367370530287433,2,0,3,0,0,0,3,0
fold3_0001228,sa_0006158,1228,Cervix,33,0,"[25,50)",AVAILABLE,1,1,1,29,0.6830162993390803,0.8064516129032258,0.8469402111804596,0.7474763161981675,0.7491784161984523,0.8752727272727273,25,4,8,21.173506126451702,1,0,5,2,0,0,2,2
fold3_0001229,sa_0006159,1229,Cervix,27,0,"[25,50)",AVAILABLE,1,1,1,21,0.6878764152827794,0.7916666666666666,0.8688965245677215,0.5631798404641044,0.7537254558204769,0.9445930072726364,19,2,8,16.509034835683234,5,0,3,0,1,0,0,1
fold3_0001230,sa_0006160,1230,Cervix,29,0,"[25,50)",AVAILABLE,1,1,1,24,0.7136226891410801,0.8301886792452831,0.8595909664653919,0.796674252991704,0.8311192488994507,0.9265366040465502,22,2,7,18.91100212182959,2,0,5,0,1,0,1,0
fold3_0001231,sa_0006161,1231,Cervix,26,0,"[25,50)",AVAILABLE,1,1,1,20,0.5530632444133675,0.6956521739130435,0.7950284138442159,0.5174477098226106,0.5307443365695793,0.7946007480891202,16,4,10,12.720455416535868,5,0,5,0,0,0,3,1
fold3_0001232,sa_0006162,1232,Cervix,27,0,"[25,50)",AVAILABLE,1,1,1,20,0.6246818002304088,0.723404255319149,0.863530723847918,0.5409841683229388,0.6178355696961313,0.9005871287693097,17,3,10,14.680023168945329,6,0,4,0,0,0,1,2
fold3_0001233,sa_0006163,1233,Cervix,27,0,"[25,50)",AVAILABLE,1,1,1,20,0.6414827342012885,0.7659574468085106,0.8374913474294601,0.6927634221448654,0.6946114329434911,0.8899638802889577,18,2,9,15.07484509122163,2,0,7,0,0,0,2,0
fold3_0001234,sa_0006164,1234,Cervix,35,0,"[25,50)",AVAILABLE,1,1,1,31,0.6487843897950429,0.7575757575757576,0.8563953945294567,0.6515737689258251,0.6638207595984684,0.8490125952417975,25,6,10,21.409885719631813,2,3,4,1,0,2,2,2
fold3_0001235,sa_0006165,1235,Cervix,28,0,"[25,50)",AVAILABLE,1,1,1,24,0.7556019992533826,0.8461538461538461,0.8929841809358158,0.7907733254472867,0.8001597125174685,0.8896528778973051,22,2,6,19.64565287357213,1,0,4,1,0,0,1,1
fold3_0001236,sa_0006166,1236,Cervix,36,0,"[25,50)",AVAILABLE,1,1,1,33,0.577425773858798,0.7246376811594203,0.7968475679251412,0.5481008945593195,0.5955949137148048,0.8527678952611356,25,8,11,19.9211899949761,6,3,2,0,0,1,5,2
fold3_0001237,sa_0006167,1237,Cervix,65,0,"[50,+inf)",AVAILABLE,1,1,1,64,0.6833384367688273,0.8217054263565892,0.8316099843696105,0.6730475705927245,0.6913099431048496,0.8488816803828517,53,11,12,44.07533000319934,6,2,4,0,1,1,7,2
fold3_0001238,sa_0006168,1238,Cervix,56,0,"[50,+inf)",AVAILABLE,1,1,1,55,0.6784998723052953,0.8108108108108109,0.8368165091765308,0.6752343401279571,0.6977213387135058,0.8473028078760341,45,10,11,37.656743749760395,4,2,4,1,0,2,6,2
fold3_0001239,sa_0006169,1239,Cervix,18,0,"[10,25)",AVAILABLE,1,1,1,13,0.5646986445410519,0.7741935483870968,0.7294024158655255,0.6250278334446671,0.6113341204250295,0.8226846424384525,12,1,6,8.752829719788721,2,0,4,0,0,0,0,1
fold3_0001240,sa_0006170,1240,Cervix,24,0,"[10,25)",AVAILABLE,1,1,1,19,0.673839194336909,0.8372093023255814,0.8048634821246412,0.6985452586206896,0.7195178488641631,0.8394715556753842,18,1,6,14.487543483107025,1,0,4,1,0,0,0,1
fold3_0001241,sa_0006171,1241,Cervix,74,0,"[50,+inf)",AVAILABLE,1,1,1,57,0.6603413978829566,0.7938931297709924,0.8317761838718012,0.6554276315789473,0.6946675923171014,0.8730833755998595,52,5,22,43.25236239310984,9,0,11,2,0,0,0,5
fold3_0001242,sa_0006172,1242,Cervix,50,0,"[50,+inf)",AVAILABLE,1,1,1,45,0.6088139759243066,0.7368421052631579,0.8262475387544161,0.628195345288058,0.6402114128566517,0.869770244426397,35,10,15,28.918664682652103,8,1,4,2,2,1,4,3
fold3_0001243,sa_0006173,1243,Cervix,16,0,"[10,25)",AVAILABLE,1,1,1,11,0.607359719423301,0.8148148148148148,0.7453960192922331,0.6618705035971223,0.6618705035971223,0.7965367965367965,11,0,5,8.199356957610583,0,0,5,0,0,0,0,0
fold3_0001244,sa_0006174,1244,Cervix,58,0,"[50,+inf)",AVAILABLE,1,1,1,42,0.5888969633211855,0.72,0.8179124490572021,0.5345267026258076,0.5798988526570048,0.8689711187023721,36,6,22,29.44484898397172,10,3,9,0,0,2,2,2
fold3_0001245,sa_0006175,1245,Cervix,26,0,"[25,50)",AVAILABLE,1,1,1,22,0.7021867228241612,0.875,0.8024991117990413,0.6128766370546753,0.7187290969899666,0.8682623078419927,21,1,5,16.85248215027898,3,0,2,0,0,0,0,1
fold3_0001246,sa_0006176,1246,Cervix,28,0,"[25,50)",AVAILABLE,1,1,1,22,0.599501231410794,0.8,0.7493765392634925,0.6286060816079009,0.6658990596814431,0.8454095150328303,20,2,8,14.98753153464639,4,0,4,0,0,0,1,1
fold3_0001247,sa_0006177,1247,Cervix,25,0,"[25,50)",AVAILABLE,1,1,1,16,0.5831223393883131,0.7317073170731707,0.7969338638306946,0.6327481746155041,0.6436615186615187,0.7972986199471469,15,1,10,11.954008754394282,2,0,8,0,0,0,0,1
fold3_0001248,sa_0006178,1248,Bile Duct,17,0,"[10,25)",AVAILABLE,1,1,1,15,0.6221540405786399,0.75,0.8295387207715199,0.7219188057527762,0.7219188057527762,0.839668023470952,12,3,5,9.954465478796958,0,1,4,0,0,1,2,0
fold3_0001249,sa_0006179,1249,Bile Duct,17,0,"[10,25)",AVAILABLE,1,1,1,17,0.5489072330266553,0.7058823529411765,0.7776185801210951,0.5116736621196223,0.5427662957074721,0.8039983511953833,12,5,5,9.33142373907172,3,0,1,1,0,0,4,1
fold3_0001250,sa_0006180,1250,Bile Duct,15,0,"[10,25)",AVAILABLE,1,1,1,12,0.534595943869518,0.6666666666666666,0.8018939158042772,0.6115093454813425,0.5948875102773002,0.8555628456275189,9,3,6,7.21704604413241,3,0,3,0,0,0,2,1
fold3_0001251,sa_0006181,1251,Bile Duct,8,0,"[1,10)",AVAILABLE,1,1,1,7,0.6585515021677785,0.8,0.823189377709723,0.6830878618588115,0.7079354251932697,0.8952938827131731,6,1,2,4.939137089447716,1,0,0,1,0,0,0,1
fold3_0001252,sa_0006182,1252,Bile Duct,13,0,"[10,25)",AVAILABLE,1,1,1,9,0.5485521871039198,0.6363636363636364,0.8620105797347312,0.6511892892750321,0.6683394160583942,0.8334700574241182,7,2,6,6.034074920153698,3,0,3,0,0,0,1,1
fold3_0001253,sa_0006183,1253,Bile Duct,15,0,"[10,25)",AVAILABLE,1,1,1,13,0.675551447927772,0.7857142857142857,0.8597927519080735,0.5478018143754362,0.6267591270650622,0.8857823470411234,11,2,4,9.45772113078156,3,0,1,0,0,0,1,1
fold3_0001254,sa_0006184,1254,Bile Duct,14,0,"[10,25)",AVAILABLE,1,1,1,13,0.6886554139262433,0.8148148148148148,0.8451680080003895,0.717408274785324,0.717408274785324,0.8772727272727273,11,2,3,9.296848933172292,0,0,3,0,1,0,1,0
fold3_0001255,sa_0006185,1255,Bile Duct,13,0,"[10,25)",AVAILABLE,1,1,1,11,0.35173305018569384,0.5,0.7034661003713877,0.4818312790139267,0.47209374036386065,0.8406647116324536,6,5,7,4.220797305694426,6,0,1,0,0,0,3,2
fold3_0001256,sa_0006186,1256,Bile Duct,12,0,"[10,25)",AVAILABLE,1,1,1,11,0.6758510503190481,0.782608695652174,0.8635874531854504,0.6117859101951257,0.6252524365615946,0.8435440302539168,9,2,3,7.772287942256506,1,0,2,0,0,0,2,0
fold3_0001257,sa_0006187,1257,Bile Duct,21,0,"[10,25)",AVAILABLE,1,1,1,18,0.7092171451234036,0.8205128205128205,0.8643583956191482,0.7761702127659574,0.7853166318719554,0.9046969401676086,16,2,5,13.829735194264767,1,0,3,1,2,0,0,0
fold3_0001258,sa_0006188,1258,Bile Duct,19,0,"[10,25)",AVAILABLE,1,1,1,13,0.47478973495206733,0.625,0.7596635759233077,0.5344813581350012,0.5287249814677539,0.797672445144866,10,3,9,7.596636518896652,3,0,6,0,0,0,2,1
fold3_0001259,sa_0006189,1259,Bile Duct,21,0,"[10,25)",AVAILABLE,1,1,1,17,0.662695996325644,0.7894736842105263,0.839414928679149,0.6651120062186417,0.7496874218554639,0.8984803010814159,15,2,6,12.591224769602164,5,1,0,0,0,1,0,1
fold3_0001260,sa_0006190,1260,Bile Duct,14,0,"[10,25)",AVAILABLE,1,1,1,16,0.6454338557412357,0.7333333333333333,0.8801370760107761,0.6146215518412828,0.659264816204051,0.8181571570666426,11,5,3,9.681508716255612,0,1,1,1,0,1,3,1
fold3_0001261,sa_0006191,1261,Bile Duct,14,0,"[10,25)",AVAILABLE,1,1,1,11,0.644406821207868,0.72,0.8950094738998167,0.6771306265404073,0.7295151686986108,0.8562295081967213,9,2,5,8.055086160107823,2,0,3,0,0,0,1,1
fold3_0001262,sa_0006192,1262,Bile Duct,19,0,"[10,25)",AVAILABLE,1,1,1,18,0.6014781154405597,0.7027027027027027,0.855949625819258,0.7495419421652195,0.7495419421652195,0.8574811037246153,13,5,6,11.127345991599979,0,1,4,1,0,1,3,1
fold3_0001263,sa_0006193,1263,Bile Duct,11,0,"[10,25)",AVAILABLE,1,1,1,12,0.6678414778641719,0.782608695652174,0.8533529994931085,0.7738155883851248,0.7738155883851248,0.8724870763928777,9,3,2,7.680177848790975,0,0,1,1,0,0,2,1
fold3_0001264,sa_0006194,1264,Bile Duct,14,0,"[10,25)",AVAILABLE,1,1,1,13,0.4829623642471401,0.5925925925925926,0.814998989667049,0.4607948442534909,0.5675027001080043,0.8041647527178074,8,5,6,6.519992732335381,4,0,2,0,0,0,4,1
fold3_0001265,sa_0006195,1265,Bile Duct,11,0,"[10,25)",AVAILABLE,1,1,1,8,0.5863608712118066,0.7368421052631579,0.7957754680731661,0.7317230968298469,0.7317230968298469,0.8450809464508094,7,1,4,5.570429072287631,0,0,3,1,0,0,0,1
fold3_0001266,sa_0006196,1266,Bile Duct,2,0,"[1,10)",AVAILABLE,1,1,1,1,0.6375539475988908,0.6666666666666666,0.9563309213983363,0.8902439024390244,0.8902439024390244,0.9419354838709677,1,0,1,0.9563318777292577,0,0,1,0,0,0,0,0
fold3_0001267,sa_0006197,1267,Bile Duct,8,0,"[1,10)",AVAILABLE,1,1,1,8,0.6230739462096214,0.75,0.8307652616128286,0.6079981924988703,0.624465811965812,0.8849062808286747,6,2,2,4.984592400442233,1,0,1,0,0,0,2,0
fold3_0001268,sa_0006198,1268,Bile Duct,16,0,"[10,25)",AVAILABLE,1,1,1,11,0.3669922097348142,0.4444444444444444,0.825732471903332,0.32683201803833145,0.35722130697419,0.5864859397127251,6,5,10,4.954395657152464,5,0,5,0,0,0,4,1
fold3_0001269,sa_0006199,1269,Bile Duct,27,0,"[25,50)",AVAILABLE,1,1,1,25,0.5386355645856985,0.6538461538461539,0.8237955693663624,0.5965021861336665,0.5965021861336665,0.7472613458528952,17,8,10,14.004525503023732,0,0,9,1,0,0,7,1
fold3_0001270,sa_0006200,1270,Bile Duct,18,0,"[10,25)",AVAILABLE,1,1,1,14,0.7323708607183045,0.8125,0.901379520884067,0.7559029649595688,0.7746758556243429,0.9229250312643981,13,1,5,11.717934672872392,2,0,3,0,0,0,0,1
fold3_0001271,sa_0006201,1271,Bile Duct,15,0,"[10,25)",AVAILABLE,1,1,1,13,0.7847970840320252,0.8571428571428571,0.9155965980373628,0.831215562802204,0.831215562802204,0.9078292907583666,12,1,3,10.98716009204495,0,0,3,0,0,0,1,0
fold3_0001272,sa_0006202,1272,Bile Duct,17,0,"[10,25)",AVAILABLE,1,1,1,14,0.754361280353422,0.8387096774193549,0.8994307573444646,0.8527813712807244,0.8527813712807244,0.9205418237676303,13,1,4,11.692600744908797,0,0,4,0,0,0,1,0
fold3_0001273,sa_0006203,1273,Bile Duct,13,0,"[10,25)",AVAILABLE,1,1,1,12,0.6710515218342336,0.8,0.8388144022927919,0.6541479820627802,0.6643868490520758,0.8413236248287794,10,2,3,8.38814486174232,1,0,1,1,0,0,1,1
fold3_0001274,sa_0006204,1274,Bile Duct,11,0,"[10,25)",AVAILABLE,1,1,1,9,0.5878500791218194,0.7,0.839785827316885,0.525323910482921,0.5453065653825285,0.7830056179775281,7,2,4,5.878501631004022,2,0,2,0,0,0,1,1
fold3_0001275,sa_0006205,1275,Bile Duct,20,0,"[10,25)",AVAILABLE,1,1,1,13,0.5701843502707862,0.6666666666666666,0.8552765254061793,0.5233644859813084,0.595582948125321,0.9185604841305608,11,2,9,9.408042634744497,3,0,5,1,2,0,0,0
fold3_0001276,sa_0006206,1276,Bile Duct,9,0,"[1,10)",AVAILABLE,1,1,1,7,0.6289444627223708,0.75,0.838592616963161,0.7141300399564112,0.7141300399564112,0.8332273786819241,6,1,3,5.031556540371583,0,0,3,0,0,0,1,0
fold3_0001277,sa_0006207,1277,Bile Duct,23,0,"[10,25)",AVAILABLE,1,1,1,18,0.7038515192562746,0.7804878048780488,0.9018097590471019,0.7371805720088002,0.7569021154535676,0.8889795918367347,16,2,7,14.42895704656339,2,0,4,1,0,0,0,2
fold3_0001278,sa_0006208,1278,Bile Duct,21,0,"[10,25)",AVAILABLE,1,1,1,14,0.5761741233389343,0.6857142857142857,0.840253929869279,0.6408961817608079,0.671745957892288,0.8478986919009185,12,2,9,10.083047998685277,4,0,5,0,0,0,0,2
fold3_0001279,sa_0006209,1279,Bile Duct,16,0,"[10,25)",AVAILABLE,1,1,1,15,0.7436585197167211,0.8387096774193549,0.8866697735083983,0.7598130841121495,0.804778410497648,0.8964949585019548,13,2,3,11.52670794227895,1,1,1,0,0,1,1,0
fold3_0001280,sa_0006210,1280,Bile Duct,10,0,"[10,25)",AVAILABLE,1,1,1,10,0.8133155499783197,0.9,0.9036839444203552,0.8555936856554565,0.8555936856554565,0.9221778369581299,9,1,1,8.13315640346714,0,0,1,0,0,0,1,0
fold3_0001281,sa_0006211,1281,Bile Duct,20,0,"[10,25)",AVAILABLE,1,1,1,19,0.8273720494349853,0.9230769230769231,0.8963197202212341,0.8189066059225513,0.8189066059225513,0.9004383218534753,18,1,2,16.133755860301935,0,0,2,0,0,0,1,0
fold3_0001282,sa_0006212,1282,Bile Duct,13,0,"[10,25)",AVAILABLE,1,1,1,14,0.789311507141794,0.8888888888888888,0.8879754455345183,0.7701082187774203,0.7701082187774203,0.8701255783212162,12,2,1,10.655706234389665,0,0,1,0,0,0,2,0
fold3_0001283,sa_0006213,1283,Bile Duct,19,0,"[10,25)",AVAILABLE,1,1,1,15,0.805697495424145,0.8823529411764706,0.9131238281473644,0.8678414096916299,0.8678414096916299,0.9292452830188679,15,0,4,13.696858335334293,0,0,4,0,0,0,0,0
fold3_0001284,sa_0006214,1284,Bile Duct,19,0,"[10,25)",AVAILABLE,1,1,1,12,0.6063116382592724,0.7096774193548387,0.8543482175471564,0.6338807898136187,0.6134191731214164,0.8566618866512875,11,1,8,9.397831247366938,3,0,5,0,0,0,0,1
fold3_0001285,sa_0006215,1285,Bile Duct,15,0,"[10,25)",AVAILABLE,1,1,1,12,0.7644260734243434,0.8888888888888888,0.8599793326023863,0.8229166666666666,0.844000525693258,0.9346447152733234,12,0,3,10.319752851207967,1,0,2,0,0,0,0,0
fold3_0001286,sa_0006216,1286,Testis,16,0,"[10,25)",AVAILABLE,1,1,1,16,0.6033972334639932,0.75,0.8045296446186576,0.6585215288852307,0.6866414835164835,0.8936170212765957,12,4,4,9.654356539953536,2,0,1,1,3,0,1,0
fold3_0001287,sa_0006217,1287,Testis,27,0,"[25,50)",AVAILABLE,1,1,1,19,0.6375545641781452,0.7391304347826086,0.8625738221233729,0.6413804789877994,0.663530135301353,0.8410662131686939,17,2,10,14.663755838671161,1,2,7,0,0,1,1,0
fold3_0001288,sa_0006218,1288,Testis,20,0,"[10,25)",AVAILABLE,1,1,1,14,0.5047169146086063,0.6470588235294118,0.7800170498496642,0.5541348158443363,0.5535923753665689,0.7528667830682837,11,3,9,8.580188328363356,1,0,8,0,0,0,3,0
fold3_0001289,sa_0006219,1289,Testis,14,0,"[10,25)",AVAILABLE,1,1,1,12,0.7848040844003541,0.9230769230769231,0.8502044247670503,0.760334903192046,0.7740562546262029,0.9093564201522896,12,0,2,10.202453947409028,1,0,1,0,0,0,0,0
fold3_0001290,sa_0006220,1290,Testis,30,0,"[25,50)",AVAILABLE,1,1,1,19,0.614449894669744,0.7346938775510204,0.8363345788560403,0.6394169835234474,0.6782021232593409,0.838892540256326,18,1,12,15.054023255743306,1,0,10,1,0,0,0,1
fold3_0001291,sa_0006221,1291,Testis,12,0,"[10,25)",AVAILABLE,1,1,1,11,0.6516947876174373,0.782608695652174,0.8327211175111698,0.6752098983650022,0.686623012160898,0.8474764281752635,9,2,3,7.494490890321646,1,0,2,0,0,0,2,0
fold3_0001292,sa_0006222,1292,Testis,9,0,"[1,10)",AVAILABLE,1,1,1,7,0.6056228676934043,0.75,0.8074971569245392,0.6911806142575373,0.6911806142575373,0.8187270909696768,6,1,3,4.844983749044392,0,0,3,0,1,0,0,0
fold3_0001293,sa_0006223,1293,Testis,22,0,"[10,25)",AVAILABLE,1,1,1,15,0.6439417293149283,0.7567567567567568,0.8509229994518696,0.5780123583934088,0.6144560577064625,0.8188200966535971,14,1,8,11.912922843249172,4,0,4,0,0,0,0,1
fold3_0001294,sa_0006224,1294,Testis,25,0,"[25,50)",AVAILABLE,1,1,1,22,0.775223535455913,0.8936170212765957,0.867512051581617,0.791695163654128,0.7890141131079298,0.9197502837684449,21,1,4,18.21775395072601,2,0,2,0,0,0,0,1
fold3_0001295,sa_0006225,1295,Testis,14,0,"[10,25)",AVAILABLE,1,1,1,12,0.7417827079502269,0.8461538461538461,0.8766522912139045,0.7408610885458976,0.7408610885458976,0.8511432571161922,11,1,3,9.64317608000524,0,0,3,0,0,0,1,0
fold3_0001296,sa_0006226,1296,Testis,19,0,"[10,25)",AVAILABLE,1,1,1,19,0.6734603603377302,0.7894736842105263,0.8530497897611249,0.6743088334457181,0.6628510105526739,0.8604926320318382,15,4,4,12.795747699466663,2,0,2,0,0,0,3,1
fold3_0001297,sa_0006227,1297,Testis,24,0,"[10,25)",AVAILABLE,1,1,1,18,0.5973636925942835,0.7142857142857143,0.8363091696319969,0.4474383974472611,0.5270081722144708,0.8785624156985598,15,3,9,12.544638380789122,8,0,1,0,0,0,1,2
fold3_0001298,sa_0006228,1298,Testis,25,0,"[25,50)",AVAILABLE,1,1,1,17,0.5770591300324821,0.6666666666666666,0.8655886950487232,0.6647099184264694,0.7016245640894786,0.8716385084474657,14,3,11,12.118242596270818,3,0,8,0,0,0,2,1
fold3_0001299,sa_0006229,1299,Testis,60,0,"[50,+inf)",AVAILABLE,1,1,1,42,0.5327754462111525,0.6666666666666666,0.7991631693167288,0.5081183750995649,0.5452537760776117,0.8487354209733813,34,8,26,27.171548555931945,11,5,8,2,0,2,0,6
fold3_0001300,sa_0006230,1300,Testis,6,0,"[1,10)",AVAILABLE,1,1,1,5,0.765082238011705,0.9090909090909091,0.8415904618128756,0.7143808255659121,0.8471892319873318,0.9198456922417488,5,0,1,4.2079531506548395,1,0,0,0,0,0,0,0
fold3_0001301,sa_0006231,1301,Testis,23,0,"[10,25)",AVAILABLE,1,1,1,16,0.6175111273216468,0.717948717948718,0.8601047844837224,0.6454535985834808,0.698757007067999,0.8896700143472023,14,2,9,12.041467842876898,4,2,3,0,0,1,0,1
fold3_0001302,sa_0006232,1302,Testis,36,0,"[25,50)",AVAILABLE,1,1,1,27,0.6384865857894305,0.7619047619047619,0.8380136438486276,0.6685266927625552,0.6698932513117424,0.8713364754320386,24,3,12,20.11232829038071,5,0,7,0,0,0,1,2
fold3_0001303,sa_0006233,1303,Testis,9,0,"[1,10)",AVAILABLE,1,1,1,5,0.32187778853250654,0.42857142857142855,0.7510481732425153,0.4302818658019456,0.39193654990085924,0.8190883190883191,3,2,6,2.253145270775719,4,0,2,0,0,0,0,2
fold3_0001304,sa_0006234,1304,Testis,36,0,"[25,50)",AVAILABLE,1,1,1,20,0.5163627360167835,0.6071428571428571,0.8504798004982317,0.4130144365438483,0.509305001015091,0.8595256243554679,17,3,19,14.45815745894974,10,1,8,0,0,0,0,3
fold3_0001305,sa_0006235,1305,Testis,25,0,"[25,50)",AVAILABLE,1,1,1,17,0.6776011795140241,0.8095238095238095,0.8370367511643827,0.657506908197728,0.657506908197728,0.7933685282948967,17,0,8,14.229625606831258,0,0,8,0,0,0,0,0
fold3_0001306,sa_0006236,1306,Testis,24,0,"[10,25)",AVAILABLE,1,1,1,18,0.5016969899250477,0.6190476190476191,0.8104335991096925,0.5716212570811977,0.5746792913866829,0.8327029386092523,13,5,11,10.535637598859601,3,0,5,3,2,0,0,3
fold3_0001307,NOT_FOUND,1307,Testis,0,1,"[0,1)",NOT_EVALUATED,0,0,0,NOT_EVALUATED,NOT_EVALUATED,NOT_EVALUATED,NOT_EVALUATED,NOT_EVALUATED,NOT_EVALUATED,NOT_EVALUATED,NOT_EVALUATED,NOT_EVALUATED,NOT_EVALUATED,NOT_EVALUATED,NOT_EVALUATED,NOT_EVALUATED,NOT_EVALUATED,NOT_EVALUATED,NOT_EVALUATED,NOT_EVALUATED,NOT_EVALUATED,NOT_EVALUATED
fold3_0001308,sa_0006237,1308,Testis,33,0,"[25,50)",AVAILABLE,1,1,1,20,0.4311778242792038,0.5660377358490566,0.7617474895599268,0.3436207544805113,0.4426183054689714,0.8702416028285209,15,5,18,11.42621310514639,12,3,3,0,1,1,0,3
fold3_0001309,sa_0006238,1309,Testis,35,0,"[25,50)",AVAILABLE,1,1,1,19,0.4574150373370599,0.5555555555555556,0.8233470672067078,0.5155262923747664,0.5252856596140179,0.8307107781640919,15,4,20,12.350206831447684,10,0,10,0,0,0,0,4
fold3_0001310,sa_0006239,1310,Testis,33,0,"[25,50)",AVAILABLE,1,1,1,25,0.7174802583529163,0.8620689655172413,0.8322770996893829,0.6743338809914994,0.7162173303652404,0.9069946195234435,25,0,8,20.806928324511674,3,0,5,0,0,0,0,0
fold3_0001311,sa_0006240,1311,Testis,33,0,"[25,50)",AVAILABLE,1,1,1,30,0.7302200565671485,0.8571428571428571,0.8519233993283399,0.7811690966071672,0.7863462208289794,0.8993487501462387,27,3,6,23.001932633788577,1,0,4,1,0,0,2,1
fold3_0001312,sa_0006241,1312,Testis,15,0,"[10,25)",AVAILABLE,1,1,1,11,0.6384996577664712,0.7692307692307693,0.8300495550964125,0.5297904845045831,0.5736434108527132,0.9199507389162561,10,1,5,8.30049638101368,3,1,1,0,0,0,0,1
fold3_0001313,sa_0006242,1313,Testis,7,0,"[1,10)",AVAILABLE,1,1,1,9,0.7816807297186965,0.875,0.893349405392796,0.8035908596300326,0.8035908596300326,0.8911010558069382,7,2,0,6.253446731098977,0,0,0,0,0,0,2,0
fold3_0001314,sa_0006243,1314,Testis,37,0,"[25,50)",AVAILABLE,1,1,1,27,0.7143235886635764,0.84375,0.8466057347123868,0.7094559510759822,0.7197196597579969,0.8586157650910864,27,0,10,22.858355683840177,0,1,9,0,0,0,0,0
fold3_0001315,sa_0006244,1315,Bile Duct,20,0,"[10,25)",AVAILABLE,1,1,1,15,0.6090126576712745,0.7428571428571429,0.8198247314805619,0.6548171045852653,0.652578592458923,0.8798850574712643,13,2,7,10.657722329072035,0,3,4,0,0,1,1,0
fold3_0001316,sa_0006245,1316,Bile Duct,15,0,"[10,25)",AVAILABLE,1,1,1,12,0.5845907292604827,0.7407407407407407,0.7891974845016517,0.6714214214214215,0.6820975545965738,0.8380626603436212,10,2,5,7.891975634214001,1,0,4,0,0,0,2,0
fold3_0001317,sa_0006246,1317,Bile Duct,29,0,"[25,50)",AVAILABLE,1,1,1,25,0.66796532345378,0.8518518518518519,0.7841332057935678,0.6438237834725021,0.6717667058977377,0.8769555694618273,23,2,6,18.035064517385266,2,3,1,0,0,1,1,0
fold3_0001318,sa_0006247,1318,Bile Duct,16,0,"[10,25)",AVAILABLE,1,1,1,10,0.5679587308977201,0.6923076923076923,0.8203848335189291,0.4806671721000758,0.4806671721000758,0.6492575524833589,9,1,7,7.383464322055195,0,0,7,0,0,0,1,0
fold3_0001319,sa_0006248,1319,Bile Duct,21,0,"[10,25)",AVAILABLE,1,1,1,18,0.5573326085756792,0.717948717948718,0.7762847048018389,0.5696108479613634,0.6221691252856846,0.7855267371117515,14,4,7,10.867986643510449,2,0,4,1,0,0,2,2
fold3_0001320,sa_0006249,1320,Bile Duct,12,0,"[10,25)",AVAILABLE,1,1,1,11,0.47710973443322685,0.6086956521739131,0.7838231351403012,0.49759615384615385,0.49759615384615385,0.7023089270280282,7,4,5,5.4867627298052435,0,0,4,1,2,0,2,0
fold3_0001321,sa_0006250,1321,Bile Duct,6,0,"[1,10)",AVAILABLE,1,1,1,6,0.6172556836734171,0.8333333333333334,0.7407068204081004,0.6771472392638037,0.6771472392638037,0.807498856881573,5,1,1,3.703534842747323,0,0,0,1,0,0,0,1
fold3_0001322,sa_0006251,1322,Bile Duct,23,0,"[10,25)",AVAILABLE,1,1,1,18,0.6266142282976088,0.7317073170731707,0.8563727786733988,0.6567799223037554,0.6576268916566225,0.8605130276711775,15,3,8,12.84559253647376,2,0,5,1,0,0,1,2
fold3_0001323,sa_0006252,1323,Bile Duct,23,0,"[10,25)",AVAILABLE,1,1,1,14,0.3674023318893722,0.5405405405405406,0.6796943139953385,0.41812307240417096,0.5081416649704865,0.7916863486065187,10,4,13,6.796943819647699,6,2,5,0,0,1,2,1
fold3_0001324,sa_0006253,1324,Bile Duct,47,0,"[25,50)",AVAILABLE,1,1,1,39,0.6994322850266369,0.8372093023255814,0.8354330071151496,0.6817868020304568,0.6960314974721489,0.8858288487918118,36,3,11,30.07558909157839,4,2,5,0,0,1,1,1
fold3_0001325,sa_0006254,1325,Bile Duct,50,0,"[50,+inf)",AVAILABLE,1,1,1,37,0.6364569900806382,0.7586206896551724,0.8389660323790231,0.6251326012787064,0.6780413932357395,0.8755590317469868,33,4,17,27.685879907473794,9,0,8,0,0,0,2,2
fold3_0001326,sa_0006255,1326,Bile Duct,40,0,"[25,50)",AVAILABLE,1,1,1,34,0.6986844445330823,0.8108108108108109,0.8617108149241348,0.6462714347946616,0.6928536136190091,0.8660581617490979,30,4,10,25.85132530943486,5,0,5,0,0,0,3,1
fold3_0001327,sa_0006256,1327,Bile Duct,51,0,"[50,+inf)",AVAILABLE,1,1,1,46,0.7291441768927497,0.845360824742268,0.8625242092511796,0.7173223941823607,0.7404936351356882,0.9066835990781242,41,5,10,35.36349344182257,8,0,1,1,0,0,0,5
fold3_0001328,sa_0006257,1328,Bile Duct,46,0,"[25,50)",AVAILABLE,1,1,1,39,0.7344033668849803,0.8705882352941177,0.8435714349354504,0.7540990083362965,0.7875155733127122,0.9183810805614305,37,2,9,31.212143936183097,5,0,3,1,0,0,0,2
fold3_0001329,sa_0006258,1329,Bile Duct,14,0,"[10,25)",AVAILABLE,1,1,1,10,0.43360591652598107,0.5833333333333334,0.7433244283302533,0.5090327436958977,0.5317036720751495,0.7540595163426023,7,3,7,5.203271741636201,2,0,3,2,0,0,1,2
fold3_0001330,sa_0006259,1330,Bile Duct,23,0,"[10,25)",AVAILABLE,1,1,1,19,0.5951565519909046,0.7619047619047619,0.7811429744880622,0.6397938144329897,0.667951881554596,0.873416551086454,16,3,7,12.498288372951972,2,0,4,1,2,0,1,0
fold3_0001331,sa_0006260,1331,Bile Duct,19,0,"[10,25)",AVAILABLE,1,1,1,14,0.5674335996888543,0.7272727272727273,0.7802211995721747,0.5588727678571429,0.5741483997118452,0.8063546025104602,12,2,7,9.362655175087296,1,2,4,0,0,2,0,0
fold3_0001332,sa_0006261,1332,Bile Duct,27,0,"[25,50)",AVAILABLE,1,1,1,26,0.6521378568160682,0.7547169811320755,0.8640826602812902,0.6281178002604427,0.6166400176434912,0.8554278503461683,20,6,7,17.281654069708466,4,0,3,0,0,0,4,2
fold3_0001333,sa_0006262,1333,Bile Duct,35,0,"[25,50)",AVAILABLE,1,1,1,26,0.5566807910359891,0.6557377049180327,0.8489382063298835,0.3469839513004981,0.5365813915593939,0.8558218451749735,20,6,15,16.978764975535878,7,3,4,1,0,3,1,2
fold3_0001334,sa_0006263,1334,Bile Duct,25,0,"[25,50)",AVAILABLE,1,1,1,22,0.6229561113879739,0.723404255319149,0.8611452128010226,0.5866271983283998,0.6401658075144816,0.8738619058419467,17,5,8,14.639469478762598,5,0,3,0,0,0,3,2
fold3_0001335,sa_0006264,1335,Bile Duct,41,0,"[25,50)",AVAILABLE,1,1,1,27,0.4584965038244224,0.5882352941176471,0.779444056501518,0.4779480370343788,0.5330713651920396,0.8858314591877232,20,7,21,15.588881909474418,7,10,4,0,0,4,1,2
fold3_0001336,sa_0006265,1336,Bile Duct,43,0,"[25,50)",AVAILABLE,1,1,1,30,0.5477875352417472,0.6575342465753424,0.8330935431801572,0.4628532777594969,0.5578859060402684,0.8884951447878124,24,6,19,19.994245869417316,11,4,4,0,0,3,0,3
fold3_0001337,sa_0006266,1337,Bile Duct,44,0,"[25,50)",AVAILABLE,1,1,1,35,0.6969300419990707,0.8354430379746836,0.8342041411807058,0.671161760050649,0.671161760050649,0.8032277617820882,33,2,11,27.528737493167434,0,0,11,0,0,0,2,0
fold3_0001338,sa_0006267,1338,Bile Duct,35,0,"[25,50)",AVAILABLE,1,1,1,30,0.6464710635082509,0.8,0.8080888293853136,0.5598564186063724,0.6448678256727792,0.8798285747379394,26,4,9,21.010310372106982,4,2,2,1,0,1,2,1
fold3_0001339,sa_0006268,1339,Bile Duct,41,0,"[25,50)",AVAILABLE,1,1,1,28,0.32474374676371187,0.4057971014492754,0.8002613759534328,0.3322616919439479,0.3786005146268955,0.8352783415482748,14,14,27,11.203660063609435,20,0,5,2,0,0,6,8
fold3_0001340,sa_0006269,1340,Bile Duct,49,0,"[25,50)",AVAILABLE,1,1,1,45,0.604170768869326,0.723404255319149,0.8351772393193624,0.5491232144930902,0.6069174799131004,0.8131934161677289,34,11,15,28.396026972035557,8,0,5,2,1,0,5,5
fold3_0001341,sa_0006270,1341,Bile Duct,49,0,"[25,50)",AVAILABLE,1,1,1,40,0.6819454853398538,0.7865168539325843,0.867044974217814,0.7141993625673151,0.7176994734710409,0.8756694849597467,35,5,14,30.346574964668463,4,0,8,2,0,0,1,4
fold3_0001342,sa_0006271,1342,Bile Duct,33,0,"[25,50)",AVAILABLE,1,1,1,25,0.6014855437253132,0.7241379310344828,0.8306228937159086,0.650655600194252,0.6517295974667754,0.8592674354431115,21,4,12,17.443081598656974,4,1,7,0,0,1,1,2
fold3_0001343,sa_0006272,1343,Bile Duct,36,0,"[25,50)",AVAILABLE,1,1,1,25,0.47811075229992317,0.5901639344262295,0.8101321080637587,0.380010755166321,0.5059079357593859,0.8657770664068616,18,7,18,14.582378755279764,13,1,2,2,0,0,2,5
fold3_0001344,sa_0006273,1344,Bile Duct,58,0,"[50,+inf)",AVAILABLE,1,1,1,49,0.6994022426976121,0.8037383177570093,0.8701865112633081,0.724290328063913,0.7519031349277708,0.8747391110959045,43,6,15,37.41802085450876,4,0,10,1,0,0,4,2
fold3_0001345,sa_0006274,1345,Bile Duct,26,0,"[25,50)",AVAILABLE,1,1,1,21,0.5362648514978677,0.6382978723404256,0.8401482673466595,0.4869444161488574,0.5858861345151707,0.8808156496637287,15,6,11,12.60222485034816,9,0,2,0,0,0,3,3
fold3_0001346,sa_0006275,1346,Bile Duct,27,0,"[25,50)",AVAILABLE,1,1,1,24,0.5806608816882921,0.7058823529411765,0.8226029157250805,0.448227100788348,0.4946138211382114,0.862106479907527,18,6,9,14.806853305654366,8,0,1,0,0,0,4,2
fold3_0001347,sa_0006276,1347,Bile Duct,30,0,"[25,50)",AVAILABLE,1,1,1,22,0.650249271549174,0.7692307692307693,0.8453240530139262,0.5472012786213126,0.6279208283698341,0.8864934845627762,20,2,10,16.90648190560258,4,0,6,0,0,0,1,1
fold3_0001348,sa_0006277,1348,Bile Duct,37,0,"[25,50)",AVAILABLE,1,1,1,35,0.671932377447569,0.8055555555555556,0.8341229513142235,0.6763488657265482,0.6928730576694927,0.9051346916450157,29,6,8,24.189566422235433,6,0,2,0,1,0,3,2
fold3_0001349,sa_0006278,1349,Bile Duct,20,0,"[10,25)",AVAILABLE,1,1,1,21,0.48432922090580527,0.5853658536585366,0.8273957523807507,0.45670109393143066,0.4511784511784512,0.6802238296710795,12,9,8,9.92874985596476,2,1,3,2,0,1,5,3
fold3_0001350,sa_0006279,1350,Colon,77,0,"[50,+inf)",AVAILABLE,1,1,1,45,0.4141341945184961,0.5409836065573771,0.7655207838069169,0.3405813639853103,0.43259483171747704,0.8534815501003551,33,12,44,25.26218663114904,26,8,9,1,0,3,1,8
fold3_0001351,sa_0006280,1351,Colon,60,0,"[50,+inf)",AVAILABLE,1,1,1,28,0.32611267187436116,0.4318181818181818,0.7552082927616784,0.20119852992813503,0.32575530960215376,0.8697352587244284,19,9,41,14.348958317680184,19,15,6,1,0,5,0,4
fold3_0001352,sa_0006281,1352,Colon,94,0,"[50,+inf)",AVAILABLE,1,1,1,67,0.4420832635508808,0.5962732919254659,0.7414104732467897,0.4888941398865784,0.5007948460508701,0.8241951219512195,48,19,46,35.587703457256374,24,10,10,2,1,7,0,11
fold3_0001353,sa_0006282,1353,Colon,66,0,"[50,+inf)",AVAILABLE,1,1,1,44,0.36442220661384117,0.4909090909090909,0.7423415319911579,0.3369593202883625,0.40818655066676174,0.8080721122195776,27,17,39,20.043222106102796,26,8,5,0,0,3,5,9
fold3_0001354,sa_0006283,1354,Colon,13,0,"[10,25)",AVAILABLE,1,1,1,7,0.1541790895771219,0.2,0.7708954478856094,0.2808104271518906,0.30443243243243245,0.7316426321896238,2,5,11,1.5417916666666667,4,4,3,0,0,1,2,2
fold3_0001355,sa_0006284,1355,Colon,106,0,"[50,+inf)",AVAILABLE,1,1,1,38,0.16553301135527548,0.2361111111111111,0.7010809892694021,0.2231677042355727,0.3334558467936938,0.8734858485776044,17,21,89,11.918377518660826,36,47,6,0,0,15,0,6
fold3_0001356,sa_0006285,1356,Colon,48,0,"[25,50)",AVAILABLE,1,1,1,18,0.23396389215798682,0.30303030303030304,0.7720808441213565,0.22174931315587984,0.32907432933941255,0.8027444253859348,10,8,38,7.720809213294408,19,14,5,0,0,3,0,5
fold3_0001357,sa_0006286,1357,Colon,114,0,"[50,+inf)",AVAILABLE,1,1,1,34,0.15978918296188116,0.22972972972972974,0.695552914069365,0.22252765377256833,0.324126455906822,0.7266003662083079,17,17,97,11.82440023473212,62,0,34,1,0,0,0,17
fold3_0001358,sa_0006287,1358,Colon,87,0,"[50,+inf)",AVAILABLE,1,1,1,31,0.2636943440381972,0.3389830508474576,0.7778983149126817,0.3092129507765201,0.41905463927024783,0.776897604051685,20,11,67,15.557967076151948,14,20,32,1,1,4,1,5
fold3_0001359,sa_0006288,1359,Colon,5,0,"[1,10)",AVAILABLE,1,1,1,5,0.6447528526469926,0.8,0.8059410658087407,0.6265356265356266,0.6930775646371977,0.8793103448275862,4,1,1,3.2237650691760287,1,0,0,0,0,0,1,0
fold3_0001360,sa_0006289,1360,Colon,75,0,"[50,+inf)",AVAILABLE,1,1,1,46,0.4433750421783424,0.6115702479338843,0.7249781095078301,0.5123801530167543,0.5596676433990286,0.8225241918879967,37,9,38,26.824190776767825,18,7,12,1,0,2,0,7
fold3_0001361,sa_0006290,1361,Colon,3,0,"[1,10)",AVAILABLE,1,1,1,2,0.6988910031043876,0.8,0.8736137538804845,0.8521303258145363,0.8521303258145363,0.9201623815967523,2,0,1,1.747228381374723,0,0,1,0,0,0,0,0
fold3_0001362,sa_0006291,1362,Colon,41,0,"[25,50)",AVAILABLE,1,1,1,32,0.5082739694321853,0.7123287671232876,0.713538457087491,0.5200269793504203,0.5676602644050885,0.8016229762520387,26,6,15,18.552000597813223,7,1,4,3,0,0,1,5
fold3_0001363,sa_0006292,1363,Colon,36,0,"[25,50)",AVAILABLE,1,1,1,28,0.39134929497351945,0.5625,0.6957320799529234,0.48288216560509556,0.5715629522431259,0.7821722915419679,18,10,18,12.523178134884702,12,0,3,3,0,0,2,8
fold3_0001364,sa_0006293,1364,Colon,4,0,"[1,10)",AVAILABLE,1,1,1,2,0.28695623478289567,0.3333333333333333,0.860868704348687,0.16150081566068517,0.16150081566068517,0.27808988764044945,1,1,3,0.8608695652173913,0,0,3,0,0,0,1,0
fold3_0001365,sa_0006294,1365,Colon,147,0,"[50,+inf)",AVAILABLE,1,1,1,62,0.32506136004342295,0.42105263157894735,0.7720207301031295,0.3537370700293939,0.4166059964259713,0.7382437451818628,44,18,103,33.96891289655843,53,5,43,2,0,1,0,17
fold3_0001366,sa_0006295,1366,Colon,42,0,"[25,50)",AVAILABLE,1,1,1,34,0.44071053325595777,0.5526315789473685,0.7974762030345902,0.4112424082387114,0.4834805816307749,0.7734110859517975,21,13,21,16.7470010612026,9,3,5,4,0,2,5,6
fold3_0001367,sa_0006296,1367,Colon,45,0,"[25,50)",AVAILABLE,1,1,1,38,0.5584945204418456,0.6987951807228916,0.7992249171840203,0.48605081716036774,0.5531149646756583,0.841011220467014,29,9,16,23.177523397561508,12,0,1,3,0,0,2,7
fold3_0001368,sa_0006297,1368,Colon,83,0,"[50,+inf)",AVAILABLE,1,1,1,27,0.18306340613262187,0.2545454545454545,0.719177666949586,0.19882924893342593,0.2836236090953072,0.8529162348063696,14,13,69,10.06848805647187,18,43,8,0,0,8,0,5
fold3_0001369,sa_0006298,1369,Colon,76,0,"[50,+inf)",AVAILABLE,1,1,1,38,0.3770080917927109,0.5087719298245614,0.7410159045580869,0.19660944663610194,0.38397335423197493,0.8482686372773861,29,9,47,21.489461973200424,24,17,6,0,1,3,0,5
fold3_0001370,sa_0006299,1370,Colon,98,0,"[50,+inf)",AVAILABLE,1,1,1,32,0.2702598783822618,0.35384615384615387,0.7637779171672615,0.0992239325871475,0.2432537724333169,0.8211995237000982,23,9,75,17.566892858624932,6,54,15,0,0,6,1,2
fold3_0001371,sa_0006300,1371,Colon,56,0,"[50,+inf)",AVAILABLE,1,1,1,26,0.3888192537112214,0.5121951219512195,0.7591233048647655,0.36281847735692146,0.5123997532387415,0.8028226464349812,21,5,35,15.941590161283381,7,12,16,0,0,4,0,1
fold3_0001372,sa_0006301,1372,Colon,28,0,"[25,50)",AVAILABLE,1,1,1,17,0.4978198868450753,0.6666666666666666,0.746729830267613,0.48975850800988285,0.5070410292072323,0.708888504354848,15,2,13,11.200948200744024,5,0,8,0,0,0,1,1
fold3_0001373,sa_0006302,1373,Colon,22,0,"[10,25)",AVAILABLE,1,1,1,15,0.4846765306782545,0.6486486486486487,0.747209651462309,0.5364226135310473,0.5444926462808168,0.7974241282455299,12,3,10,8.96651656475736,4,0,6,0,0,0,2,1
fold3_0001374,sa_0006303,1374,Colon,20,0,"[10,25)",AVAILABLE,1,1,1,12,0.4254790196277235,0.5625,0.7564071460048418,0.4585918945836206,0.5044513166526099,0.7457331506166688,9,3,11,6.807665070450722,6,0,5,0,0,0,1,2
fold3_0001375,sa_0006304,1375,Colon,23,0,"[10,25)",AVAILABLE,1,1,1,8,0.30731688993979583,0.3870967741935484,0.7939019656778059,0.2468498424921246,0.3907071574203241,0.870679012345679,6,2,17,4.763412587968801,11,0,6,0,0,0,0,2
fold3_0001376,sa_0006305,1376,Colon,29,0,"[25,50)",AVAILABLE,1,1,1,21,0.40605139570625576,0.56,0.7250917780468852,0.4276094276094276,0.4312574720139115,0.805604070164781,14,7,15,10.15128561774817,6,4,4,1,2,1,2,2
fold3_0001377,sa_0006306,1377,Colon,28,0,"[25,50)",AVAILABLE,1,1,1,14,0.43159033812945624,0.5714285714285714,0.7552830917265485,0.3597462430952553,0.5000453350258409,0.902139748549323,12,2,16,9.063397856001673,7,5,4,0,0,1,0,1
fold3_0001378,sa_0006307,1378,Colon,39,0,"[25,50)",AVAILABLE,1,1,1,15,0.2943731613776783,0.4074074074074074,0.7225523051997559,0.2837762955361724,0.4184788997296344,0.7662219275710616,11,4,28,7.948076079749619,7,12,8,1,0,1,0,3
fold3_0001379,sa_0006308,1379,Colon,26,0,"[25,50)",AVAILABLE,1,1,1,20,0.5590186808281947,0.6956521739130435,0.8035893536905299,0.505451548333922,0.6390919712902687,0.8959856616224363,16,4,10,12.857430462637833,1,4,4,1,0,2,1,1
fold3_0001380,sa_0006309,1380,Colon,30,0,"[25,50)",AVAILABLE,1,1,1,19,0.42096475577714754,0.4897959183673469,0.8594697097116762,0.5277521727679747,0.6028313695023523,0.8868483412322274,12,7,18,10.313637376009824,5,6,6,1,0,4,1,2
fold3_0001381,sa_0006310,1381,Colon,31,0,"[25,50)",AVAILABLE,1,1,1,18,0.3944320661831077,0.4897959183673469,0.8052988017905116,0.5560953330011627,0.6143731034150571,0.8167442415562717,12,6,19,9.66358642678494,7,0,9,3,2,0,0,4
fold3_0001382,sa_0006311,1382,Colon,70,0,"[50,+inf)",AVAILABLE,1,1,1,37,0.3726839986022919,0.5046728971962616,0.7384664416749118,0.36391508745291556,0.43827727234788416,0.7486072423398329,27,10,43,19.938594663689063,13,12,17,1,2,5,0,3
fold3_0001383,sa_0006312,1383,Colon,72,0,"[50,+inf)",AVAILABLE,1,1,1,40,0.41030344424832593,0.5535714285714286,0.7411933186421371,0.43294245977638396,0.5226426913298206,0.7927304406746848,31,9,41,22.97699361909957,7,16,17,1,0,6,0,3
fold3_0001384,sa_0006313,1384,Colon,50,0,"[50,+inf)",AVAILABLE,1,1,1,27,0.42961510372835343,0.5714285714285714,0.7518264315246186,0.4229212656364974,0.4363913043478261,0.7096891364227986,22,5,28,16.54018224536804,3,7,18,0,0,3,1,1
fold3_0001385,sa_0006314,1385,Colon,29,0,"[25,50)",AVAILABLE,1,1,1,19,0.45604886734174854,0.625,0.7296781877467977,0.35551601423487544,0.5283104333383662,0.7895672791938352,15,4,14,10.945173545880152,12,0,1,1,0,0,0,4
fold3_0001386,sa_0006315,1386,Colon,24,0,"[10,25)",AVAILABLE,1,1,1,20,0.5792165469487638,0.7272727272727273,0.7964227520545502,0.6014281077572217,0.65251482118952,0.8603170929290591,16,4,8,12.742764829295556,5,2,0,1,0,1,0,3
fold3_0001387,sa_0006316,1387,Colon,31,0,"[25,50)",AVAILABLE,1,1,1,20,0.4526260144279958,0.5882352941176471,0.7694642245275929,0.4894925405058553,0.5011927019534523,0.8042087180588362,15,5,16,11.541964137378118,5,2,7,2,0,2,0,3
fold3_0001388,sa_0006317,1388,Colon,17,0,"[10,25)",AVAILABLE,1,1,1,12,0.4490318920192683,0.6206896551724138,0.7234402704754878,0.5675808997632202,0.5798489800518427,0.820801826223427,9,3,8,6.51096315771966,5,0,2,1,0,0,0,3
fold3_0001389,sa_0006318,1389,Colon,13,0,"[10,25)",AVAILABLE,1,1,1,9,0.4125920433958371,0.5454545454545454,0.7564187462257014,0.44422917243288124,0.45642201834862384,0.7221597300337458,6,3,7,4.538513233772955,4,0,2,1,0,0,0,3
fold3_0001390,sa_0006319,1390,Colon,26,0,"[25,50)",AVAILABLE,1,1,1,13,0.48332948205724124,0.6153846153846154,0.785410408343017,0.5408184461985874,0.535560470259574,0.789417828987265,12,1,14,9.424925685526611,4,0,10,0,0,0,0,1
fold3_0001391,sa_0006320,1391,Colon,9,0,"[1,10)",AVAILABLE,1,1,1,4,0.2590907795455193,0.3076923076923077,0.8420450335229377,0.3757159221076747,0.3908541846419327,0.8138957816377171,2,2,7,1.684090909090909,5,0,2,0,0,0,0,2
fold3_0001392,sa_0006321,1392,Colon,5,0,"[1,10)",AVAILABLE,1,1,1,2,0.15146284337364546,0.2857142857142857,0.5301199518077592,0.3761653830563437,0.3428741800834824,0.8241563055062167,1,1,4,0.5301204819277109,3,0,1,0,0,0,0,1
fold3_0001393,sa_0006322,1393,Colon,25,0,"[25,50)",AVAILABLE,1,1,1,15,0.41671895524591707,0.55,0.7576708277198492,0.43288770053475933,0.48329779673063256,0.781983708672736,11,4,14,8.334379862589168,5,4,4,1,0,2,0,2
fold3_0001394,sa_0006323,1394,Colon,19,0,"[10,25)",AVAILABLE,1,1,1,8,0.13345739810959018,0.2222222222222222,0.6005582914931559,0.38561713210823323,0.3711467324290999,0.6847379239465571,3,5,16,1.8016754750377593,10,0,5,1,0,0,0,5
fold3_0001395,sa_0006324,1395,Colon,22,0,"[10,25)",AVAILABLE,1,1,1,15,0.5874403442305777,0.7567567567567568,0.7762604548761205,0.5821934842079085,0.5910806654550538,0.8227748001054389,14,1,8,10.867647144526142,4,0,4,0,0,0,0,1
fold3_0001396,sa_0006325,1396,Colon,46,0,"[25,50)",AVAILABLE,1,1,1,17,0.25231603381026657,0.31746031746031744,0.7947955065023398,0.3317,0.304726938962827,0.5949701020049244,10,7,36,7.9479558598189035,9,5,21,1,0,2,0,5
fold3_0001397,sa_0006326,1397,Colon,28,0,"[25,50)",AVAILABLE,1,1,1,13,0.434197581020389,0.5365853658536586,0.8091864009925431,0.3549323985978968,0.3782186022070415,0.6769612048422458,11,2,17,8.901051220104375,5,4,8,0,0,1,0,1
fold3_0001398,sa_0006327,1398,Adrenal Gland,29,0,"[25,50)",AVAILABLE,1,1,1,25,0.697534469419612,0.7777777777777778,0.8968300321109296,0.771556208310385,0.771556208310385,0.871947217520467,21,4,8,18.833431571159554,0,0,7,1,0,0,3,1
fold3_0001399,sa_0006328,1399,Adrenal Gland,29,0,"[25,50)",AVAILABLE,1,1,1,23,0.7322037672079874,0.8461538461538461,0.8653317248821669,0.709576750536376,0.709576750536376,0.8301197946377639,22,1,7,19.037298812739397,0,0,7,0,0,0,1,0
fold3_0001400,sa_0006329,1400,Adrenal Gland,39,0,"[25,50)",AVAILABLE,1,1,1,32,0.6992762038333336,0.8169014084507042,0.8560105253821841,0.7117150715584355,0.723478862109838,0.8752614837951687,29,3,10,24.824306092093867,2,0,6,2,0,0,1,2
fold3_0001401,sa_0006330,1401,Adrenal Gland,28,0,"[25,50)",AVAILABLE,1,1,1,23,0.6930785661192308,0.7843137254901961,0.8836751718020193,0.6816077595708722,0.6876411259972903,0.8400677905628401,20,3,8,17.67350431971556,1,0,6,1,2,0,1,0
fold3_0001402,sa_0006331,1402,Adrenal Gland,30,0,"[25,50)",AVAILABLE,1,1,1,23,0.7221589618373078,0.8679245283018868,0.8320527168995068,0.6610436609852907,0.6666238602799538,0.8726306056403144,23,0,7,19.137213320741374,2,0,5,0,0,0,0,0
fold3_0001403,sa_0006332,1403,Adrenal Gland,6,0,"[1,10)",AVAILABLE,1,1,1,4,0.6364869111434612,0.8,0.7956086389293265,0.5649717514124294,0.577036310107949,0.8711885500933416,4,0,2,3.182435351325945,1,0,1,0,0,0,0,0
fold3_0001404,sa_0006333,1404,Adrenal Gland,17,0,"[10,25)",AVAILABLE,1,1,1,12,0.6084138494619157,0.6896551724137931,0.8822000817197776,0.6546570589805177,0.6894793758689943,0.8972201901975128,10,2,7,8.822001699397857,3,0,4,0,0,0,1,1
fold3_0001405,sa_0006334,1405,Adrenal Gland,1,0,"[1,10)",AVAILABLE,1,1,1,1,0.6906772754244196,1.0,0.6906772754244196,0.690677966101695,0.690677966101695,0.8170426065162907,1,0,0,0.690677966101695,0,0,0,0,0,0,0,0
fold3_0001406,sa_0006335,1406,Adrenal Gland,17,0,"[10,25)",AVAILABLE,1,1,1,16,0.7001231435353168,0.8484848484848485,0.8251451334523376,0.6730390224674813,0.7102284860132394,0.8527906105631164,14,2,3,11.55203269347786,1,0,2,0,0,0,2,0
fold3_0001407,sa_0006336,1407,Adrenal Gland,3,0,"[1,10)",AVAILABLE,1,1,1,7,0.5459035585824729,0.6,0.9098392643041215,0.3305785123966942,0.3305785123966942,0.4968944099378882,3,4,0,2.729518702751629,0,0,0,0,0,0,4,0
fold3_0001408,sa_0006337,1408,Adrenal Gland,15,0,"[10,25)",AVAILABLE,1,1,1,13,0.8291888658905718,0.9285714285714286,0.8929726248052312,0.8852251838235294,0.8852251838235294,0.939118776281309,13,0,2,11.60864501544063,0,0,2,0,0,0,0,0
fold3_0001409,sa_0006338,1409,Adrenal Gland,14,0,"[10,25)",AVAILABLE,1,1,1,14,0.862696043704107,0.9285714285714286,0.9290572778351921,0.8486378457978332,0.8486378457978332,0.918122332859175,13,1,1,12.077745540914774,0,0,1,0,0,0,1,0
fold3_0001410,sa_0006339,1410,Adrenal Gland,18,0,"[10,25)",AVAILABLE,1,1,1,18,0.7761269872956825,0.8888888888888888,0.8731428607076429,0.7637543329481824,0.7637543329481824,0.869582745414231,16,2,2,13.970286644465148,0,0,2,0,0,0,2,0
fold3_0001411,sa_0006340,1411,Adrenal Gland,16,0,"[10,25)",AVAILABLE,1,1,1,13,0.823844187684297,0.896551724137931,0.9189031324171005,0.8725782984914618,0.8725782984914618,0.9319538725770835,13,0,3,11.945741640325439,0,0,3,0,0,0,0,0
fold3_0001412,sa_0006341,1412,Adrenal Gland,6,0,"[1,10)",AVAILABLE,1,1,1,11,0.6248410185147221,0.7058823529411765,0.8851914428958563,0.6759825327510917,0.6759825327510917,0.8130970991836026,6,5,0,5.3111495425665805,0,0,0,0,1,0,4,0
fold3_0001413,sa_0006342,1413,Adrenal Gland,8,0,"[1,10)",AVAILABLE,1,1,1,7,0.7459773294515314,0.8,0.9324716618144142,0.7458419958419958,0.7458419958419958,0.8544209586186365,6,1,2,5.594830903358147,0,0,2,0,0,0,1,0
fold3_0001414,sa_0006343,1414,Adrenal Gland,9,0,"[1,10)",AVAILABLE,1,1,1,8,0.8332575898368095,0.9411764705882353,0.8853361892016102,0.8641936985876144,0.8641936985876144,0.9271501123969694,8,0,1,7.08269039894907,0,0,1,0,0,0,0,0
fold3_0001415,sa_0006344,1415,Adrenal Gland,24,0,"[10,25)",AVAILABLE,1,1,1,18,0.7410180857268276,0.8571428571428571,0.8645211000146322,0.7398121287470645,0.7651630600426699,0.9248899248899249,18,0,6,15.561380664784481,1,1,4,0,0,0,0,0
fold3_0001416,sa_0006345,1416,Adrenal Gland,19,0,"[10,25)",AVAILABLE,1,1,1,16,0.675193316160357,0.7428571428571429,0.9089140794466345,0.6791824375473127,0.6902970297029702,0.8408622305529522,13,3,6,11.815883941720328,2,0,4,0,0,0,2,1
fold3_0001417,sa_0006346,1417,Adrenal Gland,23,0,"[10,25)",AVAILABLE,1,1,1,15,0.6453126243819263,0.7368421052631579,0.8757814188040428,0.5413106796116505,0.6687953751008335,0.898368580060423,14,1,9,12.260940739038018,6,0,3,0,0,0,0,1
fold3_0001418,sa_0006347,1418,Adrenal Gland,17,0,"[10,25)",AVAILABLE,1,1,1,13,0.6284881751469116,0.7333333333333333,0.8570293297457886,0.6283923247458145,0.6848911880128434,0.870255677306654,11,2,6,9.427323484233003,2,0,4,0,0,0,2,0
fold3_0001419,sa_0006348,1419,Adrenal Gland,16,0,"[10,25)",AVAILABLE,1,1,1,16,0.7979553414078866,0.875,0.9119489616090133,0.832233909787841,0.832233909787841,0.9084363140994454,14,2,2,12.767286374475146,0,0,2,0,0,0,2,0
fold3_0001420,sa_0006349,1420,Adrenal Gland,3,0,"[1,10)",AVAILABLE,1,1,1,2,0.7555831075490166,0.8,0.9444788844362707,0.9137931034482759,0.9137931034482759,0.954954954954955,2,0,1,1.888958713351426,0,0,1,0,0,0,0,0
fold3_0001421,sa_0006350,1421,Adrenal Gland,5,0,"[1,10)",AVAILABLE,1,1,1,4,0.837256962024361,0.8888888888888888,0.9419140822774061,0.9130434782608695,0.9130434782608695,0.9547539616346956,4,0,1,3.767657271023707,0,0,1,0,0,0,0,0
fold3_0001422,sa_0006351,1422,Adrenal Gland,4,0,"[1,10)",AVAILABLE,1,1,1,4,0.920478008137847,1.0,0.920478008137847,0.9339137316976652,0.9339137316976652,0.9658277061591979,4,0,0,3.6819129530293964,0,0,0,0,0,0,0,0
fold3_0001423,sa_0006352,1423,Adrenal Gland,6,0,"[1,10)",AVAILABLE,1,1,1,5,0.7904300366195106,0.9090909090909091,0.8694730402814617,0.8627546071774975,0.8627546071774975,0.9263212705024733,5,0,1,4.347366070880349,0,0,1,0,0,0,0,0
fold3_0001424,sa_0006353,1424,Adrenal Gland,7,0,"[1,10)",AVAILABLE,1,1,1,6,0.8063123624512418,0.9230769230769231,0.8735050593221786,0.7219290263876251,0.8040965321435815,0.8918615107913669,6,0,1,5.241031229438131,1,0,0,0,0,0,0,0
fold3_0001425,sa_0006354,1425,Adrenal Gland,6,0,"[1,10)",AVAILABLE,1,1,1,6,0.8923979262031291,1.0,0.8923979262031291,0.9080897076491791,0.9080897076491791,0.9518312519676776,6,0,0,5.3543884496167005,0,0,0,0,0,0,0,0
fold3_0001426,sa_0006355,1426,Adrenal Gland,4,0,"[1,10)",AVAILABLE,1,1,1,4,0.8909049780191173,1.0,0.8909049780191173,0.908499767765908,0.908499767765908,0.9520564614261378,4,0,0,3.5636208029814473,0,0,0,0,0,0,0,0
fold3_0001427,sa_0006356,1427,Adrenal Gland,2,0,"[1,10)",AVAILABLE,1,1,1,2,0.7805642935083434,1.0,0.7805642935083434,0.7945619335347432,0.7945619335347432,0.8855218855218855,2,0,0,1.5611293675809805,0,0,0,0,0,0,0,0
fold3_0001428,sa_0006357,1428,Adrenal Gland,3,0,"[1,10)",AVAILABLE,1,1,1,3,0.9128930530587845,1.0,0.9128930530587845,0.9394409937888198,0.9394409937888198,0.9687750200160128,3,0,0,2.738680072069407,0,0,0,0,0,0,0,0
fold3_0001429,sa_0006358,1429,Adrenal Gland,7,0,"[1,10)",AVAILABLE,1,1,1,3,0.274016595784526,0.4,0.6850414894613149,0.44936708860759494,0.41134751773049644,0.7135678391959799,2,1,5,1.3700836639641194,2,0,3,0,0,0,0,1
fold3_0001430,sa_0006359,1430,Adrenal Gland,2,0,"[1,10)",AVAILABLE,1,1,1,1,0.5908402500005908,0.6666666666666666,0.8862603750008863,0.4738109572546659,0.4738109572546659,0.6429738562091504,1,0,1,0.8862612612612613,0,0,1,0,0,0,0,0
fold3_0001431,sa_0006360,1431,Adrenal Gland,10,0,"[10,25)",AVAILABLE,1,1,1,8,0.3759855663307566,0.4444444444444444,0.8459675242442023,0.454122158312791,0.4430527235653947,0.687525232135648,4,4,6,3.3838709429443337,2,0,3,1,2,0,1,1
fold3_0001432,sa_0006361,1432,Adrenal Gland,4,0,"[1,10)",AVAILABLE,1,1,1,2,0.23150793371781075,0.3333333333333333,0.6945238011534323,0.4634146341463415,0.4634146341463415,0.6333333333333333,1,1,3,0.6945244956772334,0,0,2,1,0,0,0,1
fold3_0001433,sa_0006362,1433,Adrenal Gland,11,0,"[10,25)",AVAILABLE,1,1,1,8,0.46746268493726484,0.5263157894736842,0.8881791013808032,0.4934895833333333,0.5543891877706337,0.928583488097248,5,3,6,4.440896395083118,3,0,2,1,2,0,0,1
fold3_0001434,sa_0006363,1434,Adrenal Gland,8,0,"[1,10)",AVAILABLE,1,1,1,6,0.7933253828653768,0.8571428571428571,0.9255462800096063,0.777285447761194,0.777285447761194,0.8746883611074662,6,0,2,5.553278605603918,0,0,2,0,0,0,0,0
fold3_0001435,sa_0006364,1435,Adrenal Gland,9,0,"[1,10)",AVAILABLE,1,1,1,10,0.5525190642685088,0.631578947368421,0.8748218517584724,0.7022523912372725,0.7130059721300597,0.9109045128801084,6,4,3,5.248931985372686,2,0,0,1,3,0,0,1
fold3_0001436,sa_0006365,1436,Adrenal Gland,19,0,"[10,25)",AVAILABLE,1,1,1,14,0.723740485437044,0.8484848484848485,0.8529798578365161,0.7561188225038556,0.7614353026458862,0.9281040372031771,14,0,5,11.941718862691083,2,0,3,0,0,0,0,0
fold3_0001437,sa_0006366,1437,Adrenal Gland,4,0,"[1,10)",AVAILABLE,1,1,1,4,0.8725772699202083,1.0,0.8725772699202083,0.8740987243483084,0.8740987243483084,0.9328203610535661,4,0,0,3.4903099522581034,0,0,0,0,0,0,0,0
fold3_0001438,NOT_FOUND,1438,Adrenal Gland,0,1,"[0,1)",NOT_EVALUATED,0,0,0,NOT_EVALUATED,NOT_EVALUATED,NOT_EVALUATED,NOT_EVALUATED,NOT_EVALUATED,NOT_EVALUATED,NOT_EVALUATED,NOT_EVALUATED,NOT_EVALUATED,NOT_EVALUATED,NOT_EVALUATED,NOT_EVALUATED,NOT_EVALUATED,NOT_EVALUATED,NOT_EVALUATED,NOT_EVALUATED,NOT_EVALUATED,NOT_EVALUATED,NOT_EVALUATED
fold3_0001439,sa_0006367,1439,Adrenal Gland,17,0,"[10,25)",AVAILABLE,1,1,1,15,0.8192573727027179,0.875,0.9362941402316776,0.8670462985887596,0.8747657512116317,0.9656693781883359,14,1,3,13.108118899537626,2,0,1,0,0,0,0,1
fold3_0001440,sa_0006368,1440,Adrenal Gland,26,0,"[25,50)",AVAILABLE,1,1,1,20,0.7810536692932629,0.8695652173913043,0.8982117196872524,0.8448372093023255,0.8487783263704266,0.9332009449789435,20,0,6,17.96423529195677,1,0,5,0,0,0,0,0
fold3_0001441,sa_0006369,1441,Adrenal Gland,14,0,"[10,25)",AVAILABLE,1,1,1,13,0.8153024631345474,0.8888888888888888,0.9172152710263658,0.8292563600782779,0.8292563600782779,0.9086654185611126,12,1,2,11.00658416953166,0,0,2,0,1,0,0,0
fold3_0001442,sa_0006370,1442,Adrenal Gland,8,0,"[1,10)",AVAILABLE,1,1,1,8,0.7671430991028644,0.875,0.8767349704032735,0.7448503158472947,0.7448503158472947,0.8537698725011805,7,1,1,6.137145669557885,0,0,1,0,0,0,1,0
fold3_0001443,sa_0006371,1443,Adrenal Gland,18,0,"[10,25)",AVAILABLE,1,1,1,20,0.7171574103483028,0.8421052631578947,0.8516244247886097,0.6906504065040651,0.6906504065040651,0.817023322914162,16,4,2,13.62599164824218,0,0,1,1,0,0,3,1
fold3_0001444,sa_0006372,1444,Adrenal Gland,8,0,"[1,10)",AVAILABLE,1,1,1,6,0.6180795610249696,0.7142857142857143,0.8653113854349574,0.6172949002217295,0.5817174515235457,0.8864830441012578,5,1,3,4.326557792486173,2,0,1,0,0,0,0,1
fold3_0001445,sa_0006373,1445,Adrenal Gland,12,0,"[10,25)",AVAILABLE,1,1,1,14,0.6644336610257058,0.8461538461538461,0.7852397812121977,0.5717778079587125,0.5589950650515927,0.807673860911271,11,3,1,8.637638378573955,1,0,0,0,0,0,3,0
fold3_0001446,sa_0006374,1446,Adrenal Gland,16,0,"[10,25)",AVAILABLE,1,1,1,18,0.7734485529170879,0.9411764705882353,0.8217890874744059,0.6990209113985253,0.6990209113985253,0.8228514513375071,16,2,0,13.148626221379583,0,0,0,0,0,0,2,0
fold3_0001447,sa_0006375,1447,Adrenal Gland,17,0,"[10,25)",AVAILABLE,1,1,1,15,0.7156549015597284,0.8125,0.8808060326888966,0.6912060598887443,0.7008170961659334,0.8632668144863267,13,2,4,11.450479305761688,2,0,2,0,0,0,1,1
fold3_0001448,sa_0006376,1448,Adrenal Gland,23,0,"[10,25)",AVAILABLE,1,1,1,16,0.687585686795238,0.8205128205128205,0.8379950557816964,0.6127275682704811,0.6072525597269625,0.8004459308807135,16,0,7,13.4079217305022,1,0,6,0,0,0,0,0
fold3_0001449,sa_0006377,1449,Adrenal Gland,20,0,"[10,25)",AVAILABLE,1,1,1,12,0.6399252372004216,0.75,0.8532336496005621,0.659198672356567,0.6809815950920245,0.8131386861313868,12,0,8,10.238804648440395,1,0,7,0,0,0,0,0
fold3_0001450,sa_0006378,1450,Adrenal Gland,29,0,"[25,50)",AVAILABLE,1,1,1,18,0.642587673140673,0.7659574468085106,0.8389339066003231,0.6413817166782972,0.7007436399217221,0.8462281953329958,18,0,11,15.100811157739724,3,0,8,0,0,0,0,0
fold3_0001451,sa_0006379,1451,Adrenal Gland,16,0,"[10,25)",AVAILABLE,1,1,1,10,0.6162285538863277,0.6923076923076923,0.89010791116914,0.644377630787733,0.6571794871794872,0.8290267677549126,9,1,7,8.01097209063017,2,0,5,0,0,0,0,1
fold3_0001452,sa_0006380,1452,Adrenal Gland,15,0,"[10,25)",AVAILABLE,1,1,1,14,0.6801308294965078,0.8275862068965517,0.8218247523082803,0.6212765957446809,0.6212765957446809,0.7664041994750657,12,2,3,9.861897849524116,0,0,3,0,0,0,2,0
fold3_0001453,sa_0006381,1453,Adrenal Gland,18,0,"[10,25)",AVAILABLE,1,1,1,13,0.35638614708266936,0.45161290322580644,0.7891407542544822,0.3114916286149163,0.30801574521381286,0.5779358457013885,7,6,11,5.523986068922129,3,0,8,0,1,0,4,1
fold3_0001454,sa_0006382,1454,Adrenal Gland,24,0,"[10,25)",AVAILABLE,1,1,1,16,0.5512473183317592,0.7,0.7874961690453703,0.5823322193117153,0.5823322193117153,0.7613882863340564,14,2,10,11.024947154131354,0,0,10,0,0,1,1,0
fold3_0001455,sa_0006383,1455,Adrenal Gland,12,0,"[10,25)",AVAILABLE,1,1,1,9,0.6027009497919416,0.7619047619047619,0.7910449966019234,0.5915551839464883,0.5869077865789867,0.7995856093426257,8,1,4,6.328360763860383,1,0,3,0,0,0,1,0
fold3_0001456,sa_0006384,1456,Adrenal Gland,13,0,"[10,25)",AVAILABLE,1,1,1,9,0.6955274251184445,0.8181818181818182,0.8500890751447654,0.7487042300618626,0.7487042300618626,0.8562960130031552,9,0,4,7.650802526391963,0,0,4,0,0,0,0,0
fold3_0001457,sa_0006385,1457,Adrenal Gland,4,0,"[1,10)",AVAILABLE,1,1,1,6,0.3554354737610801,0.4,0.8885886844027001,0.333616298811545,0.333616298811545,0.5003182686187142,2,4,2,1.7771782573940849,0,0,2,0,0,0,4,0
fold3_0001458,sa_0006386,1458,Adrenal Gland,20,0,"[10,25)",AVAILABLE,1,1,1,15,0.4044803541680582,0.45714285714285713,0.8848007747426274,0.3737296097019387,0.3422881833552508,0.6124562631210637,8,7,12,7.078407082741793,6,0,6,0,0,0,4,3
fold3_0001459,sa_0006387,1459,Adrenal Gland,11,0,"[10,25)",AVAILABLE,1,1,1,9,0.7495792956136178,0.9,0.8328658840151308,0.7808574277168494,0.7808574277168494,0.8769454708319337,9,0,2,7.495793789002061,0,0,2,0,0,0,0,0
fold3_0001460,sa_0006388,1460,Adrenal Gland,1,0,"[1,10)",AVAILABLE,1,1,1,4,0.3864402915258102,0.4,0.9661007288145255,0.19874476987447698,0.19874476987447698,0.33158813263525305,1,3,0,0.9661016949152542,0,0,0,0,0,0,3,0
fold3_0001461,sa_0006389,1461,Adrenal Gland,1,0,"[1,10)",AVAILABLE,1,1,1,1,0.0,0.0,0.0,0.06288258208124652,0.06288258208124652,0.11832460732984293,0,1,1,0.0,0,0,0,1,0,0,0,1
fold3_0001462,sa_0006390,1462,Adrenal Gland,2,0,"[1,10)",AVAILABLE,1,1,1,2,0.48203544610826654,0.5,0.9640708922165331,0.33367875647668394,0.33367875647668394,0.5003885003885004,1,1,1,0.9640718562874252,0,0,1,0,0,0,1,0
fold3_0001463,sa_0006391,1463,Adrenal Gland,9,0,"[1,10)",AVAILABLE,1,1,1,6,0.4176484719701813,0.5333333333333333,0.78309088494409,0.5362637362637362,0.5156664896441848,0.7694463910301331,4,2,5,3.132364322867245,2,0,3,0,0,0,1,1
fold3_0001464,sa_0006392,1464,Adrenal Gland,13,0,"[10,25)",AVAILABLE,1,1,1,9,0.5723932003920069,0.7272727272727273,0.7870406505390095,0.6382770435633872,0.6382770435633872,0.804302360322677,8,1,5,6.296325991352726,0,0,5,0,1,0,0,0
fold3_0001465,sa_0006393,1465,Adrenal Gland,10,0,"[10,25)",AVAILABLE,1,1,1,11,0.523454653828344,0.6666666666666666,0.7851819807425161,0.5497941131615068,0.5576195390436877,0.8136042402826855,7,4,3,5.496274650379593,1,1,1,0,0,1,3,0
fold3_0001466,sa_0006394,1466,Adrenal Gland,1,0,"[1,10)",AVAILABLE,1,1,1,1,0.6243380000006243,1.0,0.6243380000006243,0.6243386243386243,0.6243386243386243,0.7687296416938111,1,0,0,0.6243386243386243,0,0,0,0,0,0,0,0
fold3_0001467,sa_0006395,1467,Adrenal Gland,18,0,"[10,25)",AVAILABLE,1,1,1,20,0.7115355978709459,0.8421052631578947,0.8449485224717483,0.5873703892571817,0.5873703892571817,0.7400546126251539,16,4,2,13.519177204496497,0,0,2,0,0,0,4,0
fold3_0001468,sa_0006396,1468,Bile Duct,3,0,"[1,10)",AVAILABLE,1,1,1,4,0.7139074447524024,0.8571428571428571,0.8328920188778028,0.7937251229220323,0.7937251229220323,0.8850019579689336,3,1,0,2.4986768895254277,0,0,0,0,0,0,1,0
fold3_0001469,sa_0006397,1469,Bile Duct,2,0,"[1,10)",AVAILABLE,1,1,1,3,0.29019578823558434,0.4,0.7254894705889608,0.15252490553074544,0.15252490553074544,0.2646795827123696,1,2,1,0.7254901960784313,0,0,1,0,0,0,2,0
fold3_0001470,sa_0006398,1470,Bile Duct,5,0,"[1,10)",AVAILABLE,1,1,1,6,0.7365621865143249,0.9090909090909091,0.8102184051657574,0.6591058514135437,0.6591058514135437,0.7945314047949277,5,1,0,4.051092836047192,0,0,0,0,0,0,1,0
fold3_0001471,sa_0006399,1471,Bile Duct,2,0,"[1,10)",AVAILABLE,1,1,1,5,0.47243399260186497,0.5714285714285714,0.8267594870532637,0.6026666666666667,0.6026666666666667,0.7520798668885191,2,3,0,1.6535198008660146,0,0,0,0,0,0,3,0
fold3_0001472,sa_0006400,1472,Bile Duct,2,0,"[1,10)",AVAILABLE,1,1,1,11,0.24097803715580574,0.3076923076923077,0.7831786207563686,0.12406990828863125,0.12406990828863125,0.22075123152709358,2,9,0,1.566358024691358,0,0,0,0,0,0,9,0
fold3_0001473,sa_0006401,1473,Bile Duct,34,0,"[25,50)",AVAILABLE,1,1,1,32,0.748688278995467,0.8484848484848485,0.8823826145303717,0.692205848491826,0.720328038228077,0.9061972148192635,28,4,6,24.706714089233024,4,0,2,0,0,0,3,1
fold3_0001474,sa_0006402,1474,Bile Duct,38,0,"[25,50)",AVAILABLE,1,1,1,27,0.6674992248753886,0.7692307692307693,0.8677489923380051,0.7042146125051989,0.7056873434507146,0.877553664751868,25,2,13,21.69372567619912,5,0,8,0,0,0,0,2
fold3_0001475,sa_0006403,1475,Bile Duct,33,0,"[25,50)",AVAILABLE,1,1,1,25,0.7579493794061662,0.8620689655172413,0.8792212801111529,0.7676423871114136,0.7796274276654777,0.9046770601336303,25,0,8,21.9805328820001,1,0,7,0,0,0,0,0
fold3_0001476,sa_0006404,1476,Bile Duct,6,0,"[1,10)",AVAILABLE,1,1,1,3,0.5335643605878003,0.6666666666666666,0.8003465408817005,0.7432150313152401,0.7432150313152401,0.8526946107784431,3,0,3,2.4010404229916427,0,0,3,0,0,0,0,0
fold3_0001477,sa_0006405,1477,Bile Duct,10,0,"[10,25)",AVAILABLE,1,1,1,10,0.5189846403089601,0.7,0.7414066290128002,0.5604461863129334,0.5604461863129334,0.7183153013910355,7,3,3,5.18984714449623,0,0,3,0,0,0,3,0
fold3_0001478,sa_0006406,1478,Bile Duct,10,0,"[10,25)",AVAILABLE,1,1,1,10,0.5633207115226938,0.7,0.8047438736038484,0.5568207697563198,0.5568207697563198,0.7153306026916325,7,3,3,5.633207919970812,0,0,3,0,0,0,3,0
fold3_0001479,sa_0006407,1479,Bile Duct,22,0,"[10,25)",AVAILABLE,1,1,1,16,0.593349216317388,0.7368421052631579,0.8052596507164552,0.6575389354783502,0.6720611773074872,0.8172729206551798,14,2,8,11.273635915290024,1,0,5,2,0,0,0,2
fold3_0001480,sa_0006408,1480,Bile Duct,4,0,"[1,10)",AVAILABLE,1,1,1,10,0.30327877365775263,0.42857142857142855,0.7076504718680895,0.21460730365182593,0.21460730365182593,0.35337726523887975,3,7,1,2.1229521232547404,0,0,1,0,0,0,7,0
fold3_0001481,sa_0006409,1481,Bile Duct,18,0,"[10,25)",AVAILABLE,1,1,1,16,0.5408711667540207,0.7058823529411765,0.7662341529015293,0.5061058344640434,0.5109636468551645,0.7122398319648654,12,4,6,9.194810601052504,1,0,5,0,0,0,4,0
fold3_0001482,sa_0006410,1482,Bile Duct,16,0,"[10,25)",AVAILABLE,1,1,1,13,0.4287088970921028,0.5517241379310345,0.7770348759794363,0.552958134870895,0.5705927422163405,0.8147589693556255,8,5,8,6.216279784870366,2,0,3,3,3,0,0,2
fold3_0001483,sa_0006411,1483,Bile Duct,8,0,"[1,10)",AVAILABLE,1,1,1,8,0.6557331523966713,0.75,0.8743108698622284,0.7628581925055107,0.7628581925055107,0.8654787954569136,6,2,2,5.24586609348424,0,0,2,0,0,0,2,0
fold3_0001484,sa_0006412,1484,Bile Duct,24,0,"[10,25)",AVAILABLE,1,1,1,9,0.3982339412215351,0.48484848484848486,0.8213575037694161,0.47897096498719044,0.4714656290531777,0.7910092551784927,8,1,16,6.5708608515128315,3,0,13,0,0,0,0,1
fold3_0001485,sa_0006413,1485,Bile Duct,23,0,"[10,25)",AVAILABLE,1,1,1,8,0.4124715599255419,0.5161290322580645,0.7991636473557374,0.392718511578102,0.3966511889686225,0.5911746927261737,8,0,15,6.393309978009546,1,0,14,0,0,0,0,0
fold3_0001486,sa_0006414,1486,Bile Duct,22,0,"[10,25)",AVAILABLE,1,1,1,13,0.5957395358296811,0.6857142857142857,0.8687868230849516,0.6321191095692397,0.6321191095692397,0.780621734124524,12,1,10,10.425442745806242,0,0,10,0,1,0,0,0
fold3_0001487,sa_0006415,1487,Bile Duct,8,0,"[1,10)",AVAILABLE,1,1,1,5,0.3319999564241553,0.46153846153846156,0.7193332389190031,0.287261698440208,0.287261698440208,0.5223830360148098,3,2,5,2.1580004360902483,0,0,4,1,1,0,0,1
fold3_0001488,sa_0006416,1488,Bile Duct,13,0,"[10,25)",AVAILABLE,1,1,1,7,0.5935005612675525,0.7,0.8478579446679321,0.5934566908018235,0.5934566908018235,0.7448670481319422,7,0,6,5.93500646053347,0,0,6,0,0,0,0,0
fold3_0001489,sa_0006417,1489,Bile Duct,11,0,"[10,25)",AVAILABLE,1,1,1,9,0.5747799059701589,0.7,0.8211141513859413,0.6151656840821305,0.6151656840821305,0.7617369414726243,7,2,4,5.747799880815741,0,0,4,0,0,0,2,0
fold3_0001490,sa_0006418,1490,Bile Duct,12,0,"[10,25)",AVAILABLE,1,1,1,10,0.7869797059854212,0.9090909090909091,0.8656776765839633,0.8240051074696744,0.8240051074696744,0.9035118422587796,10,0,2,8.65677763151731,0,0,2,0,0,0,0,0
fold3_0001491,sa_0006419,1491,Bile Duct,21,0,"[10,25)",AVAILABLE,1,1,1,20,0.6878285913668054,0.8292682926829268,0.8294403601776184,0.6206364669589219,0.6133299197815327,0.8096270827823328,17,3,4,14.100486952459873,1,0,3,0,0,0,3,0
fold3_0001492,sa_0006420,1492,Bile Duct,15,0,"[10,25)",AVAILABLE,1,1,1,12,0.7140403973105633,0.8148148148148148,0.8763223057902368,0.81325,0.81325,0.8970081345650076,11,1,4,9.63954624001491,0,0,4,0,0,0,1,0
fold3_0001493,sa_0006421,1493,Bile Duct,20,0,"[10,25)",AVAILABLE,1,1,1,22,0.689880996211226,0.8095238095238095,0.8522059364962203,0.7271406331084588,0.7271406331084588,0.8567994711856258,17,5,3,14.487501772641684,0,0,2,1,2,0,3,0
fold3_0001494,sa_0006422,1494,Bile Duct,17,0,"[10,25)",AVAILABLE,1,1,1,16,0.8456355603966378,0.9696969696969697,0.8720616716590327,0.853065196237431,0.853065196237431,0.9207071591107999,16,0,1,13.952987618606196,0,0,1,0,0,0,0,0
fold3_0001495,sa_0006423,1495,Bile Duct,5,0,"[1,10)",AVAILABLE,1,1,1,2,0.5189602567972785,0.5714285714285714,0.9081804493952375,0.6495956873315364,0.6495956873315364,0.7875816993464052,2,0,3,1.8163618069709244,0,0,3,0,0,0,0,0
fold3_0001496,sa_0006424,1496,Bile Duct,4,0,"[1,10)",AVAILABLE,1,1,1,4,0.4860341817461499,0.75,0.6480455756615332,0.5132119788608338,0.5132119788608338,0.846720993403182,3,1,1,1.9441373750301754,0,0,1,0,1,0,0,0
fold3_0001497,sa_0006425,1497,Bile Duct,9,0,"[1,10)",AVAILABLE,1,1,1,8,0.7652678889471722,0.9411764705882353,0.8130971320063705,0.7939028262940616,0.7939028262940616,0.885112409275978,8,0,1,6.504777869148095,0,0,1,0,0,0,0,0
fold3_0001498,sa_0006426,1498,Bile Duct,4,0,"[1,10)",AVAILABLE,1,1,1,6,0.4896187488747118,0.6,0.8160312481245197,0.5682451253481894,0.5682451253481894,0.8348134991119005,3,3,1,2.448094560404807,0,0,0,1,3,0,0,0
fold3_0001499,sa_0006427,1499,Bile Duct,10,0,"[10,25)",AVAILABLE,1,1,1,10,0.6394235424951741,0.8,0.7992794281189676,0.6892517006802721,0.6892517006802721,0.8466494845360825,8,2,2,6.394236224231168,0,0,1,1,1,0,0,1
fold3_0001500,sa_0006428,1500,Bile Duct,9,0,"[1,10)",AVAILABLE,1,1,1,10,0.706958006197232,0.8421052631578947,0.839512632359213,0.7635630498533724,0.7635630498533724,0.8659322386198296,8,2,1,6.716101898386336,0,0,1,0,0,0,2,0
fold3_0001501,sa_0006429,1501,Bile Duct,38,0,"[25,50)",AVAILABLE,1,1,1,33,0.6988336804709523,0.8450704225352113,0.8269531885572935,0.660262791160661,0.7029915363313701,0.9132217209078625,30,3,8,24.808596483671995,6,0,2,0,0,0,1,2
fold3_0001502,sa_0006430,1502,Bile Duct,41,0,"[25,50)",AVAILABLE,1,1,1,32,0.5932111655826215,0.6575342465753424,0.9021753143235703,0.6666944317187955,0.6992787560884226,0.8953504395998125,24,8,17,21.652208445941003,4,3,9,1,2,4,1,1
fold3_0001503,sa_0006431,1503,Bile Duct,29,0,"[25,50)",AVAILABLE,1,1,1,24,0.7557424690240568,0.8679245283018868,0.8707467577885872,0.6703044496487119,0.7218987908643081,0.9309492847854356,23,1,6,20.027176299884264,2,3,1,0,0,1,0,0
fold3_0001504,sa_0006432,1504,Bile Duct,38,0,"[25,50)",AVAILABLE,1,1,1,33,0.7612407623787214,0.8732394366197183,0.8717434536917616,0.7673332240616293,0.7906279857552332,0.9083456622444277,31,2,7,27.024047936188065,2,0,5,0,0,0,2,0
fold3_0001505,sa_0006433,1505,Bile Duct,36,0,"[25,50)",AVAILABLE,1,1,1,28,0.7317988116425468,0.84375,0.8673171100948702,0.7048857529638594,0.72512077294686,0.8753341310048115,27,1,9,23.417562839878606,2,1,6,0,0,0,0,1
fold3_0001506,NOT_FOUND,1506,Bile Duct,0,1,"[0,1)",NOT_EVALUATED,0,0,0,NOT_EVALUATED,NOT_EVALUATED,NOT_EVALUATED,NOT_EVALUATED,NOT_EVALUATED,NOT_EVALUATED,NOT_EVALUATED,NOT_EVALUATED,NOT_EVALUATED,NOT_EVALUATED,NOT_EVALUATED,NOT_EVALUATED,NOT_EVALUATED,NOT_EVALUATED,NOT_EVALUATED,NOT_EVALUATED,NOT_EVALUATED,NOT_EVALUATED,NOT_EVALUATED
fold3_0001507,NOT_FOUND,1507,Bile Duct,0,1,"[0,1)",NOT_EVALUATED,0,0,0,NOT_EVALUATED,NOT_EVALUATED,NOT_EVALUATED,NOT_EVALUATED,NOT_EVALUATED,NOT_EVALUATED,NOT_EVALUATED,NOT_EVALUATED,NOT_EVALUATED,NOT_EVALUATED,NOT_EVALUATED,NOT_EVALUATED,NOT_EVALUATED,NOT_EVALUATED,NOT_EVALUATED,NOT_EVALUATED,NOT_EVALUATED,NOT_EVALUATED,NOT_EVALUATED
fold3_0001508,NOT_FOUND,1508,Bile Duct,0,1,"[0,1)",NOT_EVALUATED,0,0,0,NOT_EVALUATED,NOT_EVALUATED,NOT_EVALUATED,NOT_EVALUATED,NOT_EVALUATED,NOT_EVALUATED,NOT_EVALUATED,NOT_EVALUATED,NOT_EVALUATED,NOT_EVALUATED,NOT_EVALUATED,NOT_EVALUATED,NOT_EVALUATED,NOT_EVALUATED,NOT_EVALUATED,NOT_EVALUATED,NOT_EVALUATED,NOT_EVALUATED,NOT_EVALUATED
fold3_0001509,NOT_FOUND,1509,Bile Duct,0,1,"[0,1)",NOT_EVALUATED,0,0,0,NOT_EVALUATED,NOT_EVALUATED,NOT_EVALUATED,NOT_EVALUATED,NOT_EVALUATED,NOT_EVALUATED,NOT_EVALUATED,NOT_EVALUATED,NOT_EVALUATED,NOT_EVALUATED,NOT_EVALUATED,NOT_EVALUATED,NOT_EVALUATED,NOT_EVALUATED,NOT_EVALUATED,NOT_EVALUATED,NOT_EVALUATED,NOT_EVALUATED,NOT_EVALUATED
fold3_0001510,NOT_FOUND,1510,Bile Duct,0,1,"[0,1)",NOT_EVALUATED,0,0,0,NOT_EVALUATED,NOT_EVALUATED,NOT_EVALUATED,NOT_EVALUATED,NOT_EVALUATED,NOT_EVALUATED,NOT_EVALUATED,NOT_EVALUATED,NOT_EVALUATED,NOT_EVALUATED,NOT_EVALUATED,NOT_EVALUATED,NOT_EVALUATED,NOT_EVALUATED,NOT_EVALUATED,NOT_EVALUATED,NOT_EVALUATED,NOT_EVALUATED,NOT_EVALUATED
fold3_0001511,NOT_FOUND,1511,Bile Duct,0,1,"[0,1)",NOT_EVALUATED,0,0,0,NOT_EVALUATED,NOT_EVALUATED,NOT_EVALUATED,NOT_EVALUATED,NOT_EVALUATED,NOT_EVALUATED,NOT_EVALUATED,NOT_EVALUATED,NOT_EVALUATED,NOT_EVALUATED,NOT_EVALUATED,NOT_EVALUATED,NOT_EVALUATED,NOT_EVALUATED,NOT_EVALUATED,NOT_EVALUATED,NOT_EVALUATED,NOT_EVALUATED,NOT_EVALUATED
fold3_0001512,sa_0006434,1512,Bile Duct,37,0,"[25,50)",AVAILABLE,1,1,1,37,0.4499734114191476,0.5675675675675675,0.7928102963099267,0.5881385602885788,0.6121810303322099,0.8481409586381962,21,16,16,16.64901701531876,10,2,3,1,2,1,8,5
fold3_0001513,sa_0006435,1513,Bile Duct,36,0,"[25,50)",AVAILABLE,1,1,1,30,0.5315332901688878,0.6666666666666666,0.7972999352533319,0.67679040119985,0.6862303753305948,0.8432890609357272,22,8,14,17.54059937287324,8,0,5,1,0,0,4,4
fold3_0001514,sa_0006436,1514,Bile Duct,40,0,"[25,50)",AVAILABLE,1,1,1,34,0.5551101077496922,0.7297297297297297,0.7607064439532819,0.5574764138512623,0.5838209107097431,0.8636363636363636,27,7,13,20.539074747445056,9,0,3,1,2,0,3,2
fold3_0001515,sa_0006437,1515,Bile Duct,31,0,"[25,50)",AVAILABLE,1,1,1,31,0.5224598024920456,0.6451612903225806,0.8098126938626707,0.5825650557620817,0.6091586794462194,0.8372203838517538,20,11,11,16.19625468706611,1,5,3,2,1,3,5,2
fold3_0001516,sa_0006438,1516,Bile Duct,32,0,"[25,50)",AVAILABLE,1,1,1,21,0.5532164281939544,0.6415094339622641,0.8623667851258703,0.6119497777126386,0.6478793377183034,0.864221319936687,17,4,15,14.66023620950658,4,0,11,0,0,0,2,2
fold3_0001517,sa_0006439,1517,Bile Duct,28,0,"[25,50)",AVAILABLE,1,1,1,29,0.7202159831169117,0.8421052631578947,0.8552564799513327,0.7385084717813415,0.7583329785875441,0.8684662873744099,24,5,4,20.526156374088465,1,0,2,1,1,0,3,1
fold3_0001518,NOT_FOUND,1518,Bile Duct,0,1,"[0,1)",NOT_EVALUATED,0,0,0,NOT_EVALUATED,NOT_EVALUATED,NOT_EVALUATED,NOT_EVALUATED,NOT_EVALUATED,NOT_EVALUATED,NOT_EVALUATED,NOT_EVALUATED,NOT_EVALUATED,NOT_EVALUATED,NOT_EVALUATED,NOT_EVALUATED,NOT_EVALUATED,NOT_EVALUATED,NOT_EVALUATED,NOT_EVALUATED,NOT_EVALUATED,NOT_EVALUATED,NOT_EVALUATED
fold3_0001519,NOT_FOUND,1519,Bile Duct,0,1,"[0,1)",NOT_EVALUATED,0,0,0,NOT_EVALUATED,NOT_EVALUATED,NOT_EVALUATED,NOT_EVALUATED,NOT_EVALUATED,NOT_EVALUATED,NOT_EVALUATED,NOT_EVALUATED,NOT_EVALUATED,NOT_EVALUATED,NOT_EVALUATED,NOT_EVALUATED,NOT_EVALUATED,NOT_EVALUATED,NOT_EVALUATED,NOT_EVALUATED,NOT_EVALUATED,NOT_EVALUATED,NOT_EVALUATED
fold3_0001520,sa_0006440,1520,Bile Duct,33,0,"[25,50)",AVAILABLE,1,1,1,28,0.6893164486319291,0.819672131147541,0.8409660673309535,0.6467256867595366,0.6542324246771879,0.8321975798124974,25,3,8,21.024152524239906,0,2,6,0,1,1,1,0
fold3_0001521,sa_0006441,1521,Bile Duct,2,0,"[1,10)",AVAILABLE,1,1,1,2,0.41062760869606285,0.5,0.8212552173921257,0.37037037037037035,0.37037037037037035,0.5405405405405406,1,1,1,0.821256038647343,0,0,1,0,0,0,1,0
fold3_0001522,sa_0006442,1522,Bile Duct,2,0,"[1,10)",AVAILABLE,1,1,1,4,0.29207090534009794,0.3333333333333333,0.8762127160202938,0.1240976280508766,0.1240976280508766,0.22079510703363914,1,3,1,0.8762135922330098,0,0,1,0,0,0,3,0
fold3_0001523,NOT_FOUND,1523,Bile Duct,0,1,"[0,1)",NOT_EVALUATED,0,0,0,NOT_EVALUATED,NOT_EVALUATED,NOT_EVALUATED,NOT_EVALUATED,NOT_EVALUATED,NOT_EVALUATED,NOT_EVALUATED,NOT_EVALUATED,NOT_EVALUATED,NOT_EVALUATED,NOT_EVALUATED,NOT_EVALUATED,NOT_EVALUATED,NOT_EVALUATED,NOT_EVALUATED,NOT_EVALUATED,NOT_EVALUATED,NOT_EVALUATED,NOT_EVALUATED
fold3_0001524,sa_0006443,1524,Bile Duct,17,0,"[10,25)",AVAILABLE,1,1,1,16,0.731680207291953,0.8484848484848485,0.862337387165516,0.7520036292151823,0.7520036292151823,0.8584498532711894,14,2,3,12.07272428265461,0,0,3,0,0,0,2,0
fold3_0001525,sa_0006444,1525,Bile Duct,36,0,"[25,50)",AVAILABLE,1,1,1,40,0.7267663349635511,0.8947368421052632,0.812268256723969,0.7241163590866437,0.7241163590866437,0.849540396710208,34,6,2,27.6171215408832,0,0,2,0,1,0,5,0
fold3_0001526,sa_0006445,1526,Bile Duct,12,0,"[10,25)",AVAILABLE,1,1,1,9,0.7458054717749517,0.8571428571428571,0.8701063837374438,0.8451919690031702,0.8451919690031702,0.9161019375775509,9,0,3,7.830958323743377,0,0,3,0,0,0,0,0
fold3_0001527,sa_0006446,1527,Bile Duct,57,0,"[50,+inf)",AVAILABLE,1,1,1,47,0.6235627582788066,0.75,0.8314170110384087,0.5775756336876533,0.6262338648443432,0.8858021088673592,39,8,18,32.42526426191495,11,0,7,0,1,0,3,4
fold3_0001528,sa_0006447,1528,Bile Duct,71,0,"[50,+inf)",AVAILABLE,1,1,1,56,0.6779469204080357,0.8031496062992126,0.8441103812923582,0.6640405686860454,0.6732747056193173,0.8723795949878259,51,5,20,43.049630290020644,8,0,12,0,0,0,2,3
fold3_0001529,sa_0006448,1529,Bile Duct,69,0,"[50,+inf)",AVAILABLE,1,1,1,59,0.7415605112157698,0.875,0.8474977271037369,0.7090705008284782,0.7427104237988431,0.8986960203217612,56,3,13,47.45987356530699,7,0,6,0,0,0,1,2
fold3_0001530,sa_0006449,1530,Bile Duct,60,0,"[50,+inf)",AVAILABLE,1,1,1,49,0.7450798432286013,0.8623853211009175,0.8639755628927398,0.7909426327064984,0.7949852507374632,0.912763626403725,47,2,13,40.60685231993433,2,0,10,1,2,0,0,0
fold3_0001531,sa_0006450,1531,Bile Duct,50,0,"[50,+inf)",AVAILABLE,1,1,1,48,0.7055154855776863,0.8367346938775511,0.843177043739186,0.720241906794735,0.7269005847953216,0.8570098205215035,41,7,9,34.57025963648367,2,0,6,1,0,0,5,2
fold3_0001532,sa_0006451,1532,Bile Duct,18,0,"[10,25)",AVAILABLE,1,1,1,13,0.5604215728695051,0.7096774193548387,0.7896849435888481,0.5763331336129419,0.5922670097198399,0.8680820503613268,11,2,7,8.686535169162273,3,2,2,0,0,2,0,0
fold3_0001533,sa_0006452,1533,Bile Duct,24,0,"[10,25)",AVAILABLE,1,1,1,19,0.6299052670212051,0.7441860465116279,0.8464352025597444,0.5993776740567872,0.6006418256373686,0.8211182891512586,16,3,8,13.542964087391113,0,4,3,1,0,2,0,1
fold3_0001534,sa_0006453,1534,Bile Duct,20,0,"[10,25)",AVAILABLE,1,1,1,15,0.5737555675776782,0.6857142857142857,0.836726869384114,0.4754321337489374,0.4778824800432147,0.6813954432847338,12,3,8,10.040723269336237,1,0,5,2,0,0,1,2
fold3_0001535,sa_0006454,1535,Bile Duct,18,0,"[10,25)",AVAILABLE,1,1,1,13,0.5464705318855976,0.6451612903225806,0.8470293244226762,0.4674224928266499,0.45052755847413856,0.680502568798006,10,3,8,8.470294091256086,2,0,5,1,0,0,1,2
fold3_0001536,sa_0006455,1536,Bile Duct,19,0,"[10,25)",AVAILABLE,1,1,1,14,0.5860992470160964,0.7878787878787878,0.7438951981358146,0.5426084300549786,0.5426084300549786,0.7217107217107217,13,1,6,9.670638319660787,0,0,6,0,1,0,0,0
fold3_0001537,sa_0006456,1537,Bile Duct,22,0,"[10,25)",AVAILABLE,1,1,1,17,0.6804117342681867,0.7692307692307693,0.8845352545486427,0.5532161803713528,0.5798732620826634,0.7990900383141762,15,2,7,13.268029702764894,3,0,4,0,0,0,1,1
fold3_0001538,sa_0006457,1538,Bile Duct,30,0,"[25,50)",AVAILABLE,1,1,1,26,0.6142862775817337,0.7142857142857143,0.8600007886144272,0.558451002969517,0.594059405940594,0.8522104493971502,20,6,10,17.200016632289334,7,0,3,0,0,0,3,3
fold3_0001539,sa_0006458,1539,Bile Duct,35,0,"[25,50)",AVAILABLE,1,1,1,33,0.6821349490592943,0.7941176470588235,0.8589847506672595,0.6955275571744193,0.6997455470737913,0.8510296480210311,27,6,8,23.19258912700076,4,0,4,0,0,0,4,2
fold3_0001540,sa_0006459,1540,Bile Duct,47,0,"[25,50)",AVAILABLE,1,1,1,43,0.6580126834737967,0.7777777777777778,0.8460163073234529,0.6268488962819764,0.6525537300838835,0.838289181233856,35,8,12,29.610571602337156,6,1,5,0,0,0,6,2
fold3_0001541,sa_0006460,1541,Bile Duct,44,0,"[25,50)",AVAILABLE,1,1,1,30,0.5645102036376974,0.6756756756756757,0.8354751013837922,0.5715956202827681,0.5994701348747592,0.8103448275862069,25,5,19,20.88687837006991,3,3,11,2,0,1,1,3
fold3_0001542,sa_0006461,1542,Bile Duct,66,0,"[50,+inf)",AVAILABLE,1,1,1,54,0.6389081414475966,0.7333333333333333,0.8712383747012681,0.6319129311935068,0.6519184947826802,0.8656337818009997,44,10,22,38.33448935809417,9,0,11,2,3,0,3,4
fold3_0001543,sa_0006462,1543,Bile Duct,34,0,"[25,50)",AVAILABLE,1,1,1,32,0.780318220790202,0.8787878787878788,0.8879483202095402,0.7457060749849629,0.7519315673289183,0.8787210584343991,29,3,5,25.750502174024987,1,0,4,0,0,0,3,0
fold3_0001544,sa_0006463,1544,Bile Duct,35,0,"[25,50)",AVAILABLE,1,1,1,29,0.7660617588622078,0.875,0.8754991529853804,0.7672154617036506,0.7672154617036506,0.8682760855476345,28,1,7,24.513977159089805,0,0,7,0,0,0,1,0
fold3_0001545,sa_0006464,1545,Bile Duct,27,0,"[25,50)",AVAILABLE,1,1,1,22,0.7820446334510078,0.8571428571428571,0.9123854056928425,0.7427106696571611,0.7610677618069815,0.8648850333473252,21,1,6,19.1600944319351,1,0,5,0,0,0,1,0
fold3_0001546,sa_0006465,1546,Bile Duct,41,0,"[25,50)",AVAILABLE,1,1,1,36,0.7038623869221435,0.8311688311688312,0.8468344342657039,0.7436269430051814,0.74446227929374,0.8832045147834622,32,4,9,27.098702743336958,1,0,8,0,1,0,3,0
fold3_0001547,sa_0006466,1547,Bile Duct,22,0,"[10,25)",AVAILABLE,1,1,1,17,0.6475153595843643,0.7692307692307693,0.8417699674596736,0.6607460035523979,0.6556171512614549,0.8642886428864288,15,2,7,12.62655035366507,2,0,5,0,0,0,2,0
fold3_0001548,sa_0006467,1548,Bile Duct,22,0,"[10,25)",AVAILABLE,1,1,1,18,0.61243519721804,0.7,0.8749074245972,0.70460153868486,0.7015730337078652,0.8547279450607501,14,4,8,12.248704819268223,2,0,5,1,0,0,2,2
fold3_0001549,sa_0006468,1549,Bile Duct,12,0,"[10,25)",AVAILABLE,1,1,1,10,0.6091407646583493,0.7272727272727273,0.8375685514052303,0.7252884315559713,0.7338788870703764,0.8782329620539928,8,2,4,6.700549248810393,2,0,2,0,0,0,1,1
fold3_0001550,sa_0006469,1550,Bile Duct,23,0,"[10,25)",AVAILABLE,1,1,1,15,0.3942373008725445,0.47368421052631576,0.8322787462864829,0.4783792986040177,0.4729772691146082,0.7674958182701128,9,6,14,7.490509548857092,4,3,7,0,1,2,1,2
fold3_0001551,sa_0006470,1551,Bile Duct,22,0,"[10,25)",AVAILABLE,1,1,1,17,0.5643199862612635,0.6666666666666666,0.8464799793918952,0.572244801790658,0.5812881355932203,0.8333047504716172,13,4,9,11.004240578574617,2,2,5,0,0,1,3,0
fold3_0001552,sa_0006471,1552,Bile Duct,13,0,"[10,25)",AVAILABLE,1,1,1,11,0.6545938209028053,0.75,0.8727917612037404,0.6119570443981407,0.7177591908189068,0.8646812365530517,9,2,4,7.855126723625424,2,0,2,0,0,0,1,1
fold3_0001553,sa_0006472,1553,Bladder,19,0,"[10,25)",AVAILABLE,1,1,1,19,0.7480996364520436,0.8947368421052632,0.8361113583875781,0.8296277145811789,0.8296277145811789,0.9156422212802034,17,2,2,14.213893928700188,0,0,2,0,1,0,1,0
fold3_0001554,sa_0006473,1554,Bladder,30,0,"[25,50)",AVAILABLE,1,1,1,25,0.5700019741445974,0.6909090909090909,0.8250028573145489,0.5124007330482591,0.5340581104483356,0.8448416431483223,19,6,11,15.675055113979287,5,0,4,2,2,0,2,2
fold3_0001555,sa_0006474,1555,Bladder,30,0,"[25,50)",AVAILABLE,1,1,1,27,0.5809054541690958,0.7368421052631579,0.7883716878009158,0.5907647907647907,0.6423279829386014,0.8410620920616478,21,6,9,16.55580623219092,7,0,2,0,1,0,3,2
fold3_0001556,sa_0006475,1556,Bladder,24,0,"[10,25)",AVAILABLE,1,1,1,18,0.6933478791202523,0.8095238095238095,0.8564885565603116,0.6886514164857794,0.7534580960130187,0.8918793503480278,17,1,7,14.560306318013856,2,2,3,0,0,1,0,0
fold3_0001557,sa_0006476,1557,Bladder,24,0,"[10,25)",AVAILABLE,1,1,1,22,0.6147252194080806,0.7391304347826086,0.831687061552109,0.5994468316293772,0.6411133388371271,0.8736615163492634,17,5,7,14.138680878072917,4,1,0,2,0,0,2,3
fold3_0001558,sa_0006477,1558,Bladder,22,0,"[10,25)",AVAILABLE,1,1,1,22,0.5822643670432093,0.6818181818181818,0.8539877383300403,0.6713569556796172,0.6848693759071117,0.8558199633896845,15,7,7,12.809816928938341,3,0,1,3,0,0,3,4
fold3_0001559,sa_0006478,1559,Bladder,13,0,"[10,25)",AVAILABLE,1,1,1,16,0.5133008659218062,0.6206896551724138,0.8269847284295767,0.5017874269770686,0.5008293402137854,0.7136980413826979,9,7,4,7.442863382850918,1,0,2,1,2,0,5,0
fold3_0001560,sa_0006479,1560,Bladder,36,0,"[25,50)",AVAILABLE,1,1,1,29,0.601801297180874,0.7076923076923077,0.8503713981903654,0.618773203302488,0.607609914061527,0.8665504551617277,23,6,13,19.558543008749805,4,3,6,0,0,2,3,1
fold3_0001561,sa_0006480,1561,Bladder,38,0,"[25,50)",AVAILABLE,1,1,1,32,0.7313271223089706,0.8571428571428571,0.8532149760271324,0.7133671960393493,0.7267986752166866,0.9140175474392981,30,2,8,25.59645013402895,2,0,5,1,2,0,0,0
fold3_0001562,sa_0006481,1562,Bladder,37,0,"[25,50)",AVAILABLE,1,1,1,24,0.5940328173597533,0.6885245901639344,0.8627619490224989,0.6300974377481053,0.6474166211044287,0.8691972619788426,21,3,16,18.118001792234427,6,0,10,0,0,0,1,2
fold3_0001563,sa_0006482,1563,Bladder,11,0,"[10,25)",AVAILABLE,1,1,1,7,0.5148917390962946,0.6666666666666666,0.772337608644442,0.5197579882775571,0.5267724867724868,0.7621291932353756,6,1,5,4.634026424204261,1,0,4,0,0,0,1,0
fold3_0001564,sa_0006483,1564,Bladder,10,0,"[10,25)",AVAILABLE,1,1,1,8,0.6862624508819869,0.7777777777777778,0.8823374368482688,0.697452229299363,0.7092988263617214,0.9253521126760563,7,1,3,6.176362940275319,2,0,1,0,0,0,0,1
fold3_0001565,sa_0006484,1565,Bladder,22,0,"[10,25)",AVAILABLE,1,1,1,11,0.30441242123381457,0.36363636363636365,0.83713415839299,0.42932621602483795,0.4248700923787529,0.8493136807982576,6,5,16,5.022805787492098,8,2,6,0,0,2,0,3
fold3_0001566,NOT_FOUND,1566,Bladder,0,1,"[0,1)",NOT_EVALUATED,0,0,0,NOT_EVALUATED,NOT_EVALUATED,NOT_EVALUATED,NOT_EVALUATED,NOT_EVALUATED,NOT_EVALUATED,NOT_EVALUATED,NOT_EVALUATED,NOT_EVALUATED,NOT_EVALUATED,NOT_EVALUATED,NOT_EVALUATED,NOT_EVALUATED,NOT_EVALUATED,NOT_EVALUATED,NOT_EVALUATED,NOT_EVALUATED,NOT_EVALUATED,NOT_EVALUATED
fold3_0001567,NOT_FOUND,1567,Bladder,0,1,"[0,1)",NOT_EVALUATED,0,0,0,NOT_EVALUATED,NOT_EVALUATED,NOT_EVALUATED,NOT_EVALUATED,NOT_EVALUATED,NOT_EVALUATED,NOT_EVALUATED,NOT_EVALUATED,NOT_EVALUATED,NOT_EVALUATED,NOT_EVALUATED,NOT_EVALUATED,NOT_EVALUATED,NOT_EVALUATED,NOT_EVALUATED,NOT_EVALUATED,NOT_EVALUATED,NOT_EVALUATED,NOT_EVALUATED
fold3_0001568,NOT_FOUND,1568,Bladder,0,1,"[0,1)",NOT_EVALUATED,0,0,0,NOT_EVALUATED,NOT_EVALUATED,NOT_EVALUATED,NOT_EVALUATED,NOT_EVALUATED,NOT_EVALUATED,NOT_EVALUATED,NOT_EVALUATED,NOT_EVALUATED,NOT_EVALUATED,NOT_EVALUATED,NOT_EVALUATED,NOT_EVALUATED,NOT_EVALUATED,NOT_EVALUATED,NOT_EVALUATED,NOT_EVALUATED,NOT_EVALUATED,NOT_EVALUATED
fold3_0001569,NOT_FOUND,1569,Bladder,0,1,"[0,1)",NOT_EVALUATED,0,0,0,NOT_EVALUATED,NOT_EVALUATED,NOT_EVALUATED,NOT_EVALUATED,NOT_EVALUATED,NOT_EVALUATED,NOT_EVALUATED,NOT_EVALUATED,NOT_EVALUATED,NOT_EVALUATED,NOT_EVALUATED,NOT_EVALUATED,NOT_EVALUATED,NOT_EVALUATED,NOT_EVALUATED,NOT_EVALUATED,NOT_EVALUATED,NOT_EVALUATED,NOT_EVALUATED
fold3_0001570,NOT_FOUND,1570,Bladder,0,1,"[0,1)",NOT_EVALUATED,0,0,0,NOT_EVALUATED,NOT_EVALUATED,NOT_EVALUATED,NOT_EVALUATED,NOT_EVALUATED,NOT_EVALUATED,NOT_EVALUATED,NOT_EVALUATED,NOT_EVALUATED,NOT_EVALUATED,NOT_EVALUATED,NOT_EVALUATED,NOT_EVALUATED,NOT_EVALUATED,NOT_EVALUATED,NOT_EVALUATED,NOT_EVALUATED,NOT_EVALUATED,NOT_EVALUATED
fold3_0001571,NOT_FOUND,1571,Bladder,0,1,"[0,1)",NOT_EVALUATED,0,0,0,NOT_EVALUATED,NOT_EVALUATED,NOT_EVALUATED,NOT_EVALUATED,NOT_EVALUATED,NOT_EVALUATED,NOT_EVALUATED,NOT_EVALUATED,NOT_EVALUATED,NOT_EVALUATED,NOT_EVALUATED,NOT_EVALUATED,NOT_EVALUATED,NOT_EVALUATED,NOT_EVALUATED,NOT_EVALUATED,NOT_EVALUATED,NOT_EVALUATED,NOT_EVALUATED
fold3_0001572,NOT_FOUND,1572,Bladder,0,1,"[0,1)",NOT_EVALUATED,0,0,0,NOT_EVALUATED,NOT_EVALUATED,NOT_EVALUATED,NOT_EVALUATED,NOT_EVALUATED,NOT_EVALUATED,NOT_EVALUATED,NOT_EVALUATED,NOT_EVALUATED,NOT_EVALUATED,NOT_EVALUATED,NOT_EVALUATED,NOT_EVALUATED,NOT_EVALUATED,NOT_EVALUATED,NOT_EVALUATED,NOT_EVALUATED,NOT_EVALUATED,NOT_EVALUATED
fold3_0001573,sa_0006485,1573,Bladder,31,0,"[25,50)",AVAILABLE,1,1,1,28,0.765167100537696,0.8813559322033898,0.8681703640716166,0.8262403528114663,0.8262403528114663,0.9048539000241488,26,2,5,22.572430334032397,0,0,4,1,0,0,1,1
fold3_0001574,sa_0006486,1574,Bladder,14,0,"[10,25)",AVAILABLE,1,1,1,14,0.8364512518938533,0.9285714285714286,0.9007936558856882,0.8713419456894279,0.8713419456894279,0.9312482389405466,13,1,1,11.710318427307602,0,0,1,0,0,0,1,0
fold3_0001575,sa_0006487,1575,Bladder,22,0,"[10,25)",AVAILABLE,1,1,1,21,0.6395771772945249,0.7906976744186046,0.8088770183430757,0.6239047776491982,0.6275045537340619,0.8447677672076105,17,4,5,13.750910120709305,3,0,1,1,0,0,2,2
fold3_0001576,sa_0006488,1576,Bladder,20,0,"[10,25)",AVAILABLE,1,1,1,20,0.7494193325786731,0.85,0.8816698030337331,0.7919375812743823,0.7919375812743823,0.8838896952104499,17,3,3,14.988387533243266,0,0,2,1,0,0,2,1
fold3_0001577,sa_0006489,1577,Bladder,23,0,"[10,25)",AVAILABLE,1,1,1,19,0.7542260403538255,0.8571428571428571,0.8799303804127964,0.7670396744659207,0.7719557195571956,0.9421074552269888,18,1,5,15.838747727360715,3,0,2,0,0,0,0,1
fold3_0001578,sa_0006490,1578,Bladder,26,0,"[25,50)",AVAILABLE,1,1,1,17,0.5650843570635617,0.6976744186046512,0.8099542451244385,0.5868968855898015,0.6118166758696852,0.8306497659015645,15,2,11,12.149314486820822,4,0,7,0,0,0,1,1
fold3_0001579,sa_0006491,1579,Bladder,16,0,"[10,25)",AVAILABLE,1,1,1,13,0.6079383977690762,0.6896551724137931,0.8815106767651605,0.6605504587155964,0.6394976606747107,0.9083808951637128,10,3,6,8.81510764916228,4,0,2,0,0,0,1,2
fold3_0001580,sa_0006492,1580,Bladder,31,0,"[25,50)",AVAILABLE,1,1,1,25,0.732003199569305,0.8214285714285714,0.8911343299104584,0.7065733645747577,0.7354857391052555,0.9308417452239927,23,2,8,20.496090479074873,2,1,5,0,0,0,2,0
fold3_0001581,sa_0006493,1581,Bladder,29,0,"[25,50)",AVAILABLE,1,1,1,26,0.763897194052152,0.8363636363636363,0.9133553407145295,0.7890427539069453,0.8080777056858756,0.946724705382737,23,3,6,21.00717374978952,4,0,2,0,1,0,0,2
fold3_0001582,sa_0006494,1582,Bladder,23,0,"[10,25)",AVAILABLE,1,1,1,19,0.798710630596028,0.9047619047619048,0.8827854338166625,0.8633618149675899,0.8633618149675899,0.9266711467762976,19,0,4,16.772924125302023,0,0,4,0,0,0,0,0
fold3_0001583,sa_0006495,1583,Bladder,26,0,"[25,50)",AVAILABLE,1,1,1,23,0.8048798627410503,0.8571428571428571,0.9390265065312253,0.8783259673491477,0.8783259673491477,0.9352220888355343,21,2,5,19.71955757618224,0,0,4,1,0,0,1,1
fold3_0001584,sa_0006496,1584,Bladder,29,0,"[25,50)",AVAILABLE,1,1,1,26,0.8055071054895886,0.9090909090909091,0.8860578160385475,0.800729667775159,0.8112078916990241,0.9645209262800085,25,1,4,22.151446287021503,2,0,2,0,1,0,0,0
fold3_0001585,sa_0006497,1585,Bladder,23,0,"[10,25)",AVAILABLE,1,1,1,23,0.7241728560370713,0.8260869565217391,0.8766302994132968,0.7684138695781977,0.7919839496602982,0.926972010178117,19,4,4,16.65597656548294,1,0,3,0,1,0,3,0
fold3_0001586,sa_0006498,1586,Bladder,29,0,"[25,50)",AVAILABLE,1,1,1,24,0.8151380200859922,0.9056603773584906,0.9000482305116164,0.8250972992098125,0.8234207609900258,0.9449621826039979,24,0,5,21.601158432327026,1,0,4,0,0,0,0,0
fold3_0001587,sa_0006499,1587,Bladder,32,0,"[25,50)",AVAILABLE,1,1,1,29,0.7195077496908917,0.7868852459016393,0.9143744318988416,0.7538474406155905,0.7516640607549698,0.9194358725867742,24,5,8,21.94498727994663,4,0,3,1,0,0,2,3
fold3_0001588,sa_0006500,1588,Bladder,36,0,"[25,50)",AVAILABLE,1,1,1,28,0.6873560034097287,0.8125,0.8459766195812045,0.6827810266406757,0.69540813857841,0.9027654898827021,26,2,10,21.995392955087937,3,0,6,1,1,0,0,1
fold3_0001589,sa_0006501,1589,Bladder,29,0,"[25,50)",AVAILABLE,1,1,1,21,0.6155670891930397,0.72,0.8549542905458886,0.6042173278677134,0.6427733101499674,0.9227878916172735,18,3,11,15.389178084780285,5,0,5,1,1,0,0,2
fold3_0001590,sa_0006502,1590,Bladder,31,0,"[25,50)",AVAILABLE,1,1,1,22,0.7347357050289031,0.8301886792452831,0.885022553784815,0.7784576215505913,0.8021371326803206,0.9380373554699081,22,0,9,19.470497068288484,1,1,7,0,0,0,0,0
fold3_0001591,sa_0006503,1591,Bladder,32,0,"[25,50)",AVAILABLE,1,1,1,25,0.622513579652683,0.7368421052631579,0.8448398581000698,0.5973252778836848,0.6187435784529576,0.9333544906378928,21,4,11,17.741637864941325,8,0,2,1,2,0,0,2
fold3_0001592,sa_0006504,1592,Bladder,29,0,"[25,50)",AVAILABLE,1,1,1,26,0.7951720324037769,0.8727272727272727,0.911134620462661,0.7767072196074949,0.8052750495688661,0.8936170212765957,24,2,5,21.867231802238486,1,0,4,0,0,0,2,0
fold3_0001593,sa_0006505,1593,Bladder,27,0,"[25,50)",AVAILABLE,1,1,1,25,0.853279375894746,0.9230769230769231,0.9243859905526415,0.8338567521021173,0.8533444991102271,0.9312058740468794,24,1,3,22.185264697649387,0,1,1,1,0,0,0,1
fold3_0001594,sa_0006506,1594,Bladder,32,0,"[25,50)",AVAILABLE,1,1,1,30,0.7864705641021321,0.8709677419354839,0.9029847217468925,0.7886164546374962,0.8300340973669256,0.9272054447118495,27,3,5,24.38058839015082,2,0,3,0,0,0,3,0
fold3_0001595,sa_0006507,1595,Bladder,18,0,"[10,25)",AVAILABLE,1,1,1,15,0.7639243336753427,0.8484848484848485,0.9003393932602254,0.7410782080485953,0.7410782080485953,0.8512865242040994,14,1,4,12.604752405982548,0,0,3,1,0,0,0,1
fold3_0001596,sa_0006508,1596,Bladder,12,0,"[10,25)",AVAILABLE,1,1,1,7,0.528605351790027,0.631578947368421,0.8369584736675428,0.5265404602821084,0.5398798425523099,0.7633526167092695,6,1,6,5.021751678963731,2,0,4,0,0,0,0,1
fold3_0001597,sa_0006509,1597,Bladder,15,0,"[10,25)",AVAILABLE,1,1,1,9,0.6380091232268487,0.75,0.8506788309691315,0.5091973244147158,0.5091973244147158,0.6747922437673131,9,0,6,7.656110329401014,0,0,6,0,0,0,0,0
fold3_0001598,sa_0006510,1598,Bladder,14,0,"[10,25)",AVAILABLE,1,1,1,9,0.6550448242385789,0.782608695652174,0.8370017198604063,0.5961140967341877,0.5961140967341877,0.746956746956747,9,0,5,7.533016315745376,0,0,5,0,0,0,0,0
fold3_0001599,sa_0006511,1599,Bladder,21,0,"[10,25)",AVAILABLE,1,1,1,15,0.5459160973706333,0.6666666666666666,0.81887414605595,0.4830059245400686,0.4830059245400686,0.6513877207737595,12,3,9,9.826490571545545,0,0,9,0,0,0,3,0
fold3_0001600,sa_0006512,1600,Bladder,18,0,"[10,25)",AVAILABLE,1,1,1,4,0.2847040468803791,0.36363636363636365,0.7829361289210425,0.24746543778801844,0.24746543778801844,0.3967491688215737,4,0,14,3.1317452986202987,0,0,14,0,0,0,0,0
fold3_0001601,sa_0006513,1601,Bladder,13,0,"[10,25)",AVAILABLE,1,1,1,7,0.6117306979237467,0.7,0.8739009970339239,0.5528455284552846,0.5528455284552846,0.7120418848167539,7,0,6,6.117307853138464,0,0,6,0,0,0,0,0
fold3_0001602,sa_0006514,1602,Bladder,18,0,"[10,25)",AVAILABLE,1,1,1,15,0.6273042685405942,0.7878787878787878,0.7961938793015234,0.6043786617329633,0.6043786617329633,0.7991543340380549,13,2,5,10.350521227113683,0,0,4,1,2,0,0,0
fold3_0001603,sa_0006515,1603,Bladder,13,0,"[10,25)",AVAILABLE,1,1,1,11,0.6433429197295362,0.75,0.8577905596393816,0.7426470588235294,0.7426470588235294,0.8781997187060478,9,2,4,7.720115894544993,0,0,3,1,2,0,0,0
fold3_0001604,sa_0006516,1604,Bladder,9,0,"[1,10)",AVAILABLE,1,1,1,2,0.15524460000015525,0.18181818181818182,0.8538453000008539,0.07007575757575757,0.07007575757575757,0.13097345132743363,1,1,8,0.8538461538461538,0,0,8,0,0,0,1,0
fold3_0001605,sa_0006517,1605,Bladder,9,0,"[1,10)",AVAILABLE,1,1,1,3,0.12838902631591786,0.16666666666666666,0.7703341578955073,0.1887816646562123,0.1887816646562123,0.3176052765093861,1,2,8,0.7703349282296651,0,0,7,1,0,0,1,1
fold3_0001606,sa_0006518,1606,Bladder,10,0,"[10,25)",AVAILABLE,1,1,1,9,0.8367361115601112,0.9473684210526315,0.8832214510912285,0.8608824150306101,0.8608824150306101,0.925241066364152,9,0,1,7.948993943042507,0,0,1,0,0,0,0,0
fold3_0001607,sa_0006519,1607,Bladder,3,0,"[1,10)",AVAILABLE,1,1,1,2,0.5777425586870665,0.8,0.722178198358833,0.6211920529801325,0.6211920529801325,0.7663398692810458,2,0,1,1.4443571188958644,0,0,1,0,0,0,0,0
fold3_0001608,sa_0006520,1608,Bladder,6,0,"[1,10)",AVAILABLE,1,1,1,3,0.5479350907795151,0.6666666666666666,0.8219026361692727,0.49924050632911393,0.49924050632911393,0.6659912191827085,3,0,3,2.4657087304104546,0,0,3,0,0,0,0,0
fold3_0001609,sa_0006521,1609,Bladder,5,0,"[1,10)",AVAILABLE,1,1,1,3,0.6689869827315527,0.75,0.8919826436420702,0.8174868609651218,0.8174868609651218,0.8995793901156677,3,0,2,2.6759488229088544,0,0,2,0,0,0,0,0
fold3_0001610,sa_0006522,1610,Bladder,12,0,"[10,25)",AVAILABLE,1,1,1,9,0.7042872437649205,0.7619047619047619,0.9243770074414581,0.7300555114988104,0.7859380438565959,0.897096082634964,8,1,4,7.395016983908672,2,0,2,0,0,0,0,1
fold3_0001611,NOT_FOUND,1611,Breast,0,1,"[0,1)",NOT_EVALUATED,0,0,0,NOT_EVALUATED,NOT_EVALUATED,NOT_EVALUATED,NOT_EVALUATED,NOT_EVALUATED,NOT_EVALUATED,NOT_EVALUATED,NOT_EVALUATED,NOT_EVALUATED,NOT_EVALUATED,NOT_EVALUATED,NOT_EVALUATED,NOT_EVALUATED,NOT_EVALUATED,NOT_EVALUATED,NOT_EVALUATED,NOT_EVALUATED,NOT_EVALUATED,NOT_EVALUATED
fold3_0001612,sa_0006523,1612,Breast,1,0,"[1,10)",AVAILABLE,1,1,1,1,0.7358483207554528,1.0,0.7358483207554528,0.7358490566037735,0.7358490566037735,0.8478260869565217,1,0,0,0.7358490566037735,0,0,0,0,0,0,0,0
fold3_0001613,sa_0006524,1613,Breast,15,0,"[10,25)",AVAILABLE,1,1,1,13,0.7914906723189105,0.9285714285714286,0.8523745701895958,0.7738367658276125,0.8016323142896666,0.9381142506142506,13,0,2,11.080870264839316,1,0,1,0,0,0,0,0
fold3_0001614,sa_0006525,1614,Breast,36,0,"[25,50)",AVAILABLE,1,1,1,30,0.7827241763432586,0.9090909090909091,0.8609965939775845,0.7373223830009126,0.7487720312048541,0.9363073110285006,30,0,6,25.82989868032413,2,2,2,0,0,0,0,0
fold3_0001615,sa_0006526,1615,Breast,5,0,"[1,10)",AVAILABLE,1,1,1,5,0.9117174823999173,1.0,0.9117174823999173,0.9170537491705375,0.9170537491705375,0.9567324333679473,5,0,0,4.5585883237170695,0,0,0,0,0,0,0,0
fold3_0001616,sa_0006527,1616,Breast,8,0,"[1,10)",AVAILABLE,1,1,1,8,0.8717028146276731,1.0,0.8717028146276731,0.875747976064766,0.875747976064766,0.9337586789266279,8,0,0,6.9736233887241985,0,0,0,0,0,0,0,0
fold3_0001617,sa_0006528,1617,Breast,7,0,"[1,10)",AVAILABLE,1,1,1,7,0.6532772733723907,0.7142857142857143,0.914588182721347,0.5959167172023448,0.6480369515011547,0.8262331838565022,5,2,2,4.572941828194918,2,0,0,0,0,0,1,1
fold3_0001618,sa_0006529,1618,Breast,20,0,"[10,25)",AVAILABLE,1,1,1,19,0.5616156215060115,0.717948717948718,0.7822503299548017,0.5175817565350541,0.6003091298696737,0.8310211607691632,14,5,6,10.951505401617553,4,0,1,1,0,0,3,2
fold3_0001619,sa_0006530,1619,Breast,27,0,"[25,50)",AVAILABLE,1,1,1,25,0.6925327659346362,0.8076923076923077,0.8574215197285971,0.7023403217942467,0.7172554002541296,0.8528724065468968,21,4,6,18.00585277172206,1,0,5,0,0,0,4,0
fold3_0001620,sa_0006531,1620,Breast,22,0,"[10,25)",AVAILABLE,1,1,1,19,0.7328149941994972,0.8780487804878049,0.8345948545049829,0.8033911594629031,0.8156268686466015,0.9000988033812712,18,1,4,15.022708215684549,1,0,2,1,0,0,0,1
fold3_0001621,sa_0006532,1621,Breast,12,0,"[10,25)",AVAILABLE,1,1,1,7,0.5670207959103584,0.631578947368421,0.8977829268580674,0.4707367454670645,0.5793783422459893,0.8680562903396466,6,1,6,5.386698458931331,4,0,2,0,0,0,0,1
fold3_0001622,sa_0006533,1622,Breast,45,0,"[25,50)",AVAILABLE,1,1,1,35,0.6821890019442635,0.775,0.8802438734764689,0.7088369869562248,0.7296211251435132,0.9279787587122469,31,4,14,27.28756095801441,6,2,6,0,0,2,0,2
fold3_0001623,sa_0006534,1623,Breast,27,0,"[25,50)",AVAILABLE,1,1,1,21,0.6871907902596449,0.7916666666666666,0.86803047190692,0.5889119889119889,0.6750380517503806,0.8910635026037116,19,2,8,16.492579834261953,1,3,4,0,0,1,1,0
fold3_0001624,sa_0006535,1624,Breast,36,0,"[25,50)",AVAILABLE,1,1,1,24,0.5298173432505897,0.6666666666666666,0.7947260148758846,0.325053371286248,0.5054945054945055,0.8908759124087591,20,4,16,15.894521092243707,7,7,2,0,0,1,2,1
fold3_0001625,sa_0006536,1625,Breast,43,0,"[25,50)",AVAILABLE,1,1,1,27,0.5144223052125213,0.6,0.8573705086875356,0.5461946998085893,0.5573079869089896,0.9107290572112052,21,6,22,18.004781539808757,6,9,7,0,0,3,0,3
fold3_0001626,sa_0006537,1626,Breast,30,0,"[25,50)",AVAILABLE,1,1,1,20,0.5535064834017313,0.64,0.864853880315205,0.33277348561191356,0.49843119677274766,0.8890218366736464,16,4,14,13.837662949897162,10,0,4,0,0,0,1,3
fold3_0001627,sa_0006538,1627,Breast,25,0,"[25,50)",AVAILABLE,1,1,1,21,0.4847837226594754,0.5652173913043478,0.8576942785513796,0.44840332683027007,0.5437921077959577,0.848647611739881,13,8,12,11.150026478862213,9,0,1,2,3,0,1,4
fold3_0001628,sa_0006539,1628,Breast,18,0,"[10,25)",AVAILABLE,1,1,1,16,0.5696486184001706,0.6470588235294118,0.8803660466184453,0.4728067778081443,0.6013252346769741,0.8950574712643679,11,5,7,9.684027393168945,6,0,1,0,0,0,4,1
fold3_0001629,sa_0006540,1629,Breast,20,0,"[10,25)",AVAILABLE,1,1,1,14,0.714395026061713,0.8235294117647058,0.8674796745035087,0.758322994210091,0.7487080813633865,0.9223175830739728,14,0,6,12.144716310528796,1,0,5,0,0,0,0,0
fold3_0001630,sa_0006541,1630,Breast,25,0,"[25,50)",AVAILABLE,1,1,1,19,0.605446635464265,0.6818181818181818,0.887988398680922,0.5516441242023632,0.6752118909440107,0.9006305610248486,15,4,10,13.31982686820223,5,0,5,0,0,0,3,1
fold3_0001631,sa_0006542,1631,Breast,16,0,"[10,25)",AVAILABLE,1,1,1,14,0.80320160172827,0.9333333333333333,0.8605731447088607,0.7526072705601907,0.7622474850740165,0.9392490833990811,14,0,2,12.048024886497194,0,1,1,0,0,0,0,0
fold3_0001632,sa_0006543,1632,Breast,16,0,"[10,25)",AVAILABLE,1,1,1,13,0.668902223584792,0.7586206896551724,0.8817347492708623,0.7039277297721916,0.7039277297721916,0.8263335023742566,11,2,5,9.699083123714233,0,0,5,0,0,0,2,0
fold3_0001633,sa_0006544,1633,Breast,26,0,"[25,50)",AVAILABLE,1,1,1,30,0.7226763258114159,0.8214285714285714,0.8797798749008542,0.7256462684387323,0.7256462684387323,0.8436375946849477,23,7,3,20.234938002499522,0,1,2,0,0,1,6,0
fold3_0001634,sa_0006545,1634,Breast,26,0,"[25,50)",AVAILABLE,1,1,1,23,0.6515780589813087,0.7755102040816326,0.8401927602653718,0.6250834091598423,0.6577047276949313,0.9021624934337243,19,4,7,15.963663285234826,6,0,1,0,0,0,3,1
fold3_0001635,NOT_FOUND,1635,Breast,0,1,"[0,1)",NOT_EVALUATED,0,0,0,NOT_EVALUATED,NOT_EVALUATED,NOT_EVALUATED,NOT_EVALUATED,NOT_EVALUATED,NOT_EVALUATED,NOT_EVALUATED,NOT_EVALUATED,NOT_EVALUATED,NOT_EVALUATED,NOT_EVALUATED,NOT_EVALUATED,NOT_EVALUATED,NOT_EVALUATED,NOT_EVALUATED,NOT_EVALUATED,NOT_EVALUATED,NOT_EVALUATED,NOT_EVALUATED
fold3_0001636,NOT_FOUND,1636,Breast,0,1,"[0,1)",NOT_EVALUATED,0,0,0,NOT_EVALUATED,NOT_EVALUATED,NOT_EVALUATED,NOT_EVALUATED,NOT_EVALUATED,NOT_EVALUATED,NOT_EVALUATED,NOT_EVALUATED,NOT_EVALUATED,NOT_EVALUATED,NOT_EVALUATED,NOT_EVALUATED,NOT_EVALUATED,NOT_EVALUATED,NOT_EVALUATED,NOT_EVALUATED,NOT_EVALUATED,NOT_EVALUATED,NOT_EVALUATED
fold3_0001637,sa_0006546,1637,Breast,21,0,"[10,25)",AVAILABLE,1,1,1,19,0.6721321436313501,0.85,0.7907436983898236,0.657733290280917,0.7165425411870909,0.9125251994039794,17,2,4,13.442643663370701,3,0,1,0,2,0,0,0
fold3_0001638,sa_0006547,1638,Breast,16,0,"[10,25)",AVAILABLE,1,1,1,8,0.5940311755915342,0.6666666666666666,0.8910467633873014,0.4693244211028885,0.5070143730097254,0.6736721873215306,8,0,8,7.128374998145174,1,0,7,0,0,0,0,0
fold3_0001639,sa_0006548,1639,Breast,23,0,"[10,25)",AVAILABLE,1,1,1,19,0.676640160560971,0.8095238095238095,0.8358496101047289,0.6448173251777153,0.6596968112911658,0.8302362204724409,17,2,6,14.209444207630003,2,0,4,0,1,0,0,1
fold3_0001640,sa_0006549,1640,Breast,7,0,"[1,10)",AVAILABLE,1,1,1,7,0.7552829740544347,0.8571428571428571,0.8811634697301739,0.8160237388724035,0.8160237388724035,0.8986928104575164,6,1,1,5.286981699544513,0,0,1,0,0,0,1,0
fold3_0001641,sa_0006550,1641,Breast,3,0,"[1,10)",AVAILABLE,1,1,1,2,0.6493272563664134,0.8,0.8116590704580167,0.6485070717653222,0.6485070717653222,0.7867810613282491,2,0,1,1.623318952575104,0,0,1,0,0,0,0,0
fold3_0001642,sa_0006551,1642,Breast,12,0,"[10,25)",AVAILABLE,1,1,1,6,0.29047877363550867,0.3333333333333333,0.871436320906526,0.5040064915305812,0.49094468918257467,0.8156598818122127,3,3,9,2.614309834155899,4,0,4,1,0,0,0,3
fold3_0001643,sa_0006552,1643,Breast,7,0,"[1,10)",AVAILABLE,1,1,1,3,0.4689726755530273,0.6,0.7816211259217122,0.5532191069574247,0.575197889182058,0.8923785594639866,3,0,4,2.3448641593862627,1,0,3,0,0,0,0,0
fold3_0001644,sa_0006553,1644,Breast,10,0,"[10,25)",AVAILABLE,1,1,1,7,0.6615214628908874,0.7058823529411765,0.9371554057620904,0.7373672764487655,0.7356464270962412,0.9144851657940664,6,1,4,5.622933371727949,2,0,2,0,0,0,0,1
fold3_0001645,NOT_FOUND,1645,Breast,0,1,"[0,1)",NOT_EVALUATED,0,0,0,NOT_EVALUATED,NOT_EVALUATED,NOT_EVALUATED,NOT_EVALUATED,NOT_EVALUATED,NOT_EVALUATED,NOT_EVALUATED,NOT_EVALUATED,NOT_EVALUATED,NOT_EVALUATED,NOT_EVALUATED,NOT_EVALUATED,NOT_EVALUATED,NOT_EVALUATED,NOT_EVALUATED,NOT_EVALUATED,NOT_EVALUATED,NOT_EVALUATED,NOT_EVALUATED
fold3_0001646,NOT_FOUND,1646,Breast,0,1,"[0,1)",NOT_EVALUATED,0,0,0,NOT_EVALUATED,NOT_EVALUATED,NOT_EVALUATED,NOT_EVALUATED,NOT_EVALUATED,NOT_EVALUATED,NOT_EVALUATED,NOT_EVALUATED,NOT_EVALUATED,NOT_EVALUATED,NOT_EVALUATED,NOT_EVALUATED,NOT_EVALUATED,NOT_EVALUATED,NOT_EVALUATED,NOT_EVALUATED,NOT_EVALUATED,NOT_EVALUATED,NOT_EVALUATED
fold3_0001647,NOT_FOUND,1647,Breast,0,1,"[0,1)",NOT_EVALUATED,0,0,0,NOT_EVALUATED,NOT_EVALUATED,NOT_EVALUATED,NOT_EVALUATED,NOT_EVALUATED,NOT_EVALUATED,NOT_EVALUATED,NOT_EVALUATED,NOT_EVALUATED,NOT_EVALUATED,NOT_EVALUATED,NOT_EVALUATED,NOT_EVALUATED,NOT_EVALUATED,NOT_EVALUATED,NOT_EVALUATED,NOT_EVALUATED,NOT_EVALUATED,NOT_EVALUATED
fold3_0001648,NOT_FOUND,1648,Breast,0,1,"[0,1)",NOT_EVALUATED,0,0,0,NOT_EVALUATED,NOT_EVALUATED,NOT_EVALUATED,NOT_EVALUATED,NOT_EVALUATED,NOT_EVALUATED,NOT_EVALUATED,NOT_EVALUATED,NOT_EVALUATED,NOT_EVALUATED,NOT_EVALUATED,NOT_EVALUATED,NOT_EVALUATED,NOT_EVALUATED,NOT_EVALUATED,NOT_EVALUATED,NOT_EVALUATED,NOT_EVALUATED,NOT_EVALUATED
fold3_0001649,sa_0006554,1649,Breast,88,0,"[50,+inf)",AVAILABLE,1,1,1,62,0.5486244326270446,0.7066666666666667,0.7763553291892141,0.4651682921463665,0.531535892347161,0.8038558786346397,53,9,35,41.14683322338367,11,10,13,1,1,3,2,3
fold3_0001650,sa_0006555,1650,Breast,81,0,"[50,+inf)",AVAILABLE,1,1,1,60,0.5396784442015737,0.6808510638297872,0.7926527149210615,0.569568868980963,0.5850016058237876,0.838202019519773,48,12,33,38.047331108863666,13,6,13,1,0,5,1,6
fold3_0001651,sa_0006556,1651,Breast,91,0,"[50,+inf)",AVAILABLE,1,1,1,66,0.602300070368376,0.7388535031847133,0.8151819917916813,0.5894208691215239,0.6129583516429862,0.8409868321477221,58,8,33,47.280556339099505,13,3,16,1,0,1,3,4
fold3_0001652,sa_0006557,1652,Breast,27,0,"[25,50)",AVAILABLE,1,1,1,21,0.5096667648762836,0.5833333333333334,0.873714454073629,0.4997603669808522,0.5786133737450274,0.8856222875542489,14,7,13,12.23200323074526,9,0,2,2,2,0,1,4
fold3_0001653,sa_0006558,1653,Breast,38,0,"[25,50)",AVAILABLE,1,1,1,33,0.7287721956113893,0.8450704225352113,0.8623804314734773,0.6746681835419037,0.7153816148745287,0.9032567775840724,30,3,8,25.87141380658475,1,2,5,0,1,0,2,0
fold3_0001654,sa_0006559,1654,Breast,37,0,"[25,50)",AVAILABLE,1,1,1,32,0.6289930151127328,0.7536231884057971,0.8346253469765108,0.6152188059215877,0.6576938896759746,0.8453352448169387,26,6,11,21.70025985601463,3,2,5,1,0,3,2,1
fold3_0001655,sa_0006560,1655,Breast,30,0,"[25,50)",AVAILABLE,1,1,1,31,0.6096107628683662,0.6885245901639344,0.8853870603564368,0.6362148230704932,0.6475094280326839,0.8711223443572809,21,10,9,18.593129152872233,5,0,4,0,0,0,8,2
fold3_0001656,sa_0006561,1656,Breast,33,0,"[25,50)",AVAILABLE,1,1,1,29,0.7070231905170266,0.8064516129032258,0.876708756241113,0.7322209436133487,0.7411151960784313,0.8963575576280134,25,4,8,21.917719782736583,3,0,5,0,0,0,3,1
fold3_0001657,sa_0006562,1657,Breast,40,0,"[25,50)",AVAILABLE,1,1,1,38,0.663971314345324,0.7692307692307693,0.8631627086489211,0.7083452460370405,0.7357336037863421,0.9017782365658416,30,8,10,25.894882122630342,1,2,4,3,4,1,2,1
fold3_0001658,sa_0006563,1658,Breast,28,0,"[25,50)",AVAILABLE,1,1,1,26,0.6892115003045445,0.8518518518518519,0.8090743699227261,0.6380986249407302,0.6709375635550132,0.8742291463810451,23,3,5,18.60871131729707,4,0,1,0,0,0,2,1
fold3_0001659,sa_0006564,1659,Breast,24,0,"[10,25)",AVAILABLE,1,1,1,19,0.6181310393441567,0.6976744186046512,0.8859878230599579,0.5900430239704979,0.6516139964415827,0.8864265927977839,15,4,9,13.28981823188719,6,0,3,0,0,0,2,2
fold3_0001660,sa_0006565,1660,Breast,39,0,"[25,50)",AVAILABLE,1,1,1,33,0.6878518161187729,0.7777777777777778,0.8843809064384223,0.7133083871943153,0.7050622137559275,0.904418930804155,28,5,11,24.76266626465673,3,1,7,0,0,2,2,1
fold3_0001661,sa_0006566,1661,Breast,19,0,"[10,25)",AVAILABLE,1,1,1,14,0.6696727505713082,0.7878787878787878,0.8499692603405066,0.6617468046256847,0.6742891922441527,0.9034067303697548,13,1,6,11.049601234395846,2,0,3,1,0,0,0,1
fold3_0001662,sa_0006567,1662,Breast,29,0,"[25,50)",AVAILABLE,1,1,1,26,0.6548334199099242,0.7636363636363637,0.8575199546439483,0.5930668332292317,0.6740331491712708,0.8610625768459199,21,5,8,18.00791990504287,1,3,4,0,0,1,4,0
fold3_0001663,sa_0006568,1663,Breast,29,0,"[25,50)",AVAILABLE,1,1,1,23,0.6275843530790325,0.7307692307692307,0.8587996410555182,0.6512890094979648,0.6445022063712749,0.8919683881639404,19,4,10,16.31719403885449,3,0,7,0,1,0,2,1
fold3_0001664,NOT_FOUND,1664,Cervix,0,1,"[0,1)",NOT_EVALUATED,0,0,0,NOT_EVALUATED,NOT_EVALUATED,NOT_EVALUATED,NOT_EVALUATED,NOT_EVALUATED,NOT_EVALUATED,NOT_EVALUATED,NOT_EVALUATED,NOT_EVALUATED,NOT_EVALUATED,NOT_EVALUATED,NOT_EVALUATED,NOT_EVALUATED,NOT_EVALUATED,NOT_EVALUATED,NOT_EVALUATED,NOT_EVALUATED,NOT_EVALUATED,NOT_EVALUATED
fold3_0001665,NOT_FOUND,1665,Cervix,0,1,"[0,1)",NOT_EVALUATED,0,0,0,NOT_EVALUATED,NOT_EVALUATED,NOT_EVALUATED,NOT_EVALUATED,NOT_EVALUATED,NOT_EVALUATED,NOT_EVALUATED,NOT_EVALUATED,NOT_EVALUATED,NOT_EVALUATED,NOT_EVALUATED,NOT_EVALUATED,NOT_EVALUATED,NOT_EVALUATED,NOT_EVALUATED,NOT_EVALUATED,NOT_EVALUATED,NOT_EVALUATED,NOT_EVALUATED
fold3_0001666,NOT_FOUND,1666,Cervix,0,1,"[0,1)",NOT_EVALUATED,0,0,0,NOT_EVALUATED,NOT_EVALUATED,NOT_EVALUATED,NOT_EVALUATED,NOT_EVALUATED,NOT_EVALUATED,NOT_EVALUATED,NOT_EVALUATED,NOT_EVALUATED,NOT_EVALUATED,NOT_EVALUATED,NOT_EVALUATED,NOT_EVALUATED,NOT_EVALUATED,NOT_EVALUATED,NOT_EVALUATED,NOT_EVALUATED,NOT_EVALUATED,NOT_EVALUATED
fold3_0001667,NOT_FOUND,1667,Cervix,0,1,"[0,1)",NOT_EVALUATED,0,0,0,NOT_EVALUATED,NOT_EVALUATED,NOT_EVALUATED,NOT_EVALUATED,NOT_EVALUATED,NOT_EVALUATED,NOT_EVALUATED,NOT_EVALUATED,NOT_EVALUATED,NOT_EVALUATED,NOT_EVALUATED,NOT_EVALUATED,NOT_EVALUATED,NOT_EVALUATED,NOT_EVALUATED,NOT_EVALUATED,NOT_EVALUATED,NOT_EVALUATED,NOT_EVALUATED
fold3_0001668,NOT_FOUND,1668,Cervix,0,1,"[0,1)",NOT_EVALUATED,0,0,0,NOT_EVALUATED,NOT_EVALUATED,NOT_EVALUATED,NOT_EVALUATED,NOT_EVALUATED,NOT_EVALUATED,NOT_EVALUATED,NOT_EVALUATED,NOT_EVALUATED,NOT_EVALUATED,NOT_EVALUATED,NOT_EVALUATED,NOT_EVALUATED,NOT_EVALUATED,NOT_EVALUATED,NOT_EVALUATED,NOT_EVALUATED,NOT_EVALUATED,NOT_EVALUATED
fold3_0001669,NOT_FOUND,1669,Cervix,0,1,"[0,1)",NOT_EVALUATED,0,0,0,NOT_EVALUATED,NOT_EVALUATED,NOT_EVALUATED,NOT_EVALUATED,NOT_EVALUATED,NOT_EVALUATED,NOT_EVALUATED,NOT_EVALUATED,NOT_EVALUATED,NOT_EVALUATED,NOT_EVALUATED,NOT_EVALUATED,NOT_EVALUATED,NOT_EVALUATED,NOT_EVALUATED,NOT_EVALUATED,NOT_EVALUATED,NOT_EVALUATED,NOT_EVALUATED
fold3_0001670,NOT_FOUND,1670,Cervix,0,1,"[0,1)",NOT_EVALUATED,0,0,0,NOT_EVALUATED,NOT_EVALUATED,NOT_EVALUATED,NOT_EVALUATED,NOT_EVALUATED,NOT_EVALUATED,NOT_EVALUATED,NOT_EVALUATED,NOT_EVALUATED,NOT_EVALUATED,NOT_EVALUATED,NOT_EVALUATED,NOT_EVALUATED,NOT_EVALUATED,NOT_EVALUATED,NOT_EVALUATED,NOT_EVALUATED,NOT_EVALUATED,NOT_EVALUATED
fold3_0001671,sa_0006569,1671,Cervix,38,0,"[25,50)",AVAILABLE,1,1,1,29,0.6137315850888775,0.7164179104477612,0.8566670041865582,0.6332716701902749,0.6713231334537045,0.9189568249876805,24,5,14,20.5600089571444,7,3,4,0,0,2,1,2
fold3_0001672,sa_0006570,1672,Cervix,46,0,"[25,50)",AVAILABLE,1,1,1,34,0.5552057415310648,0.675,0.8225270244904664,0.5025314988018861,0.5786039047873763,0.8840471672539983,27,7,19,22.20823048376962,6,9,4,0,1,3,2,1
fold3_0001673,sa_0006571,1673,Cervix,69,0,"[50,+inf)",AVAILABLE,1,1,1,55,0.5464272847011226,0.6935483870967742,0.787871898871386,0.5890537289494787,0.6313800526189907,0.8695754163734459,43,12,26,33.87849243934149,13,7,5,1,0,4,2,6
fold3_0001674,sa_0006572,1674,Cervix,53,0,"[50,+inf)",AVAILABLE,1,1,1,51,0.5708417562819791,0.7115384615384616,0.8022640899098084,0.550733599415369,0.5650251055764307,0.8438967385530649,37,14,16,29.683772128926996,5,8,1,2,0,5,5,4
fold3_0001675,sa_0006573,1675,Cervix,37,0,"[25,50)",AVAILABLE,1,1,1,33,0.6101685934494774,0.7714285714285715,0.7909592878048781,0.5519566409652547,0.5940771995624317,0.846674182638106,27,6,10,21.355901561691,5,2,2,1,0,0,4,2
fold3_0001676,sa_0006574,1676,Cervix,36,0,"[25,50)",AVAILABLE,1,1,1,29,0.6562073527054727,0.8,0.8202591908818408,0.6661259648730283,0.7045885475919605,0.8979606970708194,26,3,10,21.326739783187055,2,1,6,1,2,0,1,0
fold3_0001677,sa_0006575,1677,Cervix,37,0,"[25,50)",AVAILABLE,1,1,1,26,0.5645790417394887,0.6984126984126984,0.8083745370360861,0.5573360955398489,0.5944554176072234,0.8093615891695792,22,4,15,17.784240623168433,7,0,7,1,0,0,1,3
fold3_0001678,sa_0006576,1678,Cervix,37,0,"[25,50)",AVAILABLE,1,1,1,34,0.6797660394199538,0.8169014084507042,0.832127393083047,0.6690118117859678,0.7009285251565537,0.8775337480428251,29,5,8,24.131695231535755,5,0,3,0,0,0,4,1
fold3_0001679,sa_0006577,1679,Cervix,14,0,"[10,25)",AVAILABLE,1,1,1,7,0.5688604333833833,0.6666666666666666,0.853290650075075,0.5729466460039849,0.603590833923931,0.7625220978196818,7,0,7,5.9730354038161755,1,0,6,0,0,0,0,0
fold3_0001680,sa_0006578,1680,Cervix,3,0,"[1,10)",AVAILABLE,1,1,1,3,0.792015098130589,1.0,0.792015098130589,0.754079254079254,0.754079254079254,0.8598006644518272,3,0,0,2.3760460864068653,0,0,0,0,0,0,0,0
fold3_0001681,sa_0006579,1681,Cervix,23,0,"[10,25)",AVAILABLE,1,1,1,25,0.6485617341784957,0.7916666666666666,0.819235874751784,0.6265170075779158,0.6110831551138508,0.8806465466755163,19,6,4,15.565482439519773,2,2,0,0,1,2,2,1
fold3_0001682,sa_0006580,1682,Cervix,40,0,"[25,50)",AVAILABLE,1,1,1,35,0.719489934321962,0.8533333333333334,0.8431522667835492,0.6934737008746586,0.7245857199073062,0.9001850772000102,32,3,8,26.980873380225837,3,1,4,0,0,1,1,1
fold3_0001683,sa_0006581,1683,Cervix,30,0,"[25,50)",AVAILABLE,1,1,1,28,0.6457236694639844,0.7931034482758621,0.8141733223676325,0.634892275354703,0.6522006897684349,0.9007231430630451,23,5,7,18.72598722862887,3,0,4,0,0,0,5,0
fold3_0001684,sa_0006582,1684,Cervix,36,0,"[25,50)",AVAILABLE,1,1,1,32,0.7445355857348636,0.8529411764705882,0.872903790171909,0.7699088013265262,0.7849412420456129,0.9188612470073905,29,3,7,25.314210787889152,5,0,1,1,0,0,0,3
fold3_0001685,sa_0006583,1685,Cervix,44,0,"[25,50)",AVAILABLE,1,1,1,40,0.7509638036579833,0.8809523809523809,0.8524453987469001,0.7337770382695508,0.7490416687409768,0.904334955739618,37,3,7,31.5404806060807,2,0,5,0,0,0,3,0
fold3_0001686,sa_0006584,1686,Cervix,31,0,"[25,50)",AVAILABLE,1,1,1,26,0.630075895988893,0.7368421052631579,0.8551030016992119,0.6946252007098791,0.7454995713877512,0.9067990832696715,21,5,10,17.957163890786454,4,0,5,1,3,0,1,1
fold3_0001687,sa_0006585,1687,Cervix,43,0,"[25,50)",AVAILABLE,1,1,1,36,0.7893092740919476,0.8860759493670886,0.8907918950466267,0.8694055346771439,0.8694055346771439,0.9309635856901357,35,1,8,31.177717217423826,0,0,8,0,0,0,1,0
fold3_0001688,sa_0006586,1688,Cervix,35,0,"[25,50)",AVAILABLE,1,1,1,32,0.7461140996383849,0.835820895522388,0.8926722263530678,0.789458876488793,0.8033306899286281,0.9254617414248021,28,4,7,24.994823230558126,3,0,4,0,0,0,3,1
fold3_0001689,sa_0006587,1689,Cervix,32,0,"[25,50)",AVAILABLE,1,1,1,28,0.6772899160191441,0.8,0.84661239502393,0.7002375056849764,0.7403133661406188,0.9007703058471739,24,4,8,20.318698327186716,5,0,3,0,0,0,3,1
fold3_0001690,sa_0006588,1690,Cervix,39,0,"[25,50)",AVAILABLE,1,1,1,29,0.6396031230713288,0.7352941176470589,0.8698602473770072,0.642405406382133,0.657991452991453,0.9163595123334278,25,4,14,21.746507054285427,7,0,5,2,0,0,0,4
fold3_0001691,sa_0006589,1691,Cervix,39,0,"[25,50)",AVAILABLE,1,1,1,38,0.7733432979843875,0.8571428571428571,0.9022338476484522,0.7900350877192982,0.7853156274056967,0.9103649005551663,33,5,6,29.773717874632766,2,0,4,0,0,0,4,1
fold3_0001692,sa_0006590,1692,Cervix,48,0,"[25,50)",AVAILABLE,1,1,1,39,0.6789687790328988,0.8275862068965517,0.820420607998086,0.6974224092582851,0.7147908724238908,0.862417837350174,36,3,12,29.535142708351703,1,1,10,0,1,1,1,0
fold3_0001693,sa_0006591,1693,Cervix,30,0,"[25,50)",AVAILABLE,1,1,1,10,0.26320793788857894,0.4,0.6580198447214474,0.29580826888188677,0.27334828711256115,0.49611658259268154,8,2,22,5.264159415791423,2,0,19,1,0,0,1,1
fold3_0001694,sa_0006592,1694,Cervix,66,0,"[50,+inf)",AVAILABLE,1,1,1,54,0.6931329849149613,0.8333333333333334,0.8317595818979535,0.6493349011538179,0.6896353953297829,0.8573368247502667,50,4,16,41.587979926657255,7,1,8,0,0,0,3,1
fold3_0001695,sa_0006593,1695,Cervix,78,0,"[50,+inf)",AVAILABLE,1,1,1,66,0.616510524586635,0.75,0.82201403278218,0.6038472499287546,0.6468351897552191,0.8588554534040743,54,12,24,44.38875859225175,13,2,6,3,0,1,5,6
fold3_0001696,sa_0006594,1696,Cervix,41,0,"[25,50)",AVAILABLE,1,1,1,33,0.6466198305598071,0.7567567567567568,0.8544619189540308,0.695208467696043,0.7126432176908901,0.8572898879558373,28,5,13,23.924934585174782,3,0,9,1,0,0,3,2
fold3_0001697,sa_0006595,1697,Cervix,53,0,"[50,+inf)",AVAILABLE,1,1,1,39,0.6328613108254394,0.7608695652173914,0.831760579942006,0.6646004773609775,0.6714554603772135,0.8698090225909498,35,4,18,29.11162112973079,5,0,12,1,3,0,0,1
fold3_0001698,sa_0006596,1698,Cervix,53,0,"[50,+inf)",AVAILABLE,1,1,1,31,0.5567079188216023,0.6666666666666666,0.8350618782324035,0.541255059582779,0.558576582486061,0.8047810441699459,28,3,25,23.381733425569177,10,0,15,0,0,0,0,3
fold3_0001699,sa_0006597,1699,Cervix,42,0,"[25,50)",AVAILABLE,1,1,1,39,0.6848624894003149,0.7901234567901234,0.8667790881472737,0.7060071112220073,0.7483346656008526,0.8763621123218777,32,7,10,27.736931687491843,3,0,6,1,2,0,4,1
fold3_0001700,sa_0006598,1700,Cervix,38,0,"[25,50)",AVAILABLE,1,1,1,23,0.5677963887630405,0.6557377049180327,0.8658894928636368,0.5895784543325527,0.5872093023255814,0.7710349352140397,20,3,18,17.31779072316223,2,0,16,0,0,0,2,1
fold3_0001701,sa_0006599,1701,Colon,7,0,"[1,10)",AVAILABLE,1,1,1,6,0.6243581168428566,0.7692307692307693,0.8116655518957135,0.6182208994708994,0.6632345109178058,0.8229266730707653,5,1,2,4.05832857114412,1,0,1,0,1,0,0,0
fold3_0001702,sa_0006600,1702,Colon,21,0,"[10,25)",AVAILABLE,1,1,1,22,0.587726960269028,0.7441860465116279,0.7897581028615065,0.5737251456279084,0.6225348864029524,0.8379178809202265,16,6,5,12.636130435542208,3,2,0,0,0,1,4,1
fold3_0001703,sa_0006601,1703,Colon,19,0,"[10,25)",AVAILABLE,1,1,1,14,0.35711038490701685,0.42424242424242425,0.8417601929951111,0.3536113724260479,0.48936170212765956,0.7876817792985458,7,7,12,5.89232219272597,4,2,3,3,2,1,1,3
fold3_0001704,sa_0006602,1704,Colon,16,0,"[10,25)",AVAILABLE,1,1,1,16,0.5609423373962972,0.6875,0.8159161271218868,0.5128839192918324,0.5671492306291541,0.839937253079247,11,5,5,8.97507821425688,0,3,0,2,0,1,2,2
fold3_0001705,sa_0006603,1705,Colon,22,0,"[10,25)",AVAILABLE,1,1,1,15,0.4527238096526018,0.5945945945945946,0.7613991344157394,0.3564708172468611,0.4104433284734597,0.8576569678407351,11,4,11,8.375391239972267,5,5,1,0,0,1,2,1
fold3_0001706,sa_0006604,1706,Colon,11,0,"[10,25)",AVAILABLE,1,1,1,15,0.3550582826474795,0.46153846153846156,0.7692929457362055,0.447681103871215,0.46324804287290494,0.6985996409335727,6,9,5,4.615758443710179,2,2,0,1,0,2,5,2
fold3_0001707,sa_0006605,1707,Colon,30,0,"[25,50)",AVAILABLE,1,1,1,23,0.38211504822947046,0.49056603773584906,0.7789268290831514,0.35355699469250623,0.4021565495207668,0.7774494446026773,13,10,17,10.126049557007796,11,4,2,0,0,2,5,3
fold3_0001708,sa_0006606,1708,Colon,12,0,"[10,25)",AVAILABLE,1,1,1,12,0.6201253070657318,0.75,0.8268337427543091,0.6790553926618591,0.6790553926618591,0.8164999056069473,9,3,3,7.441504511622524,0,0,3,0,1,0,2,0
fold3_0001709,sa_0006607,1709,Colon,17,0,"[10,25)",AVAILABLE,1,1,1,21,0.4364558560180027,0.5263157894736842,0.8292661264342052,0.5052416518739324,0.5201170168306676,0.7693384319312189,10,11,7,8.292662093608177,4,0,0,3,2,0,5,4
fold3_0001710,sa_0006608,1710,Colon,19,0,"[10,25)",AVAILABLE,1,1,1,19,0.3395350932961686,0.42105263157894735,0.8063958465784005,0.21713200447292283,0.31166079940185054,0.6055150464337458,8,11,11,6.45116757902305,0,9,2,0,0,6,5,0
fold3_0001711,sa_0006609,1711,Colon,24,0,"[10,25)",AVAILABLE,1,1,1,19,0.29046974515314944,0.37209302325581395,0.7806374400990892,0.30524168549887004,0.322143906020558,0.7637219840511784,8,11,16,6.245100301430153,5,7,3,1,2,5,2,2
fold3_0001712,sa_0006610,1712,Colon,20,0,"[10,25)",AVAILABLE,1,1,1,21,0.5042397710312682,0.6829268292682927,0.7383510932957855,0.5216480446927374,0.5129625091889243,0.7751360456076704,14,7,6,10.33691604449209,2,0,2,2,1,0,4,2
fold3_0001713,sa_0006611,1713,Colon,24,0,"[10,25)",AVAILABLE,1,1,1,19,0.5694444103585325,0.7441860465116279,0.7651909264192781,0.5194344390086555,0.5420442007422515,0.8424795646234904,16,3,8,12.243055587899377,5,0,3,0,1,0,1,1
fold3_0001714,sa_0006612,1714,Colon,8,0,"[1,10)",AVAILABLE,1,1,1,20,0.21879595406168076,0.2857142857142857,0.7657858392158827,0.28071137097265364,0.2870028094041106,0.5295266544117647,4,16,4,3.06314412264937,3,0,0,1,0,0,14,2
fold3_0001715,sa_0006613,1715,Colon,21,0,"[10,25)",AVAILABLE,1,1,1,20,0.658091428969275,0.7804878048780488,0.8431796433668836,0.7074806681761866,0.7481220019911304,0.8582448873932177,16,4,5,13.49087513704978,1,0,3,1,0,0,3,1
fold3_0001716,sa_0006614,1716,Colon,21,0,"[10,25)",AVAILABLE,1,1,1,18,0.5635604217153576,0.717948717948718,0.7849591588178194,0.58035683942226,0.5885238421172713,0.848785158587672,14,4,7,10.98942900840863,3,0,3,1,0,0,2,2
fold3_0001717,sa_0006615,1717,Colon,10,0,"[10,25)",AVAILABLE,1,1,1,12,0.20346718177737066,0.2727272727272727,0.7460463331836925,0.15519021318329634,0.24627928505305136,0.6985115561523298,3,9,7,2.238139745597411,0,6,0,1,0,2,6,1
fold3_0001718,sa_0006616,1718,Colon,17,0,"[10,25)",AVAILABLE,1,1,1,18,0.5501762966897182,0.6857142857142857,0.8023404326725058,0.4036549674940238,0.49111181234879564,0.8510158013544018,12,6,5,9.628085994410501,4,0,0,1,0,0,4,2
fold3_0001719,sa_0006617,1719,Colon,8,0,"[1,10)",AVAILABLE,1,1,1,12,0.3083115520261229,0.4,0.7707788800653073,0.4433723558584393,0.4439681567666871,0.7431156347186881,4,8,4,3.0831162910401093,4,0,0,0,0,0,6,2
fold3_0001720,sa_0006618,1720,Colon,19,0,"[10,25)",AVAILABLE,1,1,1,15,0.5592592182068968,0.7058823529411765,0.7922838924597705,0.4552352048558422,0.551776133534383,0.8541986802856368,12,3,7,9.507407501801138,6,0,1,0,0,0,2,1
fold3_0001721,sa_0006619,1721,Colon,21,0,"[10,25)",AVAILABLE,1,1,1,23,0.49435768044933237,0.6363636363636364,0.7768477835632366,0.41117177656446874,0.46170278637770895,0.8460381674538793,14,9,7,10.875869746733095,7,0,0,0,1,0,6,2
fold3_0001722,sa_0006620,1722,Colon,25,0,"[25,50)",AVAILABLE,1,1,1,24,0.6200593440402746,0.7755102040816326,0.7995502067887752,0.5109572626814006,0.5910601238151866,0.8441855352824796,19,5,6,15.191454728536936,5,0,1,0,0,0,4,1
fold3_0001723,sa_0006621,1723,Colon,17,0,"[10,25)",AVAILABLE,1,1,1,18,0.4200377972534412,0.5142857142857142,0.8167401613261358,0.5214024885041926,0.5203914535246413,0.8143095268624183,9,9,8,7.350662268675383,4,0,1,3,2,0,3,4
fold3_0001724,sa_0006622,1724,Colon,22,0,"[10,25)",AVAILABLE,1,1,1,17,0.2916533175310559,0.41025641025641024,0.7109049614819488,0.2492400461555641,0.30393704931838517,0.8189799584233153,8,9,14,5.687240402760551,13,0,1,0,1,0,5,3
fold3_0001725,sa_0006623,1725,Colon,22,0,"[10,25)",AVAILABLE,1,1,1,21,0.8173880927809265,0.9302325581395349,0.878692199739496,0.8465137435830788,0.8465137435830788,0.9168778153153153,20,1,2,17.57384487348212,0,0,2,0,0,0,1,0
fold3_0001726,sa_0006624,1726,Colon,25,0,"[25,50)",AVAILABLE,1,1,1,23,0.8034870988158466,0.9166666666666666,0.8765313805263781,0.8271993786943953,0.8271993786943953,0.9054286996151031,22,1,3,19.2836912481117,0,0,3,0,0,0,1,0
fold3_0001727,sa_0006625,1727,Colon,28,0,"[25,50)",AVAILABLE,1,1,1,24,0.6763107919164425,0.8076923076923077,0.8373371709441669,0.690892563414423,0.6976497206445953,0.8691726051242996,21,3,7,17.584081427164676,2,0,5,0,0,0,2,1
fold3_0001728,sa_0006626,1728,Colon,23,0,"[10,25)",AVAILABLE,1,1,1,22,0.7380489286015596,0.8444444444444444,0.8740053101860574,0.7938524590163935,0.7938524590163935,0.8850811057802147,19,3,4,16.6061017675404,0,0,4,0,0,0,3,0
fold3_0001729,sa_0006627,1729,Colon,2,0,"[1,10)",AVAILABLE,1,1,1,3,0.0,0.0,0.0,0.32042360060514374,0.21703932151117963,0.6708900855242319,0,3,2,0.0,2,0,0,0,0,0,2,1
fold3_0001730,sa_0006628,1730,Colon,28,0,"[25,50)",AVAILABLE,1,1,1,26,0.5182519824597152,0.6666666666666666,0.7773779736895728,0.5823448815815228,0.5792227845929484,0.8128089521429736,18,8,10,13.992804303790285,3,1,4,2,2,0,3,3
fold3_0001731,sa_0006629,1731,Colon,35,0,"[25,50)",AVAILABLE,1,1,1,31,0.4751163171005196,0.6060606060606061,0.7839419232158573,0.5395693876959634,0.5695020042122427,0.8092980975261347,20,11,15,15.67883924825907,6,6,2,1,0,3,4,4
fold3_0001732,sa_0006630,1732,Colon,23,0,"[10,25)",AVAILABLE,1,1,1,23,0.6246719737624846,0.7391304347826086,0.8451444350904205,0.6763013397759718,0.6763013397759718,0.8076308272844003,17,6,6,14.367456241681584,0,0,5,1,0,1,4,1
fold3_0001733,sa_0006631,1733,Colon,18,0,"[10,25)",AVAILABLE,1,1,1,18,0.7949300465753932,0.8888888888888888,0.8942963023973174,0.8729885057471264,0.8729885057471264,0.9321877876649279,16,2,2,14.308741732653381,0,0,2,0,0,0,2,0
fold3_0001734,sa_0006632,1734,Colon,23,0,"[10,25)",AVAILABLE,1,1,1,21,0.73849062225671,0.9090909090909091,0.812339684482381,0.746206264673882,0.7542970870273205,0.8992711771177118,20,1,3,16.246794501987306,1,0,2,0,0,0,1,0
fold3_0001735,sa_0006633,1735,Colon,27,0,"[25,50)",AVAILABLE,1,1,1,21,0.5679069567439874,0.6666666666666666,0.8518604351159812,0.6336035446352147,0.6239930799589123,0.8381770365191917,16,5,11,13.629767813716136,1,2,7,1,0,1,3,1
fold3_0001736,sa_0006634,1736,Colon,15,0,"[10,25)",AVAILABLE,1,1,1,11,0.7300570123753687,0.8461538461538461,0.862794650989072,0.6746819655774507,0.7174770039421814,0.9406691242957501,11,0,4,9.490742023674443,2,0,2,0,0,0,0,0
fold3_0001737,sa_0006635,1737,Colon,22,0,"[10,25)",AVAILABLE,1,1,1,19,0.6211246244695636,0.7317073170731707,0.8488703201084036,0.6456018014091669,0.6727027141108438,0.8977490663167458,15,4,7,12.733055650496373,3,2,2,0,0,1,2,1
fold3_0001738,sa_0006636,1738,Colon,25,0,"[25,50)",AVAILABLE,1,1,1,20,0.6221940372428764,0.7555555555555555,0.8234921081155717,0.6585352719439956,0.6743256743256744,0.8585567878702793,17,3,8,13.999366661456829,3,1,4,0,0,1,1,1
fold3_0001739,sa_0006637,1739,Colon,13,0,"[10,25)",AVAILABLE,1,1,1,16,0.6211323819601794,0.7586206896551724,0.8187654125838729,0.6101722195396748,0.6383440986494422,0.8158130532955808,11,5,2,9.006420357188015,1,0,0,1,0,0,4,1
fold3_0001740,sa_0006638,1740,Colon,18,0,"[10,25)",AVAILABLE,1,1,1,18,0.7792836104346839,0.8888888888888888,0.8766940617390194,0.7861073743426684,0.7861073743426684,0.8802464909277644,16,2,2,14.027105864518374,0,0,2,0,0,0,2,0
fold3_0001741,sa_0006639,1741,Colon,11,0,"[10,25)",AVAILABLE,1,1,1,11,0.8218063065949704,0.9090909090909091,0.9039869372544675,0.8177489750033065,0.8177489750033065,0.8997380675203726,10,1,1,9.039870276531612,0,0,0,1,0,0,0,1
fold3_0001742,sa_0006640,1742,Colon,21,0,"[10,25)",AVAILABLE,1,1,1,20,0.615776012036621,0.7804878048780488,0.7889630154219206,0.6310691222195647,0.6932026383290583,0.8573824595574312,16,4,5,12.623409035713745,3,0,2,0,0,0,3,1
fold3_0001743,NOT_FOUND,1743,Colon,0,1,"[0,1)",NOT_EVALUATED,0,0,0,NOT_EVALUATED,NOT_EVALUATED,NOT_EVALUATED,NOT_EVALUATED,NOT_EVALUATED,NOT_EVALUATED,NOT_EVALUATED,NOT_EVALUATED,NOT_EVALUATED,NOT_EVALUATED,NOT_EVALUATED,NOT_EVALUATED,NOT_EVALUATED,NOT_EVALUATED,NOT_EVALUATED,NOT_EVALUATED,NOT_EVALUATED,NOT_EVALUATED,NOT_EVALUATED
fold3_0001744,sa_0006641,1744,Colon,1,0,"[1,10)",AVAILABLE,1,1,1,2,0.0,0.0,0.0,0.22528581035642234,0.22528581035642234,0.3677277716794731,0,2,1,0.0,0,0,0,1,0,0,1,1
fold3_0001745,sa_0006642,1745,Colon,10,0,"[10,25)",AVAILABLE,1,1,1,11,0.7696033427445677,0.8571428571428571,0.8978705665353289,0.8457541567695962,0.8457541567695962,0.9164320759269685,9,2,1,8.080835996688526,0,0,1,0,0,0,2,0
fold3_0001746,sa_0006643,1746,Colon,16,0,"[10,25)",AVAILABLE,1,1,1,12,0.4074229180349959,0.5,0.8148458360699918,0.39847064076802857,0.4213540060784918,0.916235396200688,7,5,9,5.703921667335779,9,0,0,0,1,0,1,3
fold3_0001747,sa_0006644,1747,Colon,5,0,"[1,10)",AVAILABLE,1,1,1,5,0.36369480433181883,0.4,0.909237010829547,0.4998578333807222,0.4468294604174872,0.798511864252983,2,3,3,1.818474930896105,2,1,0,0,0,2,0,1
fold3_0001748,sa_0006645,1748,Colon,14,0,"[10,25)",AVAILABLE,1,1,1,16,0.5487257438538051,0.7333333333333333,0.7482623779824615,0.6065968637860689,0.6065968637860689,0.7807728788666891,11,5,3,8.230886906069454,0,0,0,3,2,0,1,2
fold3_0001749,sa_0006646,1749,Colon,8,0,"[1,10)",AVAILABLE,1,1,1,7,0.7988008250151118,0.9333333333333333,0.8558580268019056,0.8489431840217181,0.8489431840217181,0.9183009963293131,7,0,1,5.991007043471366,0,0,1,0,0,0,0,0
fold3_0001750,sa_0006647,1750,Colon,9,0,"[1,10)",AVAILABLE,1,1,1,8,0.8147479003195,0.9411764705882353,0.8656696440894687,0.8486414083429009,0.8486414083429009,0.9181244177621364,8,0,1,6.925358018385393,0,0,1,0,0,0,0,0
fold3_0001751,sa_0006648,1751,Colon,2,0,"[1,10)",AVAILABLE,1,1,1,2,0.8505982919890378,1.0,0.8505982919890378,0.8445022771633052,0.8445022771633052,0.9156966490299824,2,0,0,1.7011974345763676,0,0,0,0,0,0,0,0
fold3_0001752,sa_0006649,1752,Colon,1,0,"[1,10)",AVAILABLE,1,1,1,1,0.5882950995899108,1.0,0.5882950995899108,0.5882956878850103,0.5882956878850103,0.7407886231415644,1,0,0,0.5882956878850103,0,0,0,0,0,0,0,0
fold3_0001753,sa_0006650,1753,Colon,2,0,"[1,10)",AVAILABLE,1,1,1,1,0.6304038326366137,0.6666666666666666,0.9456057489549206,0.7596638655462185,0.7596638655462185,0.8634192932187201,1,0,1,0.9456066945606695,0,0,1,0,0,0,0,0
fold3_0001754,sa_0006651,1754,Colon,8,0,"[1,10)",AVAILABLE,1,1,1,6,0.6257657900120068,0.7142857142857143,0.8760721060168095,0.6586924463378666,0.7205996884735203,0.909811021839991,5,1,3,4.380361406156154,2,0,1,0,0,0,0,1
fold3_0001755,sa_0006652,1755,Colon,3,0,"[1,10)",AVAILABLE,1,1,1,4,0.7675081706272043,0.8571428571428571,0.8954261990650718,0.81112146629388,0.81112146629388,0.8957118353344768,3,1,0,2.6862794926214146,0,0,0,0,0,0,1,0
fold3_0001756,sa_0006653,1756,Colon,12,0,"[10,25)",AVAILABLE,1,1,1,10,0.6134751192242712,0.7272727272727273,0.843528288933373,0.6441681468324453,0.6769866711658512,0.8757985814175764,8,2,4,6.748227154995272,1,2,1,0,0,1,1,0
fold3_0001757,NOT_FOUND,1757,Colon,0,1,"[0,1)",NOT_EVALUATED,0,0,0,NOT_EVALUATED,NOT_EVALUATED,NOT_EVALUATED,NOT_EVALUATED,NOT_EVALUATED,NOT_EVALUATED,NOT_EVALUATED,NOT_EVALUATED,NOT_EVALUATED,NOT_EVALUATED,NOT_EVALUATED,NOT_EVALUATED,NOT_EVALUATED,NOT_EVALUATED,NOT_EVALUATED,NOT_EVALUATED,NOT_EVALUATED,NOT_EVALUATED,NOT_EVALUATED
fold3_0001758,sa_0006654,1758,Colon,7,0,"[1,10)",AVAILABLE,1,1,1,6,0.49316887485643096,0.6153846153846154,0.8013994216417003,0.5871559633027523,0.5444531864673485,0.912888436067244,4,2,3,3.205598487966223,3,0,0,0,0,0,1,1
fold3_0001759,sa_0006655,1759,Colon,7,0,"[1,10)",AVAILABLE,1,1,1,8,0.8183515464297932,0.9333333333333333,0.8768052283176356,0.8301149924061618,0.8301149924061618,0.9071724955542383,7,1,0,6.1376374750286775,0,0,0,0,0,0,1,0
fold3_0001760,sa_0006656,1760,Colon,9,0,"[1,10)",AVAILABLE,1,1,1,10,0.5872292089843363,0.7368421052631579,0.7969539264787421,0.5670456201719866,0.5405905611171868,0.8511986020859499,7,3,2,5.5786782823051215,2,0,0,0,0,0,2,1
fold3_0001761,sa_0006657,1761,Colon,11,0,"[10,25)",AVAILABLE,1,1,1,11,0.667610904447547,0.8181818181818182,0.8159688832136686,0.6820336062042223,0.6820336062042223,0.8201844262295082,9,2,2,7.343720764891899,0,0,1,1,2,0,0,0
fold3_0001762,sa_0006658,1762,Colon,25,0,"[25,50)",AVAILABLE,1,1,1,20,0.49457409289704546,0.6222222222222222,0.7948512207273944,0.4073485330184395,0.48650221460670523,0.8031057656756345,14,6,11,11.127917885034742,5,4,2,0,0,3,1,2
fold3_0001763,sa_0006659,1763,Colon,21,0,"[10,25)",AVAILABLE,1,1,1,29,0.20682679839806115,0.28,0.7386671371359326,0.24261272141706924,0.2375084551363115,0.586420779961501,7,22,14,5.1706706986186655,6,7,0,1,0,3,16,3
fold3_0001764,sa_0006660,1764,Colon,24,0,"[10,25)",AVAILABLE,1,1,1,17,0.4145770968261332,0.5365853658536586,0.7726209531759755,0.505333588224049,0.5126438950745423,0.8434907366976483,11,6,13,8.498831257556683,3,4,6,0,1,2,3,0
fold3_0001765,sa_0006661,1765,Colon,14,0,"[10,25)",AVAILABLE,1,1,1,21,0.4570558079024412,0.5714285714285714,0.7998476638292722,0.4340639434833801,0.4340639434833801,0.6058673066599299,10,11,4,7.998477438140386,0,0,2,2,0,0,9,2
fold3_0001766,sa_0006662,1766,Colon,15,0,"[10,25)",AVAILABLE,1,1,1,13,0.44936595512676974,0.5714285714285714,0.7863904214718471,0.47472091521358056,0.48674529322657434,0.7489538226410974,8,5,7,6.291124158165198,3,0,3,1,0,0,3,2
fold3_0001767,sa_0006663,1767,Colon,18,0,"[10,25)",AVAILABLE,1,1,1,19,0.5234563365462924,0.6486486486486487,0.8069951855088674,0.5178872053872053,0.5178872053872053,0.7331762096215168,12,7,6,9.683943033101594,0,2,2,2,0,2,3,2
fold3_0001768,sa_0006664,1768,Colon,24,0,"[10,25)",AVAILABLE,1,1,1,27,0.6039228497276888,0.7450980392156863,0.8105280351608455,0.6556961066505075,0.6556961066505075,0.8186746574559096,19,8,5,15.4000334785841,0,1,3,1,0,2,5,1
fold3_0001769,sa_0006665,1769,Colon,7,0,"[1,10)",AVAILABLE,1,1,1,11,0.6457465170884075,0.7777777777777778,0.8302455219708096,0.7275010464629552,0.7275010464629552,0.8445602132299491,7,4,0,5.811719484041189,0,0,0,0,0,0,4,0
fold3_0001770,sa_0006666,1770,Colon,19,0,"[10,25)",AVAILABLE,1,1,1,16,0.6091086509130275,0.7428571428571429,0.8199539531521522,0.569162307221958,0.724322606998593,0.9001368709201937,13,3,6,10.659402210931932,3,0,2,1,2,0,1,0
fold3_0001771,sa_0006667,1771,Colon,28,0,"[25,50)",AVAILABLE,1,1,1,27,0.5875426808235722,0.7272727272727273,0.8078711861324117,0.6265438967397352,0.664763507422321,0.8167148014440433,20,7,8,16.15742453051942,2,1,1,4,0,0,2,5
fold3_0001772,sa_0006668,1772,Colon,21,0,"[10,25)",AVAILABLE,1,1,1,22,0.5638936328084723,0.6511627906976745,0.8659795075272967,0.5810633101634417,0.6353949199721642,0.8232759767027472,14,8,7,12.12371397136166,2,1,3,1,0,0,6,2
fold3_0001773,sa_0006669,1773,Colon,16,0,"[10,25)",AVAILABLE,1,1,1,16,0.48362261268154283,0.625,0.7737961802904685,0.45377666077978535,0.5318340196388976,0.7896726928984994,10,6,6,7.737962576700864,4,1,1,0,0,0,5,1
fold3_0001774,sa_0006670,1774,Colon,16,0,"[10,25)",AVAILABLE,1,1,1,22,0.5928225050335705,0.7368421052631579,0.8045448282598457,0.5791091941751719,0.6578635600750321,0.8105999702248028,14,8,2,11.263628400182668,0,1,1,0,0,1,7,0
fold3_0001775,sa_0006671,1775,Colon,9,0,"[1,10)",AVAILABLE,1,1,1,13,0.5594685169319213,0.7272727272727273,0.7692692107813919,0.5335476656415991,0.5335476656415991,0.6992981496673047,8,5,1,6.154154455520345,0,0,1,0,1,0,4,0
fold3_0001776,sa_0006672,1776,Colon,6,0,"[1,10)",AVAILABLE,1,1,1,4,0.5967207301084226,0.8,0.7459009126355283,0.5213228894691035,0.6242057041525048,0.8721681375671003,4,0,2,2.9836043964430257,0,1,1,0,0,0,0,0
fold3_0001777,NOT_FOUND,1777,Colon,0,1,"[0,1)",NOT_EVALUATED,0,0,0,NOT_EVALUATED,NOT_EVALUATED,NOT_EVALUATED,NOT_EVALUATED,NOT_EVALUATED,NOT_EVALUATED,NOT_EVALUATED,NOT_EVALUATED,NOT_EVALUATED,NOT_EVALUATED,NOT_EVALUATED,NOT_EVALUATED,NOT_EVALUATED,NOT_EVALUATED,NOT_EVALUATED,NOT_EVALUATED,NOT_EVALUATED,NOT_EVALUATED,NOT_EVALUATED
fold3_0001778,sa_0006673,1778,Colon,4,0,"[1,10)",AVAILABLE,1,1,1,5,0.594467899424248,0.6666666666666666,0.8917018491363722,0.67235699311171,0.67235699311171,0.8047994269340975,3,2,1,2.675106439110966,0,0,1,0,1,0,1,0
fold3_0001779,NOT_FOUND,1779,Colon,0,1,"[0,1)",NOT_EVALUATED,0,0,0,NOT_EVALUATED,NOT_EVALUATED,NOT_EVALUATED,NOT_EVALUATED,NOT_EVALUATED,NOT_EVALUATED,NOT_EVALUATED,NOT_EVALUATED,NOT_EVALUATED,NOT_EVALUATED,NOT_EVALUATED,NOT_EVALUATED,NOT_EVALUATED,NOT_EVALUATED,NOT_EVALUATED,NOT_EVALUATED,NOT_EVALUATED,NOT_EVALUATED,NOT_EVALUATED
fold3_0001780,NOT_FOUND,1780,Colon,0,1,"[0,1)",NOT_EVALUATED,0,0,0,NOT_EVALUATED,NOT_EVALUATED,NOT_EVALUATED,NOT_EVALUATED,NOT_EVALUATED,NOT_EVALUATED,NOT_EVALUATED,NOT_EVALUATED,NOT_EVALUATED,NOT_EVALUATED,NOT_EVALUATED,NOT_EVALUATED,NOT_EVALUATED,NOT_EVALUATED,NOT_EVALUATED,NOT_EVALUATED,NOT_EVALUATED,NOT_EVALUATED,NOT_EVALUATED
fold3_0001781,sa_0006674,1781,Colon,8,0,"[1,10)",AVAILABLE,1,1,1,11,0.5741667434433322,0.7368421052631579,0.7792262946730938,0.5668913515366161,0.5445432903144969,0.8050620588951083,7,4,1,5.454584841937951,1,0,0,0,0,0,4,0
fold3_0001782,sa_0006675,1782,Colon,24,0,"[10,25)",AVAILABLE,1,1,1,25,0.5019437338602414,0.6122448979591837,0.8198414319717277,0.3570884909666306,0.4280282455187398,0.7325979459870673,15,10,9,12.297622299417347,0,7,2,0,0,2,8,0
fold3_0001783,sa_0006676,1783,Colon,51,0,"[50,+inf)",AVAILABLE,1,1,1,46,0.5422123259437691,0.7010309278350515,0.7734499355374354,0.5322771690849867,0.5884507106726786,0.8439359663405427,34,12,17,26.297298581722735,4,9,4,0,0,6,5,1
fold3_0001784,sa_0006677,1784,Colon,2,0,"[1,10)",AVAILABLE,1,1,1,8,0.32238344989503503,0.4,0.8059586247375875,0.36497363308354147,0.36497363308354147,0.5347702318015454,2,6,0,1.6119180554338,0,0,0,0,0,0,6,0
fold3_0001785,sa_0006678,1785,Colon,18,0,"[10,25)",AVAILABLE,1,1,1,24,0.49133090201353385,0.6190476190476191,0.7936883801757085,0.5036410391982504,0.5276752767527675,0.8054699684278596,13,11,5,10.31794973597259,4,0,1,0,1,0,9,1
fold3_0001786,sa_0006679,1786,Colon,19,0,"[10,25)",AVAILABLE,1,1,1,18,0.5733660119179793,0.7027027027027027,0.8159439400371243,0.6023546774896857,0.6222779569250368,0.8856441717791411,13,5,6,10.607272036426556,4,2,0,0,1,1,1,2
fold3_0001787,sa_0006680,1787,Colon,36,0,"[25,50)",AVAILABLE,1,1,1,26,0.4936390476071313,0.6129032258064516,0.8054110776747931,0.39101888327877343,0.4884227578694523,0.8108087821354851,19,7,17,15.302811281232149,5,7,4,1,0,3,1,3
fold3_0001788,sa_0006681,1788,Colon,24,0,"[10,25)",AVAILABLE,1,1,1,20,0.5422748975026258,0.6818181818181818,0.7953365163371846,0.5361540318686625,0.5555307262569832,0.8520327539146675,15,5,9,11.930048540394285,5,1,3,0,0,1,2,2
fold3_0001789,sa_0006682,1789,Colon,22,0,"[10,25)",AVAILABLE,1,1,1,21,0.5971378738815781,0.7441860465116279,0.8024040180283706,0.6359018830525273,0.6402270147559591,0.855893262470243,16,5,6,12.838465090857948,4,0,2,0,0,1,2,2
fold3_0001790,sa_0006683,1790,Colon,20,0,"[10,25)",AVAILABLE,1,1,1,21,0.3940923941910724,0.4878048780487805,0.8078894080916984,0.36871124490764223,0.41788301437993297,0.8592344059783438,10,11,10,8.078894888806392,9,0,0,1,0,0,7,4
fold3_0001791,sa_0006684,1791,Colon,9,0,"[1,10)",AVAILABLE,1,1,1,9,0.5860419061253151,0.7777777777777778,0.753482450732548,0.6160914388166742,0.6155585329090605,0.8549214741097807,7,2,2,5.274377908610287,1,0,1,0,0,0,2,0
fold3_0001792,sa_0006685,1792,Colon,23,0,"[10,25)",AVAILABLE,1,1,1,22,0.6953858179906698,0.8444444444444444,0.8234832055152669,0.715969387755102,0.7331672145053547,0.8785904377351564,19,3,4,15.646181728273277,0,2,2,0,0,2,1,0
fold3_0001793,sa_0006686,1793,Colon,29,0,"[25,50)",AVAILABLE,1,1,1,21,0.3844217165788749,0.52,0.7392725318824518,0.2574870692407569,0.3527202937249666,0.7481648263524767,13,8,16,9.610543653744404,2,11,1,2,0,4,2,2
fold3_0001794,sa_0006687,1794,Colon,30,0,"[25,50)",AVAILABLE,1,1,1,24,0.5531792248647925,0.6666666666666666,0.8297688372971889,0.5658140720598233,0.566678127609411,0.8350263355906696,18,6,12,14.935839901118237,3,0,8,1,0,0,5,1
fold3_0001795,sa_0006688,1795,Colon,27,0,"[25,50)",AVAILABLE,1,1,1,24,0.5034926391066681,0.6274509803921569,0.8024413935762522,0.4741583345408878,0.5177904044240528,0.7993673926969891,16,8,11,12.83906309966143,5,0,2,4,1,0,1,6
fold3_0001796,sa_0006689,1796,Colon,10,0,"[10,25)",AVAILABLE,1,1,1,18,0.2375740759458523,0.2857142857142857,0.8315092658104831,0.16869294853908398,0.2051066093355202,0.6255425586699036,4,14,6,3.3260378947511984,5,0,1,0,1,0,12,1
fold3_0001797,NOT_FOUND,1797,Colon,0,1,"[0,1)",NOT_EVALUATED,0,0,0,NOT_EVALUATED,NOT_EVALUATED,NOT_EVALUATED,NOT_EVALUATED,NOT_EVALUATED,NOT_EVALUATED,NOT_EVALUATED,NOT_EVALUATED,NOT_EVALUATED,NOT_EVALUATED,NOT_EVALUATED,NOT_EVALUATED,NOT_EVALUATED,NOT_EVALUATED,NOT_EVALUATED,NOT_EVALUATED,NOT_EVALUATED,NOT_EVALUATED,NOT_EVALUATED
fold3_0001798,sa_0006690,1798,Colon,25,0,"[25,50)",AVAILABLE,1,1,1,27,0.6385641289594396,0.7692307692307693,0.8301333676472714,0.6443452380952381,0.6533924790805524,0.8374390243902439,20,7,5,16.602668183078798,2,2,1,0,0,2,4,1
fold3_0001799,sa_0006691,1799,Colon,17,0,"[10,25)",AVAILABLE,1,1,1,20,0.7027448550390332,0.8108108108108109,0.8667186545481409,0.7761137200152304,0.7761137200152304,0.8739459768472202,15,5,2,13.000780684940768,0,0,2,0,0,0,5,0
fold3_0001800,sa_0006692,1800,Colon,9,0,"[1,10)",AVAILABLE,1,1,1,8,0.5941249585102413,0.8235294117647058,0.7214374496195788,0.5174362508614748,0.5174362508614748,0.6834408211463349,7,1,2,5.050062868774501,0,0,1,1,0,0,0,1
fold3_0001801,sa_0006693,1801,Colon,16,0,"[10,25)",AVAILABLE,1,1,1,15,0.7309719873101962,0.8387096774193549,0.8715435233313877,0.7410836336522928,0.7660562811363942,0.9175466016086609,13,2,3,11.330066674851563,2,1,0,0,0,1,0,1
fold3_0001802,sa_0006694,1802,Colon,27,0,"[25,50)",AVAILABLE,1,1,1,24,0.635919837437933,0.7843137254901961,0.8107977927333646,0.5939885802271123,0.6318723274282224,0.8709466098919096,20,4,7,16.215956665465086,0,4,2,1,0,1,2,1
fold3_0001803,NOT_FOUND,1803,Colon,0,1,"[0,1)",NOT_EVALUATED,0,0,0,NOT_EVALUATED,NOT_EVALUATED,NOT_EVALUATED,NOT_EVALUATED,NOT_EVALUATED,NOT_EVALUATED,NOT_EVALUATED,NOT_EVALUATED,NOT_EVALUATED,NOT_EVALUATED,NOT_EVALUATED,NOT_EVALUATED,NOT_EVALUATED,NOT_EVALUATED,NOT_EVALUATED,NOT_EVALUATED,NOT_EVALUATED,NOT_EVALUATED,NOT_EVALUATED
fold3_0001804,NOT_FOUND,1804,Colon,0,1,"[0,1)",NOT_EVALUATED,0,0,0,NOT_EVALUATED,NOT_EVALUATED,NOT_EVALUATED,NOT_EVALUATED,NOT_EVALUATED,NOT_EVALUATED,NOT_EVALUATED,NOT_EVALUATED,NOT_EVALUATED,NOT_EVALUATED,NOT_EVALUATED,NOT_EVALUATED,NOT_EVALUATED,NOT_EVALUATED,NOT_EVALUATED,NOT_EVALUATED,NOT_EVALUATED,NOT_EVALUATED,NOT_EVALUATED
fold3_0001805,NOT_FOUND,1805,Colon,0,1,"[0,1)",NOT_EVALUATED,0,0,0,NOT_EVALUATED,NOT_EVALUATED,NOT_EVALUATED,NOT_EVALUATED,NOT_EVALUATED,NOT_EVALUATED,NOT_EVALUATED,NOT_EVALUATED,NOT_EVALUATED,NOT_EVALUATED,NOT_EVALUATED,NOT_EVALUATED,NOT_EVALUATED,NOT_EVALUATED,NOT_EVALUATED,NOT_EVALUATED,NOT_EVALUATED,NOT_EVALUATED,NOT_EVALUATED
fold3_0001806,sa_0006695,1806,Colon,12,0,"[10,25)",AVAILABLE,1,1,1,13,0.741200772612988,0.88,0.8422736052420318,0.7439353099730458,0.7439353099730458,0.8531684698608965,11,2,1,9.265010499935954,0,0,0,1,0,0,1,1
fold3_0001807,sa_0006696,1807,Colon,24,0,"[10,25)",AVAILABLE,1,1,1,21,0.5298721622981665,0.6222222222222222,0.851580260836339,0.33514323160456844,0.4505309226574831,0.7977247434153579,14,7,10,11.922124503289005,0,5,4,1,0,2,4,1
fold3_0001808,sa_0006697,1808,Colon,24,0,"[10,25)",AVAILABLE,1,1,1,22,0.6391731982171514,0.8260869565217391,0.7737359767891832,0.6106927969743854,0.6216381651937718,0.8380673775596867,19,3,5,14.700984332730457,2,0,2,1,0,0,2,1
fold3_0001809,sa_0006698,1809,Colon,1,0,"[1,10)",AVAILABLE,1,1,1,0,0.0,0.0,0.0,0.0,0.0,0.0,0,0,1,0.0,0,0,1,0,0,0,0,0
fold3_0001810,sa_0006699,1810,Colon,17,0,"[10,25)",AVAILABLE,1,1,1,21,0.5788610369950871,0.7368421052631579,0.7855971216361896,0.5387523629489603,0.5387523629489603,0.7087087087087087,14,7,3,10.998360488503774,0,0,2,1,0,0,6,1
fold3_0001811,sa_0006700,1811,Colon,30,0,"[25,50)",AVAILABLE,1,1,1,26,0.5384198841490649,0.6785714285714286,0.7934608819038851,0.5037026371004237,0.5393659180977542,0.8409508281129323,19,7,11,15.0757575496347,8,0,3,0,1,0,3,3
fold3_0001812,sa_0006701,1812,Colon,17,0,"[10,25)",AVAILABLE,1,1,1,17,0.5167806261947394,0.6470588235294118,0.7986609677555063,0.6378000917477955,0.6425973752174142,0.8063532809241136,11,6,6,8.785271443971537,0,1,3,2,0,0,4,2
fold3_0001813,sa_0006702,1813,Colon,21,0,"[10,25)",AVAILABLE,1,1,1,21,0.7329183051590628,0.9047619047619048,0.8100676004389641,0.6519469374620088,0.6838351501398063,0.8821717366191759,19,2,2,15.39128521840792,1,1,0,0,0,0,2,0
fold3_0001814,sa_0006703,1814,Colon,21,0,"[10,25)",AVAILABLE,1,1,1,18,0.5922264557891426,0.717948717948718,0.8248868491348772,0.6012712266388388,0.6359701983126986,0.8712453537822724,14,4,7,11.54841671277513,3,3,1,0,0,3,0,1
fold3_0001815,sa_0006704,1815,Colon,22,0,"[10,25)",AVAILABLE,1,1,1,21,0.7087039695862093,0.8837209302325582,0.8019544919001842,0.7064825046040516,0.7105766289385133,0.8687157706493797,19,2,3,15.237136148057992,1,0,2,0,1,1,0,0
fold3_0001816,sa_0006705,1816,Colon,22,0,"[10,25)",AVAILABLE,1,1,1,19,0.5903120300126498,0.7317073170731707,0.8067597743506213,0.6690208830852091,0.6788590974291073,0.8653675528244225,15,4,7,12.101397422019094,3,0,3,1,0,0,2,2
fold3_0001817,sa_0006706,1817,Colon,23,0,"[10,25)",AVAILABLE,1,1,1,25,0.5738075688170863,0.75,0.7650767584227817,0.5416094742554346,0.5531258039619243,0.8108568588939634,18,7,5,13.77138241668683,2,2,1,0,0,1,6,0
fold3_0001818,sa_0006707,1818,Colon,22,0,"[10,25)",AVAILABLE,1,1,1,21,0.6101082661888418,0.7441860465116279,0.8198329826912563,0.6289680043611355,0.627733954822517,0.8259816069166804,16,5,6,13.117328542893084,4,0,1,1,0,0,2,3
fold3_0001819,sa_0006708,1819,Colon,24,0,"[10,25)",AVAILABLE,1,1,1,25,0.6683687579773552,0.8163265306122449,0.8187517285222601,0.5573775671406003,0.6197407928242941,0.8643499073139826,20,5,4,16.37503538919693,2,0,2,0,1,0,4,0
fold3_0001820,sa_0006709,1820,Colon,21,0,"[10,25)",AVAILABLE,1,1,1,25,0.6856707735544961,0.8260869565217391,0.8300225153554427,0.6760947964966512,0.6760947964966512,0.8125288168936157,19,6,2,15.770428621775928,0,0,1,1,2,0,4,0
fold3_0001821,sa_0006710,1821,Colon,16,0,"[10,25)",AVAILABLE,1,1,1,13,0.6189583182328637,0.7586206896551724,0.8158996013069568,0.5886113413046052,0.6257685352622061,0.8295422946443468,11,2,5,8.974896430276125,2,0,3,0,0,0,1,1
fold3_0001822,sa_0006711,1822,Colon,18,0,"[10,25)",AVAILABLE,1,1,1,21,0.41193095412995195,0.5128205128205128,0.8032653605534064,0.43108953039776504,0.46772316950852555,0.7135008063854796,10,11,8,8.032654408799424,5,0,3,0,1,0,8,2
fold3_0001823,sa_0006712,1823,Colon,2,0,"[1,10)",AVAILABLE,1,1,1,2,0.8354425527331356,1.0,0.8354425527331356,0.8346666666666667,0.8346666666666667,0.9098837209302325,2,0,0,1.6708859409088241,0,0,0,0,0,0,0,0
fold3_0001824,sa_0006713,1824,Colon,5,0,"[1,10)",AVAILABLE,1,1,1,7,0.5180826061786779,0.6666666666666666,0.7771239092680169,0.538802343861655,0.589481373265157,0.8662683823529411,4,3,1,3.1084964141959768,1,0,0,0,0,0,3,0
fold3_0001825,sa_0006714,1825,Colon,16,0,"[10,25)",AVAILABLE,1,1,1,13,0.6693550219751446,0.8275862068965517,0.8088039848866331,0.6199545045759932,0.621067117032589,0.9103256675412872,12,1,4,9.705648627443582,2,0,2,0,1,0,0,0
fold3_0001826,sa_0006715,1826,Colon,17,0,"[10,25)",AVAILABLE,1,1,1,19,0.5914157798782993,0.7777777777777778,0.7603917169863847,0.6114948199309325,0.6114948199309325,0.7716975355885505,14,5,3,10.645484798201103,0,0,3,0,1,0,4,0
fold3_0001827,sa_0006716,1827,Colon,28,0,"[25,50)",AVAILABLE,1,1,1,24,0.712507136707749,0.8461538461538461,0.8420538888364306,0.7362088974854932,0.7587820091923835,0.8882355686219608,22,2,6,18.525186396455364,3,0,3,0,0,0,1,1
fold3_0001828,sa_0006717,1828,Colon,23,0,"[10,25)",AVAILABLE,1,1,1,22,0.6461614673209736,0.7555555555555555,0.8552137067483474,0.5264937643482037,0.5982882165605096,0.8454008817156093,17,5,6,14.538633869935614,5,0,1,0,0,0,3,2
fold3_0001829,sa_0006718,1829,Colon,15,0,"[10,25)",AVAILABLE,1,1,1,17,0.676035143380163,0.8125,0.8320432533909699,0.7281010230179028,0.7423688090427565,0.8599097405039489,13,4,2,10.81656312612586,1,0,1,0,0,1,3,0
fold3_0001830,sa_0006719,1830,Colon,14,0,"[10,25)",AVAILABLE,1,1,1,14,0.65619492898541,0.8571428571428571,0.7655607504829783,0.6070697674418605,0.637513552584026,0.8268121196834505,12,2,2,9.18672977135649,0,2,0,0,0,1,1,0
fold3_0001831,sa_0006720,1831,Colon,10,0,"[10,25)",AVAILABLE,1,1,1,9,0.5838752402393295,0.8421052631578947,0.6933518477842038,0.5766233766233766,0.5766233766233766,0.779345140032949,8,1,2,5.546815475625477,0,0,2,0,0,1,0,0
fold3_0001832,NOT_FOUND,1832,Colon,0,1,"[0,1)",NOT_EVALUATED,0,0,0,NOT_EVALUATED,NOT_EVALUATED,NOT_EVALUATED,NOT_EVALUATED,NOT_EVALUATED,NOT_EVALUATED,NOT_EVALUATED,NOT_EVALUATED,NOT_EVALUATED,NOT_EVALUATED,NOT_EVALUATED,NOT_EVALUATED,NOT_EVALUATED,NOT_EVALUATED,NOT_EVALUATED,NOT_EVALUATED,NOT_EVALUATED,NOT_EVALUATED,NOT_EVALUATED
fold3_0001833,NOT_FOUND,1833,Colon,0,1,"[0,1)",NOT_EVALUATED,0,0,0,NOT_EVALUATED,NOT_EVALUATED,NOT_EVALUATED,NOT_EVALUATED,NOT_EVALUATED,NOT_EVALUATED,NOT_EVALUATED,NOT_EVALUATED,NOT_EVALUATED,NOT_EVALUATED,NOT_EVALUATED,NOT_EVALUATED,NOT_EVALUATED,NOT_EVALUATED,NOT_EVALUATED,NOT_EVALUATED,NOT_EVALUATED,NOT_EVALUATED,NOT_EVALUATED
fold3_0001834,NOT_FOUND,1834,Colon,0,1,"[0,1)",NOT_EVALUATED,0,0,0,NOT_EVALUATED,NOT_EVALUATED,NOT_EVALUATED,NOT_EVALUATED,NOT_EVALUATED,NOT_EVALUATED,NOT_EVALUATED,NOT_EVALUATED,NOT_EVALUATED,NOT_EVALUATED,NOT_EVALUATED,NOT_EVALUATED,NOT_EVALUATED,NOT_EVALUATED,NOT_EVALUATED,NOT_EVALUATED,NOT_EVALUATED,NOT_EVALUATED,NOT_EVALUATED
fold3_0001835,NOT_FOUND,1835,Colon,0,1,"[0,1)",NOT_EVALUATED,0,0,0,NOT_EVALUATED,NOT_EVALUATED,NOT_EVALUATED,NOT_EVALUATED,NOT_EVALUATED,NOT_EVALUATED,NOT_EVALUATED,NOT_EVALUATED,NOT_EVALUATED,NOT_EVALUATED,NOT_EVALUATED,NOT_EVALUATED,NOT_EVALUATED,NOT_EVALUATED,NOT_EVALUATED,NOT_EVALUATED,NOT_EVALUATED,NOT_EVALUATED,NOT_EVALUATED
fold3_0001836,NOT_FOUND,1836,Colon,0,1,"[0,1)",NOT_EVALUATED,0,0,0,NOT_EVALUATED,NOT_EVALUATED,NOT_EVALUATED,NOT_EVALUATED,NOT_EVALUATED,NOT_EVALUATED,NOT_EVALUATED,NOT_EVALUATED,NOT_EVALUATED,NOT_EVALUATED,NOT_EVALUATED,NOT_EVALUATED,NOT_EVALUATED,NOT_EVALUATED,NOT_EVALUATED,NOT_EVALUATED,NOT_EVALUATED,NOT_EVALUATED,NOT_EVALUATED
fold3_0001837,NOT_FOUND,1837,Colon,0,1,"[0,1)",NOT_EVALUATED,0,0,0,NOT_EVALUATED,NOT_EVALUATED,NOT_EVALUATED,NOT_EVALUATED,NOT_EVALUATED,NOT_EVALUATED,NOT_EVALUATED,NOT_EVALUATED,NOT_EVALUATED,NOT_EVALUATED,NOT_EVALUATED,NOT_EVALUATED,NOT_EVALUATED,NOT_EVALUATED,NOT_EVALUATED,NOT_EVALUATED,NOT_EVALUATED,NOT_EVALUATED,NOT_EVALUATED
fold3_0001838,NOT_FOUND,1838,Colon,0,1,"[0,1)",NOT_EVALUATED,0,0,0,NOT_EVALUATED,NOT_EVALUATED,NOT_EVALUATED,NOT_EVALUATED,NOT_EVALUATED,NOT_EVALUATED,NOT_EVALUATED,NOT_EVALUATED,NOT_EVALUATED,NOT_EVALUATED,NOT_EVALUATED,NOT_EVALUATED,NOT_EVALUATED,NOT_EVALUATED,NOT_EVALUATED,NOT_EVALUATED,NOT_EVALUATED,NOT_EVALUATED,NOT_EVALUATED
fold3_0001839,NOT_FOUND,1839,Colon,0,1,"[0,1)",NOT_EVALUATED,0,0,0,NOT_EVALUATED,NOT_EVALUATED,NOT_EVALUATED,NOT_EVALUATED,NOT_EVALUATED,NOT_EVALUATED,NOT_EVALUATED,NOT_EVALUATED,NOT_EVALUATED,NOT_EVALUATED,NOT_EVALUATED,NOT_EVALUATED,NOT_EVALUATED,NOT_EVALUATED,NOT_EVALUATED,NOT_EVALUATED,NOT_EVALUATED,NOT_EVALUATED,NOT_EVALUATED
fold3_0001840,NOT_FOUND,1840,Colon,0,1,"[0,1)",NOT_EVALUATED,0,0,0,NOT_EVALUATED,NOT_EVALUATED,NOT_EVALUATED,NOT_EVALUATED,NOT_EVALUATED,NOT_EVALUATED,NOT_EVALUATED,NOT_EVALUATED,NOT_EVALUATED,NOT_EVALUATED,NOT_EVALUATED,NOT_EVALUATED,NOT_EVALUATED,NOT_EVALUATED,NOT_EVALUATED,NOT_EVALUATED,NOT_EVALUATED,NOT_EVALUATED,NOT_EVALUATED
fold3_0001841,NOT_FOUND,1841,Colon,0,1,"[0,1)",NOT_EVALUATED,0,0,0,NOT_EVALUATED,NOT_EVALUATED,NOT_EVALUATED,NOT_EVALUATED,NOT_EVALUATED,NOT_EVALUATED,NOT_EVALUATED,NOT_EVALUATED,NOT_EVALUATED,NOT_EVALUATED,NOT_EVALUATED,NOT_EVALUATED,NOT_EVALUATED,NOT_EVALUATED,NOT_EVALUATED,NOT_EVALUATED,NOT_EVALUATED,NOT_EVALUATED,NOT_EVALUATED
fold3_0001842,NOT_FOUND,1842,Colon,0,1,"[0,1)",NOT_EVALUATED,0,0,0,NOT_EVALUATED,NOT_EVALUATED,NOT_EVALUATED,NOT_EVALUATED,NOT_EVALUATED,NOT_EVALUATED,NOT_EVALUATED,NOT_EVALUATED,NOT_EVALUATED,NOT_EVALUATED,NOT_EVALUATED,NOT_EVALUATED,NOT_EVALUATED,NOT_EVALUATED,NOT_EVALUATED,NOT_EVALUATED,NOT_EVALUATED,NOT_EVALUATED,NOT_EVALUATED
fold3_0001843,NOT_FOUND,1843,Colon,0,1,"[0,1)",NOT_EVALUATED,0,0,0,NOT_EVALUATED,NOT_EVALUATED,NOT_EVALUATED,NOT_EVALUATED,NOT_EVALUATED,NOT_EVALUATED,NOT_EVALUATED,NOT_EVALUATED,NOT_EVALUATED,NOT_EVALUATED,NOT_EVALUATED,NOT_EVALUATED,NOT_EVALUATED,NOT_EVALUATED,NOT_EVALUATED,NOT_EVALUATED,NOT_EVALUATED,NOT_EVALUATED,NOT_EVALUATED
fold3_0001844,NOT_FOUND,1844,Colon,0,1,"[0,1)",NOT_EVALUATED,0,0,0,NOT_EVALUATED,NOT_EVALUATED,NOT_EVALUATED,NOT_EVALUATED,NOT_EVALUATED,NOT_EVALUATED,NOT_EVALUATED,NOT_EVALUATED,NOT_EVALUATED,NOT_EVALUATED,NOT_EVALUATED,NOT_EVALUATED,NOT_EVALUATED,NOT_EVALUATED,NOT_EVALUATED,NOT_EVALUATED,NOT_EVALUATED,NOT_EVALUATED,NOT_EVALUATED
fold3_0001845,NOT_FOUND,1845,Colon,0,1,"[0,1)",NOT_EVALUATED,0,0,0,NOT_EVALUATED,NOT_EVALUATED,NOT_EVALUATED,NOT_EVALUATED,NOT_EVALUATED,NOT_EVALUATED,NOT_EVALUATED,NOT_EVALUATED,NOT_EVALUATED,NOT_EVALUATED,NOT_EVALUATED,NOT_EVALUATED,NOT_EVALUATED,NOT_EVALUATED,NOT_EVALUATED,NOT_EVALUATED,NOT_EVALUATED,NOT_EVALUATED,NOT_EVALUATED
fold3_0001846,NOT_FOUND,1846,Colon,0,1,"[0,1)",NOT_EVALUATED,0,0,0,NOT_EVALUATED,NOT_EVALUATED,NOT_EVALUATED,NOT_EVALUATED,NOT_EVALUATED,NOT_EVALUATED,NOT_EVALUATED,NOT_EVALUATED,NOT_EVALUATED,NOT_EVALUATED,NOT_EVALUATED,NOT_EVALUATED,NOT_EVALUATED,NOT_EVALUATED,NOT_EVALUATED,NOT_EVALUATED,NOT_EVALUATED,NOT_EVALUATED,NOT_EVALUATED
fold3_0001847,NOT_FOUND,1847,Colon,0,1,"[0,1)",NOT_EVALUATED,0,0,0,NOT_EVALUATED,NOT_EVALUATED,NOT_EVALUATED,NOT_EVALUATED,NOT_EVALUATED,NOT_EVALUATED,NOT_EVALUATED,NOT_EVALUATED,NOT_EVALUATED,NOT_EVALUATED,NOT_EVALUATED,NOT_EVALUATED,NOT_EVALUATED,NOT_EVALUATED,NOT_EVALUATED,NOT_EVALUATED,NOT_EVALUATED,NOT_EVALUATED,NOT_EVALUATED
fold3_0001848,NOT_FOUND,1848,Colon,0,1,"[0,1)",NOT_EVALUATED,0,0,0,NOT_EVALUATED,NOT_EVALUATED,NOT_EVALUATED,NOT_EVALUATED,NOT_EVALUATED,NOT_EVALUATED,NOT_EVALUATED,NOT_EVALUATED,NOT_EVALUATED,NOT_EVALUATED,NOT_EVALUATED,NOT_EVALUATED,NOT_EVALUATED,NOT_EVALUATED,NOT_EVALUATED,NOT_EVALUATED,NOT_EVALUATED,NOT_EVALUATED,NOT_EVALUATED
fold3_0001849,NOT_FOUND,1849,Colon,0,1,"[0,1)",NOT_EVALUATED,0,0,0,NOT_EVALUATED,NOT_EVALUATED,NOT_EVALUATED,NOT_EVALUATED,NOT_EVALUATED,NOT_EVALUATED,NOT_EVALUATED,NOT_EVALUATED,NOT_EVALUATED,NOT_EVALUATED,NOT_EVALUATED,NOT_EVALUATED,NOT_EVALUATED,NOT_EVALUATED,NOT_EVALUATED,NOT_EVALUATED,NOT_EVALUATED,NOT_EVALUATED,NOT_EVALUATED
fold3_0001850,NOT_FOUND,1850,Colon,0,1,"[0,1)",NOT_EVALUATED,0,0,0,NOT_EVALUATED,NOT_EVALUATED,NOT_EVALUATED,NOT_EVALUATED,NOT_EVALUATED,NOT_EVALUATED,NOT_EVALUATED,NOT_EVALUATED,NOT_EVALUATED,NOT_EVALUATED,NOT_EVALUATED,NOT_EVALUATED,NOT_EVALUATED,NOT_EVALUATED,NOT_EVALUATED,NOT_EVALUATED,NOT_EVALUATED,NOT_EVALUATED,NOT_EVALUATED
fold3_0001851,NOT_FOUND,1851,Colon,0,1,"[0,1)",NOT_EVALUATED,0,0,0,NOT_EVALUATED,NOT_EVALUATED,NOT_EVALUATED,NOT_EVALUATED,NOT_EVALUATED,NOT_EVALUATED,NOT_EVALUATED,NOT_EVALUATED,NOT_EVALUATED,NOT_EVALUATED,NOT_EVALUATED,NOT_EVALUATED,NOT_EVALUATED,NOT_EVALUATED,NOT_EVALUATED,NOT_EVALUATED,NOT_EVALUATED,NOT_EVALUATED,NOT_EVALUATED
fold3_0001852,NOT_FOUND,1852,Colon,0,1,"[0,1)",NOT_EVALUATED,0,0,0,NOT_EVALUATED,NOT_EVALUATED,NOT_EVALUATED,NOT_EVALUATED,NOT_EVALUATED,NOT_EVALUATED,NOT_EVALUATED,NOT_EVALUATED,NOT_EVALUATED,NOT_EVALUATED,NOT_EVALUATED,NOT_EVALUATED,NOT_EVALUATED,NOT_EVALUATED,NOT_EVALUATED,NOT_EVALUATED,NOT_EVALUATED,NOT_EVALUATED,NOT_EVALUATED
fold3_0001853,NOT_FOUND,1853,Colon,0,1,"[0,1)",NOT_EVALUATED,0,0,0,NOT_EVALUATED,NOT_EVALUATED,NOT_EVALUATED,NOT_EVALUATED,NOT_EVALUATED,NOT_EVALUATED,NOT_EVALUATED,NOT_EVALUATED,NOT_EVALUATED,NOT_EVALUATED,NOT_EVALUATED,NOT_EVALUATED,NOT_EVALUATED,NOT_EVALUATED,NOT_EVALUATED,NOT_EVALUATED,NOT_EVALUATED,NOT_EVALUATED,NOT_EVALUATED
fold3_0001854,NOT_FOUND,1854,Colon,0,1,"[0,1)",NOT_EVALUATED,0,0,0,NOT_EVALUATED,NOT_EVALUATED,NOT_EVALUATED,NOT_EVALUATED,NOT_EVALUATED,NOT_EVALUATED,NOT_EVALUATED,NOT_EVALUATED,NOT_EVALUATED,NOT_EVALUATED,NOT_EVALUATED,NOT_EVALUATED,NOT_EVALUATED,NOT_EVALUATED,NOT_EVALUATED,NOT_EVALUATED,NOT_EVALUATED,NOT_EVALUATED,NOT_EVALUATED
fold3_0001855,NOT_FOUND,1855,Colon,0,1,"[0,1)",NOT_EVALUATED,0,0,0,NOT_EVALUATED,NOT_EVALUATED,NOT_EVALUATED,NOT_EVALUATED,NOT_EVALUATED,NOT_EVALUATED,NOT_EVALUATED,NOT_EVALUATED,NOT_EVALUATED,NOT_EVALUATED,NOT_EVALUATED,NOT_EVALUATED,NOT_EVALUATED,NOT_EVALUATED,NOT_EVALUATED,NOT_EVALUATED,NOT_EVALUATED,NOT_EVALUATED,NOT_EVALUATED
fold3_0001856,NOT_FOUND,1856,Colon,0,1,"[0,1)",NOT_EVALUATED,0,0,0,NOT_EVALUATED,NOT_EVALUATED,NOT_EVALUATED,NOT_EVALUATED,NOT_EVALUATED,NOT_EVALUATED,NOT_EVALUATED,NOT_EVALUATED,NOT_EVALUATED,NOT_EVALUATED,NOT_EVALUATED,NOT_EVALUATED,NOT_EVALUATED,NOT_EVALUATED,NOT_EVALUATED,NOT_EVALUATED,NOT_EVALUATED,NOT_EVALUATED,NOT_EVALUATED
fold3_0001857,NOT_FOUND,1857,Colon,0,1,"[0,1)",NOT_EVALUATED,0,0,0,NOT_EVALUATED,NOT_EVALUATED,NOT_EVALUATED,NOT_EVALUATED,NOT_EVALUATED,NOT_EVALUATED,NOT_EVALUATED,NOT_EVALUATED,NOT_EVALUATED,NOT_EVALUATED,NOT_EVALUATED,NOT_EVALUATED,NOT_EVALUATED,NOT_EVALUATED,NOT_EVALUATED,NOT_EVALUATED,NOT_EVALUATED,NOT_EVALUATED,NOT_EVALUATED
fold3_0001858,NOT_FOUND,1858,Colon,0,1,"[0,1)",NOT_EVALUATED,0,0,0,NOT_EVALUATED,NOT_EVALUATED,NOT_EVALUATED,NOT_EVALUATED,NOT_EVALUATED,NOT_EVALUATED,NOT_EVALUATED,NOT_EVALUATED,NOT_EVALUATED,NOT_EVALUATED,NOT_EVALUATED,NOT_EVALUATED,NOT_EVALUATED,NOT_EVALUATED,NOT_EVALUATED,NOT_EVALUATED,NOT_EVALUATED,NOT_EVALUATED,NOT_EVALUATED
fold3_0001859,NOT_FOUND,1859,Colon,0,1,"[0,1)",NOT_EVALUATED,0,0,0,NOT_EVALUATED,NOT_EVALUATED,NOT_EVALUATED,NOT_EVALUATED,NOT_EVALUATED,NOT_EVALUATED,NOT_EVALUATED,NOT_EVALUATED,NOT_EVALUATED,NOT_EVALUATED,NOT_EVALUATED,NOT_EVALUATED,NOT_EVALUATED,NOT_EVALUATED,NOT_EVALUATED,NOT_EVALUATED,NOT_EVALUATED,NOT_EVALUATED,NOT_EVALUATED
fold3_0001860,NOT_FOUND,1860,Colon,0,1,"[0,1)",NOT_EVALUATED,0,0,0,NOT_EVALUATED,NOT_EVALUATED,NOT_EVALUATED,NOT_EVALUATED,NOT_EVALUATED,NOT_EVALUATED,NOT_EVALUATED,NOT_EVALUATED,NOT_EVALUATED,NOT_EVALUATED,NOT_EVALUATED,NOT_EVALUATED,NOT_EVALUATED,NOT_EVALUATED,NOT_EVALUATED,NOT_EVALUATED,NOT_EVALUATED,NOT_EVALUATED,NOT_EVALUATED
fold3_0001861,NOT_FOUND,1861,Colon,0,1,"[0,1)",NOT_EVALUATED,0,0,0,NOT_EVALUATED,NOT_EVALUATED,NOT_EVALUATED,NOT_EVALUATED,NOT_EVALUATED,NOT_EVALUATED,NOT_EVALUATED,NOT_EVALUATED,NOT_EVALUATED,NOT_EVALUATED,NOT_EVALUATED,NOT_EVALUATED,NOT_EVALUATED,NOT_EVALUATED,NOT_EVALUATED,NOT_EVALUATED,NOT_EVALUATED,NOT_EVALUATED,NOT_EVALUATED
fold3_0001862,NOT_FOUND,1862,Colon,0,1,"[0,1)",NOT_EVALUATED,0,0,0,NOT_EVALUATED,NOT_EVALUATED,NOT_EVALUATED,NOT_EVALUATED,NOT_EVALUATED,NOT_EVALUATED,NOT_EVALUATED,NOT_EVALUATED,NOT_EVALUATED,NOT_EVALUATED,NOT_EVALUATED,NOT_EVALUATED,NOT_EVALUATED,NOT_EVALUATED,NOT_EVALUATED,NOT_EVALUATED,NOT_EVALUATED,NOT_EVALUATED,NOT_EVALUATED
fold3_0001863,sa_0006721,1863,Colon,24,0,"[10,25)",AVAILABLE,1,1,1,22,0.4934598588115541,0.6521739130434783,0.7566384501777162,0.38532952857477915,0.4548778660272741,0.8122862675621112,15,7,9,11.349577509304194,7,0,1,1,0,0,4,3
fold3_0001864,sa_0006722,1864,Colon,27,0,"[25,50)",AVAILABLE,1,1,1,24,0.6050719281379825,0.7450980392156863,0.8120702193430818,0.48655460186880334,0.5790902253180287,0.8481785987947067,19,5,8,15.429334979588774,4,1,2,1,0,1,3,1
fold3_0001865,sa_0006723,1865,Colon,9,0,"[1,10)",AVAILABLE,1,1,1,8,0.299190635560225,0.35294117647058826,0.8477068007539709,0.41691900985340064,0.4811440947891451,0.7461184465184293,3,5,6,2.5431212499687135,3,0,3,0,0,0,4,1
fold3_0001866,sa_0006724,1866,Colon,18,0,"[10,25)",AVAILABLE,1,1,1,21,0.5344706546636695,0.6666666666666666,0.8017059819955044,0.4221436004162331,0.4534460279638538,0.6354047449658201,13,8,5,10.422178567647538,1,0,3,1,2,0,6,0
fold3_0001867,sa_0006725,1867,Colon,25,0,"[25,50)",AVAILABLE,1,1,1,20,0.5873659132218362,0.6666666666666666,0.8810488698327543,0.3775094923038447,0.48048515568428674,0.8484507593357952,15,5,10,13.215733928540184,0,6,3,1,0,3,1,1
fold3_0001868,sa_0006726,1868,Colon,21,0,"[10,25)",AVAILABLE,1,1,1,19,0.3690642666510514,0.5,0.7381285333021028,0.24648551170129923,0.35605068931903633,0.7423031896321551,10,9,11,7.381286071149561,5,3,1,2,0,1,5,3
fold3_0001869,sa_0006727,1869,Colon,24,0,"[10,25)",AVAILABLE,1,1,1,21,0.5812575402629516,0.6666666666666666,0.8718863103944275,0.6590182283338664,0.6436123732960504,0.892580876684654,15,6,9,13.078295527802723,4,0,4,1,2,0,2,2
fold3_0001870,sa_0006728,1870,Colon,10,0,"[10,25)",AVAILABLE,1,1,1,15,0.37610266995653674,0.48,0.7835472290761182,0.4269938650306748,0.4269938650306748,0.5984522785898538,6,9,4,4.701284158003938,0,0,3,1,0,0,8,1
fold3_0001871,sa_0006729,1871,Colon,21,0,"[10,25)",AVAILABLE,1,1,1,20,0.5054109012667954,0.6341463414634146,0.7969941135361005,0.3878999159372991,0.4753652149944873,0.7327713037995376,13,7,8,10.36092427296342,5,0,1,2,0,0,4,3
fold3_0001872,sa_0006730,1872,Colon,36,0,"[25,50)",AVAILABLE,1,1,1,37,0.7348734165563573,0.8493150684931506,0.8652541840099046,0.7480770517022273,0.7760928676009203,0.8887711240652417,31,6,5,26.822880569561228,0,3,2,0,0,3,3,0
fold3_0001873,sa_0006731,1873,Colon,34,0,"[25,50)",AVAILABLE,1,1,1,33,0.6447495557335772,0.8059701492537313,0.799967041373142,0.6429078293779075,0.6857676471836666,0.8212514163414327,27,6,7,21.599110917041877,3,0,3,1,0,0,4,2
fold3_0001874,sa_0006732,1874,Colon,34,0,"[25,50)",AVAILABLE,1,1,1,29,0.6367687862677903,0.7301587301587301,0.8720963811928434,0.5866135384757123,0.6352555480833894,0.8745523398276187,23,6,11,20.05821763953178,5,1,4,1,0,1,2,3
fold3_0001875,sa_0006733,1875,Colon,18,0,"[10,25)",AVAILABLE,1,1,1,15,0.6236638275971811,0.7272727272727273,0.8575377629461239,0.5429185647745304,0.573966461896065,0.7459212376933896,12,3,6,10.29045401289125,1,0,5,0,0,0,3,0
fold3_0001876,sa_0006734,1876,Colon,27,0,"[25,50)",AVAILABLE,1,1,1,23,0.577086206103497,0.68,0.848656185446319,0.4180372067942842,0.5029038438510358,0.8664024062307033,17,6,10,14.42715600124361,0,8,2,0,0,3,3,0
fold3_0001877,sa_0006735,1877,Colon,29,0,"[25,50)",AVAILABLE,1,1,1,26,0.5860028429225259,0.7636363636363637,0.7673846752556887,0.5367888676172243,0.6270407463300864,0.7947636915552933,21,5,8,16.11507894775414,5,0,2,1,0,0,3,2
fold3_0001878,sa_0006736,1878,Colon,2,0,"[1,10)",AVAILABLE,1,1,1,2,0.8542389430471997,1.0,0.8542389430471997,0.8780053428317008,0.8780053428317008,0.9350403034613561,2,0,0,1.7084787403333426,0,0,0,0,0,0,0,0
fold3_0001879,sa_0006737,1879,Colon,20,0,"[10,25)",AVAILABLE,1,1,1,21,0.7368214286680699,0.8780487804878049,0.8391577382053018,0.59523188027495,0.59523188027495,0.746427402639904,18,3,2,15.104840126853171,0,0,2,0,0,0,3,0
fold3_0001880,sa_0006738,1880,Colon,28,0,"[25,50)",AVAILABLE,1,1,1,23,0.6276831686993459,0.7843137254901961,0.8002960400916661,0.6514428339974603,0.6601153291686689,0.8781080846383188,20,3,8,16.005921602129362,2,1,4,1,0,1,1,1
fold3_0001881,sa_0006739,1881,Colon,15,0,"[10,25)",AVAILABLE,1,1,1,10,0.6610648503908307,0.8,0.8263310629885383,0.7600612609546499,0.7600612609546499,0.8636759160785072,10,0,5,8.263311456216446,0,0,5,0,0,0,0,0
fold3_0001882,sa_0006740,1882,Colon,17,0,"[10,25)",AVAILABLE,1,1,1,16,0.597092024673411,0.7272727272727273,0.8210015339259402,0.661526051058176,0.6703033268101761,0.8180779707682845,12,4,5,9.852019228112816,2,1,2,0,0,1,2,1
fold3_0001883,sa_0006741,1883,Colon,22,0,"[10,25)",AVAILABLE,1,1,1,16,0.5932282984979663,0.7894736842105263,0.7514225114307573,0.6266379034835411,0.6175804259175351,0.8787675070028012,15,1,7,11.27133842288387,4,0,3,0,0,0,1,0
fold3_0001884,sa_0006742,1884,Colon,13,0,"[10,25)",AVAILABLE,1,1,1,10,0.6419257514405062,0.782608695652174,0.8202384601739802,0.5460509390275277,0.6287290912226245,0.9010058231868714,9,1,4,7.382146961804281,3,0,1,0,0,0,0,1
fold3_0001885,sa_0006743,1885,Colon,4,0,"[1,10)",AVAILABLE,1,1,1,6,0.5344465589911133,0.6,0.8907442649851888,0.3687566418703507,0.3687566418703507,0.5388198757763976,3,3,1,2.6722336856998314,0,0,1,0,0,0,3,0
fold3_0001886,sa_0006744,1886,Colon,14,0,"[10,25)",AVAILABLE,1,1,1,14,0.7052236843277074,0.8571428571428571,0.8227609650489921,0.7668078348332451,0.7668078348332451,0.8681647940074907,12,2,2,9.873132403348869,0,0,1,1,0,0,1,1
fold3_0001887,sa_0006745,1887,Colon,17,0,"[10,25)",AVAILABLE,1,1,1,13,0.668352145373325,0.8,0.8354401817166562,0.6710953646294656,0.6750295991430343,0.9180747223157186,12,1,5,10.025283016040056,3,0,2,0,0,0,0,1
fold3_0001888,sa_0006746,1888,Colon,11,0,"[10,25)",AVAILABLE,1,1,1,8,0.3517609099251355,0.42105263157894735,0.8354321610721968,0.3619073131529601,0.4113875744161197,0.8767034393251135,4,4,7,3.3417294797209482,6,0,1,0,0,0,2,2
fold3_0001889,sa_0006747,1889,Colon,7,0,"[1,10)",AVAILABLE,1,1,1,6,0.7932330880187204,0.9230769230769231,0.8593358453536137,0.8576944291230005,0.8576944291230005,0.9233966745843231,6,0,1,5.156015931457528,0,0,1,0,0,0,0,0
fold3_0001890,sa_0006748,1890,Colon,17,0,"[10,25)",AVAILABLE,1,1,1,12,0.6592309147393655,0.7586206896551724,0.8689862057928,0.7827875734676742,0.7827875734676742,0.878161352611501,11,1,6,9.558849132707005,0,0,6,0,0,0,1,0
fold3_0001891,sa_0006749,1891,Colon,13,0,"[10,25)",AVAILABLE,1,1,1,14,0.40860284189131924,0.5185185185185185,0.7880197665046872,0.5002882750668274,0.5029664226205504,0.8016629572082477,7,7,6,5.516139153552577,2,0,4,0,0,0,7,0
fold3_0001892,sa_0006750,1892,Colon,11,0,"[10,25)",AVAILABLE,1,1,1,7,0.5868942911736583,0.6666666666666666,0.8803414367604876,0.6223035764573359,0.7041377831773029,0.9268640442841567,6,1,5,5.282049500904362,3,0,2,0,0,0,0,1
fold3_0001893,sa_0006751,1893,Colon,13,0,"[10,25)",AVAILABLE,1,1,1,10,0.6828400164194328,0.8695652173913043,0.7852660188823477,0.6218103982425506,0.6691924507121307,0.9280820478332142,10,0,3,7.8526609740894955,2,1,0,0,0,0,0,0
fold3_0001894,NOT_FOUND,1894,Colon,0,1,"[0,1)",NOT_EVALUATED,0,0,0,NOT_EVALUATED,NOT_EVALUATED,NOT_EVALUATED,NOT_EVALUATED,NOT_EVALUATED,NOT_EVALUATED,NOT_EVALUATED,NOT_EVALUATED,NOT_EVALUATED,NOT_EVALUATED,NOT_EVALUATED,NOT_EVALUATED,NOT_EVALUATED,NOT_EVALUATED,NOT_EVALUATED,NOT_EVALUATED,NOT_EVALUATED,NOT_EVALUATED,NOT_EVALUATED
fold3_0001895,sa_0006752,1895,Colon,18,0,"[10,25)",AVAILABLE,1,1,1,15,0.5753261600868039,0.7272727272727273,0.7910734701193554,0.534132972665148,0.5418430335097002,0.8583030684320399,12,3,6,9.492882432505734,4,0,2,0,0,0,2,1
fold3_0001896,NOT_FOUND,1896,Colon,0,1,"[0,1)",NOT_EVALUATED,0,0,0,NOT_EVALUATED,NOT_EVALUATED,NOT_EVALUATED,NOT_EVALUATED,NOT_EVALUATED,NOT_EVALUATED,NOT_EVALUATED,NOT_EVALUATED,NOT_EVALUATED,NOT_EVALUATED,NOT_EVALUATED,NOT_EVALUATED,NOT_EVALUATED,NOT_EVALUATED,NOT_EVALUATED,NOT_EVALUATED,NOT_EVALUATED,NOT_EVALUATED,NOT_EVALUATED
fold3_0001897,NOT_FOUND,1897,Colon,0,1,"[0,1)",NOT_EVALUATED,0,0,0,NOT_EVALUATED,NOT_EVALUATED,NOT_EVALUATED,NOT_EVALUATED,NOT_EVALUATED,NOT_EVALUATED,NOT_EVALUATED,NOT_EVALUATED,NOT_EVALUATED,NOT_EVALUATED,NOT_EVALUATED,NOT_EVALUATED,NOT_EVALUATED,NOT_EVALUATED,NOT_EVALUATED,NOT_EVALUATED,NOT_EVALUATED,NOT_EVALUATED,NOT_EVALUATED
fold3_0001898,sa_0006753,1898,Colon,17,0,"[10,25)",AVAILABLE,1,1,1,15,0.5212962650237261,0.6875,0.7582491127617834,0.5542029820643953,0.5542029820643953,0.7131667979793298,11,4,6,8.34074099862873,0,0,6,0,0,0,4,0
fold3_0001899,sa_0006754,1899,Colon,29,0,"[25,50)",AVAILABLE,1,1,1,21,0.5771106580714302,0.76,0.7593561290413555,0.6159828893641843,0.613558039841977,0.8253587893626443,19,2,10,14.427767211141884,4,0,6,0,0,0,0,2
fold3_0001900,sa_0006755,1900,Colon,4,0,"[1,10)",AVAILABLE,1,1,1,4,0.5130544871283145,0.75,0.6840726495044193,0.45594649607444027,0.45594649607444027,0.6263231475933693,3,1,1,2.0522186325859075,0,0,1,0,0,0,1,0
fold3_0001901,sa_0006756,1901,Colon,6,0,"[1,10)",AVAILABLE,1,1,1,5,0.3708791091654403,0.5454545454545454,0.6799450334699739,0.5339233038348082,0.5339233038348082,0.6961538461538461,3,2,3,2.0398357803549554,0,0,3,0,0,0,2,0
fold3_0001902,sa_0006757,1902,Colon,14,0,"[10,25)",AVAILABLE,1,1,1,12,0.5180420913909256,0.6923076923076923,0.7482830208980037,0.5210041502176334,0.5246563386428104,0.7816815742397137,9,3,5,6.734547936365054,1,0,3,1,2,0,1,0
fold3_0001903,sa_0006758,1903,Colon,11,0,"[10,25)",AVAILABLE,1,1,1,8,0.5537117758001516,0.631578947368421,0.8767103116835734,0.7404751712328768,0.7404751712328768,0.8778208202668635,6,2,5,5.260262746811752,0,0,4,1,2,0,0,0
fold3_0001904,sa_0006759,1904,Colon,12,0,"[10,25)",AVAILABLE,1,1,1,13,0.5920741409371618,0.72,0.8223251957460581,0.7088445535047477,0.7088445535047477,0.8393581819316975,9,4,3,7.400927584039718,0,0,2,1,2,0,2,0
fold3_0001905,sa_0006760,1905,Colon,10,0,"[10,25)",AVAILABLE,1,1,1,8,0.5098272798362412,0.6666666666666666,0.7647409197543619,0.5561864518684801,0.5561864518684801,0.7148069579974544,6,2,4,4.588446283267091,0,0,3,1,0,0,1,1
fold3_0001906,sa_0006761,1906,Colon,6,0,"[1,10)",AVAILABLE,1,1,1,5,0.5960735455583898,0.7272727272727273,0.8196011251427858,0.7232954545454545,0.7232954545454545,0.8394329047148038,4,1,2,3.2784053201722685,0,0,1,1,0,0,0,1
fold3_0001907,sa_0006762,1907,Colon,8,0,"[1,10)",AVAILABLE,1,1,1,11,0.6995488489804975,0.8421052631578947,0.8307142581643409,0.7374742205507704,0.7374742205507704,0.8489037843876553,8,3,0,6.645714896028984,0,0,0,0,0,0,3,0
fold3_0001908,sa_0006763,1908,Colon,14,0,"[10,25)",AVAILABLE,1,1,1,13,0.6319551291857528,0.8148148148148148,0.7755812949097876,0.6584571544880928,0.6584571544880928,0.7940598919980363,11,2,3,8.531395019588958,0,0,2,1,0,0,1,1
fold3_0001909,sa_0006764,1909,Colon,13,0,"[10,25)",AVAILABLE,1,1,1,12,0.5256658506045541,0.64,0.8213528915696158,0.6260489303864791,0.6260489303864791,0.7700247128943161,8,4,5,6.570823953909817,0,0,3,2,0,0,2,2
fold3_0001910,sa_0006765,1910,Colon,8,0,"[1,10)",AVAILABLE,1,1,1,7,0.6601421738449411,0.8,0.8251777173061764,0.5994866945832771,0.5994866945832771,0.7495988514483574,6,1,2,4.951067129014776,0,0,2,0,0,0,1,0
fold3_0001911,sa_0006766,1911,Colon,8,0,"[1,10)",AVAILABLE,1,1,1,11,0.4061471492270314,0.5263157894736842,0.7716795835313597,0.5135742370342632,0.5135742370342632,0.7381246907471549,5,6,3,3.858398689336382,0,0,0,3,2,0,2,2
fold3_0001912,sa_0006767,1912,Colon,16,0,"[10,25)",AVAILABLE,1,1,1,13,0.4551109768660571,0.5517241379310345,0.8248886455697285,0.6056369785794814,0.59062053642279,0.8039910202045398,8,5,8,6.5991099894464735,2,0,5,1,0,0,3,2
fold3_0001913,sa_0006768,1913,Colon,21,0,"[10,25)",AVAILABLE,1,1,1,15,0.6443489288160185,0.7777777777777778,0.8284486227634523,0.6776582792207793,0.6820908311910883,0.8506113092205807,14,1,7,11.598281547136954,1,0,5,1,0,0,0,1
fold3_0001914,sa_0006769,1914,Colon,25,0,"[25,50)",AVAILABLE,1,1,1,17,0.5059640108878266,0.6666666666666666,0.75894601633174,0.5324458074858855,0.5475745571417894,0.7378893986959671,14,3,11,10.625244987590376,3,0,8,0,0,0,2,1
fold3_0001915,sa_0006770,1915,Colon,13,0,"[10,25)",AVAILABLE,1,1,1,10,0.4754967327341624,0.6086956521739131,0.7811732037775524,0.5224561767451509,0.526117393645665,0.7109386026817219,7,3,6,5.4682132076160705,1,0,4,1,0,0,2,1
fold3_0001916,sa_0006771,1916,Colon,15,0,"[10,25)",AVAILABLE,1,1,1,17,0.7160717792203962,0.8125,0.8813191128866414,0.7769219898247598,0.7769219898247598,0.8744581858671014,13,4,2,11.457149348845451,0,0,1,1,0,0,3,1
fold3_0001917,sa_0006772,1917,Colon,16,0,"[10,25)",AVAILABLE,1,1,1,13,0.6736397715535445,0.8275862068965517,0.8139813906271997,0.592079207920792,0.6201558550968829,0.7773805654858629,12,1,4,9.767777501507785,1,0,2,1,0,0,0,1
fold3_0001918,sa_0006773,1918,Colon,9,0,"[1,10)",AVAILABLE,1,1,1,10,0.2968425504974353,0.42105263157894735,0.7050010574314088,0.31162423524768107,0.31162423524768107,0.5002507774099709,4,6,5,2.820004934726693,0,0,2,3,3,0,1,2
fold3_0001919,sa_0006774,1919,Colon,11,0,"[10,25)",AVAILABLE,1,1,1,10,0.5624952945551922,0.7619047619047619,0.7382750741036898,0.6005334914048607,0.5858651292349549,0.8351783015399697,8,2,3,5.906201331104592,1,0,1,1,1,0,0,1
fold3_0001920,sa_0006775,1920,Colon,20,0,"[10,25)",AVAILABLE,1,1,1,18,0.776858202437247,0.9473684210526315,0.8200169914615386,0.817560255779636,0.817560255779636,0.8998403290844632,18,0,2,14.760306666324688,0,0,2,0,0,0,0,0
fold3_0001921,sa_0006776,1921,Colon,14,0,"[10,25)",AVAILABLE,1,1,1,14,0.4499553437892834,0.5714285714285714,0.787421851631246,0.3669173691383575,0.3669173691383575,0.6210487444608567,8,6,6,6.299375600471819,0,0,3,3,4,0,1,1
fold3_0001922,sa_0006777,1922,Colon,13,0,"[10,25)",AVAILABLE,1,1,1,10,0.6480991096891471,0.782608695652174,0.8281266401583546,0.6176039119804401,0.6964468604742772,0.8211582222635025,9,1,4,7.453140589551831,1,0,3,0,0,0,1,0
fold3_0001923,sa_0006778,1923,Colon,18,0,"[10,25)",AVAILABLE,1,1,1,19,0.6738148767041817,0.8648648648648649,0.7790984511892101,0.7156550972196983,0.7156550972196983,0.8413080895008606,16,3,2,12.465575998125813,0,1,1,0,0,1,2,0
fold3_0001924,sa_0006779,1924,Colon,21,0,"[10,25)",AVAILABLE,1,1,1,13,0.5775997105196644,0.7058823529411765,0.8182662565695246,0.6107689436356849,0.6098082162508681,0.8687860888033451,12,1,9,9.81919589710055,3,0,6,0,0,0,0,1
fold3_0001925,sa_0006780,1925,Colon,15,0,"[10,25)",AVAILABLE,1,1,1,16,0.5803914094099306,0.7096774193548387,0.8178242587139931,0.6253756696720241,0.6181351948144455,0.8619976229255624,11,5,4,8.996067663678183,1,0,2,1,3,0,2,0
fold3_0001926,sa_0006781,1926,Colon,18,0,"[10,25)",AVAILABLE,1,1,1,16,0.6886320517130949,0.8823529411764706,0.7804496586081743,0.7241282339707537,0.7241282339707537,0.8412167672484098,15,1,3,11.706745659572272,0,0,3,0,0,0,1,0
fold3_0001927,sa_0006782,1927,Colon,23,0,"[10,25)",AVAILABLE,1,1,1,21,0.6841096149847696,0.8636363636363636,0.7921269226139438,0.7007181328545781,0.7007181328545781,0.8297793729547134,19,2,4,15.050412321791855,0,0,4,0,1,0,1,0
fold3_0001928,sa_0006783,1928,Colon,16,0,"[10,25)",AVAILABLE,1,1,1,13,0.738071769802585,0.896551724137931,0.8232338970874987,0.7144751674292156,0.707625333520573,0.8861019736842105,13,0,3,10.70204148537138,1,0,2,0,0,0,0,0
fold3_0001929,sa_0006784,1929,Colon,6,0,"[1,10)",AVAILABLE,1,1,1,4,0.4922377490324498,0.6,0.8203962483874164,0.5738156761412575,0.6201942533387292,0.8335206694142625,3,1,3,2.461189565558498,1,1,1,0,0,1,0,0
fold3_0001930,sa_0006785,1930,Colon,25,0,"[25,50)",AVAILABLE,1,1,1,20,0.6532037658195549,0.8,0.8165047072744436,0.6552291974727786,0.6673609503972846,0.9035347459979642,18,2,7,14.697085547444692,4,0,3,0,0,0,1,1
fold3_0001931,sa_0006786,1931,Colon,24,0,"[10,25)",AVAILABLE,1,1,1,18,0.6136966955202915,0.7142857142857143,0.8591753737284081,0.6436902569499254,0.6301437290805276,0.8882178875535962,15,3,9,12.887631465101496,2,2,5,0,0,1,1,1
fold3_0001932,sa_0006787,1932,Colon,21,0,"[10,25)",AVAILABLE,1,1,1,18,0.6079552666422627,0.717948717948718,0.8467948356802945,0.67063738263639,0.6889376686331001,0.8785335210657425,14,4,7,11.855128546318957,0,3,3,1,0,1,2,1
fold3_0001933,sa_0006788,1933,Colon,25,0,"[25,50)",AVAILABLE,1,1,1,21,0.6080747534816616,0.7391304347826086,0.8226893723575422,0.4928938782281701,0.6135608927330296,0.8823107112089595,17,4,8,13.985720152767591,5,2,1,0,0,2,1,1
fold3_0001934,sa_0006789,1934,Colon,19,0,"[10,25)",AVAILABLE,1,1,1,12,0.5175344899234445,0.6451612903225806,0.802178459381339,0.48121423239611844,0.5741823587710605,0.8523310353511505,10,2,9,8.021785395991849,5,0,3,1,0,0,0,2
fold3_0001935,sa_0006790,1935,Colon,21,0,"[10,25)",AVAILABLE,1,1,1,16,0.6052476125728432,0.7567567567567568,0.7997914880426856,0.6562837205956406,0.6701940035273368,0.8757799750407987,14,2,7,11.197081632389086,3,0,4,0,0,0,1,1
fold3_0001936,sa_0006791,1936,Colon,14,0,"[10,25)",AVAILABLE,1,1,1,13,0.4673044507561163,0.5925925925925926,0.7885762606509463,0.5501000181851246,0.5825047705132068,0.7842863489242876,8,5,6,6.308610873783831,2,0,2,2,2,0,1,2
fold3_0001937,sa_0006792,1937,Colon,8,0,"[1,10)",AVAILABLE,1,1,1,8,0.5216757489615044,0.625,0.8346811983384069,0.5989368998628258,0.5989368998628258,0.7493833780160858,5,3,3,4.173406826373233,0,0,3,0,1,0,2,0
fold3_0001938,sa_0006793,1938,Colon,4,0,"[1,10)",AVAILABLE,1,1,1,3,0.7544239263978115,0.8571428571428571,0.8801612474641135,0.7857754927163667,0.7857754927163667,0.8800383877159309,3,0,1,2.640484622553588,0,0,1,0,0,0,0,0
fold3_0001939,sa_0006794,1939,Colon,27,0,"[25,50)",AVAILABLE,1,1,1,26,0.48564609451830215,0.6037735849056604,0.804351344045938,0.40831648188178415,0.4786472148541114,0.7941967889496816,16,10,11,12.869622309086353,5,3,2,1,1,1,5,3
fold3_0001940,sa_0006795,1940,Colon,27,0,"[25,50)",AVAILABLE,1,1,1,23,0.41062759767925505,0.56,0.7332635672843839,0.37353433835845895,0.4617889221556886,0.801659028648967,14,9,13,10.265690675244942,4,5,3,1,0,2,5,2
fold3_0001941,sa_0006796,1941,Colon,32,0,"[25,50)",AVAILABLE,1,1,1,22,0.339504542115236,0.4444444444444444,0.763885219759281,0.38323643410852715,0.41050441638075774,0.8211670332513908,12,10,20,9.166623400996592,11,4,4,1,1,3,1,5
fold3_0001942,sa_0006797,1942,Colon,22,0,"[10,25)",AVAILABLE,1,1,1,18,0.4809214918377488,0.6,0.8015358197295813,0.4214588235294118,0.5012948575656678,0.7356661738130442,12,6,10,9.618430638290794,6,0,4,0,0,0,4,2
fold3_0001943,sa_0006798,1943,Colon,18,0,"[10,25)",AVAILABLE,1,1,1,16,0.5478223020900364,0.6470588235294118,0.8466344668664197,0.45977735769796263,0.5431997178793935,0.833714198659354,11,5,7,9.312979982165084,5,0,2,0,0,0,4,1
fold3_0001944,sa_0006799,1944,Colon,28,0,"[25,50)",AVAILABLE,1,1,1,12,0.23013492255368695,0.3,0.7671164085122899,0.3622277315388702,0.4052022431690729,0.6947439925278084,6,6,22,4.602699218190148,10,0,11,1,0,0,1,5
fold3_0001945,sa_0006800,1945,Colon,34,0,"[25,50)",AVAILABLE,1,1,1,24,0.3507306062728661,0.41379310344827586,0.8475989651594265,0.22102522797226937,0.35237205377057085,0.6849718068153959,12,12,22,10.171188429512082,18,0,2,2,0,0,5,7
fold3_0001946,sa_0006801,1946,Colon,18,0,"[10,25)",AVAILABLE,1,1,1,15,0.6529102566782828,0.8484848484848485,0.7695013739422619,0.511770677236912,0.6432625049491884,0.8529435386715927,14,1,4,10.77302000469304,3,0,1,0,0,0,1,0
fold3_0001947,sa_0006802,1947,Esophagus,37,0,"[25,50)",AVAILABLE,1,1,1,25,0.5486023141076046,0.6451612903225806,0.8503335868667872,0.5354094924389878,0.5667937776163671,0.8288970446204366,20,5,17,17.006672587669332,10,0,7,0,0,0,2,3
fold3_0001948,sa_0006803,1948,Esophagus,25,0,"[25,50)",AVAILABLE,1,1,1,17,0.4521293660025051,0.5714285714285714,0.7912263905043839,0.5979324006438034,0.6019380093691844,0.7738653206745985,12,5,13,9.494717477278996,1,0,10,2,0,0,3,2
fold3_0001949,sa_0006804,1949,Esophagus,19,0,"[10,25)",AVAILABLE,1,1,1,14,0.41170993315317783,0.48484848484848486,0.8491517371284293,0.5929390252479078,0.5881772651388678,0.8056763342730183,8,6,11,6.793214746179171,4,0,6,1,0,0,3,3
fold3_0001950,sa_0006805,1950,Esophagus,13,0,"[10,25)",AVAILABLE,1,1,1,12,0.5923234648881176,0.72,0.8226714790112745,0.5851932498639085,0.5628102903565518,0.8278783211397767,9,3,4,7.404044133772949,2,0,2,0,0,0,2,1
fold3_0001951,sa_0006806,1951,Esophagus,33,0,"[25,50)",AVAILABLE,1,1,1,37,0.44215118904927314,0.6,0.7369186484154553,0.4589964184174574,0.4646664636003655,0.7139960486638245,21,16,12,15.47529235364321,3,0,6,3,6,0,8,2
fold3_0001952,sa_0006807,1952,Esophagus,27,0,"[25,50)",AVAILABLE,1,1,1,26,0.6032382022620987,0.7547169811320755,0.7992906179972806,0.6126252400975964,0.6297570297570297,0.8045830681094844,20,6,7,15.985813159236232,1,0,3,3,2,0,2,2
fold3_0001953,sa_0006808,1953,Esophagus,25,0,"[25,50)",AVAILABLE,1,1,1,19,0.46423803698404303,0.5909090909090909,0.785633601049919,0.5047623872732799,0.5236220472440944,0.7265583519167463,13,6,12,10.213237599282547,4,0,7,1,1,0,2,3
fold3_0001954,sa_0006809,1954,Esophagus,25,0,"[25,50)",AVAILABLE,1,1,1,19,0.5473113541035458,0.6363636363636364,0.860060699305572,0.611500798666574,0.6099560761346998,0.800745725718443,14,5,11,12.040850650338708,2,0,9,0,0,0,4,1
fold3_0001955,sa_0006810,1955,Esophagus,23,0,"[10,25)",AVAILABLE,1,1,1,20,0.4617439991323852,0.5581395348837209,0.8272913317788568,0.5164183720810351,0.5164183720810351,0.6811707516062141,12,8,11,9.927496808637613,0,1,7,3,0,1,4,3
fold3_0001956,sa_0006811,1956,Esophagus,34,0,"[25,50)",AVAILABLE,1,1,1,30,0.6174738985369193,0.71875,0.8590941197035398,0.6553496119360669,0.6816177346946883,0.881969381969382,23,7,11,19.759165612275535,4,2,4,1,2,1,3,1
fold3_0001957,sa_0006812,1957,Esophagus,50,0,"[50,+inf)",AVAILABLE,1,1,1,28,0.5600361183577895,0.6666666666666666,0.8400541775366843,0.5421285129678312,0.6202118446472586,0.8329016076641585,26,2,24,21.84140945600797,4,2,18,0,1,0,0,1
fold3_0001958,sa_0006813,1958,Esophagus,31,0,"[25,50)",AVAILABLE,1,1,1,22,0.6155847394520112,0.7547169811320755,0.8156497797739147,0.6616532587151684,0.6635594259781675,0.8371304283713042,20,2,11,16.312996411128076,3,0,8,0,0,0,1,1
fold3_0001959,sa_0006814,1959,Esophagus,23,0,"[10,25)",AVAILABLE,1,1,1,15,0.39619911657869555,0.47368421052631576,0.8364203572216906,0.4319555233260817,0.4374299266925399,0.6789464210715785,9,6,14,7.527784051415572,1,0,12,1,4,0,2,0
fold3_0001960,sa_0006815,1960,Esophagus,51,0,"[50,+inf)",AVAILABLE,1,1,1,42,0.6132969284421661,0.7311827956989247,0.838773740369433,0.5476242730165697,0.6432304369033517,0.8636247985751845,34,8,17,28.518308011334458,0,6,10,1,3,1,4,0
fold3_0001961,sa_0006816,1961,Esophagus,25,0,"[25,50)",AVAILABLE,1,1,1,15,0.4880690353127066,0.6,0.8134483921878444,0.46638563849116943,0.45793229339528707,0.7305218826475443,12,3,13,9.761381519702525,6,0,7,0,0,0,0,3
fold3_0001962,sa_0006817,1962,Esophagus,19,0,"[10,25)",AVAILABLE,1,1,1,13,0.5221803421238519,0.6875,0.7595350430892391,0.4875478927203065,0.49903047091412744,0.7524715882842096,11,2,8,8.354886233516673,4,0,4,0,0,0,1,1
fold3_0001963,sa_0006818,1963,Esophagus,14,0,"[10,25)",AVAILABLE,1,1,1,6,0.4510774998601496,0.5,0.9021549997202992,0.32241970689117555,0.32241970689117555,0.4876208441405329,5,1,9,4.510775900756496,0,0,9,0,0,0,1,0
fold3_0001964,sa_0006819,1964,Esophagus,23,0,"[10,25)",AVAILABLE,1,1,1,23,0.5559643126191589,0.6956521739130435,0.799198699390041,0.6535892141382242,0.6597458160312067,0.8233510235026535,16,7,7,12.787179989439355,2,0,3,2,1,0,3,3
fold3_0001965,sa_0006820,1965,Esophagus,25,0,"[25,50)",AVAILABLE,1,1,1,20,0.5005259724462429,0.6222222222222222,0.8044167414314618,0.6600700633028087,0.6782224601793602,0.8565959483171159,14,6,11,11.261835184457206,5,0,6,0,0,0,4,2
fold3_0001966,sa_0006821,1966,Esophagus,25,0,"[25,50)",AVAILABLE,1,1,1,16,0.5829377904837967,0.6829268292682927,0.8535874789227023,0.509282215637661,0.6091503267973856,0.8048932001720266,14,2,11,11.95022555850531,4,0,6,1,0,0,0,2
fold3_0001967,sa_0006822,1967,Esophagus,34,0,"[25,50)",AVAILABLE,1,1,1,21,0.5563950021838497,0.6909090909090909,0.8053085557924141,0.6331432002401681,0.6388450615336068,0.8121690574756908,19,2,15,15.300863365364425,1,0,14,0,0,0,2,0
fold3_0001968,sa_0006823,1968,Esophagus,29,0,"[25,50)",AVAILABLE,1,1,1,26,0.7766192287590165,0.9090909090909091,0.8542811516349181,0.7696570472605604,0.7615051286270638,0.9171078034502086,25,1,4,21.357029645154107,0,2,2,0,0,1,0,0
fold3_0001969,sa_0006824,1969,Esophagus,26,0,"[25,50)",AVAILABLE,1,1,1,23,0.6681664853185093,0.7755102040816326,0.8615830994896567,0.6670263092372811,0.6648013430330162,0.9028571428571428,19,4,7,16.37007975188658,3,0,4,0,1,0,2,1
fold3_0001970,sa_0006825,1970,Esophagus,24,0,"[10,25)",AVAILABLE,1,1,1,14,0.6313098115287558,0.7368421052631579,0.8567776013604543,0.6765844565529108,0.6765844565529108,0.8073551421851615,14,0,10,11.994887275823961,0,0,10,0,0,0,0,0
fold3_0001971,sa_0006826,1971,Esophagus,19,0,"[10,25)",AVAILABLE,1,1,1,17,0.6616919399215803,0.7777777777777778,0.8507467798991746,0.6166816836143648,0.6535738753139986,0.8952722920406941,14,3,5,11.910455769335224,3,0,2,0,1,0,1,1
fold3_0001972,sa_0006827,1972,Esophagus,24,0,"[10,25)",AVAILABLE,1,1,1,16,0.5870512180571357,0.65,0.903155720087901,0.5082329025700595,0.5767669235230757,0.9204939569101419,13,3,11,11.741025264298433,7,0,4,0,0,0,1,2
fold3_0001973,sa_0006828,1973,Esophagus,19,0,"[10,25)",AVAILABLE,1,1,1,18,0.6456726174979708,0.7567567567567568,0.8532102445508899,0.6772282328696548,0.7228049145939467,0.9145938424073752,14,4,5,11.944944276922703,4,0,1,0,0,0,3,1
fold3_0001974,sa_0006829,1974,Esophagus,19,0,"[10,25)",AVAILABLE,1,1,1,12,0.6690382971840991,0.7741935483870968,0.864174467196128,0.6928322692977366,0.7342535300650483,0.8736620620254323,12,0,7,10.370094470528002,1,0,6,0,0,0,0,0
fold3_0001975,sa_0006830,1975,Esophagus,23,0,"[10,25)",AVAILABLE,1,1,1,17,0.5795099781056277,0.7,0.8278713972937539,0.5492219215155616,0.558005357510818,0.8591456156593044,14,3,9,11.590200389983952,7,0,2,0,0,0,0,3
fold3_0001976,sa_0006831,1976,Esophagus,22,0,"[10,25)",AVAILABLE,1,1,1,20,0.7316866055233547,0.8095238095238095,0.903848159764144,0.7590032579026151,0.7804855448480356,0.8972157168878481,17,3,5,15.365419619838608,2,0,3,0,0,0,2,1
fold3_0001977,sa_0006832,1977,Esophagus,18,0,"[10,25)",AVAILABLE,1,1,1,15,0.7105823013271687,0.8484848484848485,0.8374719979927345,0.6421443736730361,0.6625291876613002,0.8942933175635719,14,1,4,11.724608809370281,2,0,2,0,0,0,1,0
fold3_0001978,sa_0006833,1978,Esophagus,13,0,"[10,25)",AVAILABLE,1,1,1,12,0.7597776391495841,0.88,0.8633836808518001,0.8260159651669086,0.8260159651669086,0.9047193243914555,11,1,2,9.497221352753481,0,0,2,0,0,0,1,0
fold3_0001979,sa_0006834,1979,Esophagus,22,0,"[10,25)",AVAILABLE,1,1,1,19,0.7621518168006185,0.8780487804878049,0.8680062358007044,0.7693492491336157,0.7693492491336157,0.8696409140369967,18,1,4,15.624113112418915,0,0,4,0,0,0,1,0
fold3_0001980,sa_0006835,1980,Esophagus,25,0,"[25,50)",AVAILABLE,1,1,1,20,0.761907967512072,0.8888888888888888,0.857146463451081,0.8112260575642732,0.825327972915785,0.9186808091346432,20,0,5,17.142930126168086,1,0,4,0,0,0,0,0
fold3_0001981,sa_0006836,1981,Esophagus,17,0,"[10,25)",AVAILABLE,1,1,1,15,0.6948133829720745,0.8125,0.855154932888707,0.7190109184328838,0.7190109184328838,0.8636278722211844,13,2,4,11.117014982708124,0,0,3,1,2,0,0,0
fold3_0001982,sa_0006837,1982,Esophagus,22,0,"[10,25)",AVAILABLE,1,1,1,16,0.6995289823943934,0.7894736842105263,0.8860700443662316,0.7145343777197564,0.7145343777197564,0.8338409475465313,15,1,7,13.291051551563518,0,0,7,0,0,0,1,0
fold3_0001983,sa_0006838,1983,Esophagus,9,0,"[1,10)",AVAILABLE,1,1,1,8,0.8648274582502791,0.9411764705882353,0.9188791743909215,0.8476095617529881,0.9167924121577926,0.9570400359874044,8,0,1,7.3510343140065455,1,0,0,0,0,0,0,0
fold3_0001984,sa_0006839,1984,Esophagus,6,0,"[1,10)",AVAILABLE,1,1,1,7,0.8217225602704379,0.9230769230769231,0.8901994402929744,0.8414872798434442,0.8414872798434442,0.9139213602550478,6,1,0,5.341197531957286,0,0,0,0,0,0,1,0
fold3_0001985,sa_0006840,1985,Esophagus,17,0,"[10,25)",AVAILABLE,1,1,1,14,0.6823745913506408,0.7741935483870968,0.8814005138279111,0.7401232330554549,0.7401232330554549,0.8594042907727557,12,2,5,10.576807047335446,0,0,5,0,1,0,1,0
fold3_0001986,sa_0006841,1986,Esophagus,25,0,"[25,50)",AVAILABLE,1,1,1,20,0.75498275145456,0.8888888888888888,0.84935559538638,0.760628188456537,0.7757078202294495,0.9014284867524154,20,0,5,16.987112757083196,1,0,4,0,0,0,0,0
fold3_0001987,NOT_FOUND,1987,Head & Neck,0,1,"[0,1)",NOT_EVALUATED,0,0,0,NOT_EVALUATED,NOT_EVALUATED,NOT_EVALUATED,NOT_EVALUATED,NOT_EVALUATED,NOT_EVALUATED,NOT_EVALUATED,NOT_EVALUATED,NOT_EVALUATED,NOT_EVALUATED,NOT_EVALUATED,NOT_EVALUATED,NOT_EVALUATED,NOT_EVALUATED,NOT_EVALUATED,NOT_EVALUATED,NOT_EVALUATED,NOT_EVALUATED,NOT_EVALUATED
fold3_0001988,NOT_FOUND,1988,Head & Neck,0,1,"[0,1)",NOT_EVALUATED,0,0,0,NOT_EVALUATED,NOT_EVALUATED,NOT_EVALUATED,NOT_EVALUATED,NOT_EVALUATED,NOT_EVALUATED,NOT_EVALUATED,NOT_EVALUATED,NOT_EVALUATED,NOT_EVALUATED,NOT_EVALUATED,NOT_EVALUATED,NOT_EVALUATED,NOT_EVALUATED,NOT_EVALUATED,NOT_EVALUATED,NOT_EVALUATED,NOT_EVALUATED,NOT_EVALUATED
fold3_0001989,NOT_FOUND,1989,Head & Neck,0,1,"[0,1)",NOT_EVALUATED,0,0,0,NOT_EVALUATED,NOT_EVALUATED,NOT_EVALUATED,NOT_EVALUATED,NOT_EVALUATED,NOT_EVALUATED,NOT_EVALUATED,NOT_EVALUATED,NOT_EVALUATED,NOT_EVALUATED,NOT_EVALUATED,NOT_EVALUATED,NOT_EVALUATED,NOT_EVALUATED,NOT_EVALUATED,NOT_EVALUATED,NOT_EVALUATED,NOT_EVALUATED,NOT_EVALUATED
fold3_0001990,NOT_FOUND,1990,Head & Neck,0,1,"[0,1)",NOT_EVALUATED,0,0,0,NOT_EVALUATED,NOT_EVALUATED,NOT_EVALUATED,NOT_EVALUATED,NOT_EVALUATED,NOT_EVALUATED,NOT_EVALUATED,NOT_EVALUATED,NOT_EVALUATED,NOT_EVALUATED,NOT_EVALUATED,NOT_EVALUATED,NOT_EVALUATED,NOT_EVALUATED,NOT_EVALUATED,NOT_EVALUATED,NOT_EVALUATED,NOT_EVALUATED,NOT_EVALUATED
fold3_0001991,NOT_FOUND,1991,Head & Neck,0,1,"[0,1)",NOT_EVALUATED,0,0,0,NOT_EVALUATED,NOT_EVALUATED,NOT_EVALUATED,NOT_EVALUATED,NOT_EVALUATED,NOT_EVALUATED,NOT_EVALUATED,NOT_EVALUATED,NOT_EVALUATED,NOT_EVALUATED,NOT_EVALUATED,NOT_EVALUATED,NOT_EVALUATED,NOT_EVALUATED,NOT_EVALUATED,NOT_EVALUATED,NOT_EVALUATED,NOT_EVALUATED,NOT_EVALUATED
fold3_0001992,NOT_FOUND,1992,Head & Neck,0,1,"[0,1)",NOT_EVALUATED,0,0,0,NOT_EVALUATED,NOT_EVALUATED,NOT_EVALUATED,NOT_EVALUATED,NOT_EVALUATED,NOT_EVALUATED,NOT_EVALUATED,NOT_EVALUATED,NOT_EVALUATED,NOT_EVALUATED,NOT_EVALUATED,NOT_EVALUATED,NOT_EVALUATED,NOT_EVALUATED,NOT_EVALUATED,NOT_EVALUATED,NOT_EVALUATED,NOT_EVALUATED,NOT_EVALUATED
fold3_0001993,sa_0006842,1993,Head & Neck,18,0,"[10,25)",AVAILABLE,1,1,1,15,0.6918556951565525,0.7878787878787878,0.8781245361602398,0.7720388689486124,0.7720388689486124,0.8713565853176564,13,2,5,11.415619848207653,0,0,3,2,0,0,0,2
fold3_0001994,sa_0006843,1994,Head & Neck,24,0,"[10,25)",AVAILABLE,1,1,1,21,0.6307765453040797,0.7555555555555555,0.8348513099612819,0.6326924236031584,0.6550570641479733,0.8320057068125074,17,4,7,14.192473104193104,2,0,4,1,0,0,2,2
fold3_0001995,sa_0006844,1995,Head & Neck,20,0,"[10,25)",AVAILABLE,1,1,1,16,0.5984612361457776,0.7222222222222222,0.8286386346633844,0.6725647573878146,0.6751530463511807,0.8555020592841812,13,3,7,10.772303079262631,4,0,3,0,0,0,1,2
fold3_0001996,sa_0006845,1996,Head & Neck,22,0,"[10,25)",AVAILABLE,1,1,1,19,0.6822815664855272,0.8292682926829268,0.8227513007619593,0.6436539306104524,0.6723709083673266,0.8719138556725564,17,2,5,13.98677293570461,2,0,3,0,0,0,2,0
fold3_0001997,sa_0006846,1997,Head & Neck,20,0,"[10,25)",AVAILABLE,1,1,1,16,0.6880568740960319,0.8333333333333334,0.8256682489152383,0.7266851338873499,0.746090841399851,0.8629911666159001,15,1,5,12.385024559396822,1,0,3,1,0,0,0,1
fold3_0001998,sa_0006847,1998,Head & Neck,20,0,"[10,25)",AVAILABLE,1,1,1,16,0.6705594017598321,0.8333333333333334,0.8046712821117985,0.6211850426175419,0.6658214230828339,0.8337100419761059,15,1,5,12.070070036348259,2,0,3,0,0,0,1,0
fold3_0001999,sa_0006848,1999,Head & Neck,18,0,"[10,25)",AVAILABLE,1,1,1,17,0.5568401974852207,0.6857142857142857,0.8120586213326136,0.5844166736559591,0.6076483269284844,0.8133162313432836,12,5,6,9.744704268049984,3,0,1,2,0,0,2,3
fold3_0002000,sa_0006849,2000,Head & Neck,22,0,"[10,25)",AVAILABLE,1,1,1,15,0.4938517422730313,0.5945945945945946,0.8305688392773708,0.4832894470326109,0.49310942089012727,0.7220456952640338,11,4,11,9.136258062619918,3,0,6,2,0,0,1,3
fold3_0002001,sa_0006850,2001,Head & Neck,12,0,"[10,25)",AVAILABLE,1,1,1,8,0.43823822026693204,0.5,0.8764764405338641,0.5425050301810865,0.5606856510920653,0.7663418954827281,5,3,7,4.382383079145761,2,1,3,1,0,1,0,2
fold3_0002002,sa_0006851,2002,Head & Neck,24,0,"[10,25)",AVAILABLE,1,1,1,22,0.5179083588650751,0.6521739130434783,0.7941261502597818,0.5572656149801205,0.5621539313399778,0.7702259636685866,15,7,9,11.911893048022877,1,0,6,2,0,0,5,2
fold3_0002003,sa_0006852,2003,Head & Neck,13,0,"[10,25)",AVAILABLE,1,1,1,5,0.30489042676096567,0.3333333333333333,0.9146712802828971,0.4384601147510642,0.4612521891418564,0.709812734082397,3,2,10,2.744014755519972,4,0,6,0,0,0,0,2
fold3_0002004,sa_0006853,2004,Head & Neck,26,0,"[25,50)",AVAILABLE,1,1,1,22,0.5388279718199332,0.6666666666666666,0.8082419577298999,0.5183583140529122,0.5205074920704365,0.7413321824197957,16,6,10,12.931872131920358,2,0,7,1,0,0,5,1
fold3_0002005,sa_0006854,2005,Head & Neck,25,0,"[25,50)",AVAILABLE,1,1,1,24,0.465034385624564,0.6122448979591837,0.7595561631867879,0.5394078176589626,0.5308776351970669,0.7580735695842533,15,9,10,11.393343207357981,3,0,5,2,0,0,6,3
fold3_0002006,sa_0006855,2006,Head & Neck,31,0,"[25,50)",AVAILABLE,1,1,1,22,0.5951344216524727,0.7169811320754716,0.8300559038837119,0.5352442761853254,0.5483808227171059,0.7463886446426329,19,3,12,15.77106300384643,3,0,8,1,0,0,1,2
fold3_0002007,sa_0006856,2007,Head & Neck,23,0,"[10,25)",AVAILABLE,1,1,1,30,0.371936485211831,0.49056603773584906,0.7581782198548862,0.32608330534094726,0.3136849362288866,0.5345053791655734,13,17,10,9.85631761629174,1,0,6,3,2,0,13,2
fold3_0002008,sa_0006857,2008,Head & Neck,29,0,"[25,50)",AVAILABLE,1,1,1,31,0.5961389927139866,0.7333333333333333,0.8129168082463455,0.5719420657574796,0.5950833568804748,0.7667670504871568,22,9,7,17.88417059433641,1,0,5,1,0,0,8,1
fold3_0002009,sa_0006858,2009,Head & Neck,33,0,"[25,50)",AVAILABLE,1,1,1,32,0.6114538098164701,0.7076923076923077,0.8640108182189251,0.5923214742769388,0.6407500298578765,0.8422623380404717,23,9,10,19.872249683046096,7,0,3,0,0,0,6,3
fold3_0002010,sa_0006859,2010,Head & Neck,34,0,"[25,50)",AVAILABLE,1,1,1,32,0.5999284265478647,0.7272727272727273,0.824901586503314,0.613414764813029,0.6159691568419288,0.7921579475121884,24,8,10,19.797638900981124,3,1,4,2,0,0,5,3
fold3_0002011,sa_0006860,2011,Head & Neck,1,0,"[1,10)",AVAILABLE,1,1,1,4,0.36806046844143275,0.4,0.9201511711035818,0.3717357910906298,0.3717357910906298,0.541993281075028,1,3,0,0.9201520912547528,0,0,0,0,0,0,3,0
fold3_0002012,sa_0006861,2012,Head & Neck,53,0,"[50,+inf)",AVAILABLE,1,1,1,40,0.5414969306076372,0.7096774193548387,0.7630184022198523,0.40789322287423774,0.517041969683694,0.8207231142428093,33,7,20,25.179608036273525,9,7,3,1,0,3,2,2
fold3_0002013,sa_0006862,2013,Head & Neck,61,0,"[50,+inf)",AVAILABLE,1,1,1,52,0.5588407351332614,0.7079646017699115,0.7893625383757317,0.5560792306222534,0.5790996412452263,0.8547208989861976,40,12,21,31.5745023243918,13,4,1,3,1,2,3,6
fold3_0002014,sa_0006863,2014,Head & Neck,48,0,"[25,50)",AVAILABLE,1,1,1,44,0.5983265206376258,0.717391304347826,0.8340309075554785,0.5732903267846089,0.6114920611638737,0.8029672105035611,33,11,15,27.523020783361694,8,1,3,3,0,1,4,6
fold3_0002015,sa_0006864,2015,Head & Neck,10,0,"[10,25)",AVAILABLE,1,1,1,11,0.49365700437250326,0.5714285714285714,0.8638997576518808,0.4620190476190476,0.47604148042195604,0.7345406092907758,6,5,4,5.1833994098110425,2,0,2,0,0,0,4,1
fold3_0002016,sa_0006865,2016,Head & Neck,5,0,"[1,10)",AVAILABLE,1,1,1,3,0.3550108910939489,0.5,0.7100217821878978,0.47699316628701594,0.47699316628701594,0.6458975940777298,2,1,3,1.4200442743975779,0,0,2,1,0,0,0,1
fold3_0002017,sa_0006866,2017,Head & Neck,18,0,"[10,25)",AVAILABLE,1,1,1,16,0.48481550353515473,0.5882352941176471,0.824186356009763,0.5173953796107404,0.5452952278242114,0.8229084881793597,10,6,8,8.241864384283986,2,3,2,1,0,2,2,2
fold3_0002018,sa_0006867,2018,Head & Neck,13,0,"[10,25)",AVAILABLE,1,1,1,11,0.5520085151847209,0.75,0.736011353579628,0.5283752429924123,0.6137648060695208,0.8084432717678101,9,2,4,6.624102918228005,2,0,1,1,0,0,1,1
fold3_0002019,sa_0006868,2019,Head & Neck,19,0,"[10,25)",AVAILABLE,1,1,1,22,0.2860070864029635,0.34146341463414637,0.8375921816086789,0.30790554757690125,0.35582659419329177,0.6010234346989993,7,15,12,5.863146108852934,9,0,2,1,2,0,9,4
fold3_0002020,sa_0006869,2020,Head & Neck,10,0,"[10,25)",AVAILABLE,1,1,1,9,0.4998972084621343,0.631578947368421,0.7915039133983793,0.5299579924828653,0.5299579924828653,0.6932080924855492,6,3,4,4.749024271894189,0,0,3,1,1,0,1,1
fold3_0002021,sa_0006870,2021,Head & Neck,9,0,"[1,10)",AVAILABLE,1,1,1,12,0.5944901086593213,0.7619047619047619,0.7802682676153592,0.6398981490549408,0.6398981490549408,0.7804120633024784,8,4,1,6.24214692119114,0,0,0,1,0,0,3,1
fold3_0002022,sa_0006871,2022,Head & Neck,14,0,"[10,25)",AVAILABLE,1,1,1,12,0.5453829126838894,0.6153846153846154,0.8862472331113203,0.6351819757365684,0.6513227219788142,0.8370109151973132,8,4,6,7.089978751137794,2,0,2,2,0,0,1,3
fold3_0002023,NOT_FOUND,2023,Head & Neck,0,1,"[0,1)",NOT_EVALUATED,0,0,0,NOT_EVALUATED,NOT_EVALUATED,NOT_EVALUATED,NOT_EVALUATED,NOT_EVALUATED,NOT_EVALUATED,NOT_EVALUATED,NOT_EVALUATED,NOT_EVALUATED,NOT_EVALUATED,NOT_EVALUATED,NOT_EVALUATED,NOT_EVALUATED,NOT_EVALUATED,NOT_EVALUATED,NOT_EVALUATED,NOT_EVALUATED,NOT_EVALUATED,NOT_EVALUATED
fold3_0002024,sa_0006872,2024,Head & Neck,15,0,"[10,25)",AVAILABLE,1,1,1,12,0.6894498623681737,0.8148148148148148,0.846143012906395,0.7062146892655368,0.7062146892655368,0.8278145695364238,11,1,4,9.307573988113358,0,0,4,0,0,0,1,0
fold3_0002025,NOT_FOUND,2025,Head & Neck,0,1,"[0,1)",NOT_EVALUATED,0,0,0,NOT_EVALUATED,NOT_EVALUATED,NOT_EVALUATED,NOT_EVALUATED,NOT_EVALUATED,NOT_EVALUATED,NOT_EVALUATED,NOT_EVALUATED,NOT_EVALUATED,NOT_EVALUATED,NOT_EVALUATED,NOT_EVALUATED,NOT_EVALUATED,NOT_EVALUATED,NOT_EVALUATED,NOT_EVALUATED,NOT_EVALUATED,NOT_EVALUATED,NOT_EVALUATED
fold3_0002026,NOT_FOUND,2026,Head & Neck,0,1,"[0,1)",NOT_EVALUATED,0,0,0,NOT_EVALUATED,NOT_EVALUATED,NOT_EVALUATED,NOT_EVALUATED,NOT_EVALUATED,NOT_EVALUATED,NOT_EVALUATED,NOT_EVALUATED,NOT_EVALUATED,NOT_EVALUATED,NOT_EVALUATED,NOT_EVALUATED,NOT_EVALUATED,NOT_EVALUATED,NOT_EVALUATED,NOT_EVALUATED,NOT_EVALUATED,NOT_EVALUATED,NOT_EVALUATED
fold3_0002027,sa_0006873,2027,Head & Neck,12,0,"[10,25)",AVAILABLE,1,1,1,12,0.7914052105992159,0.9166666666666666,0.8633511388355083,0.7979648081407674,0.7979648081407674,0.8876311755689188,11,1,1,9.49686339054173,0,0,1,0,0,0,1,0
fold3_0002028,sa_0006874,2028,Head & Neck,8,0,"[1,10)",AVAILABLE,1,1,1,8,0.5971721896147815,0.75,0.796229586153042,0.6401551891367604,0.6401551891367604,0.7806031933767001,6,2,2,4.777378313147838,0,0,2,0,0,0,2,0
fold3_0002029,sa_0006875,2029,Head & Neck,12,0,"[10,25)",AVAILABLE,1,1,1,11,0.8106079895962551,0.9565217391304348,0.8474538073051758,0.8354255970606246,0.8354255970606246,0.9103344732671615,11,0,1,9.321992727810741,0,0,1,0,0,0,0,0
fold3_0002030,sa_0006876,2030,Head & Neck,68,0,"[50,+inf)",AVAILABLE,1,1,1,58,0.585216780720366,0.6825396825396826,0.8574106322182106,0.5297917575228958,0.568119434960166,0.8352900994748751,43,15,25,36.86865804279368,16,3,4,2,0,2,5,8
fold3_0002031,sa_0006877,2031,Head & Neck,73,0,"[50,+inf)",AVAILABLE,1,1,1,65,0.6110580827217938,0.7246376811594203,0.8432601541560756,0.5643344929777091,0.5898563026738617,0.8370993268882405,50,15,23,42.16300855106393,13,4,2,4,1,1,5,8
fold3_0002032,sa_0006878,2032,Head & Neck,99,0,"[50,+inf)",AVAILABLE,1,1,1,82,0.5902106971425007,0.7182320441988951,0.8217548937137894,0.548793784925719,0.5735792349726776,0.8428802111367701,65,17,34,53.414068913151205,12,12,8,2,0,4,7,6
fold3_0002033,sa_0006879,2033,Head & Neck,96,0,"[50,+inf)",AVAILABLE,1,1,1,88,0.6101172990250505,0.7282608695652174,0.8377730076164873,0.5905507573923103,0.61900441162667,0.8534544400425161,67,21,29,56.130792348077655,15,3,6,5,0,3,10,8
fold3_0002034,sa_0006880,2034,Head & Neck,55,0,"[50,+inf)",AVAILABLE,1,1,1,48,0.49095236554346416,0.6407766990291263,0.7661832371360122,0.4435373130601952,0.4860784129076812,0.7567065185247771,33,15,22,25.284047591671637,9,3,6,4,1,1,7,6
fold3_0002035,sa_0006881,2035,Head & Neck,97,0,"[50,+inf)",AVAILABLE,1,1,1,74,0.6214893220060287,0.7719298245614035,0.8051111671441735,0.5455321050600256,0.6102779121647046,0.9020563493123247,66,8,31,53.13733783662662,19,5,6,1,0,1,2,5
fold3_0002036,sa_0006882,2036,Head & Neck,99,0,"[50,+inf)",AVAILABLE,1,1,1,84,0.642951532391328,0.7540983606557377,0.8526096407798045,0.6204007379317413,0.6546967050534356,0.8751565463198197,69,15,30,58.83006606641615,15,5,8,2,3,2,4,6
fold3_0002037,sa_0006883,2037,Head & Neck,25,0,"[25,50)",AVAILABLE,1,1,1,27,0.5633400960543018,0.6923076923076923,0.8137134720784359,0.5434881087202718,0.5834831834831835,0.8095558546433378,18,9,7,14.64684331112532,5,0,2,0,1,0,7,1
fold3_0002038,sa_0006884,2038,Head & Neck,90,0,"[50,+inf)",AVAILABLE,1,1,1,68,0.5327933111438348,0.6582278481012658,0.8094359919300568,0.5308674077444798,0.5426712065462134,0.8765596909987362,52,16,38,42.09067238979894,13,16,8,1,0,6,5,5
fold3_0002039,sa_0006885,2039,Head & Neck,26,0,"[25,50)",AVAILABLE,1,1,1,32,0.47086118109188974,0.6206896551724138,0.7586096806480446,0.5434114279656524,0.5569742367495176,0.7656084848926632,18,14,8,13.654975010274484,2,4,1,1,1,3,8,2
fold3_0002040,sa_0006886,2040,Head & Neck,26,0,"[25,50)",AVAILABLE,1,1,1,28,0.639297175941895,0.7407407407407407,0.8630511875215582,0.6767048766271615,0.6941176470588235,0.8450388161086851,20,8,6,17.261024613482352,2,0,3,1,0,0,6,2
fold3_0002041,sa_0006887,2041,Head & Neck,29,0,"[25,50)",AVAILABLE,1,1,1,30,0.6769222936345065,0.8135593220338984,0.8320503192590809,0.7312135548465177,0.7312135548465177,0.8514775977121067,24,6,5,19.969208494268262,0,0,4,1,1,0,4,1
fold3_0002042,sa_0006888,2042,Head & Neck,25,0,"[25,50)",AVAILABLE,1,1,1,32,0.4949480189443848,0.631578947368421,0.7836676966619426,0.4748306949057499,0.49534510433386836,0.6784640863644728,18,14,7,14.106019323582665,2,2,1,2,3,1,8,2
fold3_0002043,sa_0006889,2043,Head & Neck,26,0,"[25,50)",AVAILABLE,1,1,1,25,0.6906277063095677,0.7843137254901961,0.8805503255446988,0.7503428602775797,0.7483515234197362,0.8960561823324772,20,5,6,17.611007391444303,2,0,4,0,1,0,3,1
fold3_0002044,sa_0006890,2044,Head & Neck,31,0,"[25,50)",AVAILABLE,1,1,1,25,0.6632316209770664,0.75,0.8843088279694219,0.7252301451084413,0.7404499387459628,0.8929131338985762,21,4,10,18.570486271666688,2,3,4,1,0,1,1,2
fold3_0002045,sa_0006891,2045,Head & Neck,30,0,"[25,50)",AVAILABLE,1,1,1,31,0.5727654014647234,0.7213114754098361,0.794061124757912,0.5380400280664238,0.5923257372654156,0.8483636746290645,22,9,8,17.46934553873519,5,1,1,1,0,0,7,2
fold3_0002046,sa_0006892,2046,Head & Neck,29,0,"[25,50)",AVAILABLE,1,1,1,33,0.5868753064492241,0.7096774193548387,0.8269606590875431,0.5729949744569506,0.5868119112460378,0.7762991306305039,22,11,7,18.19313532688661,4,0,2,1,0,0,9,2
fold3_0002047,sa_0006893,2047,Head & Neck,31,0,"[25,50)",AVAILABLE,1,1,1,31,0.45965887745924594,0.5806451612903226,0.7916347334020346,0.5795093139482054,0.5781286604507333,0.7573778279199572,18,13,13,14.249425992871357,1,0,6,6,0,0,7,6
fold3_0002048,sa_0006894,2048,Head & Neck,31,0,"[25,50)",AVAILABLE,1,1,1,29,0.699459956552543,0.8333333333333334,0.8393519478630516,0.6808043257857385,0.6987930102684201,0.8545068928950159,25,4,6,20.983799535928238,2,0,3,1,0,0,3,1
fold3_0002049,sa_0006895,2049,Head & Neck,10,0,"[10,25)",AVAILABLE,1,1,1,10,0.7745539647465532,0.9,0.8606155163850592,0.84200348095146,0.84200348095146,0.9142257217847769,9,1,1,7.745540508081048,0,0,1,0,0,0,1,0
fold3_0002050,sa_0006896,2050,Head & Neck,6,0,"[1,10)",AVAILABLE,1,1,1,6,0.708093101381344,0.8333333333333334,0.8497117216576128,0.6599825632083697,0.6599825632083697,0.7951680672268907,5,1,1,4.248559457999786,0,0,1,0,0,0,1,0
fold3_0002051,sa_0006897,2051,Head & Neck,27,0,"[25,50)",AVAILABLE,1,1,1,24,0.5600405793167139,0.7058823529411765,0.793390820698678,0.5534095762349927,0.5677887405687754,0.8784659238144598,18,6,9,14.281035565967024,7,1,1,0,0,1,2,3
fold3_0002052,sa_0006898,2052,Head & Neck,7,0,"[1,10)",AVAILABLE,1,1,1,7,0.4405601407512224,0.5714285714285714,0.7709802463146392,0.45696969696969697,0.45696969696969697,0.627287853577371,4,3,3,3.0839217562388033,0,0,3,0,0,0,3,0
fold3_0002053,sa_0006899,2053,Head & Neck,10,0,"[10,25)",AVAILABLE,1,1,1,6,0.6051969349245304,0.75,0.8069292465660406,0.6132864056313242,0.6132864056313242,0.76029451868012,6,0,4,4.84157628632549,0,0,4,0,0,0,0,0
fold3_0002054,sa_0006900,2054,Head & Neck,9,0,"[1,10)",AVAILABLE,1,1,1,8,0.7783109092001051,0.9411764705882353,0.8269553410251117,0.7262644188110027,0.7901049475262368,0.9140145170295924,8,0,1,6.615643555156234,1,0,0,0,0,0,0,0
fold3_0002055,sa_0006901,2055,Head & Neck,10,0,"[10,25)",AVAILABLE,1,1,1,2,0.15639253767138928,0.16666666666666666,0.9383552260283357,0.09115103127079174,0.09115103127079174,0.16707317073170733,1,1,9,0.9383561643835616,0,0,9,0,0,0,1,0
fold3_0002056,sa_0006902,2056,Head & Neck,7,0,"[1,10)",AVAILABLE,1,1,1,7,0.746835648046967,0.8571428571428571,0.8713082560547949,0.6328125,0.6328125,0.7751196172248804,6,1,1,5.227850407637026,0,0,1,0,0,0,1,0
fold3_0002057,sa_0006903,2057,Head & Neck,10,0,"[10,25)",AVAILABLE,1,1,1,4,0.47311016898776187,0.5714285714285714,0.8279427957285833,0.5665753424657535,0.5665753424657535,0.7233298356068556,4,0,6,3.311772010857129,0,0,6,0,0,0,0,0
fold3_0002058,sa_0006904,2058,Head & Neck,16,0,"[10,25)",AVAILABLE,1,1,1,10,0.693640530385074,0.7692307692307693,0.9017326895005962,0.7282683093771389,0.7282683093771389,0.8427722772277227,10,0,6,9.01732779673865,0,0,6,0,0,0,0,0
fold3_0002059,sa_0006905,2059,Head & Neck,18,0,"[10,25)",AVAILABLE,1,1,1,1,0.06361220446806816,0.10526315789473684,0.6043159424466475,0.05334462320067739,0.05334462320067739,0.10128617363344052,1,0,17,0.60431654676259,0,0,17,0,0,0,0,0
fold3_0002060,sa_0006906,2060,Head & Neck,14,0,"[10,25)",AVAILABLE,1,1,1,1,0.0,0.0,0.0,0.006005284650492433,0.006005284650492433,0.011938872970391595,0,1,14,0.0,0,0,13,1,0,0,0,1
fold3_0002061,sa_0006907,2061,Head & Neck,1,0,"[1,10)",AVAILABLE,1,1,1,1,0.0,0.0,0.0,0.0,0.0,0.0,0,1,1,0.0,0,0,1,0,0,0,1,0
fold3_0002062,sa_0006908,2062,Head & Neck,15,0,"[10,25)",AVAILABLE,1,1,1,0,0.0,0.0,0.0,0.0,0.0,0.0,0,0,15,0.0,0,0,15,0,0,0,0,0
fold3_0002063,NOT_FOUND,2063,Head & Neck,0,1,"[0,1)",NOT_EVALUATED,0,0,0,NOT_EVALUATED,NOT_EVALUATED,NOT_EVALUATED,NOT_EVALUATED,NOT_EVALUATED,NOT_EVALUATED,NOT_EVALUATED,NOT_EVALUATED,NOT_EVALUATED,NOT_EVALUATED,NOT_EVALUATED,NOT_EVALUATED,NOT_EVALUATED,NOT_EVALUATED,NOT_EVALUATED,NOT_EVALUATED,NOT_EVALUATED,NOT_EVALUATED,NOT_EVALUATED
fold3_0002064,NOT_FOUND,2064,Head & Neck,0,1,"[0,1)",NOT_EVALUATED,0,0,0,NOT_EVALUATED,NOT_EVALUATED,NOT_EVALUATED,NOT_EVALUATED,NOT_EVALUATED,NOT_EVALUATED,NOT_EVALUATED,NOT_EVALUATED,NOT_EVALUATED,NOT_EVALUATED,NOT_EVALUATED,NOT_EVALUATED,NOT_EVALUATED,NOT_EVALUATED,NOT_EVALUATED,NOT_EVALUATED,NOT_EVALUATED,NOT_EVALUATED,NOT_EVALUATED
fold3_0002065,NOT_FOUND,2065,Head & Neck,0,1,"[0,1)",NOT_EVALUATED,0,0,0,NOT_EVALUATED,NOT_EVALUATED,NOT_EVALUATED,NOT_EVALUATED,NOT_EVALUATED,NOT_EVALUATED,NOT_EVALUATED,NOT_EVALUATED,NOT_EVALUATED,NOT_EVALUATED,NOT_EVALUATED,NOT_EVALUATED,NOT_EVALUATED,NOT_EVALUATED,NOT_EVALUATED,NOT_EVALUATED,NOT_EVALUATED,NOT_EVALUATED,NOT_EVALUATED
fold3_0002066,NOT_FOUND,2066,Head & Neck,0,1,"[0,1)",NOT_EVALUATED,0,0,0,NOT_EVALUATED,NOT_EVALUATED,NOT_EVALUATED,NOT_EVALUATED,NOT_EVALUATED,NOT_EVALUATED,NOT_EVALUATED,NOT_EVALUATED,NOT_EVALUATED,NOT_EVALUATED,NOT_EVALUATED,NOT_EVALUATED,NOT_EVALUATED,NOT_EVALUATED,NOT_EVALUATED,NOT_EVALUATED,NOT_EVALUATED,NOT_EVALUATED,NOT_EVALUATED
fold3_0002067,NOT_FOUND,2067,Head & Neck,0,1,"[0,1)",NOT_EVALUATED,0,0,0,NOT_EVALUATED,NOT_EVALUATED,NOT_EVALUATED,NOT_EVALUATED,NOT_EVALUATED,NOT_EVALUATED,NOT_EVALUATED,NOT_EVALUATED,NOT_EVALUATED,NOT_EVALUATED,NOT_EVALUATED,NOT_EVALUATED,NOT_EVALUATED,NOT_EVALUATED,NOT_EVALUATED,NOT_EVALUATED,NOT_EVALUATED,NOT_EVALUATED,NOT_EVALUATED
fold3_0002068,sa_0006909,2068,Head & Neck,2,0,"[1,10)",AVAILABLE,1,1,1,0,0.0,0.0,0.0,0.0,0.0,0.0,0,0,2,0.0,0,0,2,0,0,0,0,0
fold3_0002069,sa_0006910,2069,Head & Neck,10,0,"[10,25)",AVAILABLE,1,1,1,0,0.0,0.0,0.0,0.0,0.0,0.0,0,0,10,0.0,0,0,10,0,0,0,0,0
fold3_0002070,sa_0006911,2070,Head & Neck,12,0,"[10,25)",AVAILABLE,1,1,1,0,0.0,0.0,0.0,0.0,0.0,0.0,0,0,12,0.0,0,0,12,0,0,0,0,0
fold3_0002071,sa_0006912,2071,Head & Neck,2,0,"[1,10)",AVAILABLE,1,1,1,0,0.0,0.0,0.0,0.0,0.0,0.0,0,0,2,0.0,0,0,2,0,0,0,0,0
fold3_0002072,sa_0006913,2072,Head & Neck,1,0,"[1,10)",AVAILABLE,1,1,1,0,0.0,0.0,0.0,0.0,0.0,0.0,0,0,1,0.0,0,0,1,0,0,0,0,0
fold3_0002073,sa_0006914,2073,Head & Neck,2,0,"[1,10)",AVAILABLE,1,1,1,0,0.0,0.0,0.0,0.0,0.0,0.0,0,0,2,0.0,0,0,2,0,0,0,0,0
fold3_0002074,NOT_FOUND,2074,Head & Neck,0,1,"[0,1)",NOT_EVALUATED,0,0,0,NOT_EVALUATED,NOT_EVALUATED,NOT_EVALUATED,NOT_EVALUATED,NOT_EVALUATED,NOT_EVALUATED,NOT_EVALUATED,NOT_EVALUATED,NOT_EVALUATED,NOT_EVALUATED,NOT_EVALUATED,NOT_EVALUATED,NOT_EVALUATED,NOT_EVALUATED,NOT_EVALUATED,NOT_EVALUATED,NOT_EVALUATED,NOT_EVALUATED,NOT_EVALUATED
fold3_0002075,sa_0006915,2075,Head & Neck,18,0,"[10,25)",AVAILABLE,1,1,1,7,0.38022370589484583,0.48,0.7921327206142622,0.2874748490945674,0.2874748490945674,0.44657159601484664,6,1,12,4.752797115818294,0,0,12,0,0,0,1,0
fold3_0002076,sa_0006916,2076,Head & Neck,12,0,"[10,25)",AVAILABLE,1,1,1,9,0.6378146670690574,0.7619047619047619,0.8371317505281379,0.6796556411418215,0.6796556411418215,0.8092797410304828,8,1,4,6.697054841356853,0,0,3,1,0,0,0,1
fold3_0002077,sa_0006917,2077,Head & Neck,23,0,"[10,25)",AVAILABLE,1,1,1,10,0.45314743995364504,0.6060606060606061,0.7476932759235143,0.4443144595226954,0.43628341552037375,0.6863028550777015,10,0,13,7.476933506928418,2,0,11,0,0,0,0,0
fold3_0002078,sa_0006918,2078,Head & Neck,16,0,"[10,25)",AVAILABLE,1,1,1,5,0.3840694453379077,0.47619047619047616,0.8065458352096062,0.28528006947459833,0.28528006947459833,0.44391891891891894,5,0,11,4.0327299825938665,0,0,11,0,0,0,0,0
fold3_0002079,sa_0006919,2079,Head & Neck,10,0,"[10,25)",AVAILABLE,1,1,1,8,0.7455425656829565,0.8888888888888888,0.8387353863933261,0.8144909431605247,0.8144909431605247,0.89776247848537,8,0,2,6.709883929881995,0,0,2,0,0,0,0,0
fold3_0002080,sa_0006920,2080,Head & Neck,26,0,"[25,50)",AVAILABLE,1,1,1,5,0.23706873526507186,0.3225806451612903,0.7349130793217228,0.18904788112272977,0.1787467513716431,0.3365997060264576,5,0,21,3.6745661315216935,1,0,20,0,0,0,0,0
fold3_0002081,sa_0006921,2081,Head & Neck,22,0,"[10,25)",AVAILABLE,1,1,1,17,0.7111631356133876,0.8717948717948718,0.8157459496741799,0.6632956573468174,0.6632956573468174,0.7975679542203148,17,0,5,13.867681960207008,0,0,5,0,0,0,0,0
fold3_0002082,sa_0006922,2082,Head & Neck,10,0,"[10,25)",AVAILABLE,1,1,1,7,0.4672460893203212,0.5882352941176471,0.794318351844546,0.4880677444187837,0.4880677444187837,0.6559751681324366,5,2,5,3.971592553541082,0,0,4,1,0,0,1,1
fold3_0002083,sa_0006923,2083,Head & Neck,23,0,"[10,25)",AVAILABLE,1,1,1,4,0.2342525938519823,0.2962962962962963,0.7906025042504403,0.1589958158995816,0.1589958158995816,0.2743682310469314,4,0,19,3.1624108076042656,0,0,19,0,0,0,0,0
fold3_0002084,sa_0006924,2084,Head & Neck,16,0,"[10,25)",AVAILABLE,1,1,1,3,0.25759917190057363,0.3157894736842105,0.8157307110184832,0.23366336633663368,0.23366336633663368,0.37881219903691815,3,0,13,2.4471929487861606,0,0,13,0,0,0,0,0
fold3_0002085,sa_0006925,2085,Head & Neck,51,0,"[50,+inf)",AVAILABLE,1,1,1,13,0.28063806864779156,0.34375,0.816401654248121,0.28713332298618655,0.26069078947368424,0.48297455968688846,11,2,40,8.980419013130984,4,0,36,0,0,0,0,2
fold3_0002086,sa_0006926,2086,Head & Neck,32,0,"[25,50)",AVAILABLE,1,1,1,14,0.4332006908739484,0.5217391304347826,0.8303013241750679,0.4603195390256679,0.49785998165698564,0.7174201449127462,12,2,20,9.963616720402138,4,0,15,1,0,0,0,2
fold3_0002087,sa_0006927,2087,Head & Neck,10,0,"[10,25)",AVAILABLE,1,1,1,6,0.5796914600310397,0.75,0.7729219467080529,0.45165493875423507,0.5346440160335942,0.8621890547263682,6,0,4,4.637532453170264,2,0,2,0,0,0,0,0
fold3_0002088,sa_0006928,2088,Head & Neck,9,0,"[1,10)",AVAILABLE,1,1,1,7,0.5373527053608175,0.625,0.8597643285773079,0.5941994812544211,0.5941994812544211,0.8202928560863778,5,2,4,4.298822502650868,0,0,3,1,2,0,0,0
fold3_0002089,sa_0006929,2089,Head & Neck,4,0,"[1,10)",AVAILABLE,1,1,1,3,0.6476439438863055,0.8571428571428571,0.7555846012006898,0.7068014705882353,0.7068014705882353,0.8282175551965536,3,0,1,2.266754559186671,0,0,1,0,0,0,0,0
fold3_0002090,sa_0006930,2090,Head & Neck,39,0,"[25,50)",AVAILABLE,1,1,1,34,0.7405866341547819,0.8493150684931506,0.8719810369886949,0.7724293186784082,0.7884681229884271,0.896427614197649,31,3,8,27.03141301863058,2,0,5,1,0,0,1,2
fold3_0002091,sa_0006931,2091,Head & Neck,11,0,"[10,25)",AVAILABLE,1,1,1,8,0.6898487773821191,0.8421052631578947,0.8191954231412665,0.5066841415465269,0.5190542420027816,0.7079289507416224,8,0,3,6.553564204325554,1,0,2,0,0,0,0,0
fold3_0002092,sa_0006932,2092,Head & Neck,12,0,"[10,25)",AVAILABLE,1,1,1,9,0.7105111251447658,0.8571428571428571,0.8289296460022267,0.6714132186996239,0.6867167919799498,0.8251609707776126,9,0,3,7.460367642949686,1,0,2,0,0,0,0,0
fold3_0002093,sa_0006933,2093,Head & Neck,14,0,"[10,25)",AVAILABLE,1,1,1,9,0.5505517460345045,0.6086956521739131,0.9044778684852574,0.5282819383259912,0.509031514219831,0.7635298611995416,7,2,7,6.33134598387467,2,0,5,0,0,0,1,1
fold3_0002094,sa_0006934,2094,Head & Neck,15,0,"[10,25)",AVAILABLE,1,1,1,8,0.4834297124392883,0.6086956521739131,0.7942059561502592,0.4805113813532897,0.4805113813532897,0.6796545914069082,7,1,8,5.559442487257771,0,0,8,0,1,0,0,0
fold3_0002095,sa_0006935,2095,Head & Neck,14,0,"[10,25)",AVAILABLE,1,1,1,13,0.5913324931742499,0.6666666666666666,0.8869987397613748,0.5274529740721912,0.5274529740721912,0.690630720585788,9,4,5,7.982989544851112,0,0,5,0,0,0,4,0
fold3_0002096,sa_0006936,2096,Head & Neck,38,0,"[25,50)",AVAILABLE,1,1,1,31,0.6258135771986929,0.7246376811594203,0.8636227365341962,0.6343999621874556,0.6916867338003503,0.8686045194998463,25,6,13,21.590569276977643,5,2,6,0,0,1,3,2
fold3_0002097,sa_0006937,2097,Head & Neck,38,0,"[25,50)",AVAILABLE,1,1,1,34,0.6047475793604071,0.7222222222222222,0.837342802191333,0.5772818730565209,0.6064326298701299,0.8972083622813112,26,8,12,21.77091369431746,9,2,1,0,0,1,5,2
fold3_0002098,sa_0006938,2098,Head & Neck,50,0,"[50,+inf)",AVAILABLE,1,1,1,41,0.744466580647889,0.8351648351648352,0.8914007741968144,0.7412699960983222,0.7916974321109197,0.9285223682403041,38,3,12,33.87323031087972,7,0,5,0,0,0,1,2
fold3_0002099,sa_0006939,2099,Head & Neck,8,0,"[1,10)",AVAILABLE,1,1,1,6,0.6134337990456082,0.7142857142857143,0.8588073186638515,0.5837873174983657,0.7331321996708722,0.8479189745212851,5,1,3,4.2940374521265765,1,0,2,0,0,0,1,0
fold3_0002100,sa_0006940,2100,Head & Neck,18,0,"[10,25)",AVAILABLE,1,1,1,15,0.6717231446509738,0.8484848484848485,0.7916737061957906,0.7187730061349693,0.7187730061349693,0.8363792118789263,14,1,4,11.083432678414773,0,0,4,0,0,0,1,0
fold3_0002101,sa_0006941,2101,Head & Neck,31,0,"[25,50)",AVAILABLE,1,1,1,23,0.6379851716705671,0.7777777777777778,0.8202666492907291,0.5940691220215278,0.6550270228832075,0.8973088146741396,21,2,10,17.22560045537196,5,0,5,0,0,0,2,0
fold3_0002102,sa_0006942,2102,Head & Neck,26,0,"[25,50)",AVAILABLE,1,1,1,24,0.648566999170551,0.76,0.8533776304875672,0.604204832940766,0.6789451653411469,0.8643729743206183,19,5,7,16.21417583264141,7,0,0,0,0,0,3,2
fold3_0002103,sa_0006943,2103,Head & Neck,24,0,"[10,25)",AVAILABLE,1,1,1,15,0.3586554476857379,0.46153846153846156,0.7770868033190987,0.48131679538185507,0.5039244802715316,0.870301149587418,9,6,15,6.993782006958691,13,0,1,1,0,0,1,5
fold3_0002104,sa_0006944,2104,Head & Neck,44,0,"[25,50)",AVAILABLE,1,1,1,34,0.5773075878894661,0.6923076923076923,0.8338887380625621,0.6110061522065591,0.6156462585034014,0.8569100169779287,27,7,17,22.514996761577915,6,2,7,2,0,1,2,4
fold3_0002105,sa_0006945,2105,Head & Neck,26,0,"[25,50)",AVAILABLE,1,1,1,20,0.7263815414056786,0.8260869565217391,0.8793039711752951,0.7504955401387512,0.7753976280224326,0.9411216405157682,19,1,7,16.70677633163458,4,0,3,0,0,0,0,1
fold3_0002106,sa_0006946,2106,Head & Neck,41,0,"[25,50)",AVAILABLE,1,1,1,23,0.3680882404542791,0.46875,0.7852549129691287,0.4687517422088421,0.5125537739538522,0.8848898541731306,15,8,26,11.778824479791844,19,1,5,1,0,1,0,7
fold3_0002107,sa_0006947,2107,Head & Neck,5,0,"[1,10)",AVAILABLE,1,1,1,7,0.47869299708890434,0.5,0.9573859941778087,0.5326620191066357,0.5326620191066357,0.7971698113207547,3,4,2,2.8721589399194203,0,0,1,1,2,0,2,0
fold3_0002108,sa_0006948,2108,Head & Neck,14,0,"[10,25)",AVAILABLE,1,1,1,13,0.4490762863556282,0.5185185185185185,0.8660756951144258,0.4193600779600455,0.45408370581064605,0.7215313678915747,7,6,7,6.062530731876676,6,0,1,0,0,0,4,2
fold3_0002109,sa_0006949,2109,Head & Neck,27,0,"[25,50)",AVAILABLE,1,1,1,25,0.7328858938597526,0.8461538461538461,0.8661378745615258,0.7741700109449107,0.7810770581275523,0.9094415634509064,22,3,5,19.055034106491444,2,0,3,0,0,0,2,1
fold3_0002110,sa_0006950,2110,Head & Neck,30,0,"[25,50)",AVAILABLE,1,1,1,28,0.5301255089839113,0.6551724137931034,0.8091389347649173,0.6129641496070959,0.6195100089632507,0.8422654736647911,19,9,11,15.373640569672364,5,0,6,0,1,0,6,2
fold3_0002111,sa_0006951,2111,Head & Neck,44,0,"[25,50)",AVAILABLE,1,1,1,38,0.7589413345212197,0.8780487804878049,0.8643498532047225,0.790513459778458,0.8189752066115702,0.9125835998836871,36,2,8,31.11659557971986,3,0,5,0,0,0,1,1
fold3_0002112,sa_0006952,2112,Head & Neck,31,0,"[25,50)",AVAILABLE,1,1,1,23,0.5710894092665743,0.6666666666666666,0.8566341138998614,0.5432670185410746,0.5939431826074877,0.8831706466794492,18,5,13,15.419414906831621,7,3,3,0,0,2,1,2
fold3_0002113,sa_0006953,2113,Head & Neck,27,0,"[25,50)",AVAILABLE,1,1,1,24,0.6375598382590548,0.7450980392156863,0.8556724145055735,0.6451572796220316,0.6425561797752809,0.8875017813880576,19,5,8,16.257776731278312,3,1,3,1,0,0,3,2
fold3_0002114,sa_0006954,2114,Head & Neck,56,0,"[50,+inf)",AVAILABLE,1,1,1,42,0.6560405443536544,0.7755102040816326,0.845947017719186,0.48332859836256103,0.6205927535688861,0.8659021548136502,38,4,18,32.14598751927608,10,2,5,1,0,1,1,2
fold3_0002115,sa_0006955,2115,Head & Neck,34,0,"[25,50)",AVAILABLE,1,1,1,28,0.674847111935427,0.7741935483870968,0.8716775195832599,0.7144339704229006,0.7529290467710188,0.8836488076141589,24,4,10,20.920261341675758,5,0,5,0,0,0,2,2
fold3_0002116,sa_0006956,2116,Head & Neck,63,0,"[50,+inf)",AVAILABLE,1,1,1,52,0.6204218473162822,0.7652173913043478,0.8107785504701416,0.5237223620442207,0.6095163632302022,0.8758154059680777,44,8,19,35.674257031464776,8,6,5,0,0,2,4,2
fold3_0002117,sa_0006957,2117,Head & Neck,22,0,"[10,25)",AVAILABLE,1,1,1,18,0.713679560928921,0.85,0.8396230128575543,0.6690811258278145,0.6945768096210574,0.8658275307980717,17,1,5,14.273592058201436,1,0,4,0,0,0,1,0
fold3_0002118,sa_0006958,2118,Head & Neck,23,0,"[10,25)",AVAILABLE,1,1,1,13,0.5446975751537375,0.6666666666666666,0.8170463627306063,0.5714285714285714,0.5598245614035088,0.8215048925880103,12,1,11,9.804557169813638,3,0,8,0,0,0,0,1
fold3_0002119,sa_0006959,2119,Head & Neck,32,0,"[25,50)",AVAILABLE,1,1,1,26,0.5882559642903801,0.6896551724137931,0.852971148221051,0.5605594998410511,0.5698491304848554,0.7763186853495708,20,6,12,17.05942381739217,2,0,9,1,0,0,5,1
fold3_0002120,sa_0006960,2120,Head & Neck,32,0,"[25,50)",AVAILABLE,1,1,1,27,0.6590170964038113,0.7796610169491526,0.8452610584309753,0.6201670541634375,0.6201670541634375,0.7655593941004518,23,4,9,19.44100518917349,0,0,9,0,0,0,4,0
fold3_0002121,sa_0006961,2121,Head & Neck,4,0,"[1,10)",AVAILABLE,1,1,1,4,0.828050416910385,1.0,0.828050416910385,0.8280116110304789,0.8280116110304789,0.9059150456530369,4,0,0,3.312202495691957,0,0,0,0,0,0,0,0
fold3_0002122,sa_0006962,2122,Head & Neck,7,0,"[1,10)",AVAILABLE,1,1,1,5,0.6693068952581498,0.8333333333333334,0.8031682743097798,0.6699629171817059,0.6699629171817059,0.8023686158401184,5,0,2,4.015842174717173,0,0,2,0,0,0,0,0
fold3_0002123,NOT_FOUND,2123,Head & Neck,0,1,"[0,1)",NOT_EVALUATED,0,0,0,NOT_EVALUATED,NOT_EVALUATED,NOT_EVALUATED,NOT_EVALUATED,NOT_EVALUATED,NOT_EVALUATED,NOT_EVALUATED,NOT_EVALUATED,NOT_EVALUATED,NOT_EVALUATED,NOT_EVALUATED,NOT_EVALUATED,NOT_EVALUATED,NOT_EVALUATED,NOT_EVALUATED,NOT_EVALUATED,NOT_EVALUATED,NOT_EVALUATED,NOT_EVALUATED
fold3_0002124,NOT_FOUND,2124,Head & Neck,0,1,"[0,1)",NOT_EVALUATED,0,0,0,NOT_EVALUATED,NOT_EVALUATED,NOT_EVALUATED,NOT_EVALUATED,NOT_EVALUATED,NOT_EVALUATED,NOT_EVALUATED,NOT_EVALUATED,NOT_EVALUATED,NOT_EVALUATED,NOT_EVALUATED,NOT_EVALUATED,NOT_EVALUATED,NOT_EVALUATED,NOT_EVALUATED,NOT_EVALUATED,NOT_EVALUATED,NOT_EVALUATED,NOT_EVALUATED
fold3_0002125,sa_0006963,2125,Head & Neck,32,0,"[25,50)",AVAILABLE,1,1,1,19,0.5957086438401931,0.7058823529411765,0.8439205787736067,0.6091602099475131,0.6090039237282302,0.8358860272097202,18,1,14,15.1905712618455,1,1,11,1,0,0,0,1
fold3_0002126,sa_0006964,2126,Head & Neck,33,0,"[25,50)",AVAILABLE,1,1,1,26,0.7218042623834433,0.847457627118644,0.8517290296124631,0.7206556820112111,0.7301144123091864,0.901226122191233,25,1,8,21.293226592040607,2,0,6,0,1,0,0,0
fold3_0002127,sa_0006965,2127,Head & Neck,30,0,"[25,50)",AVAILABLE,1,1,1,20,0.5498363830178896,0.68,0.8085829162027788,0.6011411016019311,0.5973527719163629,0.8405187942836556,17,3,13,13.745910384030156,3,0,10,0,2,0,0,1
fold3_0002128,sa_0006966,2128,Head & Neck,36,0,"[25,50)",AVAILABLE,1,1,1,23,0.6656474351748314,0.7457627118644068,0.8925726971662511,0.7180754053785191,0.7241557013776755,0.8689449038557338,22,1,14,19.636600230230222,1,0,13,0,1,0,0,0
fold3_0002129,sa_0006967,2129,Head & Neck,39,0,"[25,50)",AVAILABLE,1,1,1,21,0.5826550214447295,0.6666666666666666,0.8739825321670943,0.6024674236514403,0.6381801905492679,0.8139112785183161,20,1,19,17.47965151732442,3,0,15,1,0,0,0,1
fold3_0002130,sa_0006968,2130,Head & Neck,36,0,"[25,50)",AVAILABLE,1,1,1,27,0.6708518650689033,0.7301587301587301,0.9187753804204546,0.6308876346844535,0.6787757696848606,0.8869533856279866,23,4,13,21.131834668445837,8,0,5,0,0,0,1,3
fold3_0002131,sa_0006969,2131,Head & Neck,29,0,"[25,50)",AVAILABLE,1,1,1,22,0.49085936124611174,0.5882352941176471,0.83446091411839,0.5693922449353744,0.5916620232004458,0.7922090321759333,15,7,14,12.516914546236762,4,0,9,1,0,0,4,3
fold3_0002132,sa_0006970,2132,Kidney,2,0,"[1,10)",AVAILABLE,1,1,1,5,0.41953303374040923,0.5714285714285714,0.7341828090457162,0.5109577922077922,0.5109577922077922,0.6763362879398335,2,3,0,1.4683663522742416,0,0,0,0,0,0,3,0
fold3_0002133,sa_0006971,2133,Kidney,17,0,"[10,25)",AVAILABLE,1,1,1,14,0.5159741823593029,0.5806451612903226,0.8886222029521328,0.5010199456029012,0.5453873447664104,0.8458815651009279,9,5,8,7.997600715191397,7,0,1,0,0,0,2,3
fold3_0002134,sa_0006972,2134,Kidney,21,0,"[10,25)",AVAILABLE,1,1,1,16,0.6319911087672416,0.7027027027027027,0.8993719624764591,0.6594989149733675,0.6881977671451356,0.9023550846885755,13,3,8,11.69183641156593,5,0,3,0,0,0,1,2
fold3_0002135,sa_0006973,2135,Kidney,16,0,"[10,25)",AVAILABLE,1,1,1,13,0.6768493081388782,0.8275862068965517,0.8178595806678112,0.6922654210743234,0.7166163141993958,0.8868356212601197,12,1,4,9.814315785873314,3,0,1,0,0,0,0,1
fold3_0002136,sa_0006974,2136,Kidney,14,0,"[10,25)",AVAILABLE,1,1,1,17,0.7697511480508812,0.9032258064516129,0.8522244853420471,0.7786230505895778,0.7786230505895778,0.8755346449957229,14,3,0,11.931143647013144,0,0,0,0,0,0,3,0
fold3_0002137,sa_0006975,2137,Kidney,1,0,"[1,10)",AVAILABLE,1,1,1,1,0.8379522537321813,1.0,0.8379522537321813,0.837953091684435,0.837953091684435,0.9118329466357309,1,0,0,0.837953091684435,0,0,0,0,0,0,0,0
fold3_0002138,NOT_FOUND,2138,Kidney,0,1,"[0,1)",NOT_EVALUATED,0,0,0,NOT_EVALUATED,NOT_EVALUATED,NOT_EVALUATED,NOT_EVALUATED,NOT_EVALUATED,NOT_EVALUATED,NOT_EVALUATED,NOT_EVALUATED,NOT_EVALUATED,NOT_EVALUATED,NOT_EVALUATED,NOT_EVALUATED,NOT_EVALUATED,NOT_EVALUATED,NOT_EVALUATED,NOT_EVALUATED,NOT_EVALUATED,NOT_EVALUATED,NOT_EVALUATED
fold3_0002139,sa_0006976,2139,Kidney,1,0,"[1,10)",AVAILABLE,1,1,1,1,0.8271946402274561,1.0,0.8271946402274561,0.8271954674220963,0.8271954674220963,0.9054263565891473,1,0,0,0.8271954674220963,0,0,0,0,0,0,0,0
fold3_0002140,sa_0006977,2140,Kidney,4,0,"[1,10)",AVAILABLE,1,1,1,3,0.6761801282056875,0.8571428571428571,0.7888768162399687,0.6377063423110338,0.6362683438155137,0.9404228058936579,3,0,1,2.3666312375967227,1,0,0,0,0,0,0,0
fold3_0002141,sa_0006978,2141,Kidney,2,0,"[1,10)",AVAILABLE,1,1,1,1,0.6173627266887203,0.6666666666666666,0.9260440900330804,0.5255474452554745,0.5255474452554745,0.6889952153110048,1,0,1,0.9260450160771704,0,0,1,0,0,0,0,0
fold3_0002142,NOT_FOUND,2142,Kidney,0,1,"[0,1)",NOT_EVALUATED,0,0,0,NOT_EVALUATED,NOT_EVALUATED,NOT_EVALUATED,NOT_EVALUATED,NOT_EVALUATED,NOT_EVALUATED,NOT_EVALUATED,NOT_EVALUATED,NOT_EVALUATED,NOT_EVALUATED,NOT_EVALUATED,NOT_EVALUATED,NOT_EVALUATED,NOT_EVALUATED,NOT_EVALUATED,NOT_EVALUATED,NOT_EVALUATED,NOT_EVALUATED,NOT_EVALUATED
fold3_0002143,NOT_FOUND,2143,Kidney,0,1,"[0,1)",NOT_EVALUATED,0,0,0,NOT_EVALUATED,NOT_EVALUATED,NOT_EVALUATED,NOT_EVALUATED,NOT_EVALUATED,NOT_EVALUATED,NOT_EVALUATED,NOT_EVALUATED,NOT_EVALUATED,NOT_EVALUATED,NOT_EVALUATED,NOT_EVALUATED,NOT_EVALUATED,NOT_EVALUATED,NOT_EVALUATED,NOT_EVALUATED,NOT_EVALUATED,NOT_EVALUATED,NOT_EVALUATED
fold3_0002144,sa_0006979,2144,Kidney,3,0,"[1,10)",AVAILABLE,1,1,1,3,0.2985578015270161,0.3333333333333333,0.8956734045810484,0.5991902834008097,0.5991902834008097,0.7493670886075949,1,2,2,0.8956743002544529,0,0,0,2,0,0,0,2
fold3_0002145,sa_0006980,2145,Kidney,14,0,"[10,25)",AVAILABLE,1,1,1,11,0.5563169411626073,0.64,0.8692452205665739,0.6186084520196125,0.6253788377915404,0.8591811917308472,8,3,6,6.953962633777811,3,0,1,2,0,0,0,3
fold3_0002146,sa_0006981,2146,Kidney,16,0,"[10,25)",AVAILABLE,1,1,1,11,0.6001446624796336,0.7407407407407407,0.8101952943475054,0.6042632066728453,0.6209026128266033,0.8917545916373584,10,1,6,8.101953753670347,4,0,2,0,0,0,0,1
fold3_0002147,sa_0006982,2147,Kidney,12,0,"[10,25)",AVAILABLE,1,1,1,10,0.7685954539074751,0.9090909090909091,0.8454549992982227,0.836662505201831,0.836662505201831,0.9110683131301688,10,0,2,8.454550838437225,0,0,2,0,0,0,0,0
fold3_0002148,sa_0006983,2148,Kidney,11,0,"[10,25)",AVAILABLE,1,1,1,8,0.4560595845959995,0.631578947368421,0.7220943422769992,0.47467320261437906,0.44178182887386064,0.8296115019883756,6,2,5,4.332566775756337,4,0,1,0,0,0,1,1
fold3_0002149,sa_0006984,2149,Kidney,4,0,"[1,10)",AVAILABLE,1,1,1,3,0.4581280884988451,0.5714285714285714,0.801724154872979,0.36444212721584984,0.36444212721584984,0.5341994650363011,2,1,2,1.603449111470113,0,0,1,1,0,0,0,1
fold3_0002150,sa_0006985,2150,Kidney,24,0,"[10,25)",AVAILABLE,1,1,1,23,0.8006085257692862,0.8936170212765957,0.8959190645513441,0.7685293852126027,0.7685293852126027,0.869218989280245,21,2,3,18.81430125149729,0,0,3,0,0,0,2,0
fold3_0002151,sa_0006986,2151,Kidney,29,0,"[25,50)",AVAILABLE,1,1,1,26,0.58630347750614,0.6909090909090909,0.8485971384957289,0.590722556060384,0.6299859026453272,0.8596866096866097,19,7,10,16.12334648001599,4,0,4,2,3,0,2,2
fold3_0002152,sa_0006987,2152,Kidney,47,0,"[25,50)",AVAILABLE,1,1,1,40,0.6849024053163901,0.8045977011494253,0.8512358466075134,0.677229972855249,0.6822293163075286,0.848264410532142,35,5,12,29.793255482498815,3,0,9,0,0,0,4,1
fold3_0002153,sa_0006988,2153,Kidney,34,0,"[25,50)",AVAILABLE,1,1,1,38,0.6521552737922497,0.7777777777777778,0.8384853520186067,0.621851738554094,0.6401335930976899,0.830137451213304,28,10,6,23.47759069500634,4,0,1,1,0,0,8,2
fold3_0002154,sa_0006989,2154,Kidney,26,0,"[25,50)",AVAILABLE,1,1,1,22,0.7246835414234636,0.8333333333333334,0.8696202497081562,0.6147613762486126,0.6636844245628304,0.9031749911730357,20,2,6,17.392405863783374,3,2,1,0,0,1,0,1
fold3_0002155,sa_0006990,2155,Kidney,29,0,"[25,50)",AVAILABLE,1,1,1,25,0.5860896556993047,0.6666666666666666,0.8791344835489572,0.6586613042229245,0.6539639984680199,0.8931341901123075,18,7,11,15.824421583015713,5,2,3,1,2,1,2,2
fold3_0002156,sa_0006991,2156,Kidney,19,0,"[10,25)",AVAILABLE,1,1,1,18,0.7695549840736663,0.918918918918919,0.8374568944331073,0.7844219564550752,0.7940875855020049,0.896796529208116,17,1,2,14.23676804281972,1,0,1,0,0,0,1,0
fold3_0002157,sa_0006992,2157,Kidney,12,0,"[10,25)",AVAILABLE,1,1,1,11,0.7650674641381321,0.8695652173913043,0.879827583758852,0.743681550126369,0.743681550126369,0.8530015702379514,10,1,2,8.798276717416103,0,0,2,0,0,0,1,0
fold3_0002158,sa_0006993,2158,Kidney,1,0,"[1,10)",AVAILABLE,1,1,1,1,0.9135329210535452,1.0,0.9135329210535452,0.9135338345864662,0.9135338345864662,0.9548133595284872,1,0,0,0.9135338345864662,0,0,0,0,0,0,0,0
fold3_0002159,sa_0006994,2159,Kidney,4,0,"[1,10)",AVAILABLE,1,1,1,4,0.5782167602394593,0.75,0.7709556803192791,0.7409602845287493,0.7409602845287493,0.8512087163772557,3,1,1,2.3128678119135175,0,0,0,1,0,0,0,1
fold3_0002160,sa_0006995,2160,Kidney,12,0,"[10,25)",AVAILABLE,1,1,1,6,0.5807517745074258,0.6666666666666666,0.8711276617611388,0.5932798395185557,0.5932798395185557,0.7447277305634246,6,0,6,5.226766841694494,0,0,6,0,0,0,0,0
fold3_0002161,sa_0006996,2161,Kidney,25,0,"[25,50)",AVAILABLE,1,1,1,23,0.7844301627572849,0.875,0.8964916145797542,0.8314395423556148,0.8473282442748091,0.947160189906805,21,2,4,18.826324802666456,2,1,1,0,0,1,0,1
fold3_0002162,sa_0006997,2162,Kidney,12,0,"[10,25)",AVAILABLE,1,1,1,11,0.6746592751407511,0.782608695652174,0.8620646293465153,0.697081881533101,0.697081881533101,0.8215064801745156,9,2,3,7.758582526183266,0,0,3,0,0,0,2,0
fold3_0002163,sa_0006998,2163,Liver,20,0,"[10,25)",AVAILABLE,1,1,1,20,0.6605165314295194,0.8,0.8256456642868991,0.6354666899502314,0.6646127595032705,0.8289293849658315,16,4,4,13.210331454236051,2,0,1,1,0,0,2,2
fold3_0002164,sa_0006999,2164,Liver,36,0,"[25,50)",AVAILABLE,1,1,1,31,0.6717337580830531,0.7761194029850746,0.8655031113762416,0.7007845934379457,0.7515325347280806,0.8833162085795017,26,5,10,22.503081761285394,5,0,4,1,0,0,2,3
fold3_0002165,sa_0007000,2165,Liver,16,0,"[10,25)",AVAILABLE,1,1,1,18,0.48459883913351454,0.5882352941176471,0.8238180265269747,0.3626611655492522,0.41480682354527676,0.6710193966544346,10,8,6,8.238181089087773,2,3,1,0,0,1,6,1
fold3_0002166,sa_0007001,2166,Liver,36,0,"[25,50)",AVAILABLE,1,1,1,29,0.6168438188308436,0.7384615384615385,0.8353093380001007,0.6326138688264518,0.6700862325304787,0.905961601234458,24,5,12,20.047424947311754,5,2,5,0,0,1,3,1
fold3_0002167,sa_0007002,2167,Liver,24,0,"[10,25)",AVAILABLE,1,1,1,22,0.6961353278758587,0.782608695652174,0.8895062522858195,0.6983564535585042,0.6983564535585042,0.822390908687353,18,4,6,16.011113430651005,0,0,5,1,0,0,3,1
fold3_0002168,sa_0007003,2168,Liver,10,0,"[10,25)",AVAILABLE,1,1,1,15,0.42190575980994965,0.48,0.8789703329373951,0.5066168709913128,0.49757322175732216,0.697362539114886,6,9,4,5.2738228765947035,2,0,2,0,0,0,8,1
fold3_0002169,sa_0007004,2169,Liver,13,0,"[10,25)",AVAILABLE,1,1,1,21,0.6599666508698944,0.7647058823529411,0.8630333126760158,0.5666237666237667,0.5666237666237667,0.7233692973328222,13,8,0,11.219433927821518,0,0,0,0,0,0,8,0
fold3_0002170,sa_0007005,2170,Liver,9,0,"[1,10)",AVAILABLE,1,1,1,9,0.8285455035555797,0.8888888888888888,0.9321136915000272,0.8544832013695699,0.8544832013695699,0.9215324255711977,8,1,1,7.456910464113909,0,0,1,0,0,0,1,0
fold3_0002171,sa_0007006,2171,Liver,15,0,"[10,25)",AVAILABLE,1,1,1,13,0.5380514512687443,0.6428571428571429,0.8369689241958244,0.5457520990465348,0.5568793235972329,0.8281411997037769,9,4,6,7.532721154731343,0,1,4,1,2,2,0,0
fold3_0002172,sa_0007007,2172,Liver,15,0,"[10,25)",AVAILABLE,1,1,1,9,0.5300487268337959,0.6666666666666666,0.795073090250694,0.5324874010079194,0.5262610995654639,0.7324379525902086,8,1,7,6.360585517078642,1,0,6,0,0,0,1,0
fold3_0002173,sa_0007008,2173,Liver,14,0,"[10,25)",AVAILABLE,1,1,1,7,0.3982802887710748,0.47619047619047616,0.8363886064192572,0.3975450901803607,0.41936395759717315,0.6321449910376419,5,2,9,4.181943868484892,1,0,8,0,0,0,2,0
fold3_0002174,sa_0007009,2174,Liver,15,0,"[10,25)",AVAILABLE,1,1,1,9,0.532270619156757,0.6666666666666666,0.7984059287351355,0.6725062866722549,0.6725062866722549,0.8041898461384253,8,1,7,6.387248228287012,0,0,6,1,0,0,0,1
fold3_0002175,sa_0007010,2175,Liver,3,0,"[1,10)",AVAILABLE,1,1,1,1,0.4402352500004403,0.5,0.8804705000008806,0.35290148448043185,0.35290148448043185,0.5216957605985038,1,0,2,0.8804713804713805,0,0,2,0,0,0,0,0
fold3_0002176,sa_0007011,2176,Liver,33,0,"[25,50)",AVAILABLE,1,1,1,25,0.7205615410766579,0.8620689655172413,0.8358513876489233,0.6771277676213691,0.7024482109227872,0.8697293076522644,25,0,8,20.896285527074472,1,1,6,0,0,0,0,0
fold3_0002177,sa_0007012,2177,Liver,12,0,"[10,25)",AVAILABLE,1,1,1,6,0.25665678103768397,0.3333333333333333,0.7699703431130519,0.4235676177221062,0.40404040404040403,0.7727465086754126,3,3,9,2.309911799309499,5,0,3,1,0,0,0,3
fold3_0002178,sa_0007013,2178,Liver,16,0,"[10,25)",AVAILABLE,1,1,1,14,0.7407036032030752,0.8666666666666667,0.854658003695856,0.6909650924024641,0.7031666666666667,0.9220080242685195,13,1,3,11.11055490270413,2,0,1,0,0,0,0,1
fold3_0002179,sa_0007014,2179,Liver,22,0,"[10,25)",AVAILABLE,1,1,1,17,0.6146576341933564,0.7692307692307693,0.7990549244513633,0.7005639760310187,0.7051328722242446,0.8729718189581555,15,2,7,11.985824665825373,1,0,5,1,2,0,0,0
fold3_0002180,sa_0007015,2180,Liver,26,0,"[25,50)",AVAILABLE,1,1,1,17,0.5644407693284124,0.6976744186046512,0.8090317693707244,0.5184078250237739,0.5173434856175972,0.7101570486014311,15,2,11,12.135477349592636,1,0,9,1,0,0,1,1
fold3_0002181,sa_0007016,2181,Liver,39,0,"[25,50)",AVAILABLE,1,1,1,27,0.6357478437141422,0.7575757575757576,0.8391871537026676,0.6909440223561261,0.6927850328795035,0.8657876019040324,25,2,14,20.979679681753844,4,0,10,0,0,0,0,2
fold3_0002182,sa_0007017,2182,Liver,62,0,"[50,+inf)",AVAILABLE,1,1,1,50,0.7300328309858942,0.8571428571428571,0.8517049694835434,0.6979967069154775,0.7590193187989759,0.8977593507410021,48,2,14,40.88183938691505,6,0,8,0,0,0,0,2
fold3_0002183,sa_0007018,2183,Liver,30,0,"[25,50)",AVAILABLE,1,1,1,24,0.655462930959595,0.7777777777777778,0.8427380540909079,0.6065080667213563,0.6065080667213563,0.7552340425531915,21,3,9,17.69749997864712,0,0,9,0,0,0,3,0
fold3_0002184,sa_0007019,2184,Liver,17,0,"[10,25)",AVAILABLE,1,1,1,17,0.5200590968502632,0.6470588235294118,0.8037276951322249,0.4947411003236246,0.495571416286869,0.703196872125115,11,6,6,8.841005450182168,3,0,3,0,0,0,5,1
fold3_0002185,sa_0007020,2185,Liver,73,0,"[50,+inf)",AVAILABLE,1,1,1,71,0.7825934531329836,0.9166666666666666,0.8537383125087094,0.7945467422096317,0.7959462373319917,0.8983071197022452,66,5,7,56.346729479313126,1,0,5,1,0,0,4,1
fold3_0002186,sa_0007021,2186,Liver,74,0,"[50,+inf)",AVAILABLE,1,1,1,65,0.7261997371695975,0.8345323741007195,0.8701876160911556,0.7301923416269631,0.7438342348950215,0.870241850683491,58,7,16,50.470882603474635,3,0,12,1,0,0,5,2
fold3_0002187,sa_0007022,2187,Liver,65,0,"[50,+inf)",AVAILABLE,1,1,1,56,0.7753024314468718,0.8925619834710744,0.8686258722691804,0.7793269230769231,0.7936052266877845,0.8948617473370495,54,2,11,46.90579797116161,1,0,10,0,0,0,2,0
fold3_0002188,sa_0007023,2188,Liver,59,0,"[50,+inf)",AVAILABLE,1,1,1,48,0.7874690340275085,0.897196261682243,0.8776998608431604,0.8017436594202898,0.8083275980729525,0.8983190612115446,48,0,11,42.12959419817156,1,0,10,0,0,0,0,0
fold3_0002189,sa_0007024,2189,Liver,57,0,"[50,+inf)",AVAILABLE,1,1,1,41,0.5954754878999918,0.7346938775510204,0.8105083029749888,0.5793632075471699,0.5959582617884032,0.8132086402383514,36,5,21,29.178299717607896,8,0,13,0,0,0,2,3
fold3_0002190,sa_0007025,2190,Liver,17,0,"[10,25)",AVAILABLE,1,1,1,14,0.6543808316810369,0.7741935483870968,0.845241907588006,0.6457979349104692,0.650221209277383,0.8028271996100415,12,2,5,10.14290373629798,1,0,4,0,0,0,2,0
fold3_0002191,sa_0007026,2191,Liver,17,0,"[10,25)",AVAILABLE,1,1,1,12,0.7659677476076974,0.8275862068965517,0.9255443616926343,0.8475638414538618,0.8475638414538618,0.9174934283049266,12,0,5,11.106533265855973,0,0,5,0,0,0,0,0
fold3_0002192,sa_0007027,2192,Liver,11,0,"[10,25)",AVAILABLE,1,1,1,9,0.7962275177869913,0.9,0.8846972419855459,0.8677172874880611,0.8677172874880611,0.9291741242648939,9,0,2,7.962276062567154,0,0,2,0,0,0,0,0
fold3_0002193,sa_0007028,2193,Liver,17,0,"[10,25)",AVAILABLE,1,1,1,14,0.7644681242014172,0.9032258064516129,0.8463754232229976,0.7884382899219694,0.798815881123752,0.9320425943852856,14,0,3,11.849256771497389,1,0,2,0,0,0,0,0
fold3_0002194,sa_0007029,2194,Liver,12,0,"[10,25)",AVAILABLE,1,1,1,9,0.7651579209027011,0.8571428571428571,0.8926842410531514,0.8595266990291263,0.8595266990291263,0.9244574971447218,9,0,3,8.034159062162603,0,0,3,0,0,0,0,0
fold3_0002195,sa_0007030,2195,Liver,15,0,"[10,25)",AVAILABLE,1,1,1,13,0.8575102677176508,0.9285714285714286,0.923472596003624,0.8707566967041106,0.8707566967041106,0.9309138898053447,13,0,2,12.005144671519707,0,0,2,0,0,0,0,0
fold3_0002196,sa_0007031,2196,Liver,18,0,"[10,25)",AVAILABLE,1,1,1,14,0.6639914869769729,0.75,0.8853219826359638,0.7425752542031612,0.7506775067750677,0.9289164086687306,12,2,6,10.623864676953549,1,0,4,1,2,0,0,0
fold3_0002197,sa_0007032,2197,Liver,12,0,"[10,25)",AVAILABLE,1,1,1,9,0.7436449132711936,0.8571428571428571,0.867585732149726,0.7625575554625367,0.7750508934630174,0.9285759796113412,9,0,3,7.808272456933266,1,0,2,0,0,0,0,0
fold3_0002198,sa_0007033,2198,Liver,20,0,"[10,25)",AVAILABLE,1,1,1,17,0.7846440609996677,0.918918918918919,0.8538773604996382,0.8062634816649357,0.8352072495385132,0.9242867593269934,17,0,3,14.515915982371212,1,0,2,0,0,0,0,0
fold3_0002199,sa_0007034,2199,Liver,35,0,"[25,50)",AVAILABLE,1,1,1,29,0.6363910707483794,0.75,0.8485214276645059,0.6679628064243449,0.6881696428571429,0.847494380536824,24,5,11,20.36451511246957,2,0,6,3,2,0,1,2
fold3_0002200,sa_0007035,2200,Liver,26,0,"[25,50)",AVAILABLE,1,1,1,23,0.8487110977705502,0.9387755102040817,0.9040618215381947,0.8816648355199379,0.8816648355199379,0.9373175339172248,23,0,3,20.7934227994403,0,0,3,0,0,0,0,0
fold3_0002201,sa_0007036,2201,Liver,28,0,"[25,50)",AVAILABLE,1,1,1,25,0.6994754925400891,0.8301886792452831,0.8425500251051073,0.7092800236057835,0.7292627628801501,0.8693883086938831,22,3,6,18.53610139486239,1,0,5,0,0,0,3,0
fold3_0002202,sa_0007037,2202,Liver,29,0,"[25,50)",AVAILABLE,1,1,1,25,0.7131750737674633,0.8148148148148148,0.8752603178055232,0.789865146670374,0.789865146670374,0.8996854246766864,22,3,7,19.25572786698183,0,0,5,2,2,0,0,1
fold3_0002203,sa_0007038,2203,Liver,31,0,"[25,50)",AVAILABLE,1,1,1,27,0.8289222331528215,0.9310344827586207,0.8903238800530305,0.8294454532755972,0.8294454532755972,0.9069761522995088,27,0,4,24.038745651755704,0,0,4,0,0,0,0,0
fold3_0002204,sa_0007039,2204,Liver,36,0,"[25,50)",AVAILABLE,1,1,1,27,0.6583802392102726,0.7619047619047619,0.8641240639634827,0.624201489197217,0.7061295464425446,0.8720910480720231,24,3,12,20.73897839924765,5,0,7,0,1,0,1,1
fold3_0002205,sa_0007040,2205,Liver,33,0,"[25,50)",AVAILABLE,1,1,1,24,0.659811205175223,0.8070175438596491,0.8175921455432111,0.5959580011052341,0.6789752826978885,0.8998688759089284,23,1,10,18.804620165086003,6,0,4,0,0,0,1,0
fold3_0002206,sa_0007041,2206,Liver,25,0,"[25,50)",AVAILABLE,1,1,1,24,0.7623206277519362,0.8571428571428571,0.8893740657105923,0.7808896210873146,0.7808896210873146,0.8915686533632879,21,3,4,18.676856269296504,0,1,3,0,0,2,1,0
fold3_0002207,sa_0007042,2207,Liver,33,0,"[25,50)",AVAILABLE,1,1,1,28,0.8014975617752199,0.8852459016393442,0.9053953938571929,0.8509261981770068,0.85150521609538,0.9317750088541163,27,1,6,24.445676539539605,2,0,4,0,0,0,0,1
fold3_0002208,sa_0007043,2208,Liver,29,0,"[25,50)",AVAILABLE,1,1,1,31,0.7498950179438987,0.9,0.8332166866043319,0.7076761303890642,0.7076761303890642,0.8288177339901478,27,4,2,22.496851371533648,0,0,2,0,0,0,4,0
fold3_0002209,sa_0007044,2209,Liver,26,0,"[25,50)",AVAILABLE,1,1,1,23,0.6364455579558963,0.7346938775510204,0.866273120551081,0.6315975286849074,0.6779512720419976,0.8848421643736714,18,5,8,15.59291703619258,3,1,4,0,0,2,2,1
fold3_0002210,sa_0007045,2210,Liver,27,0,"[25,50)",AVAILABLE,1,1,1,24,0.7039466673047213,0.8235294117647058,0.8547923817271617,0.6974745887037619,0.6974745887037619,0.8217791221680351,21,3,6,17.950640871062777,0,0,5,1,0,0,2,1
fold3_0002211,sa_0007046,2211,Liver,30,0,"[25,50)",AVAILABLE,1,1,1,21,0.6923806175001133,0.8235294117647058,0.840747892678709,0.7374305705835678,0.7528709917971663,0.8698204713690122,21,0,9,17.655706587000783,1,0,8,0,0,0,0,0
fold3_0002212,sa_0007047,2212,Liver,20,0,"[10,25)",AVAILABLE,1,1,1,19,0.6040827656185089,0.7692307692307693,0.7853075953040616,0.5597557429485316,0.5546524064171123,0.8028343423225096,15,4,5,11.779614714868519,1,2,2,0,0,2,2,0
fold3_0002213,sa_0007048,2213,Liver,34,0,"[25,50)",AVAILABLE,1,1,1,27,0.6609796459899302,0.7540983606557377,0.8765164870736032,0.6919568600096582,0.7179784397820795,0.876796437487349,23,4,11,20.159880079209362,5,0,6,0,1,0,1,2
fold3_0002214,sa_0007049,2214,Liver,23,0,"[10,25)",AVAILABLE,1,1,1,20,0.738681888534591,0.8372093023255814,0.8823144779718726,0.7674024918743229,0.7674024918743229,0.8683958469024176,18,2,5,15.881661485808184,0,0,5,0,0,0,2,0
fold3_0002215,sa_0007050,2215,Liver,8,0,"[1,10)",AVAILABLE,1,1,1,5,0.3845614684655213,0.46153846153846156,0.8332165150086295,0.26683579335793356,0.26683579335793356,0.4492991079555798,3,2,5,2.4996503782424035,0,0,4,1,2,0,0,0
fold3_0002216,sa_0007051,2216,Liver,13,0,"[10,25)",AVAILABLE,1,1,1,10,0.7604670865863526,0.8695652173913043,0.8745371495743055,0.807826520438684,0.807826520438684,0.8939749069350613,10,0,3,8.745372370280204,0,0,3,0,0,0,0,0
fold3_0002217,sa_0007052,2217,Liver,15,0,"[10,25)",AVAILABLE,1,1,1,12,0.7362899955043587,0.8888888888888888,0.8283262449424036,0.6969626709946672,0.6969626709946672,0.8214236917611696,12,0,3,9.939915767635087,0,0,3,0,0,0,0,0
fold3_0002218,sa_0007053,2218,Liver,22,0,"[10,25)",AVAILABLE,1,1,1,11,0.48250175731076383,0.6060606060606061,0.7961278995627603,0.37613991255465334,0.37613991255465334,0.5466594045025418,10,1,12,7.961279791755502,0,0,11,1,0,0,0,1
fold3_0002219,sa_0007054,2219,Liver,11,0,"[10,25)",AVAILABLE,1,1,1,4,0.4541819791766175,0.5333333333333333,0.8515912109561579,0.3029465930018416,0.3222921497184498,0.49448897795591185,4,0,7,3.4063656954158423,1,0,6,0,0,0,0,0
fold3_0002220,sa_0007055,2220,Liver,20,0,"[10,25)",AVAILABLE,1,1,1,11,0.632246104904885,0.7096774193548387,0.8908922387296105,0.5269452845751993,0.5269452845751993,0.6914558386603044,11,0,9,9.799815516917954,0,0,9,0,0,0,0,0
fold3_0002221,sa_0007056,2221,Liver,15,0,"[10,25)",AVAILABLE,1,1,1,9,0.471449421956215,0.6666666666666666,0.7071741329343225,0.46648316062176165,0.48349244232299127,0.7840193055369352,8,1,7,5.657393770648713,3,1,3,0,0,0,0,1
fold3_0002222,sa_0007057,2222,Liver,13,0,"[10,25)",AVAILABLE,1,1,1,2,0.2486774118931781,0.26666666666666666,0.9325402945994179,0.11485870556061988,0.11485870556061988,0.20605069501226492,2,0,11,1.8650815217391306,0,0,11,0,0,0,0,0
fold3_0002223,sa_0007058,2223,Liver,17,0,"[10,25)",AVAILABLE,1,1,1,10,0.4557003269127655,0.5925925925925926,0.7689943016652918,0.485874330248417,0.5239398084815321,0.805505685218432,8,2,9,6.151955182316636,4,0,5,0,1,0,0,1
fold3_0002224,sa_0007059,2224,Liver,18,0,"[10,25)",AVAILABLE,1,1,1,17,0.7685445106233412,0.8571428571428571,0.8966352623938981,0.7432561960838012,0.7776774290660043,0.9192209991532599,15,2,3,13.449529832543734,1,0,2,0,0,0,2,0
fold3_0002225,sa_0007060,2225,Liver,22,0,"[10,25)",AVAILABLE,1,1,1,23,0.7680680870233497,0.8444444444444444,0.9095543135802826,0.7890563611686549,0.8107225068686419,0.9059667828583146,19,4,3,17.281532867579685,1,0,2,0,0,0,4,0
fold3_0002226,sa_0007061,2226,Liver,16,0,"[10,25)",AVAILABLE,1,1,1,17,0.7715193429014969,0.8484848484848485,0.9092906541339071,0.765308672831792,0.765308672831792,0.867053659917882,14,3,2,12.730070067165352,0,0,2,0,0,0,3,0
fold3_0002227,sa_0007062,2227,Liver,18,0,"[10,25)",AVAILABLE,1,1,1,20,0.8312823356540495,0.8947368421052632,0.9290802574957024,0.8408532176428055,0.8408532176428055,0.9136258297655053,17,3,1,15.794365306507201,0,0,1,0,0,0,3,0
fold3_0002228,sa_0007063,2228,Liver,16,0,"[10,25)",AVAILABLE,1,1,1,12,0.6204620110898202,0.7142857142857143,0.8686468155257483,0.632056606675896,0.6236229603246914,0.8384858687888991,10,2,6,8.686469023904298,1,0,5,0,0,0,2,0
fold3_0002229,sa_0007064,2229,Liver,19,0,"[10,25)",AVAILABLE,1,1,1,19,0.6848503139387913,0.7894736842105263,0.8674770643224688,0.7218438143513385,0.7229033840117705,0.8647879305436948,15,4,4,13.012156832314096,2,0,2,0,0,0,3,1
fold3_0002230,sa_0007065,2230,Liver,19,0,"[10,25)",AVAILABLE,1,1,1,19,0.6905810164859114,0.7894736842105263,0.8747359542154878,0.7078153456330668,0.7078153456330668,0.8289132047477745,15,4,4,13.121040187968271,0,0,4,0,0,0,4,0
fold3_0002231,sa_0007066,2231,Liver,7,0,"[1,10)",AVAILABLE,1,1,1,6,0.6908819361482459,0.7692307692307693,0.8981465169927196,0.6451612903225806,0.6451612903225806,0.7843137254901961,5,1,2,4.490733483110115,0,0,2,0,0,0,1,0
fold3_0002232,sa_0007067,2232,Liver,19,0,"[10,25)",AVAILABLE,1,1,1,19,0.6158719564893721,0.7368421052631579,0.835826226664148,0.5453703703703704,0.547195296361036,0.7864222256457659,14,5,5,11.701568009124298,3,0,1,1,0,0,3,2
fold3_0002233,sa_0007068,2233,Liver,17,0,"[10,25)",AVAILABLE,1,1,1,14,0.6244698387967667,0.7096774193548387,0.8799347728499893,0.6416497035135853,0.6727859592495461,0.8769898697539797,11,3,6,9.679283381284655,0,2,3,1,0,1,1,1
fold3_0002234,sa_0007069,2234,Liver,14,0,"[10,25)",AVAILABLE,1,1,1,8,0.5744296565802267,0.7272727272727273,0.7898407777978117,0.47904577691811734,0.5564895763281775,0.802549146683949,8,0,6,6.31872701222327,2,0,4,0,0,0,0,0
fold3_0002235,sa_0007070,2235,Liver,15,0,"[10,25)",AVAILABLE,1,1,1,13,0.7617592243261351,0.8571428571428571,0.8887190950471576,0.7830060934326337,0.7830060934326337,0.8782988418454528,12,1,3,10.664630029284986,0,0,3,0,0,0,1,0
fold3_0002236,sa_0007071,2236,Liver,18,0,"[10,25)",AVAILABLE,1,1,1,10,0.6025458796595952,0.7142857142857143,0.8435642315234332,0.6053416396050103,0.6432029795158287,0.828105167724388,10,0,8,8.435643158798563,1,0,7,0,0,0,0,0
fold3_0002237,sa_0007072,2237,Liver,17,0,"[10,25)",AVAILABLE,1,1,1,15,0.7013559021957484,0.8125,0.8632072642409211,0.6905907648203133,0.6951039418380097,0.9052405843720681,13,2,4,11.221695298339238,1,2,1,0,0,1,1,0
fold3_0002238,sa_0007073,2238,Liver,10,0,"[10,25)",AVAILABLE,1,1,1,9,0.6900687320784638,0.8421052631578947,0.8194566193431757,0.6966338259441708,0.7109761583445794,0.8923360063099777,8,1,2,6.555653774202025,1,0,1,0,0,0,1,0
fold3_0002239,sa_0007074,2239,Liver,20,0,"[10,25)",AVAILABLE,1,1,1,16,0.7652440891623128,0.8888888888888888,0.8608996003076019,0.7617432150313153,0.7744769874476988,0.918179674605046,16,0,4,13.774394465821231,0,1,3,0,0,0,0,0
fold3_0002240,sa_0007075,2240,Liver,13,0,"[10,25)",AVAILABLE,1,1,1,11,0.7620379290550631,0.9166666666666666,0.8313141044237052,0.740766309975837,0.7363052512278051,0.9338555265448216,11,0,2,9.144455979974861,1,0,1,0,0,0,0,0
fold3_0002241,sa_0007076,2241,Liver,17,0,"[10,25)",AVAILABLE,1,1,1,12,0.5964808281356334,0.6896551724137931,0.8648972007966683,0.6759432200224131,0.7181856362872743,0.884624786115864,10,2,7,8.648972872863883,5,0,2,0,0,0,0,2
fold3_0002242,sa_0007077,2242,Liver,13,0,"[10,25)",AVAILABLE,1,1,1,12,0.770692306590869,0.88,0.8757867120350783,0.7681990265008113,0.7681990265008113,0.870129075671377,11,1,2,9.633654708172573,0,0,2,0,0,0,1,0
fold3_0002243,sa_0007078,2243,Liver,16,0,"[10,25)",AVAILABLE,1,1,1,12,0.45871288298923063,0.5714285714285714,0.8027475452311537,0.5348390566182685,0.49323217518751616,0.80635103926097,8,4,8,6.421981164596774,0,1,6,1,1,0,2,1
fold3_0002244,sa_0007079,2244,Liver,21,0,"[10,25)",AVAILABLE,1,1,1,19,0.7595688880435028,0.85,0.893610456521768,0.812690173617326,0.812690173617326,0.8969637126635399,17,2,4,15.191378654480513,0,0,4,0,0,0,2,0
fold3_0002245,sa_0007080,2245,Liver,17,0,"[10,25)",AVAILABLE,1,1,1,15,0.8292994305722021,0.9375,0.8845860592770156,0.8444615978386724,0.8444615978386724,0.9156727348817745,15,0,2,13.268791773741293,0,0,2,0,0,0,0,0
fold3_0002246,sa_0007081,2246,Liver,14,0,"[10,25)",AVAILABLE,1,1,1,9,0.5766981288346403,0.6956521739130435,0.8290035601997955,0.6264218718818599,0.596015751679407,0.9111756168359942,8,1,6,6.632029310601924,3,0,3,0,0,0,0,1
fold3_0002247,sa_0007082,2247,Liver,21,0,"[10,25)",AVAILABLE,1,1,1,17,0.768952232704748,0.8947368421052632,0.8594172012582477,0.7758354755784062,0.7758354755784062,0.8737695425593515,17,0,4,14.610093280807414,0,0,4,0,0,0,0,0
fold3_0002248,sa_0007083,2248,Liver,18,0,"[10,25)",AVAILABLE,1,1,1,12,0.5911854849369683,0.7333333333333333,0.8061620249140478,0.4871236508237076,0.6287286417607877,0.9148293029871978,11,1,7,8.86778308021655,5,0,1,1,0,0,0,1
fold3_0002249,sa_0007084,2249,Liver,19,0,"[10,25)",AVAILABLE,1,1,1,11,0.5167161357710087,0.6,0.8611935596183479,0.511195859438845,0.5525832292202543,0.8882893117485563,9,2,10,7.750742897758689,7,0,3,0,0,0,0,2
fold3_0002250,sa_0007085,2250,Liver,18,0,"[10,25)",AVAILABLE,1,1,1,18,0.6557288695718722,0.7777777777777778,0.8430799751638356,0.6562453586811229,0.6696277154162965,0.8548488512696494,14,4,4,11.803120495373673,1,0,1,2,0,0,2,2
fold3_0002251,sa_0007086,2251,Liver,22,0,"[10,25)",AVAILABLE,1,1,1,24,0.6748191030056963,0.7391304347826086,0.9129905511253539,0.7154053245587796,0.7148569286517555,0.871320314777033,17,7,5,15.520840282121569,2,0,2,1,0,0,5,2
fold3_0002252,sa_0007087,2252,Liver,19,0,"[10,25)",AVAILABLE,1,1,1,16,0.7331868338893659,0.8571428571428571,0.8553846395375936,0.773256268062173,0.7891235656078497,0.9202453987730062,15,1,4,12.830770448448543,1,0,3,0,0,0,1,0
fold3_0002253,sa_0007088,2253,Liver,21,0,"[10,25)",AVAILABLE,1,1,1,19,0.8006614903920025,0.9,0.8896238782133361,0.7970423253442122,0.7970423253442122,0.8882763093886817,18,1,3,16.01323069746393,0,0,3,0,0,0,1,0
fold3_0002254,sa_0007089,2254,Liver,21,0,"[10,25)",AVAILABLE,1,1,1,14,0.5499938473831337,0.6285714285714286,0.8749902117458946,0.630500158277936,0.6428447075208914,0.8566735548137551,11,3,10,9.624893204195052,1,0,7,2,2,0,0,1
fold3_0002255,sa_0007090,2255,Liver,18,0,"[10,25)",AVAILABLE,1,1,1,17,0.6135770134562234,0.6857142857142857,0.8947998112903257,0.7179343922100726,0.7114732401356605,0.8695021749637506,12,5,6,10.737598630283719,2,0,2,2,0,0,2,3
fold3_0002256,sa_0007091,2256,Lung,23,0,"[10,25)",AVAILABLE,1,1,1,22,0.6802683594229944,0.8,0.8503354492787429,0.7194474539544962,0.7091537903720645,0.8786553524804177,18,4,5,15.306038937352822,2,0,2,1,2,0,1,1
fold3_0002257,sa_0007092,2257,Lung,28,0,"[25,50)",AVAILABLE,1,1,1,22,0.6954861145057687,0.8,0.8693576431322108,0.7,0.7010109599395313,0.8687755158719138,20,2,8,17.38715373200186,3,0,5,0,0,0,1,1
fold3_0002258,sa_0007093,2258,Lung,13,0,"[10,25)",AVAILABLE,1,1,1,11,0.5925683954686329,0.6666666666666666,0.8888525932029495,0.632688349114862,0.632688349114862,0.7754299258661557,8,3,5,7.1108216344761885,0,0,4,1,0,0,2,1
fold3_0002259,sa_0007094,2259,Lung,26,0,"[25,50)",AVAILABLE,1,1,1,20,0.618747509434444,0.6956521739130435,0.8894495448120132,0.4532233424992362,0.5724253545376286,0.8550352975075638,16,4,10,14.231193606441757,6,0,4,0,0,0,2,2
fold3_0002260,sa_0007095,2260,Lung,8,0,"[1,10)",AVAILABLE,1,1,1,5,0.653334840590478,0.7692307692307693,0.8493352927676213,0.745219182112386,0.745219182112386,0.8540121375590021,5,0,3,4.246677313173399,0,0,3,0,0,0,0,0
fold3_0002261,sa_0007096,2261,Lung,16,0,"[10,25)",AVAILABLE,1,1,1,16,0.8562292899666891,0.9375,0.9133112426311351,0.8228269381362568,0.894084477072029,0.9450919814632777,15,1,1,13.699669552778268,1,0,0,0,0,0,1,0
fold3_0002262,sa_0007097,2262,Lung,15,0,"[10,25)",AVAILABLE,1,1,1,13,0.6595520156944057,0.7857142857142857,0.8394298381565164,0.6541347251671832,0.6889641043911998,0.8480118130998839,11,2,4,9.233729059151518,0,1,3,0,0,0,2,0
fold3_0002263,sa_0007098,2263,Lung,13,0,"[10,25)",AVAILABLE,1,1,1,12,0.6748574950135264,0.8,0.8435718687669079,0.6937426210153483,0.6937426210153483,0.8191830475393838,10,2,3,8.435719531240947,0,0,3,0,0,0,2,0
fold3_0002264,sa_0007099,2264,Lung,9,0,"[1,10)",AVAILABLE,1,1,1,7,0.5849699280280203,0.625,0.9359518848448324,0.7219443375657304,0.793400286944046,0.90064,5,2,4,4.679760360176047,2,0,2,0,0,0,1,1
fold3_0002265,sa_0007100,2265,Ovarian,13,0,"[10,25)",AVAILABLE,1,1,1,15,0.6166968877204873,0.7142857142857143,0.8633756428086822,0.6040052623885397,0.6040052623885397,0.7531212977307937,10,5,3,8.633757291462464,0,0,2,1,0,0,4,1
fold3_0002266,sa_0007101,2266,Ovarian,21,0,"[10,25)",AVAILABLE,1,1,1,21,0.6114345330009565,0.7619047619047619,0.8025078245637555,0.678522820070774,0.678522820070774,0.8171252500135142,16,5,5,12.840125995527913,0,0,4,1,1,0,3,1
fold3_0002267,sa_0007102,2267,Ovarian,23,0,"[10,25)",AVAILABLE,1,1,1,17,0.6308865055980658,0.8,0.7886081319975822,0.6160292549139114,0.6485493940506794,0.9102249944308309,16,1,7,12.617730900569448,4,1,2,0,0,0,0,1
fold3_0002268,sa_0007103,2268,Ovarian,11,0,"[10,25)",AVAILABLE,1,1,1,9,0.738454571111232,0.9,0.82050507901248,0.8162022945446031,0.8162022945446031,0.898801082892871,9,0,2,7.384546531617399,0,0,2,0,0,0,0,0
fold3_0002269,sa_0007104,2269,Ovarian,14,0,"[10,25)",AVAILABLE,1,1,1,15,0.5516944755620541,0.6896551724137931,0.7999569895649784,0.5460961229229945,0.5364423345434236,0.7407003513873743,10,5,4,7.999570695606773,2,0,2,0,0,0,4,1
fold3_0002270,sa_0007105,2270,Ovarian,4,0,"[1,10)",AVAILABLE,1,1,1,4,0.6133436660890764,0.75,0.8177915547854352,0.4909197422378442,0.4909197422378442,0.6585461689587426,3,1,1,2.4533754821478606,0,0,0,1,0,0,0,1
fold3_0002271,sa_0007106,2271,Ovarian,47,0,"[25,50)",AVAILABLE,1,1,1,34,0.5308926399506106,0.6666666666666666,0.7963389599259161,0.5616047104314966,0.5601145038167938,0.8030581039755351,27,7,20,21.501152714338694,4,1,12,3,2,1,1,3
fold3_0002272,sa_0007107,2272,Ovarian,46,0,"[25,50)",AVAILABLE,1,1,1,32,0.49013293320059453,0.5897435897435898,0.8310949736879646,0.4484901849070285,0.4987779455107469,0.8456797525120506,23,9,23,19.11518522591816,6,7,9,1,4,2,1,2
fold3_0002273,sa_0007108,2273,Ovarian,37,0,"[25,50)",AVAILABLE,1,1,1,27,0.6840555016377392,0.78125,0.8755910420963062,0.5365397076823385,0.6322945613338626,0.9071563203015748,25,2,12,21.8897769279987,2,4,6,0,0,1,1,0
fold3_0002274,sa_0007109,2274,Ovarian,33,0,"[25,50)",AVAILABLE,1,1,1,19,0.4269489354424143,0.5,0.8538978708848286,0.43458987907372604,0.45578836214083257,0.93601588149958,13,6,20,11.100673175400642,10,6,4,0,0,2,1,3
fold3_0002275,sa_0007110,2275,Ovarian,19,0,"[10,25)",AVAILABLE,1,1,1,13,0.4964788860635264,0.625,0.7943662177016423,0.5005554321261941,0.4778954802259887,0.8622353896879629,10,3,9,7.94366297138264,4,3,2,0,0,1,2,0
fold3_0002276,sa_0007111,2276,Ovarian,28,0,"[25,50)",AVAILABLE,1,1,1,20,0.4718152439999821,0.5833333333333334,0.8088261325713978,0.48040856615595895,0.4804759911499133,0.9042733661846676,14,6,14,11.323566664825702,11,0,3,0,0,0,3,3
fold3_0002277,sa_0007112,2277,Ovarian,29,0,"[25,50)",AVAILABLE,1,1,1,16,0.4805938152506199,0.6222222222222222,0.7723829173670677,0.4885026155187446,0.536392168584666,0.8720817120622568,14,2,15,10.813361615521863,8,0,7,0,0,0,2,0
fold3_0002278,sa_0007113,2278,Ovarian,37,0,"[25,50)",AVAILABLE,1,1,1,28,0.7492294294902472,0.8615384615384616,0.869641302086894,0.7755483638978785,0.7824074074074074,0.9037285295349812,28,0,9,24.349957328074336,1,0,8,0,0,0,0,0
fold3_0002279,sa_0007114,2279,Ovarian,14,0,"[10,25)",AVAILABLE,1,1,1,9,0.5077884809995571,0.6086956521739131,0.8342239330707009,0.5208602846054333,0.6143832693128468,0.8515532055518836,7,2,7,5.839568365718839,4,0,3,0,0,0,1,1
fold3_0002280,sa_0007115,2280,Ovarian,33,0,"[25,50)",AVAILABLE,1,1,1,22,0.6103826481306028,0.6909090909090909,0.8834485696627147,0.5748936934778702,0.6218798607510555,0.8768324428003836,19,3,14,16.78552370704015,6,0,8,0,0,0,1,2
fold3_0002281,sa_0007116,2281,Ovarian,28,0,"[25,50)",AVAILABLE,1,1,1,24,0.5651971347744161,0.6538461538461539,0.8644191473020483,0.5427001925472873,0.5655894938763465,0.904052780395853,17,7,11,14.695126368553968,6,0,3,2,0,0,3,4
fold3_0002282,sa_0007117,2282,Ovarian,22,0,"[10,25)",AVAILABLE,1,1,1,20,0.7391069719000048,0.8571428571428571,0.8622914672166724,0.7480030040281286,0.7538539115401239,0.9005626976629564,18,2,4,15.521247272191571,1,0,3,0,0,0,2,0
fold3_0002283,sa_0007118,2283,Ovarian,28,0,"[25,50)",AVAILABLE,1,1,1,19,0.33708995794029856,0.425531914893617,0.7921614011597016,0.31689980964356196,0.3671977098761591,0.838662691458613,10,9,18,7.921614803758416,3,13,2,0,1,4,3,1
fold3_0002284,sa_0007119,2284,Ovarian,9,0,"[1,10)",AVAILABLE,1,1,1,7,0.6082597861750254,0.75,0.8110130482333673,0.5890489254686786,0.6775447854464658,0.8566225165562914,6,1,3,4.866079100413252,1,0,2,0,0,0,1,0
fold3_0002285,sa_0007120,2285,Ovarian,18,0,"[10,25)",AVAILABLE,1,1,1,14,0.4454027407253384,0.5,0.8908054814506768,0.44076422719973873,0.5001644331168297,0.8882251390677665,8,6,10,7.126444742410896,4,5,1,0,0,3,2,1
fold3_0002286,sa_0007121,2286,Ovarian,33,0,"[25,50)",AVAILABLE,1,1,1,14,0.172547307279507,0.2553191489361702,0.6758102868447359,0.12207532775990751,0.19040326697294538,0.7851881747553223,6,8,27,4.054862396878702,7,19,1,0,0,4,3,1
fold3_0002287,sa_0007122,2287,Ovarian,39,0,"[25,50)",AVAILABLE,1,1,1,13,0.20668406886760315,0.2692307692307692,0.7676836843653831,0.18003456430780426,0.25271220557864743,0.829424040066778,7,6,32,5.373786558241367,5,17,9,1,0,3,0,3
fold3_0002288,sa_0007123,2288,Ovarian,26,0,"[25,50)",AVAILABLE,1,1,1,14,0.31722788600341845,0.4,0.7930697150085461,0.19642830787395765,0.3082467584762825,0.8449629105235619,8,6,18,6.344558513138083,0,17,1,0,0,5,1,0
fold3_0002289,sa_0007124,2289,Ovarian,25,0,"[25,50)",AVAILABLE,1,1,1,13,0.13174466235216806,0.15789473684210525,0.8343828615637311,0.24132476760597654,0.28407052785519166,0.8566271273852502,3,10,22,2.503149419074055,19,3,0,0,1,2,2,5
fold3_0002290,sa_0007125,2290,Ovarian,16,0,"[10,25)",AVAILABLE,1,1,1,12,0.5692228571413657,0.7142857142857143,0.796911999997912,0.595330268570046,0.6455104222340994,0.7991879821356069,10,2,6,7.969120796891119,1,0,4,1,0,0,1,1
fold3_0002291,sa_0007126,2291,Ovarian,46,0,"[25,50)",AVAILABLE,1,1,1,37,0.7004992822937072,0.8433734939759037,0.8305920061482528,0.6446840205014265,0.7136235824861725,0.9250604060730643,35,2,11,29.07072104578085,4,1,5,1,1,0,0,1
fold3_0002292,sa_0007127,2292,Ovarian,43,0,"[25,50)",AVAILABLE,1,1,1,32,0.5998264795897569,0.72,0.8330923327635513,0.6191491911324146,0.6429718536049361,0.8894948039921803,27,5,16,22.49349381770822,6,2,7,1,1,0,2,2
fold3_0002293,sa_0007128,2293,Ovarian,28,0,"[25,50)",AVAILABLE,1,1,1,20,0.5507349759827582,0.6666666666666666,0.8261024639741374,0.576110852041836,0.5811487824769894,0.851963746223565,16,4,12,13.217640249688664,2,2,7,1,1,0,1,2
fold3_0002294,sa_0007129,2294,Ovarian,39,0,"[25,50)",AVAILABLE,1,1,1,28,0.6189045229673774,0.746268656716418,0.8293320607762857,0.5376711428796679,0.6009644364074744,0.9065822111977321,25,3,14,20.733302348739205,8,2,3,1,0,0,1,2
fold3_0002295,sa_0007130,2295,Ovarian,32,0,"[25,50)",AVAILABLE,1,1,1,25,0.5212889381794996,0.5964912280701754,0.8739255728303377,0.4608674399804478,0.49116501124951983,0.9068761845180047,17,8,15,14.856735612041314,9,6,0,0,0,2,4,2
fold3_0002296,sa_0007131,2296,Ovarian,29,0,"[25,50)",AVAILABLE,1,1,1,19,0.5097973278157241,0.5833333333333334,0.873938276255527,0.5740103664969497,0.5558284217419778,0.8780385141534253,14,5,15,12.235136741515653,7,2,6,0,0,1,1,3
fold3_0002297,sa_0007132,2297,Ovarian,39,0,"[25,50)",AVAILABLE,1,1,1,27,0.5532578627654599,0.696969696969697,0.7938047596200075,0.5243571661061083,0.5716999718547706,0.866812911313068,23,4,16,18.257510265064933,7,2,6,1,0,1,1,2
fold3_0002298,sa_0007133,2298,Ovarian,30,0,"[25,50)",AVAILABLE,1,1,1,27,0.5359180667854859,0.6666666666666666,0.8038771001782289,0.5336455893832943,0.5409527227056607,0.7965884613145485,19,8,11,15.273665707263449,4,2,5,0,0,1,6,1
fold3_0002299,sa_0007134,2299,Ovarian,32,0,"[25,50)",AVAILABLE,1,1,1,33,0.600296314382675,0.7076923076923077,0.8482447920624754,0.6988176726820162,0.7178569943014018,0.8851546042277053,23,10,9,19.509631065681727,2,0,7,0,2,0,8,0
fold3_0002300,sa_0007135,2300,Ovarian,28,0,"[25,50)",AVAILABLE,1,1,1,21,0.6708165997610861,0.7755102040816326,0.8650003523235058,0.628728943338438,0.6401352398394027,0.8815975950182521,19,2,9,16.435007559146964,4,0,5,0,0,0,1,1
fold3_0002301,sa_0007136,2301,Ovarian,24,0,"[10,25)",AVAILABLE,1,1,1,23,0.745197723311862,0.8936170212765957,0.8339117379918456,0.7101015042191513,0.7464020503384373,0.874656632173095,21,2,3,17.512147331740497,0,1,2,0,0,0,2,0
fold3_0002302,sa_0007137,2302,Ovarian,26,0,"[25,50)",AVAILABLE,1,1,1,27,0.622396348506791,0.7547169811320755,0.824675161771498,0.647458684128469,0.6486740774296965,0.8815099763273588,20,7,6,16.493504060105124,3,0,2,1,0,0,5,2
fold3_0002303,sa_0007138,2303,Ovarian,22,0,"[10,25)",AVAILABLE,1,1,1,23,0.7065834065887618,0.8444444444444444,0.8367435078024812,0.6795131845841785,0.7210261930391102,0.8485875117273012,19,4,3,15.89812748499065,1,0,2,0,1,0,3,0
fold3_0002304,sa_0007139,2304,Ovarian,24,0,"[10,25)",AVAILABLE,1,1,1,23,0.7379100492569459,0.8085106382978723,0.9126782188178015,0.7917143401983219,0.7917143401983219,0.8837506319346513,19,4,5,17.34088707021645,0,0,4,1,0,0,3,1
fold3_0002305,sa_0007140,2305,Ovarian,26,0,"[25,50)",AVAILABLE,1,1,1,21,0.6929328090321968,0.8085106382978723,0.8570484743292961,0.7729547972947155,0.7729833346373524,0.8926987489243398,19,2,7,16.2839218693051,2,0,5,0,0,0,1,1
fold3_0002306,sa_0007141,2306,Ovarian,26,0,"[25,50)",AVAILABLE,1,1,1,22,0.5637269642161093,0.6666666666666666,0.845590446324164,0.5861581408838777,0.6117712429475124,0.8626057439868466,16,6,10,13.529447986777072,5,0,5,0,1,0,3,2
fold3_0002307,sa_0007142,2307,Ovarian,23,0,"[10,25)",AVAILABLE,1,1,1,25,0.6658744739201637,0.7916666666666666,0.8411045986359963,0.5775813888500768,0.5990296580327099,0.8091905647450328,19,6,4,15.98098821518853,2,0,1,1,0,0,5,1
fold3_0002308,sa_0007143,2308,Ovarian,41,0,"[25,50)",AVAILABLE,1,1,1,32,0.5575760918613099,0.7123287671232876,0.7827510520360696,0.48604872737171634,0.5790242650397837,0.9001700510153046,26,6,15,20.351528135688863,9,5,1,0,1,3,0,2
fold3_0002309,sa_0007144,2309,Ovarian,39,0,"[25,50)",AVAILABLE,1,1,1,28,0.48797950389467026,0.6268656716417911,0.7784434943081644,0.4373042938096627,0.4864095450506809,0.8420474784687828,21,7,18,16.347314158914948,12,2,2,2,0,1,1,5
fold3_0002310,sa_0007145,2310,Ovarian,37,0,"[25,50)",AVAILABLE,1,1,1,23,0.3993278324087727,0.4666666666666667,0.8557024980187986,0.37402487636060444,0.43189268623535176,0.8632141259440541,14,9,23,11.979835827965678,14,5,3,1,0,2,2,5
fold3_0002311,sa_0007146,2311,Ovarian,32,0,"[25,50)",AVAILABLE,1,1,1,27,0.46711367053014186,0.5423728813559322,0.861240830039949,0.5002102312543798,0.51942229017728,0.8736010443722207,16,11,16,13.779854141880016,15,0,1,0,0,0,4,7
fold3_0002312,sa_0007147,2312,Ovarian,24,0,"[10,25)",AVAILABLE,1,1,1,20,0.3841854792210202,0.45454545454545453,0.8452080542862445,0.37735706856789714,0.44535591426303256,0.705855843168183,10,10,14,8.452081388070498,8,0,2,4,1,0,1,8
fold3_0002313,sa_0007148,2313,Pancreatic,14,0,"[10,25)",AVAILABLE,1,1,1,12,0.8130571891219538,0.9230769230769231,0.8808119548821166,0.7645392749244713,0.8006651423820411,0.9347800992727693,12,0,2,10.569744339397353,1,0,1,0,0,0,0,0
fold3_0002314,sa_0007149,2314,Pancreatic,8,0,"[1,10)",AVAILABLE,1,1,1,9,0.5007588519714334,0.5882352941176471,0.8512900483514367,0.5076475657044377,0.5083914278337206,0.8108524477918521,5,4,3,4.256451093047232,1,0,2,0,0,0,4,0
fold3_0002315,sa_0007150,2315,Pancreatic,13,0,"[10,25)",AVAILABLE,1,1,1,6,0.4490988047838918,0.5263157894736842,0.8532877290893944,0.4445534036119964,0.47227747389358526,0.918686143713586,5,1,8,4.266439498734702,4,0,4,0,0,0,0,1
fold3_0002316,sa_0007151,2316,Pancreatic,21,0,"[10,25)",AVAILABLE,1,1,1,15,0.5773732457793587,0.7777777777777778,0.7423370302877468,0.6121871599564744,0.6493667742736529,0.8470340258958146,14,1,7,10.392719166365485,4,0,3,0,0,0,0,1
fold3_0002317,sa_0007152,2317,Pancreatic,36,0,"[25,50)",AVAILABLE,1,1,1,27,0.7383248630087046,0.8571428571428571,0.8613790068434888,0.7480993411049164,0.7480993411049164,0.8570600173963467,27,0,9,23.257234046153204,0,0,9,0,0,0,0,0
fold3_0002318,sa_0007153,2318,Pancreatic,26,0,"[25,50)",AVAILABLE,1,1,1,19,0.7011697392575955,0.8,0.8764621740719943,0.7258553000560852,0.7558572630061275,0.885589161078418,18,1,8,15.776320009758074,2,0,6,0,0,0,0,1
fold3_0002319,sa_0007154,2319,Pancreatic,25,0,"[25,50)",AVAILABLE,1,1,1,19,0.601702477427114,0.7272727272727273,0.8273409064622818,0.5811067747423196,0.6176154672395274,0.8568688210122473,16,3,9,13.237455330737415,4,0,5,0,0,0,2,1
fold3_0002320,sa_0007155,2320,Pancreatic,25,0,"[25,50)",AVAILABLE,1,1,1,24,0.7238457993093691,0.8571428571428571,0.8444867658609306,0.7623710957786186,0.76848948374761,0.899969727111534,21,3,4,17.73422292756631,0,1,3,0,1,0,2,0
fold3_0002321,sa_0007156,2321,Pancreatic,30,0,"[25,50)",AVAILABLE,1,1,1,27,0.6514338297598213,0.8070175438596491,0.8072114847023873,0.6543981090663515,0.7055842241061555,0.837646550326868,23,4,7,18.565864955366393,3,0,3,1,0,0,2,2
fold3_0002322,sa_0007157,2322,Pancreatic,22,0,"[10,25)",AVAILABLE,1,1,1,23,0.660013286239072,0.8,0.8250166077988399,0.5911850092372658,0.5911850092372658,0.7439597500967545,18,5,4,14.850299765395727,0,1,2,1,0,1,3,1
fold3_0002323,sa_0007158,2323,Pancreatic,47,0,"[25,50)",AVAILABLE,1,1,1,44,0.6456687010142047,0.8131868131868132,0.7939979971931436,0.6886428571428571,0.6951293299047043,0.8603042876901799,37,7,10,29.377926690144307,4,0,4,2,0,0,3,4
fold3_0002324,sa_0007159,2324,Pancreatic,61,0,"[50,+inf)",AVAILABLE,1,1,1,55,0.5760064382271903,0.7241379310344828,0.795437462313739,0.5351230425055928,0.574673304293715,0.8227622999407231,42,13,19,33.4083742126145,11,1,4,3,0,1,5,7
fold3_0002325,sa_0007160,2325,Pancreatic,47,0,"[25,50)",AVAILABLE,1,1,1,36,0.4582384671821308,0.5783132530120482,0.7923706828357678,0.4200783869292157,0.4601581710639995,0.8108870784215557,24,12,23,19.016897180429112,16,3,3,1,0,2,3,7
fold3_0002326,sa_0007161,2326,Pancreatic,9,0,"[1,10)",AVAILABLE,1,1,1,9,0.8876294149157659,1.0,0.8876294149157659,0.9045444165334551,0.9045444165334551,0.9498800959232614,9,0,0,7.988665621871307,0,0,0,0,0,0,0,0
fold3_0002327,sa_0007162,2327,Pancreatic,16,0,"[10,25)",AVAILABLE,1,1,1,13,0.6651546418858633,0.8275862068965517,0.8037285256120847,0.6414698570540709,0.7178117517038128,0.8890199442419043,12,1,4,9.644743111073542,2,0,2,0,1,0,0,0
fold3_0002328,sa_0007163,2328,Pancreatic,12,0,"[10,25)",AVAILABLE,1,1,1,9,0.6557642167587432,0.7619047619047619,0.8606905344958505,0.666840368247351,0.6813808715336729,0.8614383484797487,8,1,4,6.885525136657338,2,0,2,0,0,0,0,1
fold3_0002329,sa_0007164,2329,Pancreatic,13,0,"[10,25)",AVAILABLE,1,1,1,9,0.45548196091107396,0.5454545454545454,0.8350502616703023,0.5196916904233977,0.5090884427563754,0.8848539325842697,6,3,7,5.010302405072076,6,0,1,0,0,0,0,3
fold3_0002330,sa_0007165,2330,Pancreatic,26,0,"[25,50)",AVAILABLE,1,1,1,17,0.6711527318441117,0.7906976744186046,0.8488108079204943,0.6822440330136069,0.7103332130398171,0.8604585736390491,17,0,9,14.429784583459213,1,0,8,0,0,0,0,0
fold3_0002331,sa_0007166,2331,Pancreatic,24,0,"[10,25)",AVAILABLE,1,1,1,14,0.6305167129872944,0.7368421052631579,0.8557012533398995,0.597937338854598,0.649540757749713,0.8877675308856795,14,0,10,11.979818402459847,3,0,7,0,0,0,0,0
fold3_0002332,sa_0007167,2332,Pancreatic,26,0,"[25,50)",AVAILABLE,1,1,1,20,0.5169058430372632,0.6521739130434783,0.7925889593238036,0.47874756651524986,0.5670003076122193,0.9057578182806578,15,5,11,11.888835182446012,7,4,0,0,0,1,1,3
fold3_0002333,sa_0007168,2333,Prostate,30,0,"[25,50)",AVAILABLE,1,1,1,24,0.6493761620790616,0.7777777777777778,0.8349122083873648,0.6533628972653363,0.6474607727349417,0.8158123815863587,21,3,9,17.53315721104687,2,0,6,1,0,0,1,2
fold3_0002334,sa_0007169,2334,Prostate,25,0,"[25,50)",AVAILABLE,1,1,1,17,0.6807924898021366,0.8095238095238095,0.8409789579908746,0.6261329305135952,0.685090630584631,0.8791758200136354,17,0,8,14.296643126823827,2,0,6,0,0,0,0,0
fold3_0002335,sa_0007170,2335,Prostate,25,0,"[25,50)",AVAILABLE,1,1,1,17,0.6558242045859627,0.8095238095238095,0.810135782135601,0.5994868871151653,0.6472165273616148,0.8053614169459071,17,0,8,13.772309106441,2,0,6,0,0,0,0,0
fold3_0002336,sa_0007171,2336,Prostate,38,0,"[25,50)",AVAILABLE,1,1,1,27,0.6847366245130971,0.8307692307692308,0.8242200109879873,0.6822295351707116,0.6822295351707116,0.811101601662795,27,0,11,22.253941120895668,0,0,11,0,0,0,0,0
fold3_0002337,sa_0007172,2337,Prostate,43,0,"[25,50)",AVAILABLE,1,1,1,35,0.6483079538386031,0.7948717948717948,0.8156132322485652,0.645446144368005,0.6586692258477287,0.8084860173577628,31,4,12,25.284011015318754,3,0,9,0,0,0,3,1
fold3_0002338,sa_0007173,2338,Prostate,22,0,"[10,25)",AVAILABLE,1,1,1,18,0.6602417624727237,0.8,0.8253022030909046,0.6173464189900499,0.711903415973512,0.8592589098285256,16,2,6,13.204836074756678,3,0,2,1,0,0,1,1
fold3_0002339,sa_0007174,2339,Prostate,12,0,"[10,25)",AVAILABLE,1,1,1,10,0.6997986427726447,0.9090909090909091,0.7697785070499091,0.7057479145240544,0.7548917377169846,0.8634743096819294,10,0,2,7.697785840277597,2,0,0,0,0,0,0,0
fold3_0002340,sa_0007175,2340,Prostate,12,0,"[10,25)",AVAILABLE,1,1,1,18,0.22557243819008493,0.26666666666666666,0.8458966432128185,0.30961207467231566,0.33280552756585574,0.5244626849551788,4,14,8,3.3835874187479176,1,0,2,5,3,0,7,4
fold3_0002341,sa_0007176,2341,Prostate,14,0,"[10,25)",AVAILABLE,1,1,1,12,0.5285293339157301,0.6153846153846154,0.8588601676130614,0.5359057748088248,0.588324377137274,0.7500999600159935,8,4,6,6.870882199764658,2,0,3,1,0,0,2,2
fold3_0002342,sa_0007177,2342,Prostate,9,0,"[1,10)",AVAILABLE,1,1,1,13,0.5110589768545949,0.6363636363636364,0.8030926779143635,0.5247685068056469,0.5247685068056469,0.6978827902037565,7,6,2,5.621649548493222,0,0,1,1,2,0,4,0
fold3_0002343,sa_0007178,2343,Prostate,15,0,"[10,25)",AVAILABLE,1,1,1,14,0.4699726076945633,0.5517241379310345,0.8518253514463959,0.44278434097753067,0.4578475525064186,0.6622398013684788,8,6,7,6.814603663396518,2,0,3,2,0,0,3,3
fold3_0002344,sa_0007179,2344,Prostate,12,0,"[10,25)",AVAILABLE,1,1,1,13,0.5314041446832121,0.64,0.8303189760675189,0.6395485038867,0.6395485038867,0.7805416639605118,8,5,4,6.642552638859127,0,0,1,3,0,0,2,3
fold3_0002345,sa_0007180,2345,Prostate,10,0,"[10,25)",AVAILABLE,1,1,1,13,0.727353392290032,0.8695652173913043,0.8364564011335368,0.7818737837086461,0.7818737837086461,0.8775860454956782,10,3,0,8.364564847791769,0,0,0,0,0,0,3,0
fold3_0002346,sa_0007181,2346,Prostate,32,0,"[25,50)",AVAILABLE,1,1,1,17,0.5876211179091692,0.6938775510204082,0.8468657287514497,0.5104546326491464,0.5267963477570464,0.6918876755070202,17,0,15,14.396718235640375,1,0,14,0,0,0,0,0
fold3_0002347,sa_0007182,2347,Prostate,15,0,"[10,25)",AVAILABLE,1,1,1,13,0.6491663602156071,0.7857142857142857,0.8262117311835,0.6380536367330354,0.662159064863626,0.892719249862107,11,2,4,9.08832986923023,2,1,1,0,0,1,1,0
fold3_0002348,sa_0007183,2348,Prostate,21,0,"[10,25)",AVAILABLE,1,1,1,13,0.6335239008272509,0.7647058823529411,0.8284543318510205,0.6639448838989538,0.6639448838989538,0.8044778408219598,13,0,8,10.769907142517598,0,0,8,0,0,0,0,0
fold3_0002349,sa_0007184,2349,Prostate,8,0,"[1,10)",AVAILABLE,1,1,1,9,0.7376878655464212,0.8235294117647058,0.8957638367349401,0.804085733422639,0.804085733422639,0.9385557824392055,7,2,1,6.2703477529084175,0,0,0,1,2,0,0,0
fold3_0002350,sa_0007185,2350,Prostate,16,0,"[10,25)",AVAILABLE,1,1,1,10,0.4521924981923458,0.5384615384615384,0.8397860680714994,0.5447835627368841,0.5525317867499442,0.7994252873563218,7,3,9,5.878503316286563,2,0,6,1,2,0,0,1
fold3_0002351,sa_0007186,2351,Prostate,27,0,"[25,50)",AVAILABLE,1,1,1,21,0.7184171253072531,0.875,0.8210481432082892,0.6913863587463244,0.7248414891887498,0.9093736745369716,21,0,6,17.242011828422218,3,0,3,0,0,0,0,0
fold3_0002352,sa_0007187,2352,Prostate,10,0,"[10,25)",AVAILABLE,1,1,1,10,0.7078895131837373,0.8,0.8848618914796715,0.6732963808281709,0.6732963808281709,0.8051441932969603,8,2,2,7.078896016699263,0,1,1,0,0,1,1,0
fold3_0002353,sa_0007188,2353,Prostate,23,0,"[10,25)",AVAILABLE,1,1,1,18,0.7175477939108583,0.8292682926829268,0.8652782220689763,0.6892084057513035,0.759493670886076,0.8777984605322735,17,1,6,14.70973064045082,2,0,4,0,0,0,1,0
fold3_0002354,sa_0007189,2354,Prostate,55,0,"[50,+inf)",AVAILABLE,1,1,1,51,0.6438372305299621,0.7547169811320755,0.8530843304521997,0.6209669052806308,0.6590037156753165,0.8719181324884373,40,11,15,34.123374071172314,10,0,3,2,0,0,6,5
fold3_0002355,sa_0007190,2355,Prostate,35,0,"[25,50)",AVAILABLE,1,1,1,32,0.6232514556852379,0.746268656716418,0.8351569506182187,0.5183440529033427,0.6067823826273131,0.8242796297618198,25,7,10,20.878924600612418,5,0,4,1,0,0,4,3
fold3_0002356,sa_0007191,2356,Prostate,44,0,"[25,50)",AVAILABLE,1,1,1,44,0.591866025397195,0.75,0.7891547005295934,0.5091056351855487,0.6024037995541339,0.8392209049116864,33,11,11,26.042105906631278,9,0,1,1,1,0,8,2
fold3_0002357,sa_0007192,2357,Prostate,33,0,"[25,50)",AVAILABLE,1,1,1,27,0.67708987135549,0.8333333333333334,0.8125078456265881,0.6894569383180273,0.7166620350152845,0.8828657986633056,25,2,8,20.312696953172548,4,0,3,1,0,0,0,2
fold3_0002358,sa_0007193,2358,Prostate,33,0,"[25,50)",AVAILABLE,1,1,1,29,0.6385631010322304,0.7419354838709677,0.8606720057390931,0.6045193382948367,0.6599229287090559,0.866539535140812,23,6,10,19.79545699267115,8,0,2,0,0,0,4,2
fold3_0002359,sa_0007194,2359,Prostate,26,0,"[25,50)",AVAILABLE,1,1,1,27,0.7747140591019052,0.8679245283018868,0.8926053289652386,0.7863936020750028,0.7886750348675035,0.9093007298359429,23,4,3,20.52992345880582,2,0,1,0,0,0,3,1
fold3_0002360,sa_0007195,2360,Prostate,4,0,"[1,10)",AVAILABLE,1,1,1,4,0.7903373238411807,1.0,0.7903373238411807,0.7921311475409836,0.7921311475409836,0.8840102451518478,4,0,0,3.161350085702047,0,0,0,0,0,0,0,0
fold3_0002361,sa_0007196,2361,Prostate,2,0,"[1,10)",AVAILABLE,1,1,1,2,0.8069725694866882,1.0,0.8069725694866882,0.8140703517587939,0.8140703517587939,0.8975069252077562,2,0,0,1.613945945945946,0,0,0,0,0,0,0,0
fold3_0002362,sa_0007197,2362,Prostate,5,0,"[1,10)",AVAILABLE,1,1,1,8,0.4935702709030481,0.6153846153846154,0.8020516902174532,0.35749053542455383,0.35749053542455383,0.5266932270916335,4,4,1,3.208207562921503,0,0,0,1,0,0,3,1
fold3_0002363,sa_0007198,2363,Prostate,8,0,"[1,10)",AVAILABLE,1,1,1,8,0.4152585155899913,0.5,0.8305170311799825,0.4646567012921206,0.4646567012921206,0.6344923023698322,4,4,4,3.3220689552369613,0,0,2,2,0,0,2,2
fold3_0002364,sa_0007199,2364,Prostate,10,0,"[10,25)",AVAILABLE,1,1,1,10,0.8108559135364651,1.0,0.8108559135364651,0.8022875816993464,0.8022875816993464,0.8913871260199456,10,0,0,8.108559946220565,0,0,0,0,0,0,0,0
fold3_0002365,sa_0007200,2365,Prostate,24,0,"[10,25)",AVAILABLE,1,1,1,21,0.6086900418712288,0.7111111111111111,0.8559703713814154,0.6766717577528388,0.6817316144154703,0.8946382682172569,16,5,8,13.695526798073018,3,3,1,1,0,2,1,2
fold3_0002366,sa_0007201,2366,Prostate,25,0,"[25,50)",AVAILABLE,1,1,1,22,0.6890933450542368,0.8085106382978723,0.852299663619714,0.7293752826409975,0.7418514607532559,0.9162995594713657,19,3,6,16.19369446107423,3,0,2,1,0,0,1,2
fold3_0002367,sa_0007202,2367,Prostate,35,0,"[25,50)",AVAILABLE,1,1,1,26,0.6716548728618289,0.7868852459016393,0.8535614009285742,0.6085704939483153,0.6774193548387096,0.9045998249538073,24,2,11,20.485474475847184,6,0,5,0,0,0,1,1
fold3_0002368,sa_0007203,2368,Prostate,19,0,"[10,25)",AVAILABLE,1,1,1,18,0.7063987994307416,0.8108108108108109,0.8712251859645812,0.6592324238650515,0.7133587786259542,0.8647805747382491,15,3,4,13.068378660693904,3,0,1,0,0,0,2,1
fold3_0002369,sa_0007204,2369,Prostate,34,0,"[25,50)",AVAILABLE,1,1,1,21,0.5673819851048699,0.6909090909090909,0.8212107679149433,0.5258424745528214,0.5860705313110636,0.9375494998680004,19,2,15,15.60300541159469,11,0,4,0,0,0,0,2
fold3_0002370,sa_0007205,2370,Prostate,20,0,"[10,25)",AVAILABLE,1,1,1,16,0.7540632062260038,0.8888888888888888,0.8483211070042542,0.7570834907442388,0.7707993474714518,0.9235375403040074,16,0,4,13.573138560389175,1,0,3,0,0,0,0,0
fold3_0002371,sa_0007206,2371,Prostate,22,0,"[10,25)",AVAILABLE,1,1,1,19,0.6730720626153206,0.7804878048780488,0.8623735802258795,0.6545283428654166,0.6623456790123456,0.8393056071295952,16,3,6,13.797978145987653,1,0,5,0,0,0,3,0
fold3_0002372,sa_0007207,2372,Prostate,16,0,"[10,25)",AVAILABLE,1,1,1,12,0.5319203250793064,0.6428571428571429,0.8274316167900321,0.5012354394634663,0.5901953733668944,0.8562598929675134,9,3,7,7.446885378541905,4,0,2,1,0,0,1,2
fold3_0002373,NOT_FOUND,2373,Prostate,0,1,"[0,1)",NOT_EVALUATED,0,0,0,NOT_EVALUATED,NOT_EVALUATED,NOT_EVALUATED,NOT_EVALUATED,NOT_EVALUATED,NOT_EVALUATED,NOT_EVALUATED,NOT_EVALUATED,NOT_EVALUATED,NOT_EVALUATED,NOT_EVALUATED,NOT_EVALUATED,NOT_EVALUATED,NOT_EVALUATED,NOT_EVALUATED,NOT_EVALUATED,NOT_EVALUATED,NOT_EVALUATED,NOT_EVALUATED
fold3_0002374,sa_0007208,2374,Prostate,17,0,"[10,25)",AVAILABLE,1,1,1,15,0.5037328608333337,0.625,0.8059725773333338,0.49045909692046097,0.5539050191312176,0.7610081112398609,10,5,7,8.059726579305915,2,2,3,0,0,1,4,0
fold3_0002375,NOT_FOUND,2375,Prostate,0,1,"[0,1)",NOT_EVALUATED,0,0,0,NOT_EVALUATED,NOT_EVALUATED,NOT_EVALUATED,NOT_EVALUATED,NOT_EVALUATED,NOT_EVALUATED,NOT_EVALUATED,NOT_EVALUATED,NOT_EVALUATED,NOT_EVALUATED,NOT_EVALUATED,NOT_EVALUATED,NOT_EVALUATED,NOT_EVALUATED,NOT_EVALUATED,NOT_EVALUATED,NOT_EVALUATED,NOT_EVALUATED,NOT_EVALUATED
fold3_0002376,sa_0007209,2376,Skin,99,0,"[50,+inf)",AVAILABLE,1,1,1,79,0.4207387381490466,0.550561797752809,0.7641989325564316,0.38707354000382177,0.4651984300043611,0.8106676191326606,49,30,50,37.44574845946408,22,21,5,2,6,11,5,8
fold3_0002377,sa_0007210,2377,Skin,80,0,"[50,+inf)",AVAILABLE,1,1,1,54,0.4304809064679301,0.5373134328358209,0.8011727981486476,0.42731860271422273,0.49000764964620386,0.8455639339002086,36,18,44,28.84222153452411,13,25,4,2,0,9,2,7
fold3_0002378,sa_0007211,2378,Skin,62,0,"[50,+inf)",AVAILABLE,1,1,1,38,0.4419755305445538,0.58,0.7620267768009549,0.4213319024622906,0.44730227593568156,0.6783080363515249,29,9,33,22.098777289254468,8,3,21,1,0,3,3,3
fold3_0002379,sa_0007212,2379,Skin,99,0,"[50,+inf)",AVAILABLE,1,1,1,59,0.2932197961376947,0.3924050632911392,0.7472375449960608,0.33127130118119424,0.42709985784626797,0.8335210047639671,31,28,68,23.16436464211543,35,26,4,3,2,10,3,13
fold3_0002380,sa_0007213,2380,Skin,84,0,"[50,+inf)",AVAILABLE,1,1,1,55,0.38567476998202627,0.4892086330935252,0.7883646033456125,0.41494144340938877,0.47840088133725983,0.8550629102060703,34,21,50,26.804397302115426,40,6,2,2,0,3,3,15
fold3_0002381,sa_0007214,2381,Skin,79,0,"[50,+inf)",AVAILABLE,1,1,1,57,0.44544040244057564,0.5735294117647058,0.7766653170758755,0.3761712331808695,0.45793602329841704,0.8298859462594239,39,18,40,30.28994814262446,17,18,4,1,0,7,5,6
fold3_0002382,sa_0007215,2382,Skin,4,0,"[1,10)",AVAILABLE,1,1,1,2,0.517224337779094,0.6666666666666666,0.7758365066686411,0.3329268292682927,0.3329268292682927,0.49954254345837146,2,0,2,1.551673789173789,0,0,2,0,0,0,0,0
fold3_0002383,sa_0007216,2383,Skin,11,0,"[10,25)",AVAILABLE,1,1,1,6,0.5441380204639233,0.7058823529411765,0.7708621956572247,0.5429706905116741,0.5638646288209607,0.7630017452006981,6,0,5,4.625173944805544,1,0,4,0,0,0,0,0
fold3_0002384,sa_0007217,2384,Skin,10,0,"[10,25)",AVAILABLE,1,1,1,7,0.47577475736050956,0.5882352941176471,0.8088170875128662,0.3386065297879502,0.43421710855427714,0.7017788629229159,5,2,5,4.0440862463814184,3,0,2,0,0,0,1,1
fold3_0002385,sa_0007218,2385,Skin,7,0,"[1,10)",AVAILABLE,1,1,1,2,0.37195834212822426,0.4444444444444444,0.8369062697885047,0.4790697674418605,0.4790697674418605,0.6477987421383647,2,0,5,1.6738133764832792,0,0,5,0,0,0,0,0
fold3_0002386,sa_0007219,2386,Skin,1,0,"[1,10)",AVAILABLE,1,1,1,3,0.0,0.0,0.0,0.328,0.328,0.4939759036144578,0,3,1,0.0,0,0,0,1,0,0,2,1
fold3_0002387,sa_0007220,2387,Skin,66,0,"[50,+inf)",AVAILABLE,1,1,1,50,0.6281962758634955,0.7586206896551724,0.8280769090927895,0.6070330180467707,0.6154132077809441,0.8087896916705016,44,6,22,36.43538482815965,4,3,15,0,0,2,3,1
fold3_0002388,sa_0007221,2388,Skin,22,0,"[10,25)",AVAILABLE,1,1,1,17,0.7206656784485377,0.8717948717948718,0.826645925279205,0.7353197421153511,0.7269958467928012,0.9060495938435229,17,0,5,14.05298155639241,1,0,4,0,0,0,0,0
fold3_0002389,sa_0007222,2389,Skin,17,0,"[10,25)",AVAILABLE,1,1,1,23,0.6138575788771868,0.7,0.8769393983959812,0.5955940900645846,0.5955940900645846,0.7543110618242307,14,9,3,12.277152454483135,0,0,3,0,1,0,8,0
fold3_0002390,sa_0007223,2390,Skin,36,0,"[25,50)",AVAILABLE,1,1,1,31,0.7724669628749857,0.8656716417910447,0.8923325260797249,0.7885820123113798,0.7975915817905577,0.9068085772421349,29,2,7,25.87764414864455,1,0,6,0,0,0,2,0
fold3_0002391,sa_0007224,2391,Skin,17,0,"[10,25)",AVAILABLE,1,1,1,18,0.7167638507038839,0.8,0.8959548133798548,0.6805555555555556,0.6923372383330133,0.8511121198365865,14,4,3,12.54336828327278,1,0,2,0,0,0,4,0
fold3_0002392,sa_0007225,2392,Skin,113,0,"[50,+inf)",AVAILABLE,1,1,1,98,0.7537139171119767,0.8625592417061612,0.8738111896188301,0.7021793315012462,0.7458510794536642,0.9298282509638977,91,7,22,79.51681912912473,11,6,5,0,0,3,2,2
fold3_0002393,sa_0007226,2393,Skin,73,0,"[50,+inf)",AVAILABLE,1,1,1,59,0.7283615699220701,0.8333333333333334,0.8740338839064842,0.691374381144969,0.7106812775416292,0.9059657601386008,55,4,18,48.07186448889051,9,0,9,0,0,0,2,2
fold3_0002394,sa_0007227,2394,Skin,112,0,"[50,+inf)",AVAILABLE,1,1,1,91,0.6685411217488172,0.7684729064039408,0.8699605622757045,0.6539854684184581,0.6833015841187087,0.9116547790997216,78,13,34,67.85692472746551,21,4,8,1,0,2,3,8
fold3_0002395,sa_0007228,2395,Skin,18,0,"[10,25)",AVAILABLE,1,1,1,13,0.6724101501617956,0.8387096774193549,0.8017197944236794,0.6614399703098905,0.6614399703098905,0.7962249399676105,13,0,5,10.422358129227625,0,0,5,0,0,0,0,0
fold3_0002396,sa_0007229,2396,Skin,21,0,"[10,25)",AVAILABLE,1,1,1,13,0.5599529259662058,0.6470588235294118,0.8653817946750453,0.6240261185723825,0.6384322678843227,0.7812717729574062,11,2,10,9.519200606807292,2,0,8,0,0,0,1,1
fold3_0002397,sa_0007230,2397,Skin,12,0,"[10,25)",AVAILABLE,1,1,1,10,0.4613423648295779,0.5454545454545454,0.8457943355208929,0.5898389095415117,0.5898389095415117,0.8189140036373084,6,4,6,5.074766858919693,0,0,5,1,3,0,1,0
fold3_0002398,sa_0007231,2398,Skin,47,0,"[25,50)",AVAILABLE,1,1,1,47,0.6460281837261446,0.8085106382978723,0.7990348588191788,0.6886571733918719,0.6918281074176577,0.8654119254345755,38,9,9,30.363325434163652,6,0,2,1,1,1,3,4
fold3_0002399,sa_0007232,2399,Skin,41,0,"[25,50)",AVAILABLE,1,1,1,38,0.5057763250674029,0.6835443037974683,0.7399320311171265,0.511303907288962,0.5311892867055231,0.7821003738529512,27,11,14,19.978165580094448,4,4,6,0,3,4,3,1
fold3_0002400,sa_0007233,2400,Skin,35,0,"[25,50)",AVAILABLE,1,1,1,34,0.4785472148376472,0.6086956521739131,0.7861847100904203,0.5042912015364303,0.540152597289482,0.8068405456149479,21,13,14,16.509879698083537,5,4,2,3,0,3,5,5
fold3_0002401,sa_0007234,2401,Skin,8,0,"[1,10)",AVAILABLE,1,1,1,10,0.4325032810092089,0.5555555555555556,0.778505905816576,0.4690315772384122,0.49517852488923636,0.6714310615304165,5,5,3,3.892530307588786,1,0,1,1,0,0,4,1
fold3_0002402,sa_0007235,2402,Skin,7,0,"[1,10)",AVAILABLE,1,1,1,17,0.33743175103240647,0.4166666666666667,0.8098362024777754,0.2511968266994939,0.2511968266994939,0.4015304728067778,5,12,2,4.04918182222508,0,0,2,0,0,0,12,0
fold3_0002403,sa_0007236,2403,Skin,20,0,"[10,25)",AVAILABLE,1,1,1,22,0.4744482528271103,0.6190476190476191,0.7664164084130243,0.41159408104926853,0.4133665739764119,0.6795115332428765,13,9,7,9.963414075785723,3,1,1,2,2,0,4,3
fold3_0002404,sa_0007237,2404,Skin,17,0,"[10,25)",AVAILABLE,1,1,1,23,0.5101780071673965,0.6,0.8502966786123275,0.4623453890715516,0.49080767514502455,0.7071148492921069,12,11,5,10.203560993644608,3,0,2,0,0,0,10,1
fold3_0002405,sa_0007238,2405,Skin,31,0,"[25,50)",AVAILABLE,1,1,1,27,0.6736218244163861,0.8275862068965517,0.8139597045031332,0.626317608432694,0.6352020202020202,0.8994656700744356,24,3,7,19.5350337220349,5,0,2,0,0,0,2,1
fold3_0002406,sa_0007239,2406,Skin,28,0,"[25,50)",AVAILABLE,1,1,1,24,0.743960296465178,0.8461538461538461,0.8792258049133922,0.8075254825417479,0.805393707341435,0.9167972952205318,22,2,6,19.342968587320435,2,0,3,1,0,0,0,2
fold3_0002407,sa_0007240,2407,Skin,38,0,"[25,50)",AVAILABLE,1,1,1,21,0.4845704014527058,0.5423728813559322,0.8934266776784263,0.5343971009410252,0.6083343274086445,0.9041732594936709,16,5,22,14.2948277362815,11,0,10,1,0,0,0,5
fold3_0002408,sa_0007241,2408,Skin,35,0,"[25,50)",AVAILABLE,1,1,1,25,0.6177624958182633,0.7333333333333333,0.8424034033885408,0.5283155576165083,0.6421626943430283,0.9310284529489645,22,3,13,18.532875716951303,7,4,2,0,0,2,0,1
fold3_0002409,sa_0007242,2409,Skin,1,0,"[1,10)",AVAILABLE,1,1,1,6,0.2105261052633684,0.2857142857142857,0.7368413684217895,0.19121951219512195,0.19121951219512195,0.32104832104832104,1,5,0,0.7368421052631579,0,0,0,0,0,0,5,0
fold3_0002410,sa_0007243,2410,Skin,1,0,"[1,10)",AVAILABLE,1,1,1,10,0.1441004361703569,0.18181818181818182,0.7925523989369628,0.054860088365243004,0.054860088365243004,0.10401396160558464,1,9,0,0.7925531914893617,0,0,0,0,0,0,9,0
fold3_0002411,sa_0007244,2411,Skin,13,0,"[10,25)",AVAILABLE,1,1,1,11,0.14313472485416773,0.25,0.5725388994166709,0.1629287598944591,0.17152466367713004,0.3151515151515151,3,8,10,1.7176172707889124,2,0,6,2,0,0,5,3
fold3_0002412,sa_0007245,2412,Stomach,19,0,"[10,25)",AVAILABLE,1,1,1,8,0.40826642266648333,0.5185185185185185,0.7873709579996465,0.46787835162857655,0.48472461273666095,0.7593102448920447,7,1,12,5.511597493368484,1,2,9,0,0,1,0,0
fold3_0002413,sa_0007246,2413,Stomach,9,0,"[1,10)",AVAILABLE,1,1,1,8,0.8151572505335188,0.9411764705882353,0.8661045786918637,0.8326650628174285,0.8326650628174285,0.9086931155192532,8,0,1,6.928837495639488,0,0,1,0,0,0,0,0
fold3_0002414,sa_0007247,2414,Stomach,23,0,"[10,25)",AVAILABLE,1,1,1,16,0.7003758403768431,0.8205128205128205,0.8535830554592775,0.7294555992548126,0.7822407762608597,0.8923778171689035,16,0,7,13.657329740931496,2,0,5,0,0,0,0,0
fold3_0002415,sa_0007248,2415,Stomach,15,0,"[10,25)",AVAILABLE,1,1,1,13,0.7841780199191113,0.9285714285714286,0.8444994060667352,0.8270339525944908,0.8270339525944908,0.9053295932678822,13,0,2,10.978493123366963,0,0,2,0,0,0,0,0
fold3_0002416,sa_0007249,2416,Stomach,21,0,"[10,25)",AVAILABLE,1,1,1,13,0.503061060591689,0.6470588235294118,0.7774580027326102,0.5493268594129331,0.5655367731657669,0.8442534908700322,11,2,10,8.552038807516714,5,0,4,1,0,0,0,2
fold3_0002417,sa_0007250,2417,Stomach,22,0,"[10,25)",AVAILABLE,1,1,1,17,0.635691956035427,0.8205128205128205,0.7747495714181767,0.6705961040046818,0.6773343373493976,0.9041526374859709,16,1,6,12.3959939174404,2,1,3,0,1,0,0,0
fold3_0002418,sa_0007251,2418,Stomach,23,0,"[10,25)",AVAILABLE,1,1,1,22,0.5279801000848561,0.6666666666666666,0.7919701501272841,0.5564207068556482,0.5741917656811274,0.8543970510795156,15,7,8,11.879553043879412,4,0,2,2,2,0,3,2
fold3_0002419,sa_0007252,2419,Stomach,47,0,"[25,50)",AVAILABLE,1,1,1,27,0.4149247879525521,0.5135135135135135,0.8080114291707594,0.48080052066384643,0.5065824468085106,0.782470541506686,19,8,28,15.352217962255859,19,0,7,2,0,0,0,8
fold3_0002420,sa_0007253,2420,Stomach,61,0,"[50,+inf)",AVAILABLE,1,1,1,44,0.5290929640562405,0.6285714285714286,0.8417388064531098,0.5124452487738348,0.568991938170431,0.8450464987897576,33,11,28,27.77738145469143,8,11,9,0,1,4,3,3
fold3_0002421,sa_0007254,2421,Stomach,46,0,"[25,50)",AVAILABLE,1,1,1,29,0.4783278134756813,0.56,0.8541568097780022,0.5336670505891734,0.5638385729229752,0.8483312209547951,21,8,25,17.937293859494858,15,0,9,1,0,0,2,6
fold3_0002422,sa_0007255,2422,Stomach,45,0,"[25,50)",AVAILABLE,1,1,1,29,0.5097057994783761,0.6216216216216216,0.819961503508692,0.41125722422313427,0.48280457398332044,0.8623778737714899,23,6,22,18.85911540066142,12,5,5,0,0,2,1,3
fold3_0002423,sa_0007256,2423,Stomach,16,0,"[10,25)",AVAILABLE,1,1,1,16,0.544453940270399,0.6875,0.7919330040296712,0.5164865613743419,0.5144367231085446,0.7228074710786532,11,5,5,8.711263836259386,1,0,2,2,0,0,3,2
fold3_0002424,sa_0007257,2424,Stomach,33,0,"[25,50)",AVAILABLE,1,1,1,26,0.5712017075553666,0.711864406779661,0.8024023987087292,0.5571325678939117,0.5676015727391874,0.8835529396027022,21,5,12,16.850451175285713,4,3,4,1,0,1,2,2
fold3_0002425,sa_0007258,2425,Stomach,37,0,"[25,50)",AVAILABLE,1,1,1,40,0.7676775486057117,0.8571428571428571,0.8956238067066636,0.8108915295164263,0.8108915295164263,0.896624324514001,33,7,4,29.555586516943706,0,0,3,1,0,0,6,1
fold3_0002426,sa_0007259,2426,Stomach,41,0,"[25,50)",AVAILABLE,1,1,1,37,0.6815638338150315,0.7692307692307693,0.8860329839595409,0.7345076607787645,0.7307829453415516,0.8910145098154634,30,7,11,26.58099040481921,4,0,6,1,2,0,2,3
fold3_0002427,sa_0007260,2427,Stomach,50,0,"[50,+inf)",AVAILABLE,1,1,1,35,0.647705172416427,0.7294117647058823,0.8879828976676822,0.6316010410544874,0.706138776347505,0.9045328844535289,31,4,19,27.527470715681048,8,0,10,1,0,0,2,2
fold3_0002428,sa_0007261,2428,Stomach,34,0,"[25,50)",AVAILABLE,1,1,1,28,0.700822752814498,0.7741935483870968,0.90522938905206,0.7130601880447465,0.7278161912993374,0.8662303555796407,24,4,10,21.72550624247883,2,0,6,2,0,0,1,3
fold3_0002429,sa_0007262,2429,Stomach,45,0,"[25,50)",AVAILABLE,1,1,1,44,0.7558854996107037,0.8539325842696629,0.8851817034914821,0.7546210312195984,0.7665514987393781,0.9091870176551432,38,6,7,33.63690561785802,3,0,3,1,2,0,3,1
fold3_0002430,sa_0007263,2430,Stomach,37,0,"[25,50)",AVAILABLE,1,1,1,34,0.707655526021135,0.8169014084507042,0.8662679715086308,0.5977495107632094,0.6890532185719481,0.8785616880786622,29,5,8,25.121772040018264,5,0,3,0,1,0,3,1
fold3_0002431,sa_0007264,2431,Stomach,34,0,"[25,50)",AVAILABLE,1,1,1,30,0.7590371805331074,0.84375,0.8995996213725718,0.6414411807263782,0.6553262266575943,0.8102306462662708,27,3,7,24.28919067665906,1,0,6,0,0,0,3,0
fold3_0002432,sa_0007265,2432,Stomach,33,0,"[25,50)",AVAILABLE,1,1,1,33,0.7565649375604507,0.8484848484848485,0.8916658192676741,0.7146620334043269,0.7324322707972011,0.8803507318420326,28,5,5,24.966643831160695,2,0,3,0,0,0,5,0
fold3_0002433,sa_0007266,2433,Stomach,42,0,"[25,50)",AVAILABLE,1,1,1,39,0.6838462490341524,0.8148148148148148,0.8392658510873688,0.7106563161609033,0.7197401774397972,0.8858129894058038,33,6,9,27.69577392514902,4,0,5,0,1,0,4,1
fold3_0002434,sa_0007267,2434,Stomach,28,0,"[25,50)",AVAILABLE,1,1,1,25,0.6893391494236852,0.7924528301886793,0.8698803552251265,0.6655109489051095,0.6650202509137607,0.8697715811331949,21,4,7,18.267488329608014,2,0,4,1,0,0,3,1
fold3_0002435,sa_0007268,2435,Stomach,27,0,"[25,50)",AVAILABLE,1,1,1,19,0.5181390289754152,0.6521739130434783,0.79447984442897,0.5044913627639156,0.5283328506612608,0.8300909550277918,15,4,12,11.917198460914394,8,0,4,0,0,0,2,2
fold3_0002436,sa_0007269,2436,Stomach,25,0,"[25,50)",AVAILABLE,1,1,1,18,0.575631574254862,0.6976744186046512,0.8250719230986355,0.5332856529824059,0.5677210365853659,0.9062887424945912,15,3,10,12.376079671551455,8,0,2,0,0,0,0,3
fold3_0002437,sa_0007270,2437,Stomach,16,0,"[10,25)",AVAILABLE,1,1,1,10,0.5654367426456808,0.6923076923076923,0.8167419615993168,0.5357784969435455,0.5691906005221932,0.7628311788045565,9,1,7,7.3506784711358115,2,0,5,0,0,0,1,0
fold3_0002438,sa_0007271,2438,Stomach,16,0,"[10,25)",AVAILABLE,1,1,1,16,0.6294476892382339,0.75,0.8392635856509786,0.543900286785793,0.5469972319171982,0.7672319900420103,12,4,4,10.071163867075327,1,0,3,0,0,0,4,0
fold3_0002439,sa_0007272,2439,Stomach,9,0,"[1,10)",AVAILABLE,1,1,1,8,0.8700692944473235,0.9411764705882353,0.9244486253502813,0.9230883444691907,0.9230883444691907,0.9600061766522545,8,0,1,7.3955899272508745,0,0,1,0,0,0,0,0
fold3_0002440,sa_0007273,2440,Stomach,10,0,"[10,25)",AVAILABLE,1,1,1,8,0.5815716193869479,0.6666666666666666,0.8723574290804219,0.6154340836012862,0.6154340836012862,0.8083200636942676,6,2,4,5.23414544683996,0,0,3,1,2,0,0,0
fold3_0002441,sa_0007274,2441,Stomach,34,0,"[25,50)",AVAILABLE,1,1,1,30,0.7261573946001085,0.8125,0.8937321779693643,0.7139713106700727,0.7213087318522238,0.8831579203227924,26,4,8,23.23703752093565,3,0,4,1,0,0,2,2
fold3_0002442,sa_0007275,2442,Stomach,29,0,"[25,50)",AVAILABLE,1,1,1,27,0.7674254767883403,0.8571428571428571,0.8953297229197303,0.8074132403397266,0.8074132403397266,0.893508433434991,24,3,5,21.487914245403253,0,0,5,0,0,0,3,0
fold3_0002443,sa_0007276,2443,Stomach,28,0,"[25,50)",AVAILABLE,1,1,1,29,0.6797372948622412,0.7719298245614035,0.880568768344267,0.7534675615212528,0.7597286888544001,0.8887437120271771,22,7,6,19.372513784142644,0,3,3,0,0,3,4,0
fold3_0002444,sa_0007277,2444,Stomach,36,0,"[25,50)",AVAILABLE,1,1,1,26,0.697030544566512,0.7741935483870968,0.9003311200650781,0.6044913798587697,0.6612349229171659,0.9138818098764245,24,2,12,21.607947781892996,6,0,6,0,0,0,0,2
fold3_0002445,sa_0007278,2445,Stomach,21,0,"[10,25)",AVAILABLE,1,1,1,23,0.7866492408571628,0.8636363636363636,0.9108570157293464,0.7721828119548785,0.7721828119548785,0.8714482577596955,19,4,2,17.306284209714597,0,0,1,1,0,0,3,1
fold3_0002446,sa_0007279,2446,Stomach,20,0,"[10,25)",AVAILABLE,1,1,1,16,0.6364968247619396,0.7777777777777778,0.818353060408208,0.646321481238735,0.6490516100573445,0.8558741707682431,14,2,6,11.456943664067971,1,1,4,0,0,1,1,0
fold3_0002447,sa_0007280,2447,Stomach,12,0,"[10,25)",AVAILABLE,1,1,1,10,0.7348495368602547,0.9090909090909091,0.8083344905462801,0.7262945527908541,0.7262945527908541,0.8414491624464355,10,0,2,8.083345713797291,0,0,2,0,0,0,0,0
fold3_0002448,sa_0007281,2448,Stomach,10,0,"[10,25)",AVAILABLE,1,1,1,11,0.7546608985588343,0.8571428571428571,0.8804377149853068,0.8134899448300409,0.8134899448300409,0.9042198233562316,9,2,1,7.923940315305475,0,0,1,0,1,0,1,0
fold3_0002449,sa_0007282,2449,Stomach,16,0,"[10,25)",AVAILABLE,1,1,1,16,0.7467765521877364,0.875,0.8534589167859845,0.6815509004042631,0.6815509004042631,0.8106217899683095,14,2,2,11.948425688462699,0,0,1,1,0,0,1,1
fold3_0002450,sa_0007283,2450,Stomach,39,0,"[25,50)",AVAILABLE,1,1,1,29,0.5826112374602794,0.7058823529411765,0.8253659197353957,0.5630390499718285,0.6169908612855466,0.8465521596362718,24,5,15,19.80878289901542,2,4,8,1,3,1,0,1
fold3_0002451,sa_0007284,2451,Stomach,28,0,"[25,50)",AVAILABLE,1,1,1,23,0.7086739749367356,0.8235294117647058,0.8605326838517504,0.644989396987657,0.7172626542432636,0.8733365106133373,21,2,7,18.071187221419443,1,2,3,1,0,1,0,1
fold3_0002452,sa_0007285,2452,Stomach,78,0,"[50,+inf)",AVAILABLE,1,1,1,54,0.5757214563844292,0.696969696969697,0.8260351330733113,0.5669632123106516,0.6138379657007688,0.8673506779039941,46,8,32,37.99761694740745,21,0,11,0,1,0,1,6
fold3_0002453,sa_0007286,2453,Stomach,30,0,"[25,50)",AVAILABLE,1,1,1,26,0.6300800833333684,0.75,0.8401067777778246,0.657092520420693,0.6707801839216849,0.8773125954334008,21,5,9,17.642243173441095,4,0,4,1,0,0,3,2
fold3_0002454,sa_0007287,2454,Stomach,56,0,"[50,+inf)",AVAILABLE,1,1,1,32,0.4919465188047005,0.5909090909090909,0.8325248779771854,0.5049649351455346,0.5556660469540404,0.9046997026208277,26,6,30,21.6456476599317,19,1,10,0,0,1,0,5
fold3_0002455,sa_0007288,2455,Testis,4,0,"[1,10)",AVAILABLE,1,1,1,3,0.5279919779942389,0.5714285714285714,0.9239859614899181,0.5871579400991166,0.6708507670850767,0.9098497495826378,2,1,2,1.8479728469657977,2,0,0,0,0,0,0,1
fold3_0002456,sa_0007289,2456,Testis,4,0,"[1,10)",AVAILABLE,1,1,1,4,0.8410605500191832,1.0,0.8410605500191832,0.8183234652539731,0.8183234652539731,0.9000856898029135,4,0,0,3.364243041137283,0,0,0,0,0,0,0,0
fold3_0002457,sa_0007290,2457,Testis,2,0,"[1,10)",AVAILABLE,1,1,1,2,0.9165180598843101,1.0,0.9165180598843101,0.9134146341463415,0.9134146341463415,0.9547482472912683,2,0,0,1.8330370362866804,0,0,0,0,0,0,0,0
fold3_0002458,sa_0007291,2458,Testis,4,0,"[1,10)",AVAILABLE,1,1,1,4,0.9330417845959552,1.0,0.9330417845959552,0.9318350209928378,0.9318350209928378,0.964714906673485,4,0,0,3.7321680714256056,0,0,0,0,0,0,0,0
fold3_0002459,sa_0007292,2459,Testis,4,0,"[1,10)",AVAILABLE,1,1,1,4,0.9136957733204479,1.0,0.9136957733204479,0.9177101967799642,0.9177101967799642,0.957089552238806,4,0,0,3.654784006977565,0,0,0,0,0,0,0,0
fold3_0002460,sa_0007293,2460,Testis,2,0,"[1,10)",AVAILABLE,1,1,1,3,0.6463320343222234,0.8,0.8079150429027792,0.3933366484336151,0.3933366484336151,0.5645967166309779,2,1,0,1.6158308937206014,0,0,0,0,0,0,1,0
fold3_0002461,sa_0007294,2461,Testis,3,0,"[1,10)",AVAILABLE,1,1,1,4,0.663136811154645,0.8571428571428571,0.7736596130137525,0.6260014566642389,0.6260014566642389,0.812541993281075,3,1,0,2.320979612700871,0,0,0,0,1,0,0,0
fold3_0002462,sa_0007295,2462,Testis,1,0,"[1,10)",AVAILABLE,1,1,1,2,0.606060000000606,0.6666666666666666,0.9090900000009091,0.419921875,0.419921875,0.5914718019257221,1,1,0,0.9090909090909091,0,0,0,0,0,0,1,0
fold3_0002463,sa_0007296,2463,Testis,1,0,"[1,10)",AVAILABLE,1,1,1,3,0.0,0.0,0.0,0.0,0.0,0.0,0,3,1,0.0,0,0,1,0,0,0,3,0
fold3_0002464,sa_0007297,2464,Testis,11,0,"[10,25)",AVAILABLE,1,1,1,13,0.6106207853604944,0.75,0.8141610471473257,0.6314496314496314,0.6314496314496314,0.7740963855421686,9,4,2,7.327450238486978,0,0,2,0,0,0,4,0
fold3_0002465,sa_0007298,2465,Testis,16,0,"[10,25)",AVAILABLE,1,1,1,14,0.6712850532920784,0.8,0.839106316615098,0.7520694692420061,0.7465183423913043,0.902124762969806,12,2,4,10.069276638487493,0,2,2,0,0,1,1,0
fold3_0002466,sa_0007299,2466,Testis,23,0,"[10,25)",AVAILABLE,1,1,1,18,0.7867814039072392,0.8780487804878049,0.8960565988943557,0.8427101510319513,0.8427101510319513,0.9146421107628004,18,0,5,16.129019676155004,0,0,5,0,0,0,0,0
fold3_0002467,sa_0007300,2467,Testis,23,0,"[10,25)",AVAILABLE,1,1,1,18,0.7859606194498713,0.8780487804878049,0.8951218165956867,0.8460215818807068,0.8460215818807068,0.916845993255179,18,0,5,16.11219359384418,0,0,5,0,0,0,0,0
fold3_0002468,sa_0007301,2468,Testis,26,0,"[25,50)",AVAILABLE,1,1,1,21,0.7194302007396768,0.8085106382978723,0.8898215640727581,0.786423580097725,0.786423580097725,0.8804446928031529,19,2,7,16.90661060720397,0,0,7,0,0,0,2,0
fold3_0002469,sa_0007302,2469,Testis,29,0,"[25,50)",AVAILABLE,1,1,1,22,0.750315024671719,0.8627450980392157,0.8696833240513105,0.7999009410599307,0.7999009410599307,0.8888277380297194,22,0,7,19.133033998812156,0,0,7,0,0,0,0,0
fold3_0002470,sa_0007303,2470,Testis,27,0,"[25,50)",AVAILABLE,1,1,1,16,0.5357624177961323,0.6046511627906976,0.8860686140474497,0.5920684459750323,0.5920684459750323,0.743772602832325,13,3,14,11.51889286868546,0,0,14,0,0,0,3,0
fold3_0002471,sa_0007304,2471,Testis,30,0,"[25,50)",AVAILABLE,1,1,1,26,0.7343623538228432,0.8571428571428571,0.8567560794599838,0.8085049951374768,0.8154365436543655,0.9076080220134362,24,2,6,20.562146763795692,2,0,4,0,0,0,1,1
fold3_0002472,sa_0007305,2472,Testis,89,0,"[50,+inf)",AVAILABLE,1,1,1,80,0.7378164563760198,0.8402366863905325,0.8781055008982208,0.7244021360575806,0.7424323266816064,0.8919873430642034,71,9,18,62.345491441879176,10,0,7,1,0,0,3,6
fold3_0002473,sa_0007306,2473,Testis,79,0,"[50,+inf)",AVAILABLE,1,1,1,68,0.7587230842054407,0.8707482993197279,0.8713460420171858,0.7307245386192754,0.7450722733245729,0.9038654618473896,64,4,15,55.76614756044593,6,0,8,1,0,1,0,3
fold3_0002474,sa_0007307,2474,Testis,50,0,"[50,+inf)",AVAILABLE,1,1,1,40,0.6391203278882485,0.7555555555555555,0.8458945516167995,0.5395016088176902,0.6289728135975372,0.8398413585669036,34,6,16,28.76041560086573,9,1,4,2,0,0,1,5
fold3_0002475,sa_0007308,2475,Testis,69,0,"[50,+inf)",AVAILABLE,1,1,1,54,0.6810041736204848,0.7642276422764228,0.8911012059076556,0.6353567969002261,0.6953200728936451,0.9089287347909615,47,7,22,41.88175756876102,10,2,9,1,2,1,0,4
fold3_0002476,sa_0007309,2476,Testis,56,0,"[50,+inf)",AVAILABLE,1,1,1,39,0.653098148630007,0.7368421052631579,0.8863474874264382,0.6498655473207844,0.6824961948249619,0.896372353899041,35,4,21,31.02216294627282,9,0,12,0,0,0,1,3
fold3_0002477,sa_0007310,2477,Testis,21,0,"[10,25)",AVAILABLE,1,1,1,22,0.5483736855456796,0.6976744186046512,0.786002282615474,0.5679923027581784,0.6160016888325944,0.8140431090790333,15,7,6,11.790035025234392,4,0,2,0,0,0,6,1
fold3_0002478,sa_0007311,2478,Testis,24,0,"[10,25)",AVAILABLE,1,1,1,27,0.6100951451278389,0.6666666666666666,0.9151427176917584,0.567287074363153,0.5525856214223344,0.8383065146070926,17,10,7,15.55742711590261,2,2,1,2,0,2,5,3
fold3_0002479,sa_0007312,2479,Testis,20,0,"[10,25)",AVAILABLE,1,1,1,23,0.5973277995348639,0.6976744186046512,0.8561698459999716,0.5379581151832461,0.5379581151832461,0.7499574468085106,15,8,5,12.84254854616942,0,2,2,1,0,4,3,1
fold3_0002480,sa_0007313,2480,Testis,24,0,"[10,25)",AVAILABLE,1,1,1,17,0.4265563192068999,0.5365853658536586,0.7949458676128589,0.42939912766095956,0.5446928267613291,0.8196517670441605,11,6,13,8.744405338687315,10,2,1,0,0,1,2,3
fold3_0002481,sa_0007314,2481,Testis,23,0,"[10,25)",AVAILABLE,1,1,1,26,0.45363247462251316,0.5306122448979592,0.8549227406347363,0.5444164435344149,0.5444164435344149,0.7246443322625057,13,13,10,11.113996483174311,0,1,5,4,2,2,6,3
fold3_0002482,sa_0007315,2482,Testis,22,0,"[10,25)",AVAILABLE,1,1,1,20,0.4508053532773289,0.5714285714285714,0.7889093682353256,0.49813529001546347,0.524676686473261,0.7532610439925724,12,8,10,9.466913207733276,5,0,4,1,0,0,5,3
fold3_0002483,sa_0007316,2483,Thyroid,5,0,"[1,10)",AVAILABLE,1,1,1,4,0.8459835012012104,0.8888888888888888,0.9517314388513617,0.9100096246390761,0.9100096246390761,0.9528848576467625,4,0,1,3.8069267071368857,0,0,1,0,0,0,0,0
fold3_0002484,sa_0007317,2484,Thyroid,14,0,"[10,25)",AVAILABLE,1,1,1,14,0.800906577188229,0.9285714285714286,0.8625147754334773,0.7476885644768857,0.7476885644768857,0.8556313518028679,13,1,1,11.21269294314998,0,0,1,0,0,0,1,0
fold3_0002485,sa_0007318,2485,Thyroid,15,0,"[10,25)",AVAILABLE,1,1,1,13,0.6875337121446388,0.7857142857142857,0.8750429063659039,0.7504136438844342,0.7524712254570074,0.9210322979446762,11,2,4,9.625472845067849,2,1,1,0,0,1,0,1
fold3_0002486,sa_0007319,2486,Thyroid,17,0,"[10,25)",AVAILABLE,1,1,1,21,0.6943388036087186,0.7894736842105263,0.8794958179043769,0.6694616803622337,0.6694616803622337,0.8020090406830739,15,6,2,13.192438148061472,0,0,1,1,0,0,5,1
fold3_0002487,sa_0007320,2487,Thyroid,23,0,"[10,25)",AVAILABLE,1,1,1,23,0.6920389568225822,0.782608695652174,0.8842720003844106,0.7051115812461612,0.7167814785881684,0.8782989989244643,18,5,5,15.916896891191392,0,2,3,0,0,2,3,0
fold3_0002488,sa_0007321,2488,Thyroid,20,0,"[10,25)",AVAILABLE,1,1,1,20,0.7083698883790612,0.8,0.8854623604738264,0.6968128373881535,0.70649697541048,0.8677838136451523,16,4,4,14.167398653043584,1,0,3,0,1,0,3,0
fold3_0002489,sa_0007322,2489,Thyroid,16,0,"[10,25)",AVAILABLE,1,1,1,16,0.672124042403876,0.8125,0.8272295906509243,0.6509819021948402,0.6687980644603819,0.875886708434733,13,3,3,10.753985505691606,2,0,1,0,0,0,3,0
fold3_0002490,sa_0007323,2490,Thyroid,22,0,"[10,25)",AVAILABLE,1,1,1,24,0.7176383928033765,0.8260869565217391,0.8687201597093505,0.7565934376235387,0.7728811545999881,0.9039865996649916,19,5,3,16.50568390319782,1,0,2,0,1,0,4,0
fold3_0002491,sa_0007324,2491,Thyroid,20,0,"[10,25)",AVAILABLE,1,1,1,16,0.5907024405728348,0.7222222222222222,0.8178956869470021,0.5563682695483931,0.5946777697320782,0.8922692700647066,13,3,7,10.632644748206713,4,0,2,1,0,0,1,2
fold3_0002492,sa_0007325,2492,Thyroid,35,0,"[25,50)",AVAILABLE,1,1,1,26,0.5139318106595213,0.6557377049180327,0.7837460112557701,0.4708509729288849,0.5113210247602691,0.9229516269555665,20,6,15,15.674921008861414,6,9,0,0,0,3,2,1
fold3_0002493,sa_0007326,2493,Thyroid,35,0,"[25,50)",AVAILABLE,1,1,1,26,0.6672671316024552,0.7868852459016393,0.8479853130781202,0.5992323392329485,0.6526267245686177,0.9150059298188499,24,2,11,20.3516483618602,6,2,3,0,0,1,0,1
fold3_0002494,sa_0007327,2494,Thyroid,17,0,"[10,25)",AVAILABLE,1,1,1,14,0.7466598865635867,0.8387096774193549,0.8902483262873534,0.8146829810901001,0.8146829810901001,0.8978791222263087,13,1,4,11.57322913198392,0,0,4,0,0,0,1,0
fold3_0002495,sa_0007328,2495,Thyroid,3,0,"[1,10)",AVAILABLE,1,1,1,7,0.5076226399956032,0.6,0.8460377333260054,0.40739111306643205,0.40739111306643205,0.5970615817442951,3,4,0,2.5381140460157496,0,0,0,0,1,0,3,0
fold3_0002496,sa_0007329,2496,Thyroid,12,0,"[10,25)",AVAILABLE,1,1,1,15,0.598413819165344,0.6666666666666666,0.897620728748016,0.578676601028916,0.5790185471406492,0.7982381010644806,9,6,3,8.078587456352873,2,0,1,0,0,0,5,1
fold3_0002497,sa_0007330,2497,Thyroid,2,0,"[1,10)",AVAILABLE,1,1,1,5,0.0,0.0,0.0,0.20574971815107101,0.12805280528052806,0.42715038033937974,0,5,2,0.0,2,0,0,0,0,0,4,1
fold3_0002498,sa_0007331,2498,Thyroid,8,0,"[1,10)",AVAILABLE,1,1,1,10,0.7928823675162688,0.8888888888888888,0.8919926634558025,0.6556643356643357,0.6556643356643357,0.7920256800135158,8,2,0,7.135942199639083,0,0,0,0,0,0,2,0
fold3_0002499,sa_0007332,2499,Thyroid,28,0,"[25,50)",AVAILABLE,1,1,1,24,0.7645787607831136,0.8461538461538461,0.903593080925498,0.8121670871881133,0.8239942528735632,0.912800315084679,22,2,6,19.879048683954036,1,0,4,1,0,0,1,1
fold3_0002500,sa_0007333,2500,Thyroid,28,0,"[25,50)",AVAILABLE,1,1,1,22,0.7275736228837353,0.8,0.9094670286046691,0.7871141443867009,0.7869659759529292,0.9061236176228481,20,2,8,18.18934148156041,2,0,6,0,0,0,1,1
fold3_0002501,sa_0007334,2501,Thyroid,34,0,"[25,50)",AVAILABLE,1,1,1,28,0.7136405332686934,0.8387096774193549,0.8508790973588266,0.7254901960784313,0.7282759417610354,0.9227426202654364,26,2,8,22.12285738220859,3,0,5,0,0,0,2,0
fold3_0002502,sa_0007335,2502,Thyroid,27,0,"[25,50)",AVAILABLE,1,1,1,21,0.7058603483755775,0.8333333333333334,0.8470324180506931,0.6765457029161964,0.7106044905008636,0.9258107507774322,20,1,7,16.94064920804628,4,0,3,0,1,0,0,0
fold3_0002503,sa_0007336,2503,Thyroid,30,0,"[25,50)",AVAILABLE,1,1,1,29,0.9061602858026305,0.9830508474576272,0.9217837390061241,0.8979139645482058,0.8979139645482058,0.9464961986389134,29,0,1,26.731729352961338,0,0,1,0,0,0,0,0
fold3_0002504,sa_0007337,2504,Thyroid,34,0,"[25,50)",AVAILABLE,1,1,1,27,0.7183981103499476,0.819672131147541,0.8764456946269361,0.7255921432697863,0.732209065901208,0.957536422012014,25,2,9,21.9111432421191,5,0,4,0,1,0,0,1
fold3_0002505,sa_0007338,2505,Thyroid,33,0,"[25,50)",AVAILABLE,1,1,1,27,0.7458159390159181,0.8333333333333334,0.8949791268191017,0.7157066734331388,0.732836862927624,0.9470185334407736,25,2,8,22.374479065456672,5,0,3,0,0,0,1,1
fold3_0002506,sa_0007339,2506,Thyroid,27,0,"[25,50)",AVAILABLE,1,1,1,22,0.7614766120227979,0.8571428571428571,0.8883893806932643,0.7614779741269976,0.7590520658972778,0.9020884459357941,21,1,6,18.656177882947933,1,0,5,0,0,0,1,0
fold3_0002507,sa_0007340,2507,Thyroid,19,0,"[10,25)",AVAILABLE,1,1,1,18,0.847812814767904,0.918918918918919,0.9226198278356602,0.8275058275058275,0.8682115270350564,0.9484129508300999,17,1,2,15.684537995826052,1,0,1,0,0,0,1,0
fold3_0002508,sa_0007341,2508,Thyroid,40,0,"[25,50)",AVAILABLE,1,1,1,32,0.7930750619397892,0.8888888888888888,0.8922094446822628,0.7697534976682212,0.8187692759582905,0.9329780361757106,32,0,8,28.550703122041853,3,0,5,0,0,0,0,0
fold3_0002509,sa_0007342,2509,Thyroid,19,0,"[10,25)",AVAILABLE,1,1,1,15,0.7008039481776064,0.7647058823529411,0.9164359322322546,0.7220683287165282,0.7801539777587682,0.897164824603556,13,2,6,11.913668035455242,0,1,5,0,1,0,1,0
fold3_0002510,sa_0007343,2510,Thyroid,37,0,"[25,50)",AVAILABLE,1,1,1,27,0.610983071198944,0.71875,0.8500634034072264,0.5237068965517241,0.6153717836440219,0.9190138117981154,23,4,14,19.551459128429613,4,7,3,0,0,1,1,2
fold3_0002511,sa_0007344,2511,Thyroid,45,0,"[25,50)",AVAILABLE,1,1,1,34,0.636650857434039,0.7848101265822784,0.8112164151175659,0.5779691749773346,0.6036675668612248,0.8428714995789989,31,3,14,25.14770967986096,3,5,6,0,0,2,1,0
fold3_0002512,sa_0007345,2512,Thyroid,38,0,"[25,50)",AVAILABLE,1,1,1,33,0.6550925339820136,0.7887323943661971,0.8305637484414816,0.6570261670703329,0.6799894681411269,0.867943453593706,28,5,10,23.255785786925234,3,3,4,0,0,1,3,1
fold3_0002513,sa_0007346,2513,Thyroid,38,0,"[25,50)",AVAILABLE,1,1,1,29,0.5976714624206405,0.7164179104477612,0.8342497496288108,0.4873483535528596,0.5385964912280702,0.8791679624062748,24,5,14,20.02199482534121,6,5,3,0,1,1,2,1
fold3_0002514,sa_0007347,2514,Thyroid,34,0,"[25,50)",AVAILABLE,1,1,1,25,0.6099615630230086,0.6779661016949152,0.8996933054589378,0.5817734168507187,0.6221412580659321,0.8741678843968177,20,5,14,17.993867008872062,1,7,5,1,0,3,1,1
fold3_0002515,sa_0007348,2515,Thyroid,36,0,"[25,50)",AVAILABLE,1,1,1,22,0.49388478958854803,0.5517241379310345,0.8951661811292433,0.5240360330021889,0.5640852390852391,0.8400624730003655,16,6,20,14.322659793234074,7,2,10,1,2,1,1,2
fold3_0002516,sa_0007349,2516,Thyroid,38,0,"[25,50)",AVAILABLE,1,1,1,32,0.5602232173662464,0.6571428571428571,0.852513591644288,0.5412574703805962,0.6296041149995407,0.8769833441366288,23,9,15,19.607813460332217,11,0,3,1,0,1,5,3
fold3_0002517,sa_0007350,2517,Thyroid,23,0,"[10,25)",AVAILABLE,1,1,1,18,0.6161263060369998,0.7317073170731707,0.842039284917233,0.5791624555081952,0.5756085319949812,0.839650888704848,15,3,8,12.63059011579778,3,0,5,0,0,0,2,1
fold3_0002518,sa_0007351,2518,Thyroid,20,0,"[10,25)",AVAILABLE,1,1,1,18,0.6091715931133123,0.6842105263157895,0.890327713011764,0.6967725794345759,0.6989892402999673,0.858754893682352,13,5,7,11.574261159480645,1,0,5,1,2,0,3,0
fold3_0002519,sa_0007352,2519,Thyroid,35,0,"[25,50)",AVAILABLE,1,1,1,27,0.6558749131932905,0.8064516129032258,0.8132848923596803,0.6559393111247231,0.6617136137687744,0.8958152401170832,25,2,10,20.3321231222769,5,0,5,0,0,0,2,0
fold3_0002520,sa_0007353,2520,Thyroid,45,0,"[25,50)",AVAILABLE,1,1,1,34,0.7233628406166146,0.8354430379746836,0.8658434001320083,0.7157292146918703,0.7366563548429262,0.9348186060514828,33,1,12,28.572833070199675,6,0,6,0,0,0,0,1
fold3_0002521,sa_0007354,2521,Thyroid,28,0,"[25,50)",AVAILABLE,1,1,1,27,0.7730029383174751,0.8363636363636363,0.9242426436404595,0.8241941074523397,0.8241941074523397,0.903625446530364,23,4,5,21.257581727973214,0,0,5,0,0,0,4,0
fold3_0002522,sa_0007355,2522,Thyroid,45,0,"[25,50)",AVAILABLE,1,1,1,36,0.6933554900288075,0.7901234567901234,0.8775280420677095,0.6790811472067418,0.7026130852222112,0.8857367090079353,32,4,13,28.080898223694746,5,0,7,1,2,0,1,1
fold3_0002523,sa_0007356,2523,Uterus,19,0,"[10,25)",AVAILABLE,1,1,1,16,0.557819203028496,0.6857142857142857,0.8134863377498899,0.4754380404762983,0.5627265665458312,0.8699722463858166,12,4,7,9.761836866485016,4,0,3,0,0,0,4,0
fold3_0002524,sa_0007357,2524,Uterus,11,0,"[10,25)",AVAILABLE,1,1,1,9,0.7784458654600712,0.9,0.8649398505111903,0.8281948168007149,0.8281948168007149,0.9060246853232311,9,0,2,7.784459519540563,0,0,2,0,0,0,0,0
fold3_0002525,sa_0007358,2525,Uterus,9,0,"[1,10)",AVAILABLE,1,1,1,11,0.6620058051770807,0.8,0.8275072564713508,0.7256207518379802,0.7256207518379802,0.8628617363344051,8,3,1,6.620058879278062,0,0,1,0,1,0,2,0
fold3_0002526,sa_0007359,2526,Uterus,18,0,"[10,25)",AVAILABLE,1,1,1,17,0.7195617188776264,0.8,0.8994521485970329,0.6841077949880368,0.7608875517111696,0.9307590448934262,14,3,4,12.592330979810608,3,0,0,1,0,0,1,2
fold3_0002527,sa_0007360,2527,Uterus,26,0,"[25,50)",AVAILABLE,1,1,1,19,0.717790598397348,0.8444444444444444,0.850015182312649,0.6952706552706552,0.734354628422425,0.9284720917120842,19,0,7,16.150289313955515,1,2,4,0,0,0,0,0
fold3_0002528,sa_0007361,2528,Uterus,21,0,"[10,25)",AVAILABLE,1,1,1,17,0.57022583153518,0.6842105263157895,0.8334069845514169,0.6033741740971198,0.6015613492414199,0.8650786351512922,13,4,8,10.834291632575404,5,0,3,0,0,0,2,2
fold3_0002529,sa_0007362,2529,Uterus,13,0,"[10,25)",AVAILABLE,1,1,1,8,0.422010730661171,0.47619047619047616,0.8862225343884592,0.5566755811561407,0.5525985438111976,0.8751617076326003,5,3,8,4.431113558164831,4,0,4,0,0,0,1,2
fold3_0002530,sa_0007363,2530,Uterus,10,0,"[10,25)",AVAILABLE,1,1,1,6,0.3875240534372421,0.5,0.7750481068744842,0.4381435606625877,0.4820101681658193,0.7747723974139068,4,2,6,3.100193202546044,3,0,3,0,0,0,1,1
fold3_0002531,sa_0007364,2531,Uterus,18,0,"[10,25)",AVAILABLE,1,1,1,16,0.7283549770532253,0.8823529411764706,0.8254689739936554,0.6983342207347684,0.690952019563201,0.9166708223208497,15,1,3,12.382035435373805,3,0,0,0,0,0,0,1
fold3_0002532,sa_0007365,2532,Uterus,15,0,"[10,25)",AVAILABLE,1,1,1,14,0.8055612827649593,0.896551724137931,0.8985106615455315,0.8269923908690429,0.8269923908690429,0.9066199035510741,13,1,2,11.68063949860257,0,0,2,0,0,0,1,0
fold3_0002533,sa_0007366,2533,Uterus,7,0,"[1,10)",AVAILABLE,1,1,1,5,0.682460996999183,0.8333333333333334,0.8189531963990195,0.5807355516637478,0.5807355516637478,0.7347662308885442,5,0,2,4.094766800948294,0,0,2,0,0,0,0,0
fold3_0002534,sa_0007367,2534,Uterus,15,0,"[10,25)",AVAILABLE,1,1,1,11,0.7577612312879818,0.8461538461538461,0.8955360006130694,0.8264384213029006,0.8264384213029006,0.9049726633689144,11,0,4,9.850896902279763,0,0,4,0,0,0,0,0
fold3_0002535,sa_0007368,2535,Uterus,1,0,"[1,10)",AVAILABLE,1,1,1,1,0.6318950551661285,1.0,0.6318950551661285,0.6318956870611836,0.6318956870611836,0.7744314689612785,1,0,0,0.6318956870611836,0,0,0,0,0,0,0,0
fold3_0002536,sa_0007369,2536,Uterus,28,0,"[25,50)",AVAILABLE,1,1,1,25,0.5818096112144898,0.6792452830188679,0.8565530387324434,0.6187708668232966,0.6216729178905509,0.860224042802207,18,7,10,15.41795555373702,2,0,6,2,4,0,3,0
fold3_0002537,sa_0007370,2537,Uterus,32,0,"[25,50)",AVAILABLE,1,1,1,24,0.6083059817419375,0.7142857142857143,0.8516283744387125,0.658470311975847,0.6756341550553769,0.8617726700923222,20,4,12,17.032568340402626,3,1,6,2,0,1,0,3
fold3_0002538,sa_0007371,2538,Uterus,29,0,"[25,50)",AVAILABLE,1,1,1,19,0.5417507599118295,0.6666666666666666,0.8126261398677443,0.5659576311571286,0.5793459904815517,0.8466074784524659,16,3,13,13.00201905051005,3,0,10,0,0,0,3,0
fold3_0002539,sa_0007372,2539,Uterus,37,0,"[25,50)",AVAILABLE,1,1,1,31,0.5941066754300093,0.7058823529411765,0.8416511235258464,0.6930104701459352,0.7091169699865352,0.8959821088210628,24,7,13,20.199627806271437,5,0,7,1,3,1,1,2
fold3_0002540,sa_0007373,2540,Uterus,45,0,"[25,50)",AVAILABLE,1,1,1,27,0.5676983030961678,0.6666666666666666,0.8515474546442517,0.47722071978364883,0.4904729702852142,0.7384237636446129,24,3,21,20.437139763009498,4,0,16,1,0,1,0,2
fold3_0002541,sa_0007374,2541,Uterus,36,0,"[25,50)",AVAILABLE,1,1,1,26,0.5985630014969011,0.7096774193548387,0.8434296839274515,0.625609756097561,0.656306514699079,0.8430247321111167,22,4,14,18.55545388983362,3,0,10,1,3,0,0,1
fold3_0002542,sa_0007375,2542,Uterus,39,0,"[25,50)",AVAILABLE,1,1,1,32,0.5774087278759018,0.704225352112676,0.8199203935837805,0.54716459197787,0.5717400933592286,0.8597194823213163,25,7,14,20.498010659514907,8,0,5,1,1,0,3,3
fold3_0002543,sa_0007376,2543,Uterus,31,0,"[25,50)",AVAILABLE,1,1,1,27,0.5753794274013989,0.6896551724137931,0.8343001697320284,0.6479503383479671,0.6479503383479671,0.8248549224556283,20,7,11,16.68600422894074,0,2,9,0,0,6,1,0
fold3_0002544,sa_0007377,2544,Uterus,30,0,"[25,50)",AVAILABLE,1,1,1,20,0.5015802308728469,0.56,0.8956789837015121,0.5261397708925963,0.600466835246061,0.8328269324258629,14,6,16,12.539506667500152,6,0,8,2,0,0,2,4
fold3_0002545,sa_0007378,2545,Uterus,31,0,"[25,50)",AVAILABLE,1,1,1,25,0.7096574736162765,0.7857142857142857,0.9032004209661701,0.6680152758346882,0.7115230672003371,0.8727075794500653,22,3,9,19.870410164456164,3,2,4,0,0,2,1,0
fold3_0002546,sa_0007379,2546,Uterus,36,0,"[25,50)",AVAILABLE,1,1,1,26,0.47595292812368173,0.5483870967741935,0.8679141630490668,0.43155396873775415,0.5266726653383894,0.8765445092302186,17,9,19,14.754541639748298,0,6,11,2,7,2,0,0
fold3_0002547,sa_0007380,2547,Uterus,26,0,"[25,50)",AVAILABLE,1,1,1,21,0.620130417692303,0.723404255319149,0.8572391068099482,0.6135794490669683,0.6320172155688623,0.898698618356934,17,4,9,14.573065673008227,3,3,3,0,0,2,1,1
fold3_0002548,sa_0007381,2548,Uterus,29,0,"[25,50)",AVAILABLE,1,1,1,20,0.5276996816581795,0.6122448979591837,0.8619094800416932,0.3876857985859823,0.4795660256605614,0.8630455828132403,15,5,14,12.928643062534878,9,0,5,0,0,0,2,3
fold3_0002549,sa_0007382,2549,Uterus,34,0,"[25,50)",AVAILABLE,1,1,1,29,0.34805140891016106,0.4444444444444444,0.7831156700478624,0.4756331877729258,0.47520242914979755,0.7615323041738136,14,15,20,10.963620163785743,7,0,9,4,5,0,6,4
fold3_0002550,sa_0007383,2550,Uterus,32,0,"[25,50)",AVAILABLE,1,1,1,31,0.7100575034467947,0.8571428571428571,0.8284004206879272,0.7180571918175003,0.7337658736760384,0.858915720454182,27,4,5,22.366812186974457,1,0,4,0,2,0,2,0
fold3_0002551,sa_0007384,2551,Uterus,23,0,"[10,25)",AVAILABLE,1,1,1,23,0.6623057551798301,0.782608695652174,0.8462795760631163,0.6608354603747744,0.6608354603747744,0.7960866631681536,18,5,5,15.23303321541567,0,0,3,2,0,0,3,2
fold3_0002552,sa_0007385,2552,Uterus,47,0,"[25,50)",AVAILABLE,1,1,1,38,0.6499398843911767,0.8,0.8124248554889708,0.6266995073891626,0.6212238006093308,0.8641293273258315,34,4,13,27.62244589904986,6,0,6,1,0,0,1,3
fold3_0002553,sa_0007386,2553,Uterus,36,0,"[25,50)",AVAILABLE,1,1,1,28,0.610590257579613,0.75,0.814120343439484,0.6142976407655917,0.6919293458749193,0.8483035202750016,24,4,12,19.538889056667962,4,2,6,0,1,1,1,1
fold3_0002554,sa_0007387,2554,Uterus,19,0,"[10,25)",AVAILABLE,1,1,1,13,0.5719159788859077,0.6875,0.8318777874704113,0.5266188408533132,0.5762061403508771,0.7762086956521739,11,2,8,9.150656494052312,3,0,5,0,0,0,1,1
fold3_0002555,sa_0007388,2555,Uterus,18,0,"[10,25)",AVAILABLE,1,1,1,14,0.582865773569054,0.75,0.7771543647587387,0.6401643480141281,0.6416122004357299,0.8444402313015452,12,2,6,9.325853154259228,1,0,4,1,0,0,1,1
fold3_0002556,sa_0007389,2556,Uterus,37,0,"[25,50)",AVAILABLE,1,1,1,32,0.6278309932907442,0.782608695652174,0.802228491427062,0.653747262165508,0.6754142224966554,0.8433660933660934,27,5,10,21.660170070759165,3,0,6,1,0,0,4,1
fold3_0002557,sa_0007390,2557,Uterus,20,0,"[10,25)",AVAILABLE,1,1,1,15,0.44655156973231286,0.5714285714285714,0.7814652470315475,0.4932010978043912,0.4984419053271999,0.8160031689443454,10,5,10,7.8146532517807215,1,4,5,0,0,3,2,0
fold3_0002558,sa_0007391,2558,Uterus,16,0,"[10,25)",AVAILABLE,1,1,1,13,0.7488530199724394,0.896551724137931,0.835259137661567,0.7499547347456093,0.7499547347456093,0.8571132953957579,13,0,3,10.858369624859508,0,0,3,0,0,0,0,0
fold3_0002559,sa_0007392,2559,Uterus,32,0,"[25,50)",AVAILABLE,1,1,1,26,0.5481304451446756,0.7241379310344828,0.7569420432950281,0.6175324675324675,0.6270778555194082,0.7821418789372775,21,5,11,15.895783666137634,2,0,6,3,0,0,1,4
fold3_0002560,sa_0007393,2560,Uterus,32,0,"[25,50)",AVAILABLE,1,1,1,24,0.590070492622253,0.75,0.7867606568296707,0.6172888274409112,0.6249660048952951,0.7846025104602511,21,3,11,16.52197458018374,1,0,9,1,0,0,2,1
fold3_0002561,sa_0007394,2561,Uterus,27,0,"[25,50)",AVAILABLE,1,1,1,17,0.5271090968657176,0.6818181818181818,0.7730933420697192,0.5335357685094222,0.5507046417660392,0.7654273911661901,15,2,12,11.59640090413913,3,0,9,0,1,0,0,1
fold3_0002562,sa_0007395,2562,Uterus,19,0,"[10,25)",AVAILABLE,1,1,1,14,0.5976082928948748,0.7272727272727273,0.8217114027304528,0.6651560048805997,0.6651560048805997,0.7989113367528525,12,2,7,9.860537654476836,0,0,7,0,0,0,2,0
fold3_0002563,sa_0007396,2563,Uterus,33,0,"[25,50)",AVAILABLE,1,1,1,32,0.5175377783269153,0.6461538461538462,0.8009513236011784,0.568093269488148,0.5862989323843416,0.7944164018196548,21,11,12,16.81997859657607,2,2,4,4,0,0,6,5
fold3_0002564,sa_0007397,2564,Uterus,21,0,"[10,25)",AVAILABLE,1,1,1,18,0.6220518905148732,0.7692307692307693,0.8086674576693351,0.6338551073650411,0.6724704336399474,0.8272114188437111,15,3,6,12.130012673707483,1,0,4,1,0,0,2,1
fold3_0002565,sa_0007398,2565,Uterus,20,0,"[10,25)",AVAILABLE,1,1,1,18,0.5411456383130292,0.6842105263157895,0.7909051636882733,0.5611647139903515,0.5867864387134164,0.7931580228877526,13,5,7,10.281767918852717,4,0,2,1,0,0,3,2
fold3_0002566,sa_0007399,2566,Uterus,44,0,"[25,50)",AVAILABLE,1,1,1,34,0.6878750929963416,0.7948717948717948,0.8653912460276556,0.6983035304906007,0.7185695660271931,0.8810375347711427,31,3,13,26.82712949224857,4,0,9,0,0,0,2,1
fold3_0002567,sa_0007400,2567,Uterus,44,0,"[25,50)",AVAILABLE,1,1,1,33,0.5440547023850034,0.6493506493506493,0.8378442416729053,0.5125770020533881,0.5666034809581251,0.8923660763392366,25,8,19,20.946106879666875,11,2,6,0,1,1,3,3
fold3_0002568,sa_0007401,2568,Uterus,37,0,"[25,50)",AVAILABLE,1,1,1,32,0.7404747722068733,0.8695652173913043,0.8515459880379044,0.7371658772932659,0.7902462993673607,0.9295639345387176,30,2,7,25.54638049268312,5,0,2,0,0,0,1,1
fold3_0002569,sa_0007402,2569,Uterus,34,0,"[25,50)",AVAILABLE,1,1,1,26,0.6137137229870276,0.7333333333333333,0.836882349527765,0.6366002440016266,0.6558382005116571,0.9129547574626866,22,4,12,18.41141252649318,7,0,5,0,0,0,2,2
fold3_0002570,sa_0007403,2570,Uterus,34,0,"[25,50)",AVAILABLE,1,1,1,28,0.72803840575685,0.8387096774193549,0.8680457914793211,0.744283185840708,0.7466505185073046,0.9131094257854822,26,2,8,22.569191446508142,3,0,5,0,1,0,0,1
fold3_0002571,sa_0007404,2571,Uterus,46,0,"[25,50)",AVAILABLE,1,1,1,37,0.7311300426308525,0.8674698795180723,0.842830465810566,0.6946608565517849,0.7284333672431332,0.9295194373326271,36,1,10,30.34189761201084,4,1,5,0,0,0,1,0
fold3_0002572,sa_0007405,2572,Uterus,26,0,"[25,50)",AVAILABLE,1,1,1,19,0.6478253343783033,0.7555555555555555,0.8574158837359896,0.6197126895450917,0.6445131375579598,0.9289131920710868,17,2,9,14.576070880927709,5,0,3,1,0,0,0,2
fold3_0002573,sa_0007406,2573,Uterus,45,0,"[25,50)",AVAILABLE,1,1,1,33,0.4949514904376968,0.6410256410256411,0.7721243250828069,0.5152239191501727,0.5366596593590459,0.896085766932827,25,8,20,19.3031088991945,13,3,4,0,1,2,2,3
fold3_0002574,sa_0007407,2574,Uterus,45,0,"[25,50)",AVAILABLE,1,1,1,30,0.6008188180102794,0.6933333333333334,0.8665656028994414,0.6291380740517306,0.6376701327246598,0.8617592401404088,26,4,19,22.53070654195108,3,4,12,0,0,2,1,1
fold3_0002575,sa_0007408,2575,Uterus,44,0,"[25,50)",AVAILABLE,1,1,1,33,0.7150928480196223,0.8311688311688312,0.860346082773608,0.7178896225239816,0.7376901173692617,0.9212261700171855,32,1,12,27.531075509101537,4,0,8,0,0,0,0,1
fold3_0002576,sa_0007409,2576,Uterus,37,0,"[25,50)",AVAILABLE,1,1,1,32,0.7360710262699334,0.8405797101449275,0.8756707036659552,0.7502731643356644,0.7801015835076187,0.9222557905337362,29,3,8,25.394451281983407,3,2,3,0,0,1,1,1
fold3_0002577,sa_0007410,2577,Uterus,40,0,"[25,50)",AVAILABLE,1,1,1,33,0.6236341896957649,0.7397260273972602,0.8430610342183489,0.6218819125404118,0.6376174783351641,0.9083501031030285,27,6,13,22.762648766956456,10,2,1,0,0,1,1,4
fold3_0002578,sa_0007411,2578,Uterus,37,0,"[25,50)",AVAILABLE,1,1,1,24,0.6224671468234824,0.7213114754098361,0.8629658171871005,0.6400651465798045,0.6393131581443886,0.8642361111111111,22,2,15,18.98524884108203,5,0,10,0,0,0,0,2
fold3_0002579,sa_0007412,2579,Uterus,47,0,"[25,50)",AVAILABLE,1,1,1,40,0.704110117509788,0.8045977011494253,0.8751082889050222,0.688563784368418,0.7204599780347568,0.9158499493071984,35,5,12,30.628790986784065,5,0,6,1,2,0,1,2
fold3_0002580,sa_0007413,2580,Uterus,34,0,"[25,50)",AVAILABLE,1,1,1,32,0.627665193836474,0.7272727272727273,0.8630396415251518,0.6474301172227231,0.6615801966768396,0.8803265306122449,24,8,10,20.712952259643284,8,0,2,0,0,0,4,4
fold3_0002581,sa_0007414,2581,Uterus,52,0,"[50,+inf)",AVAILABLE,1,1,1,37,0.4994272112700272,0.6067415730337079,0.8231300333894892,0.14297862733293196,0.3779704956484168,0.8538601088490224,27,10,25,22.22451172464624,1,18,6,0,0,1,9,0
fold3_0002582,sa_0007415,2582,Uterus,20,0,"[10,25)",AVAILABLE,1,1,1,14,0.3992572375236133,0.47058823529411764,0.8484216297376783,0.4130462053104746,0.4129649796526623,0.8013954243063444,8,6,12,6.7873738863230555,8,0,3,1,0,0,2,4
fold3_0002583,sa_0007416,2583,Uterus,19,0,"[10,25)",AVAILABLE,1,1,1,22,0.6321696396715095,0.7317073170731707,0.8639651742177297,0.6407909446618223,0.6380533703532315,0.8643533123028391,15,7,4,12.95947847723112,2,0,2,0,1,0,6,0
fold3_0002584,sa_0007417,2584,Uterus,29,0,"[25,50)",AVAILABLE,1,1,1,29,0.6211734702331455,0.7586206896551724,0.8188195743982373,0.6183588853533892,0.6142009348248516,0.8347865694950547,22,7,7,18.014031455580795,4,1,2,0,0,0,5,2
fold3_0002585,sa_0007418,2585,Uterus,31,0,"[25,50)",AVAILABLE,1,1,1,29,0.5570211690858018,0.6666666666666666,0.8355317536287028,0.5991726246683754,0.6043079970289675,0.8243464304453841,20,9,11,16.71063590810581,4,0,5,2,0,1,5,3
fold3_0002586,sa_0007419,2586,Uterus,24,0,"[10,25)",AVAILABLE,1,1,1,24,0.64260310836592,0.75,0.8568041444878934,0.6785405872193437,0.7012560823808985,0.8442197685246774,18,6,6,15.422475457586227,1,0,4,1,1,0,4,1
fold3_0002587,sa_0007420,2587,Uterus,30,0,"[25,50)",AVAILABLE,1,1,1,23,0.7159777379571814,0.8301886792452831,0.8624277298120594,0.6538514348482768,0.7343696811528424,0.9371279031730455,22,1,8,18.973410918293037,1,4,3,0,0,0,1,0
fold3_0002588,sa_0007421,2588,Uterus,36,0,"[25,50)",AVAILABLE,1,1,1,35,0.7018700197907302,0.7887323943661971,0.8898709179489614,0.6924029727497936,0.6992309021776703,0.8532560327510362,28,7,8,24.91638659244184,3,0,4,1,0,0,5,2
fold3_0002589,sa_0007422,2589,Uterus,29,0,"[25,50)",AVAILABLE,1,1,1,38,0.6751761964774047,0.7761194029850746,0.8699385608458867,0.6053295932678822,0.6053295932678822,0.7550984748258905,26,12,3,22.618403451931616,0,0,3,0,1,0,11,0
fold3_0002590,sa_0007423,2590,Uterus,51,0,"[50,+inf)",AVAILABLE,1,1,1,37,0.5761854899417961,0.7045454545454546,0.8178116631431943,0.5321601941747572,0.5997015482186159,0.8609141791044777,31,6,20,25.35216237525069,11,2,7,0,0,2,2,2
fold3_0002591,sa_0007424,2591,Uterus,9,0,"[1,10)",AVAILABLE,1,1,1,12,0.6308813935449269,0.7619047619047619,0.8280318290277165,0.697268588770865,0.697268588770865,0.821636119803308,8,4,1,6.62425546025356,0,0,1,0,0,0,4,0
fold3_0002592,sa_0007425,2592,Uterus,4,0,"[1,10)",AVAILABLE,1,1,1,4,0.4414234807325944,0.5,0.8828469614651888,0.3969868173258004,0.3837050523441056,0.6934210526315789,2,2,2,1.7656948057773392,2,0,0,0,0,0,1,1
fold3_0002593,sa_0007426,2593,Uterus,46,0,"[25,50)",AVAILABLE,1,1,1,42,0.5055414274474311,0.6136363636363636,0.8238452891735915,0.5051802959396218,0.512565963060686,0.8144610889426745,27,15,19,22.24382363153226,12,1,5,1,0,0,11,4
fold3_0002594,sa_0007427,2594,Uterus,21,0,"[10,25)",AVAILABLE,1,1,1,19,0.8542555263600652,0.95,0.8992163435369107,0.8249692229705264,0.8249692229705264,0.9040911074957343,19,0,2,17.085111426417647,0,0,2,0,0,0,0,0
fold3_0002595,sa_0007428,2595,Uterus,40,0,"[25,50)",AVAILABLE,1,1,1,33,0.7535641605891784,0.8493150684931506,0.8872610277904843,0.8000708759080976,0.79773922504987,0.9109616677874915,31,2,9,27.505092748766042,2,0,6,1,0,0,0,2
fold3_0002596,sa_0007429,2596,Uterus,35,0,"[25,50)",AVAILABLE,1,1,1,36,0.7798830031828401,0.9014084507042254,0.8651827066559632,0.7942779291553134,0.7942779291553134,0.8912446702879505,32,4,3,27.685847478173528,0,0,3,0,1,0,3,0
fold3_0002597,sa_0007430,2597,Uterus,17,0,"[10,25)",AVAILABLE,1,1,1,18,0.6262660857518099,0.8,0.7828326071897622,0.6629448709002094,0.6629448709002094,0.8124213176668066,14,4,3,10.959657283489278,0,0,2,1,2,0,2,0
fold3_0002598,sa_0007431,2598,Uterus,20,0,"[10,25)",AVAILABLE,1,1,1,15,0.5744509339042937,0.6857142857142857,0.837740945277095,0.5875399986939202,0.6021974596742773,0.8751519867710714,12,3,8,10.052892181066085,5,0,3,0,0,0,1,2
fold3_0002599,sa_0007432,2599,Uterus,21,0,"[10,25)",AVAILABLE,1,1,1,18,0.7195646268334535,0.8205128205128205,0.8769693889532715,0.7450665442863699,0.7450665442863699,0.8654832347140039,16,2,5,14.031511100221733,0,0,4,1,1,0,0,1
fold3_0002600,sa_0007433,2600,Uterus,14,0,"[10,25)",AVAILABLE,1,1,1,16,0.623568863516679,0.7333333333333333,0.850321177522744,0.6688963210702341,0.6688963210702341,0.8089667707508039,11,5,3,9.353533803071361,0,0,2,1,2,0,2,1
fold3_0002601,sa_0007434,2601,Uterus,23,0,"[10,25)",AVAILABLE,1,1,1,17,0.6074490655347681,0.75,0.8099320873796908,0.6560674495633845,0.6743633276740237,0.883715270736159,15,2,8,12.14898212062745,4,0,4,0,0,0,1,1
fold3_0002602,sa_0007435,2602,Uterus,22,0,"[10,25)",AVAILABLE,1,1,1,17,0.7147817727086321,0.8205128205128205,0.8711402854886454,0.7687064639352857,0.7687064639352857,0.8692301177267723,16,1,6,13.938245438958614,0,0,6,0,0,0,1,0
fold3_0002603,sa_0007436,2603,Uterus,18,0,"[10,25)",AVAILABLE,1,1,1,21,0.7651262310592467,0.8717948717948718,0.8776447944503124,0.7573249682974037,0.7719936817526268,0.8872955584838385,17,4,1,14.919962383300106,1,0,0,0,0,1,3,0
fold3_0002604,sa_0007437,2604,Uterus,20,0,"[10,25)",AVAILABLE,1,1,1,15,0.6484790623298787,0.7428571428571429,0.8729525839056059,0.6147288657352593,0.6805742168163497,0.8764990532295392,13,2,7,11.348384463725461,5,0,2,0,0,0,0,2
fold3_0002605,sa_0007438,2605,Uterus,19,0,"[10,25)",AVAILABLE,1,1,1,13,0.5344714262389676,0.6875,0.7774129836203165,0.549742901855578,0.5671271696776479,0.8389466546112115,11,2,8,8.551543597236465,4,0,4,0,0,0,1,1
fold3_0002606,sa_0007439,2606,Uterus,27,0,"[25,50)",AVAILABLE,1,1,1,20,0.6981666689358347,0.8085106382978723,0.8635219326311641,0.702832893680468,0.7198681157650507,0.871130360692985,19,1,8,16.40691758351405,2,0,5,1,0,0,0,1
fold3_0002607,sa_0007440,2607,Uterus,114,0,"[50,+inf)",AVAILABLE,1,1,1,64,0.42830594264042543,0.5168539325842697,0.8286788890216926,0.3262832367247354,0.4162950398073924,0.8142639133038422,46,18,68,38.119229723676746,31,16,20,1,1,6,2,9
fold3_0002608,sa_0007441,2608,Uterus,102,0,"[50,+inf)",AVAILABLE,1,1,1,71,0.5356742541039827,0.6589595375722543,0.812909175087623,0.47558439209657727,0.5440231063076493,0.856022206130823,57,14,45,46.33582379290368,21,14,10,0,0,5,3,6
fold3_0002609,sa_0007442,2609,Uterus,80,0,"[50,+inf)",AVAILABLE,1,1,1,47,0.40324232648346847,0.5039370078740157,0.8001839916156328,0.36030921355846984,0.4135506771892339,0.8488675427261867,32,15,48,25.60588853188424,26,14,8,0,1,4,2,8
fold3_0002610,sa_0007443,2610,Uterus,65,0,"[50,+inf)",AVAILABLE,1,1,1,38,0.4695436312421161,0.5631067961165048,0.8338447244472063,0.36065111292916185,0.4309384699653095,0.818080321541357,29,9,36,24.181497842813705,16,5,15,0,0,1,3,5
fold3_0002611,sa_0007444,2611,Uterus,81,0,"[50,+inf)",AVAILABLE,1,1,1,52,0.4176946701949096,0.5263157894736842,0.7936198733703282,0.41901353664229035,0.45732802031790515,0.8319461554640786,35,17,46,27.77669636158136,14,20,10,2,2,9,0,6
fold3_0002612,sa_0007445,2612,Uterus,126,0,"[50,+inf)",AVAILABLE,1,1,1,74,0.4134046815059782,0.54,0.7655642250110707,0.40068213958905247,0.44189247750388744,0.8653914150342974,54,20,72,41.34046891616204,25,34,12,1,0,13,1,6
fold3_0002613,sa_0007446,2613,Uterus,120,0,"[50,+inf)",AVAILABLE,1,1,1,65,0.401873789886266,0.518918918918919,0.774444282593325,0.36079728631100894,0.4329645964379534,0.8743650980524067,48,17,72,37.17332633892388,39,20,13,0,0,6,2,9
fold3_0002614,sa_0007447,2614,Uterus,94,0,"[50,+inf)",AVAILABLE,1,1,1,57,0.4918484396073364,0.6225165562913907,0.7900969614968915,0.46152531510361033,0.501519304099142,0.8609804971926274,47,10,47,37.13455798045086,19,20,8,0,0,4,2,4
fold3_0002615,sa_0007448,2615,Uterus,107,0,"[50,+inf)",AVAILABLE,1,1,1,62,0.41170074814637825,0.5325443786982249,0.7730825159637547,0.35171850417523903,0.44562483275354564,0.868593006682339,45,17,62,34.78871399145147,32,17,12,1,0,5,2,10
fold3_0002616,sa_0007449,2616,Uterus,116,0,"[50,+inf)",AVAILABLE,1,1,1,63,0.45089795144816647,0.5586592178770949,0.807107333092218,0.397571752561195,0.4591496578747295,0.8177955911823648,50,13,66,40.35536746171823,22,19,24,1,0,5,2,6
fold3_0002617,sa_0007450,2617,Uterus,110,0,"[50,+inf)",AVAILABLE,1,1,1,58,0.3500378008591037,0.42857142857142855,0.816754868671242,0.3408828103193907,0.39035179138006904,0.8629110170903155,36,22,74,29.40317608891958,27,34,13,0,0,11,2,9
fold3_0002618,sa_0007451,2618,Uterus,89,0,"[50,+inf)",AVAILABLE,1,1,1,51,0.32161589586537154,0.4142857142857143,0.7763142313991727,0.27329570008643045,0.35446144207173813,0.7849047876031147,29,22,60,22.51311348689024,26,21,11,2,2,5,6,9
fold3_0002619,sa_0007452,2619,Uterus,123,0,"[50,+inf)",AVAILABLE,1,1,1,83,0.4664943226229635,0.5825242718446602,0.8008152538360873,0.45534926844711787,0.5129678793359979,0.7924411878133436,60,23,63,48.04891603098049,11,24,28,0,1,10,9,3
fold3_0002620,sa_0007453,2620,Uterus,124,0,"[50,+inf)",AVAILABLE,1,1,1,67,0.440905016905528,0.5340314136125655,0.825616257146626,0.34876750969644515,0.44456011103993165,0.8069624346347863,51,16,73,42.10642994009418,27,18,27,1,0,5,3,8
fold3_0002621,sa_0007454,2621,Uterus,79,0,"[50,+inf)",AVAILABLE,1,1,1,66,0.5597066175287054,0.6482758620689655,0.8633772291666202,0.5066251415628539,0.574933469432394,0.8352854034535439,47,19,32,40.57873063420838,12,7,9,4,3,2,6,8
fold3_0002622,sa_0007455,2622,Uterus,31,0,"[25,50)",AVAILABLE,1,1,1,27,0.693093967798399,0.8275862068965517,0.8374885444230655,0.6819043882022104,0.6948217317487266,0.870439936555639,24,3,7,20.099725903642117,4,0,3,0,0,0,2,1
fold3_0002623,sa_0007456,2623,Uterus,24,0,"[10,25)",AVAILABLE,1,1,1,21,0.37873053143220414,0.4888888888888889,0.7746760870204176,0.3579536549871264,0.42623648289310406,0.7986675615879881,11,10,13,8.52143773190068,6,3,2,2,0,1,5,4
fold3_0002624,sa_0007457,2624,Uterus,41,0,"[25,50)",AVAILABLE,1,1,1,28,0.407525908481143,0.5217391304347826,0.7810913245888574,0.3350659425911559,0.41592151652955905,0.782036014579048,18,10,23,14.05964462369076,9,7,5,2,0,3,2,5
fold3_0002625,sa_0007458,2625,Uterus,40,0,"[25,50)",AVAILABLE,1,1,1,26,0.3867744741743358,0.48484848484848486,0.7977223529845676,0.24008305206871705,0.3404149639897952,0.8560408280136768,16,10,24,12.763558445475436,18,3,2,1,1,1,3,5
fold3_0002626,sa_0007459,2626,Uterus,49,0,"[25,50)",AVAILABLE,1,1,1,37,0.5931881007779424,0.7209302325581395,0.8228093010790813,0.5605716923941626,0.6375165674783648,0.8932550388827171,31,6,18,25.507089156260825,9,3,6,0,1,1,3,1
fold3_0002627,sa_0007460,2627,Uterus,47,0,"[25,50)",AVAILABLE,1,1,1,35,0.5632929785623395,0.6585365853658537,0.8553708192983674,0.40690425967320465,0.5204102993510572,0.892537518931571,27,8,20,23.09501297642674,10,9,1,0,0,3,2,3
fold3_0002628,sa_0007461,2628,Uterus,27,0,"[25,50)",AVAILABLE,1,1,1,20,0.5441895542087647,0.6808510638297872,0.7992784077441232,0.48877166926996646,0.5337470366754985,0.8686639087148248,16,4,11,12.78845532318438,6,4,1,0,0,1,1,2
fold3_0002629,sa_0007462,2629,Uterus,42,0,"[25,50)",AVAILABLE,1,1,1,26,0.4214138517519437,0.5,0.8428277035038874,0.32153742173253247,0.44383625009636885,0.8996511462338033,17,9,25,14.32807180239379,3,21,1,0,0,5,3,1
fold3_0002630,sa_0007463,2630,Uterus,68,0,"[50,+inf)",AVAILABLE,1,1,1,30,0.3255989713472362,0.42857142857142855,0.7597309331435511,0.19880005684591667,0.3504827946165604,0.892833480565371,21,9,47,15.954350355745508,11,30,4,2,0,3,2,4
fold3_0002631,sa_0007464,2631,Uterus,36,0,"[25,50)",AVAILABLE,1,1,1,27,0.5281244778785507,0.6349206349206349,0.8317960526587174,0.3608920896074692,0.493542526026321,0.8350951026648473,20,7,16,16.6359218849704,6,7,3,0,0,1,4,2
fold3_0002632,sa_0007465,2632,Uterus,18,0,"[10,25)",AVAILABLE,1,1,1,19,0.6433993094106464,0.7567567567567568,0.8502062302926399,0.6019816513761468,0.6371770251396648,0.8803817546852923,14,5,4,11.902888074303188,4,0,0,0,0,0,4,1
fold3_0002633,sa_0007466,2633,Uterus,24,0,"[10,25)",AVAILABLE,1,1,1,19,0.48327332720898575,0.5581395348837209,0.8658647112494328,0.4699376365865359,0.5251279175720194,0.8103773151339676,12,7,12,10.390377400857904,10,0,1,1,0,0,2,5
fold3_0002634,sa_0007467,2634,Colon,78,0,"[50,+inf)",AVAILABLE,1,1,1,45,0.3958458262578816,0.5040650406504065,0.7853070424148297,0.39418329387893136,0.43498338289312577,0.8561398376362174,31,14,47,24.344519100166764,31,7,8,1,0,2,1,11
fold3_0002635,sa_0007468,2635,Colon,65,0,"[50,+inf)",AVAILABLE,1,1,1,24,0.27062149574058464,0.3595505617977528,0.752666035028501,0.1975173918974219,0.34090331019948406,0.8680595073571254,16,8,49,12.042657313122053,22,18,9,0,0,3,0,5
fold3_0002636,sa_0007469,2636,Colon,18,0,"[10,25)",AVAILABLE,1,1,1,10,0.3315464469942882,0.42857142857142855,0.7736083763200058,0.4542803825519011,0.48982605841811616,0.8765282520101333,6,4,12,4.641651031528411,8,0,4,0,0,1,0,3
fold3_0002637,sa_0007470,2637,Colon,5,0,"[1,10)",AVAILABLE,1,1,1,4,0.5949688812655973,0.8888888888888888,0.6693399914237971,0.6341040462427746,0.6341040462427746,0.7760877255040679,4,0,1,2.6773606350351797,0,0,1,0,0,0,0,0
fold3_0002638,sa_0007471,2638,Colon,12,0,"[10,25)",AVAILABLE,1,1,1,9,0.5989866660018616,0.7619047619047619,0.7861699991274433,0.6369309838472834,0.6369309838472834,0.7782013904462884,8,1,4,6.289360779189545,0,0,3,1,0,0,0,1
fold3_0002639,sa_0007472,2639,Colon,12,0,"[10,25)",AVAILABLE,1,1,1,8,0.23658630240110745,0.3,0.7886210080036915,0.40566161948650425,0.36949783013019216,0.7394748755092803,3,5,9,2.3658638126320826,2,3,4,0,0,3,1,1
fold3_0002640,sa_0007473,2640,Colon,6,0,"[1,10)",AVAILABLE,1,1,1,3,0.4859292750904455,0.6666666666666666,0.7288939126356683,0.5528321318228631,0.7035936233450418,0.8513877874702617,3,0,3,2.1866824668009177,1,0,2,0,0,0,0,0
fold3_0002641,sa_0007474,2641,Colon,3,0,"[1,10)",AVAILABLE,1,1,1,9,0.3229830304466834,0.5,0.6459660608933668,0.16148199930094373,0.16148199930094373,0.2780619921757448,3,6,0,1.9378988286461616,0,0,0,0,0,0,6,0
fold3_0002642,sa_0007475,2642,Colon,10,0,"[10,25)",AVAILABLE,1,1,1,8,0.37040130307532987,0.4444444444444444,0.8334029319194922,0.3432743087915502,0.3432743087915502,0.5111008325624422,4,4,6,3.333612561080901,0,0,6,0,0,0,4,0
fold3_0002643,sa_0007476,2643,Colon,5,0,"[1,10)",AVAILABLE,1,1,1,13,0.185045729940176,0.2222222222222222,0.8327057847307922,0.1829289579333217,0.16776007497656983,0.3364365971107544,2,11,3,1.665412402167369,2,0,1,0,0,0,10,1
fold3_0002644,sa_0007477,2644,Colon,20,0,"[10,25)",AVAILABLE,1,1,1,11,0.41335008705638615,0.5806451612903226,0.7118807054859984,0.4374075170168689,0.5068552774755168,0.853841709994223,9,2,11,6.40692706125469,9,0,2,0,0,0,0,2
fold3_0002645,sa_0007478,2645,Colon,65,0,"[50,+inf)",AVAILABLE,1,1,1,32,0.2551483243496414,0.3711340206185567,0.6874829850532005,0.271149705149677,0.37574724844963403,0.8093971451196978,18,14,47,12.374694418440594,13,29,5,0,0,11,1,2
fold3_0002646,sa_0007479,2646,Colon,24,0,"[10,25)",AVAILABLE,1,1,1,13,0.4521953511473329,0.5945945945945946,0.7605103632932416,0.40087501632493144,0.4962883375659308,0.8107578823683008,11,2,13,8.36561475673602,7,3,3,0,0,1,0,1
fold3_0002647,sa_0007480,2647,Colon,57,0,"[50,+inf)",AVAILABLE,1,1,1,25,0.2723941693398696,0.36585365853658536,0.7445440628623102,0.18996064262210466,0.3190660182532809,0.7725562485795813,15,10,42,11.168161687478715,6,27,8,1,0,8,0,2
fold3_0002648,sa_0007481,2648,Colon,26,0,"[25,50)",AVAILABLE,1,1,1,15,0.4648594927862504,0.6341463414634146,0.7330476617013948,0.5304837084313067,0.5678976446641466,0.7832591493570722,13,2,13,9.529620335165793,4,1,8,0,0,0,0,2
fold3_0002649,sa_0007482,2649,Colon,23,0,"[10,25)",AVAILABLE,1,1,1,16,0.28825613054538735,0.41025641025641024,0.7026243182043816,0.2835447457232631,0.41102811950790863,0.7683325548808968,8,8,15,5.620995248259371,11,0,2,2,1,0,2,5
fold3_0002650,sa_0007483,2650,Colon,19,0,"[10,25)",AVAILABLE,1,1,1,11,0.4859186621019238,0.6,0.8098644368365397,0.6299507054224035,0.6283218732577588,0.8459255877653504,9,2,10,7.2887807413932935,4,0,6,0,0,0,0,2
fold3_0002651,sa_0007484,2651,Colon,18,0,"[10,25)",AVAILABLE,1,1,1,7,0.2729661816187626,0.4,0.6824154540469065,0.3535453010692178,0.36797412050141526,0.7428318060892699,5,2,13,3.4120779526499865,7,0,6,0,0,0,0,2
fold3_0002652,sa_0007485,2652,Colon,10,0,"[10,25)",AVAILABLE,1,1,1,5,0.413156044343406,0.5333333333333333,0.7746675831438863,0.5689304595363969,0.5689304595363969,0.7252462415759461,4,1,6,3.0986711072431286,0,0,5,1,0,0,0,1
fold3_0002653,sa_0007486,2653,Colon,4,0,"[1,10)",AVAILABLE,1,1,1,3,0.7726964572286158,0.8571428571428571,0.9014792001000518,0.8660287081339713,0.8660287081339713,0.9282051282051282,3,0,1,2.7044385017793555,0,0,1,0,0,0,0,0
fold3_0002654,sa_0007487,2654,Colon,2,0,"[1,10)",AVAILABLE,1,1,1,2,0.8727298882919636,1.0,0.8727298882919636,0.8911454102355808,0.8911454102355808,0.9424398625429553,2,0,0,1.7454606493138156,0,0,0,0,0,0,0,0
fold3_0002655,sa_0007488,2655,Colon,8,0,"[1,10)",AVAILABLE,1,1,1,5,0.23532832819059754,0.3076923076923077,0.7648170666194419,0.44823529411764707,0.4326424870466321,0.7540687160940326,2,3,6,1.5296348980559507,2,0,3,1,2,0,0,1
fold3_0002656,sa_0007489,2656,Colon,2,0,"[1,10)",AVAILABLE,1,1,1,1,0.0,0.0,0.0,0.3563218390804598,0.3422222222222222,0.8211920529801324,0,1,2,0.0,2,0,0,0,0,0,0,1
fold3_0002657,sa_0007490,2657,Colon,22,0,"[10,25)",AVAILABLE,1,1,1,6,0.17996377152302948,0.2857142857142857,0.6298732003306032,0.3175009854158455,0.3140364789849326,0.648159324079662,4,2,18,2.519493431195613,7,0,11,0,0,0,0,2
fold3_0002658,sa_0007491,2658,Colon,53,0,"[50,+inf)",AVAILABLE,1,1,1,41,0.4112041178998405,0.574468085106383,0.7157997607886112,0.33210393270067545,0.3745417772721527,0.7406198271105389,27,14,26,19.326594257092264,23,2,1,0,0,1,7,6
fold3_0002659,sa_0007492,2659,Colon,54,0,"[50,+inf)",AVAILABLE,1,1,1,26,0.2062919009445511,0.275,0.7501523670710949,0.24354063836788417,0.32470430025367525,0.85757792492444,11,15,43,8.25167678793441,25,16,1,1,0,6,1,8
fold3_0002660,sa_0007493,2660,Colon,85,0,"[50,+inf)",AVAILABLE,1,1,1,40,0.2639506867929327,0.368,0.717257301067752,0.2492767137699352,0.3239956057752668,0.831584977972698,23,17,62,16.496918641815597,33,26,2,1,0,6,2,9
fold3_0002661,sa_0007494,2661,Colon,57,0,"[50,+inf)",AVAILABLE,1,1,1,40,0.22339607990712373,0.30927835051546393,0.7223139916997,0.2873230437473793,0.3149162524142735,0.7058200293770618,15,25,42,10.834710597809492,14,20,3,5,0,8,7,10
fold3_0002662,sa_0007495,2662,Colon,164,0,"[50,+inf)",AVAILABLE,1,1,1,93,0.45201989602504383,0.5525291828793775,0.8180923470312412,0.38723374993553267,0.48524280729851854,0.8756667244334045,71,22,93,58.084557457310474,40,38,14,1,0,8,1,13
fold3_0002663,sa_0007496,2663,Colon,142,0,"[50,+inf)",AVAILABLE,1,1,1,87,0.557806171046689,0.6637554585152838,0.8403790340111301,0.5497297887439271,0.6250671633771537,0.893997839839531,76,11,66,63.86880742522492,29,18,19,0,0,3,0,8
fold3_0002664,sa_0007497,2664,Colon,163,0,"[50,+inf)",AVAILABLE,1,1,1,97,0.5087368223099532,0.6230769230769231,0.816491196299925,0.43015299454140077,0.525028038486512,0.872559075690426,81,16,82,66.13578771678512,33,32,17,0,0,7,1,8
fold3_0002665,sa_0007498,2665,Colon,47,0,"[25,50)",AVAILABLE,1,1,1,21,0.19537420193178148,0.29411764705882354,0.664272286568057,0.24669970267591676,0.30711873048244215,0.6355923939541687,10,11,37,6.642723529952856,13,6,15,3,3,1,1,6
fold3_0002666,sa_0007499,2666,Colon,71,0,"[50,+inf)",AVAILABLE,1,1,1,37,0.4040011080035109,0.5185185185185185,0.7791449940067711,0.40341988600379985,0.5004841257707792,0.8239369650862655,28,9,43,21.816060611334585,28,0,14,1,0,0,1,8
fold3_0002667,sa_0007500,2667,Colon,53,0,"[50,+inf)",AVAILABLE,1,1,1,27,0.31296720219917223,0.425,0.7363934169392288,0.34541223404255317,0.37522479636094364,0.8124615384615385,17,10,36,12.518688824360307,12,13,11,0,0,4,3,3
fold3_0002668,sa_0007501,2668,Colon,44,0,"[25,50)",AVAILABLE,1,1,1,24,0.27810303538198267,0.38235294117647056,0.7273464002298009,0.23805880424090065,0.28890119850941687,0.8600898613010354,13,11,31,9.455503930333812,17,10,1,3,2,3,1,5
fold3_0002669,sa_0007502,2669,Colon,19,0,"[10,25)",AVAILABLE,1,1,1,16,0.6464338800601984,0.8571428571428571,0.7541728600702315,0.6223615969123145,0.650604063701263,0.8583548199284704,15,1,4,11.312593655226333,3,0,1,0,0,0,0,1
fold3_0002670,sa_0007503,2670,Colon,11,0,"[10,25)",AVAILABLE,1,1,1,9,0.6178140309095297,0.8,0.7722675386369121,0.6113912231559291,0.6113912231559291,0.8385676208135358,8,1,3,6.178141081362835,0,0,3,0,1,0,0,0
fold3_0002671,sa_0007504,2671,Colon,27,0,"[25,50)",AVAILABLE,1,1,1,19,0.5815611336653128,0.7391304347826086,0.7868180043707174,0.6449236776712816,0.6723220560184721,0.8724936967222956,17,2,10,13.3759068611202,6,0,4,0,0,0,0,2
fold3_0002672,sa_0007505,2672,Colon,55,0,"[50,+inf)",AVAILABLE,1,1,1,32,0.33696865044630003,0.4827586206896552,0.6980064902101929,0.36940311329507575,0.41523267348082976,0.7263751333231754,21,11,34,14.658136992420543,6,8,17,3,0,5,1,5
fold3_0002673,sa_0007506,2673,Colon,39,0,"[25,50)",AVAILABLE,1,1,1,21,0.4665412950044874,0.6,0.777568825007479,0.4873885024113354,0.6031952128260133,0.8101693721609916,18,3,21,13.996239627703448,5,7,9,0,0,3,0,0
fold3_0002674,sa_0007507,2674,Colon,62,0,"[50,+inf)",AVAILABLE,1,1,1,36,0.3357283933390605,0.46938775510204084,0.715247446678868,0.38324985923006255,0.4212086562486766,0.7941237819958878,23,13,39,16.45069198886141,14,15,9,1,0,8,0,5
fold3_0002675,sa_0007508,2675,Colon,62,0,"[50,+inf)",AVAILABLE,1,1,1,32,0.3040829361979586,0.40425531914893614,0.7522051579633714,0.23506737241945092,0.34423598136989186,0.8336302241362435,19,13,43,14.291898753509216,5,32,5,1,2,5,5,1
fold3_0002676,sa_0007509,2676,Colon,75,0,"[50,+inf)",AVAILABLE,1,1,1,35,0.297771435796732,0.4,0.7444285894918299,0.28043994697536456,0.36082080649009785,0.7673937438630944,22,13,53,16.377429713248848,15,26,12,0,0,9,1,3
fold3_0002677,sa_0007510,2677,Colon,30,0,"[25,50)",AVAILABLE,1,1,1,19,0.506956509710084,0.6122448979591837,0.8280289658598039,0.4437577255871446,0.46400802608477554,0.6980754954028896,15,4,15,12.420435315926024,6,1,7,1,0,1,0,3
fold3_0002678,sa_0007511,2678,Colon,81,0,"[50,+inf)",AVAILABLE,1,1,1,35,0.16280929791701093,0.2413793103448276,0.6744956627990453,0.17343122316110265,0.26109113251531524,0.8083112416708462,14,21,67,9.442939953682297,21,37,8,1,0,12,3,6
fold3_0002679,sa_0007512,2679,Colon,34,0,"[25,50)",AVAILABLE,1,1,1,25,0.47001478642447825,0.6101694915254238,0.7703020110845615,0.4499053264180456,0.4834091128954242,0.7135776705360637,18,7,16,13.865436969824119,1,3,9,3,0,1,3,3
fold3_0002680,sa_0007513,2680,Colon,57,0,"[50,+inf)",AVAILABLE,1,1,1,25,0.29609615416397916,0.36585365853658536,0.8093294880482097,0.3427740622273917,0.34950385887541346,0.6879084967320261,15,10,42,12.139943130052632,24,0,17,1,0,0,0,10
fold3_0002681,sa_0007514,2681,Colon,54,0,"[50,+inf)",AVAILABLE,1,1,1,26,0.3132864440064821,0.45,0.6961920977921824,0.3361047873568907,0.3935500925191647,0.7768124739178269,18,8,36,12.531458456451382,22,1,12,1,1,0,0,7
fold3_0002682,sa_0007515,2682,Colon,20,0,"[10,25)",AVAILABLE,1,1,1,5,0.24718175541144546,0.32,0.7724429856607671,0.2280306444344299,0.2540870047104461,0.4471939902783915,4,1,16,3.089772715086054,2,0,14,0,0,0,1,0
fold3_0002683,sa_0007516,2683,Colon,56,0,"[50,+inf)",AVAILABLE,1,1,1,30,0.3718715904532344,0.5116279069767442,0.7268399267949581,0.40090697389385954,0.45968116390651603,0.6970628777436115,22,8,34,15.990479116329007,15,3,13,3,0,1,0,7
fold3_0002684,sa_0007517,2684,Colon,2,0,"[1,10)",AVAILABLE,1,1,1,1,0.44179850000044185,0.6666666666666666,0.6626977500006628,0.49850746268656715,0.49850746268656715,0.6653386454183267,1,0,1,0.6626984126984127,0,0,1,0,0,0,0,0
fold3_0002685,sa_0007518,2685,Colon,2,0,"[1,10)",AVAILABLE,1,1,1,1,0.0,0.0,0.0,0.11,0.11,0.1981981981981982,0,1,2,0.0,0,0,1,1,0,0,0,1
fold3_0002686,sa_0007519,2686,Colon,2,0,"[1,10)",AVAILABLE,1,1,1,2,0.8264995867502066,1.0,0.8264995867502066,0.8222222222222222,0.8222222222222222,0.9024390243902439,2,0,0,1.653,0,0,0,0,0,0,0,0
fold3_0002687,sa_0007520,2687,Colon,12,0,"[10,25)",AVAILABLE,1,1,1,3,0.0,0.0,0.0,0.19322990126939352,0.1692466460268318,0.4836716681376876,0,3,12,0.0,6,0,6,0,0,0,0,3
fold3_0002688,sa_0007521,2688,Colon,4,0,"[1,10)",AVAILABLE,1,1,1,2,0.2517286556019115,0.3333333333333333,0.7551859668057345,0.4723926380368098,0.45640074211502785,0.7847133757961784,1,1,3,0.7551867219917012,2,0,1,0,0,0,0,1
fold3_0002689,sa_0007522,2689,Colon,2,0,"[1,10)",AVAILABLE,1,1,1,1,0.0,0.0,0.0,0.26,0.25,0.6842105263157895,0,1,2,0.0,2,0,0,0,0,0,0,1
fold3_0002690,sa_0007523,2690,Colon,3,0,"[1,10)",AVAILABLE,1,1,1,2,0.6276501442439906,0.8,0.7845626803049882,0.7907458563535912,0.7907458563535912,0.8831469340532202,2,0,1,1.5691261451726568,0,0,1,0,0,0,0,0
fold3_0002691,sa_0007524,2691,Colon,9,0,"[1,10)",AVAILABLE,1,1,1,7,0.5515835686705856,0.75,0.7354447582274474,0.6140592694693315,0.6801571709233791,0.8493919550982226,6,1,3,4.412669284809443,0,2,1,0,0,1,0,0
fold3_0002692,sa_0007525,2692,Colon,10,0,"[10,25)",AVAILABLE,1,1,1,8,0.5544926610688449,0.6666666666666666,0.8317389916032674,0.7620002865740078,0.7620002865740078,0.8769618606164105,6,2,4,4.990434781358596,0,2,2,0,0,2,0,0
fold3_0002693,sa_0007526,2693,Colon,7,0,"[1,10)",AVAILABLE,1,1,1,3,0.0,0.0,0.0,0.15866719555731854,0.1397538015930485,0.5082592121982211,0,3,7,0.0,4,0,2,1,0,0,1,2
fold3_0002694,NOT_FOUND,2694,Colon,0,1,"[0,1)",NOT_EVALUATED,0,0,0,NOT_EVALUATED,NOT_EVALUATED,NOT_EVALUATED,NOT_EVALUATED,NOT_EVALUATED,NOT_EVALUATED,NOT_EVALUATED,NOT_EVALUATED,NOT_EVALUATED,NOT_EVALUATED,NOT_EVALUATED,NOT_EVALUATED,NOT_EVALUATED,NOT_EVALUATED,NOT_EVALUATED,NOT_EVALUATED,NOT_EVALUATED,NOT_EVALUATED,NOT_EVALUATED
fold3_0002695,NOT_FOUND,2695,Colon,0,1,"[0,1)",NOT_EVALUATED,0,0,0,NOT_EVALUATED,NOT_EVALUATED,NOT_EVALUATED,NOT_EVALUATED,NOT_EVALUATED,NOT_EVALUATED,NOT_EVALUATED,NOT_EVALUATED,NOT_EVALUATED,NOT_EVALUATED,NOT_EVALUATED,NOT_EVALUATED,NOT_EVALUATED,NOT_EVALUATED,NOT_EVALUATED,NOT_EVALUATED,NOT_EVALUATED,NOT_EVALUATED,NOT_EVALUATED
fold3_0002696,sa_0007527,2696,Colon,2,0,"[1,10)",AVAILABLE,1,1,1,3,0.0,0.0,0.0,0.1708542713567839,0.1708542713567839,0.2918454935622318,0,3,2,0.0,0,0,1,1,0,0,2,1
fold3_0002697,sa_0007528,2697,Colon,18,0,"[10,25)",AVAILABLE,1,1,1,6,0.2527061616238232,0.3333333333333333,0.7581184848714696,0.2671400587659158,0.2967515364354697,0.4924396298803882,4,2,14,3.0324746976043633,3,0,10,1,0,0,0,2
fold3_0002698,sa_0007529,2698,Colon,77,0,"[50,+inf)",AVAILABLE,1,1,1,43,0.3717085377802584,0.5333333333333333,0.6969535083379845,0.31983085372457004,0.391973458048527,0.7664474628837262,32,11,45,22.30251296376901,15,15,14,1,0,4,0,7
fold3_0002699,sa_0007530,2699,Colon,43,0,"[25,50)",AVAILABLE,1,1,1,32,0.45834549944889197,0.6133333333333333,0.7473024447536283,0.4384607820643089,0.5418592008698015,0.8009402086087851,23,9,20,17.187956976635896,8,4,8,0,0,3,4,2
fold3_0002700,sa_0007531,2700,Colon,46,0,"[25,50)",AVAILABLE,1,1,1,23,0.3789764448807204,0.5217391304347826,0.7263715193547141,0.3364373232799246,0.45920840064620355,0.7149578901585544,18,5,28,13.074688074756374,12,3,13,0,0,2,2,1
fold3_0002701,sa_0007532,2701,Colon,43,0,"[25,50)",AVAILABLE,1,1,1,30,0.31523602895140795,0.410958904109589,0.7670743371150928,0.3543933148636169,0.39648974413195176,0.8012820512820513,15,15,28,11.506115823800728,10,9,4,5,0,4,3,8
fold3_0002702,sa_0007533,2702,Colon,44,0,"[25,50)",AVAILABLE,1,1,1,26,0.4162403340284375,0.5714285714285714,0.7284205845497657,0.44056384837979545,0.4533096470224762,0.8174957482993197,20,6,24,14.568412419415898,15,0,9,0,0,0,2,4
fold3_0002703,sa_0007534,2703,Colon,3,0,"[1,10)",AVAILABLE,1,1,1,2,0.25064352618050817,0.4,0.6266088154512705,0.30663615560640733,0.30663615560640733,0.46935201401050786,1,1,2,0.6266094420600858,0,0,1,1,0,0,0,1
fold3_0002704,sa_0007535,2704,Colon,4,0,"[1,10)",AVAILABLE,1,1,1,2,0.0,0.0,0.0,0.0,0.0,0.0,0,2,4,0.0,0,0,4,0,0,0,2,0
fold3_0002705,sa_0007536,2705,Colon,4,0,"[1,10)",AVAILABLE,1,1,1,1,0.2571921171579696,0.4,0.6429802928949239,0.3214904679376083,0.3214904679376083,0.48655737704918034,1,0,3,0.6429809358752167,0,0,3,0,0,0,0,0
fold3_0002706,sa_0007537,2706,Colon,12,0,"[10,25)",AVAILABLE,1,1,1,6,0.2837729803901509,0.4444444444444444,0.6384892058778396,0.41594202898550725,0.41594202898550725,0.5875127942681678,4,2,8,2.5539574620005645,0,0,6,2,0,0,0,2
fold3_0002707,sa_0007538,2707,Colon,2,0,"[1,10)",AVAILABLE,1,1,1,1,0.5645244217468577,0.6666666666666666,0.8467866326202866,0.8132911392405063,0.8132911392405063,0.8970331588132635,1,0,1,0.8467874794069192,0,0,1,0,0,0,0,0
fold3_0002708,sa_0007539,2708,Colon,1,0,"[1,10)",AVAILABLE,1,1,1,1,0.6424467762912734,1.0,0.6424467762912734,0.6424474187380497,0.6424474187380497,0.7823050058207218,1,0,0,0.6424474187380497,0,0,0,0,0,0,0,0
fold3_0002709,sa_0007540,2709,Colon,6,0,"[1,10)",AVAILABLE,1,1,1,5,0.7013384954154243,0.9090909090909091,0.7714723449569667,0.7872340425531915,0.7872340425531915,0.8809523809523809,5,0,1,3.8573624962571786,0,0,1,0,0,0,0,0
fold3_0002710,sa_0007541,2710,Colon,90,0,"[50,+inf)",AVAILABLE,1,1,1,57,0.5280066786292363,0.6666666666666666,0.7920100179438546,0.4868753154972236,0.5642434965930053,0.8380063055040793,49,8,41,38.80849167125889,18,8,12,3,0,1,0,7
fold3_0002711,sa_0007542,2711,Colon,33,0,"[25,50)",AVAILABLE,1,1,1,20,0.5438045540609452,0.6792452830188679,0.8006011490341693,0.5179579041648007,0.6248934356351236,0.869884575026233,18,2,15,14.410821483216198,7,2,6,0,0,1,0,1
fold3_0002712,sa_0007543,2712,Colon,55,0,"[50,+inf)",AVAILABLE,1,1,1,32,0.49343015240018934,0.5977011494252874,0.8255466011310859,0.4357752630534048,0.5308143394556317,0.8003324780456074,26,6,29,21.464212454954836,10,8,11,0,0,3,0,3
fold3_0002713,sa_0007544,2713,Colon,63,0,"[50,+inf)",AVAILABLE,1,1,1,42,0.5524448612534525,0.6857142857142857,0.8056487559946183,0.4876854654856673,0.6150025342118601,0.8270775797137836,36,6,27,29.003356021455012,12,2,12,1,0,2,1,3
fold3_0002714,sa_0007545,2714,Colon,57,0,"[50,+inf)",AVAILABLE,1,1,1,23,0.3722722299308595,0.45,0.8272716220685766,0.45447646206563486,0.5357837687604224,0.8958059991856309,18,5,39,14.890890024506003,15,3,21,0,0,0,1,4
fold3_0002715,sa_0007546,2715,Colon,46,0,"[25,50)",AVAILABLE,1,1,1,21,0.28988291963684887,0.3880597014925373,0.7470059852180336,0.2565233565392996,0.3619185171812,0.8713269409217446,13,8,33,9.711078554840421,5,22,5,1,0,6,0,2
fold3_0002716,sa_0007547,2716,Colon,53,0,"[50,+inf)",AVAILABLE,1,1,1,25,0.2922264758531288,0.41025641025641024,0.7123020348920014,0.29890563590890445,0.4151889997876407,0.8617785530733593,16,9,37,11.396833270574058,11,22,3,1,0,5,0,4
fold3_0002717,sa_0007548,2717,Colon,98,0,"[50,+inf)",AVAILABLE,1,1,1,66,0.39454790882610963,0.5365853658536586,0.7352938300850225,0.41368748621695134,0.45632048476687426,0.8205732778548313,44,22,54,32.352929259034816,21,15,14,4,0,9,1,12
fold3_0002718,sa_0007549,2718,Colon,40,0,"[25,50)",AVAILABLE,1,1,1,21,0.3557624913455407,0.4918032786885246,0.7233837324025995,0.41853718124904565,0.46448346780572697,0.8327535918764178,15,6,25,10.850756709422724,6,7,10,2,0,1,1,4
fold3_0002719,sa_0007550,2719,Colon,46,0,"[25,50)",AVAILABLE,1,1,1,27,0.42798748760369215,0.5753424657534246,0.7438830141683221,0.4785331685208076,0.47276629997316877,0.717434869739479,21,6,25,15.62154404141778,6,2,16,1,0,1,1,4
fold3_0002720,sa_0007551,2720,Colon,51,0,"[50,+inf)",AVAILABLE,1,1,1,30,0.48216194604434587,0.6419753086419753,0.7510599544152311,0.5106412671830298,0.5483922829581993,0.7639912781642613,26,4,25,19.527559565855963,6,3,15,1,0,2,0,2
fold3_0002721,sa_0007552,2721,Colon,75,0,"[50,+inf)",AVAILABLE,1,1,1,51,0.428066231397116,0.5873015873015873,0.72886952913563,0.47495743754206754,0.5333628797951445,0.770505491682189,37,14,38,26.968173306887834,20,0,14,4,0,0,3,11
